INFO 2026-05-05 14:39:52,780 autoreload 9824 5088 Watching for file changes with StatReloader
INFO 2026-05-05 14:42:06,524 autoreload 9824 5088 D:\APPS\Project\lumra\lumra_system\settings.py changed, reloading.
INFO 2026-05-05 14:42:08,436 autoreload 300 16964 Watching for file changes with StatReloader
INFO 2026-05-05 14:42:11,881 autoreload 300 16964 D:\APPS\Project\lumra\lumra_system\settings.py changed, reloading.
INFO 2026-05-05 14:42:14,979 autoreload 19012 17056 Watching for file changes with StatReloader
INFO 2026-05-05 14:47:19,062 autoreload 7520 13564 Watching for file changes with StatReloader
INFO 2026-05-05 14:48:20,126 autoreload 7520 13564 D:\APPS\Project\lumra\lumra_system\settings.py changed, reloading.
INFO 2026-05-05 14:48:24,624 autoreload 11840 8796 Watching for file changes with StatReloader
INFO 2026-05-05 14:48:31,271 autoreload 11840 8796 D:\APPS\Project\lumra\lumra_system\settings.py changed, reloading.
INFO 2026-05-05 14:48:33,411 autoreload 15228 17128 Watching for file changes with StatReloader
INFO 2026-05-05 14:49:02,899 autoreload 15228 17128 D:\APPS\Project\lumra\lumra_system\settings.py changed, reloading.
INFO 2026-05-05 14:53:29,394 autoreload 16436 18780 Watching for file changes with StatReloader
INFO 2026-05-05 14:54:10,920 autoreload 16436 18780 D:\APPS\Project\lumra\lumra_system\settings.py changed, reloading.
INFO 2026-05-05 14:54:14,646 autoreload 5552 10900 Watching for file changes with StatReloader
INFO 2026-05-05 14:54:21,800 log 5552 8088 "GET /admin HTTP/1.1" 301 0
INFO 2026-05-05 14:54:22,118 log 5552 8088 "GET /admin/ HTTP/1.1" 200 4462
INFO 2026-05-05 14:54:22,559 log 5552 16904 "GET /static/admin/css/dark_mode.css HTTP/1.1" 200 3538
INFO 2026-05-05 14:54:22,583 log 5552 8088 "GET /static/admin/css/base.css HTTP/1.1" 200 23100
INFO 2026-05-05 14:54:22,605 log 5552 16904 "GET /static/admin/css/nav_sidebar.css HTTP/1.1" 200 2810
INFO 2026-05-05 14:54:22,650 log 5552 8088 "GET /static/admin/css/dashboard.css HTTP/1.1" 200 441
INFO 2026-05-05 14:54:22,665 log 5552 11952 "GET /static/admin/js/theme.js HTTP/1.1" 200 1653
INFO 2026-05-05 14:54:22,725 log 5552 16904 "GET /static/admin/css/responsive.css HTTP/1.1" 200 16273
INFO 2026-05-05 14:54:22,792 log 5552 11952 "GET /static/admin/js/nav_sidebar.js HTTP/1.1" 200 3063
INFO 2026-05-05 14:54:23,284 log 5552 17444 "GET /static/admin/js/theme.js HTTP/1.1" 200 1653
INFO 2026-05-05 14:54:23,286 log 5552 9332 "GET /static/admin/js/nav_sidebar.js HTTP/1.1" 200 3063
WARNING 2026-05-05 14:54:23,699 log 5552 11952 Not Found: /favicon.ico
WARNING 2026-05-05 14:54:23,701 log 5552 11952 "GET /favicon.ico HTTP/1.1" 404 50885
INFO 2026-05-05 14:55:14,684 log 5552 18332 "GET / HTTP/1.1" 200 173083
INFO 2026-05-05 14:55:14,848 log 5552 18332 "GET /static/css/dist/styles.css?v=1777967714 HTTP/1.1" 200 365368
INFO 2026-05-05 14:55:30,343 log 5552 18332 "GET /rnd/ HTTP/1.1" 200 129565
INFO 2026-05-05 14:55:34,077 log 5552 18332 "GET /production/bom/ HTTP/1.1" 200 252004
INFO 2026-05-05 14:55:41,376 log 5552 18332 "GET /master/customers/ HTTP/1.1" 200 278889
INFO 2026-05-05 14:55:41,591 log 5552 18332 "GET /static/css/dist/styles.css?v=1777967741 HTTP/1.1" 200 365368
INFO 2026-05-05 14:56:19,970 log 5552 11952 "GET /admin/ HTTP/1.1" 200 4462
INFO 2026-05-05 14:56:56,216 autoreload 5552 10900 D:\APPS\Project\lumra\lumra_system\settings.py changed, reloading.
INFO 2026-05-05 14:56:59,415 autoreload 1336 12916 Watching for file changes with StatReloader
INFO 2026-05-05 15:02:55,010 autoreload 14576 16060 Watching for file changes with StatReloader
INFO 2026-05-05 15:04:05,893 autoreload 13560 14968 Watching for file changes with StatReloader
INFO 2026-05-05 15:04:50,384 autoreload 13560 14968 D:\APPS\Project\lumra\lumra_system\settings.py changed, reloading.
INFO 2026-05-05 15:04:54,731 autoreload 3400 18880 Watching for file changes with StatReloader
INFO 2026-05-05 15:05:28,609 autoreload 3400 18880 D:\APPS\Project\lumra\lumra_system\settings.py changed, reloading.
INFO 2026-05-05 15:05:32,051 autoreload 16900 10712 Watching for file changes with StatReloader
INFO 2026-05-06 10:00:29,323 autoreload 16204 9444 Watching for file changes with StatReloader
WARNING 2026-05-06 10:00:43,938 log 16204 20136 Not Found: /api/auth/token/
WARNING 2026-05-06 10:00:43,938 log 16204 20136 "GET /api/auth/token/ HTTP/1.1" 404 50897
WARNING 2026-05-06 10:00:44,172 log 16204 20136 Not Found: /favicon.ico
WARNING 2026-05-06 10:00:44,173 log 16204 20136 "GET /favicon.ico HTTP/1.1" 404 50885
INFO 2026-05-06 10:02:05,283 log 16204 16816 "GET / HTTP/1.1" 200 173071
INFO 2026-05-06 10:02:05,369 log 16204 16816 "GET /static/css/dist/styles.css?v=1778036525 HTTP/1.1" 200 371615
WARNING 2026-05-06 10:02:07,451 log 16204 16816 Not Found: /favicon.ico
WARNING 2026-05-06 10:02:07,455 log 16204 16816 "GET /favicon.ico HTTP/1.1" 404 50885
INFO 2026-05-06 10:03:01,847 log 16204 8268 "GET /sales/retur/ HTTP/1.1" 200 6571012
INFO 2026-05-06 10:03:01,966 log 16204 10764 "GET /static/css/dist/styles.css?v=1778036581 HTTP/1.1" 200 371615
INFO 2026-05-06 10:03:25,024 log 16204 9768 "GET /rnd/ HTTP/1.1" 200 129569
INFO 2026-05-06 10:03:25,724 log 16204 9768 "GET /static/css/dist/styles.css?v=1778036604 HTTP/1.1" 200 371615
INFO 2026-05-06 10:03:28,861 log 16204 8268 "GET /reports/sales/ HTTP/1.1" 200 303813
INFO 2026-05-06 10:03:29,523 log 16204 8268 "GET /static/css/dist/styles.css?v=1778036608 HTTP/1.1" 200 371615
INFO 2026-05-06 10:03:31,005 log 16204 10764 "GET /production/bom/ HTTP/1.1" 200 252004
INFO 2026-05-06 10:03:31,838 log 16204 10764 "GET /static/css/dist/styles.css?v=1778036610 HTTP/1.1" 200 371615
INFO 2026-05-06 10:04:26,516 basehttp 16204 16816 - Broken pipe from ('127.0.0.1', 63901)
INFO 2026-05-06 10:26:51,818 log 16204 16312 "GET /locations/ HTTP/1.1" 200 171225
INFO 2026-05-06 10:26:51,973 log 16204 16312 "GET /static/css/dist/styles.css?v=1778038011 HTTP/1.1" 200 371615
INFO 2026-05-06 10:27:15,597 log 16204 16312 "GET /admin HTTP/1.1" 301 0
INFO 2026-05-06 10:27:15,713 log 16204 16312 "GET /admin/ HTTP/1.1" 200 4462
INFO 2026-05-06 10:27:15,788 log 16204 19936 "GET /static/admin/css/nav_sidebar.css HTTP/1.1" 200 2810
INFO 2026-05-06 10:27:15,796 log 16204 15380 "GET /static/admin/css/dashboard.css HTTP/1.1" 200 441
INFO 2026-05-06 10:27:15,803 log 16204 19200 "GET /static/admin/css/dark_mode.css HTTP/1.1" 200 3538
INFO 2026-05-06 10:27:15,799 log 16204 16312 "GET /static/admin/css/base.css HTTP/1.1" 200 23100
INFO 2026-05-06 10:27:15,819 log 16204 14596 "GET /static/admin/css/responsive.css HTTP/1.1" 200 16273
INFO 2026-05-06 10:27:15,853 log 16204 6652 "GET /static/admin/js/theme.js HTTP/1.1" 200 1653
INFO 2026-05-06 10:27:15,873 log 16204 14596 "GET /static/admin/js/nav_sidebar.js HTTP/1.1" 200 3063
INFO 2026-05-06 10:27:25,460 log 16204 14596 "GET /admin/ HTTP/1.1" 200 4462
INFO 2026-05-06 10:29:46,134 autoreload 16204 9444 D:\APPS\Project\lumra\lumra_system\settings.py changed, reloading.
INFO 2026-05-06 10:29:50,752 autoreload 19484 12936 Watching for file changes with StatReloader
INFO 2026-05-06 10:29:55,026 autoreload 19484 12936 D:\APPS\Project\lumra\lumra_system\settings.py changed, reloading.
INFO 2026-05-06 10:29:59,620 autoreload 11340 292 Watching for file changes with StatReloader
INFO 2026-05-06 10:30:03,350 log 11340 16220 "GET /admin/ HTTP/1.1" 200 59961
INFO 2026-05-06 10:30:03,417 log 11340 16220 "GET /static/unfold/fonts/inter/styles.css HTTP/1.1" 200 608
INFO 2026-05-06 10:30:03,418 log 11340 3448 "GET /static/unfold/fonts/material-symbols/styles.css HTTP/1.1" 200 164
INFO 2026-05-06 10:30:03,432 log 11340 16952 "GET /static/unfold/css/simplebar/simplebar.css HTTP/1.1" 200 4647
INFO 2026-05-06 10:30:03,435 log 11340 16220 "GET /static/unfold/js/app.js HTTP/1.1" 200 30131
INFO 2026-05-06 10:30:03,461 log 11340 18656 "GET /static/unfold/js/htmx/htmx.js HTTP/1.1" 200 50918
WARNING 2026-05-06 10:30:03,467 log 11340 3448 "GET /static/images/logo.svg HTTP/1.1" 404 1859
INFO 2026-05-06 10:30:03,479 log 11340 16952 "GET /static/unfold/js/simplebar/simplebar.js HTTP/1.1" 200 27176
INFO 2026-05-06 10:30:03,483 log 11340 15140 "GET /static/unfold/js/chart/chart.js HTTP/1.1" 200 200633
INFO 2026-05-06 10:30:03,483 log 11340 8376 "GET /static/unfold/css/styles.css HTTP/1.1" 200 332310
INFO 2026-05-06 10:30:03,518 log 11340 8376 "GET /static/unfold/js/alpine/alpine.anchor.js HTTP/1.1" 200 15524
INFO 2026-05-06 10:30:03,518 log 11340 15140 "GET /static/unfold/js/alpine/alpine.persist.js HTTP/1.1" 200 837
INFO 2026-05-06 10:30:03,546 log 11340 18656 "GET /static/unfold/js/alpine/alpine.resize.js HTTP/1.1" 200 703
INFO 2026-05-06 10:30:03,548 log 11340 16220 "GET /static/unfold/js/alpine/alpine.js HTTP/1.1" 200 44758
INFO 2026-05-06 10:30:03,552 log 11340 16952 "GET /static/unfold/js/alpine/alpine.sort.js HTTP/1.1" 200 38101
INFO 2026-05-06 10:30:03,744 log 11340 16220 "GET /static/unfold/fonts/inter/Inter-SemiBold.woff2 HTTP/1.1" 200 114812
INFO 2026-05-06 10:30:03,746 log 11340 16952 "GET /static/unfold/fonts/inter/Inter-Regular.woff2 HTTP/1.1" 200 111268
INFO 2026-05-06 10:30:03,759 log 11340 18656 "GET /static/unfold/fonts/material-symbols/Material-Symbols-Outlined.woff2 HTTP/1.1" 200 291696
INFO 2026-05-06 10:30:10,095 log 11340 18656 "GET /admin/auth/group/add/ HTTP/1.1" 200 73809
INFO 2026-05-06 10:30:10,190 log 11340 8376 "GET /static/admin/js/admin/RelatedObjectLookups.js HTTP/1.1" 200 9241
INFO 2026-05-06 10:30:10,196 log 11340 16220 "GET /static/admin/js/jquery.init.js HTTP/1.1" 200 347
INFO 2026-05-06 10:30:10,210 log 11340 8376 "GET /static/admin/js/actions.js HTTP/1.1" 200 7977
INFO 2026-05-06 10:30:10,231 log 11340 16292 "GET /static/admin/js/SelectBox.js HTTP/1.1" 200 4530
INFO 2026-05-06 10:30:10,265 log 11340 15140 "GET /static/admin/js/core.js HTTP/1.1" 200 6208
INFO 2026-05-06 10:30:10,285 log 11340 8376 "GET /static/admin/js/urlify.js HTTP/1.1" 200 7887
INFO 2026-05-06 10:30:10,298 log 11340 16292 "GET /static/admin/js/prepopulate.js HTTP/1.1" 200 1531
INFO 2026-05-06 10:30:10,334 log 11340 18656 "GET /admin/jsi18n/ HTTP/1.1" 200 7830
INFO 2026-05-06 10:30:10,359 log 11340 16292 "GET /static/admin/js/prepopulate_init.js HTTP/1.1" 200 586
WARNING 2026-05-06 10:30:10,365 log 11340 8376 "GET /static/images/logo.svg HTTP/1.1" 404 1859
INFO 2026-05-06 10:30:10,380 log 11340 16220 "GET /static/admin/js/SelectFilter2.js HTTP/1.1" 200 16428
INFO 2026-05-06 10:30:10,433 log 11340 16952 "GET /static/admin/js/vendor/jquery/jquery.js HTTP/1.1" 200 285314
INFO 2026-05-06 10:30:10,523 log 11340 16952 "GET /static/admin/js/change_form.js HTTP/1.1" 200 606
INFO 2026-05-06 10:30:10,603 log 11340 15140 "GET /static/admin/js/vendor/xregexp/xregexp.js HTTP/1.1" 200 325171
INFO 2026-05-06 10:30:10,732 log 11340 15140 "GET /static/unfold/fonts/inter/Inter-Medium.woff2 HTTP/1.1" 200 114348
INFO 2026-05-06 10:30:16,082 log 11340 15140 "GET /admin/lumra_config/location/ HTTP/1.1" 200 138738
WARNING 2026-05-06 10:30:16,129 log 11340 16952 "GET /static/images/logo.svg HTTP/1.1" 404 1859
INFO 2026-05-06 10:30:16,139 log 11340 15140 "GET /admin/jsi18n/ HTTP/1.1" 200 7830
INFO 2026-05-06 10:30:21,970 log 11340 15140 "GET /admin/django_celery_beat/solarschedule/ HTTP/1.1" 200 41711
WARNING 2026-05-06 10:30:22,037 log 11340 15140 "GET /static/images/logo.svg HTTP/1.1" 404 1859
INFO 2026-05-06 10:30:22,044 log 11340 16220 "GET /admin/jsi18n/ HTTP/1.1" 200 7830
INFO 2026-05-06 10:30:24,162 log 11340 16220 "GET /admin/django_celery_results/groupresult/ HTTP/1.1" 200 48799
WARNING 2026-05-06 10:30:24,223 log 11340 16220 "GET /static/images/logo.svg HTTP/1.1" 404 1859
INFO 2026-05-06 10:30:24,313 log 11340 16292 "GET /admin/jsi18n/ HTTP/1.1" 200 7830
INFO 2026-05-06 10:30:26,637 log 11340 16292 "GET /admin/auth/user/ HTTP/1.1" 200 466973
WARNING 2026-05-06 10:30:26,690 log 11340 16292 "GET /static/images/logo.svg HTTP/1.1" 404 1859
INFO 2026-05-06 10:30:26,691 log 11340 18656 "GET /admin/jsi18n/ HTTP/1.1" 200 7830
INFO 2026-05-06 10:30:36,285 log 11340 18656 "GET /admin/ HTTP/1.1" 200 59961
WARNING 2026-05-06 10:30:36,356 log 11340 18656 "GET /static/images/logo.svg HTTP/1.1" 404 1859
INFO 2026-05-06 10:30:43,899 log 11340 16620 "GET /admin/lumra_config/product/ HTTP/1.1" 200 218651
WARNING 2026-05-06 10:30:43,968 log 11340 13340 "GET /static/images/logo.svg HTTP/1.1" 404 1859
INFO 2026-05-06 10:30:43,968 log 11340 16620 "GET /admin/jsi18n/ HTTP/1.1" 200 7830
INFO 2026-05-06 10:32:47,155 log 11340 16620 "GET /admin/lumra_config/transfer/ HTTP/1.1" 200 220460
INFO 2026-05-06 10:32:47,219 log 11340 16620 "GET /admin/jsi18n/ HTTP/1.1" 200 7830
WARNING 2026-05-06 10:32:47,238 log 11340 10588 "GET /static/images/logo.svg HTTP/1.1" 404 1859
INFO 2026-05-06 10:33:41,849 log 11340 3492 "GET /admin/lumra_config/product/ HTTP/1.1" 200 218651
INFO 2026-05-06 10:33:41,930 log 11340 3492 "GET /admin/jsi18n/ HTTP/1.1" 200 7830
WARNING 2026-05-06 10:33:41,976 log 11340 18928 "GET /static/images/logo.svg HTTP/1.1" 404 1859
INFO 2026-05-06 10:34:23,671 log 11340 3492 "GET /admin/django_celery_beat/clockedschedule/ HTTP/1.1" 200 41694
INFO 2026-05-06 10:34:23,751 log 11340 3492 "GET /admin/jsi18n/ HTTP/1.1" 200 7830
WARNING 2026-05-06 10:34:23,763 log 11340 9200 "GET /static/images/logo.svg HTTP/1.1" 404 1859
INFO 2026-05-06 10:34:25,545 log 11340 3492 "GET /admin/django_celery_beat/crontabschedule/ HTTP/1.1" 200 41697
WARNING 2026-05-06 10:34:25,627 log 11340 12332 "GET /static/images/logo.svg HTTP/1.1" 404 1859
INFO 2026-05-06 10:34:25,650 log 11340 3492 "GET /admin/jsi18n/ HTTP/1.1" 200 7830
INFO 2026-05-06 10:34:28,330 log 11340 3492 "GET /admin/lumra_config/userprofile/ HTTP/1.1" 200 213334
WARNING 2026-05-06 10:34:28,390 log 11340 3492 "GET /static/images/logo.svg HTTP/1.1" 404 1859
INFO 2026-05-06 10:34:28,491 log 11340 10812 "GET /admin/jsi18n/ HTTP/1.1" 200 7830
INFO 2026-05-06 10:34:35,716 log 11340 10812 "GET /admin/lumra_config/location/ HTTP/1.1" 200 138738
INFO 2026-05-06 10:34:35,764 log 11340 10812 "GET /admin/jsi18n/ HTTP/1.1" 200 7830
WARNING 2026-05-06 10:34:35,781 log 11340 11780 "GET /static/images/logo.svg HTTP/1.1" 404 1859
INFO 2026-05-06 10:34:37,964 log 11340 10812 "GET /admin/lumra_config/location/56/change/ HTTP/1.1" 200 44714
WARNING 2026-05-06 10:34:38,064 log 11340 15728 "GET /static/images/logo.svg HTTP/1.1" 404 1859
INFO 2026-05-06 10:34:38,068 log 11340 10812 "GET /admin/jsi18n/ HTTP/1.1" 200 7830
INFO 2026-05-06 10:34:44,497 log 11340 10812 "GET /admin/lumra_config/location/ HTTP/1.1" 200 138738
INFO 2026-05-06 10:34:44,553 log 11340 10812 "GET /admin/jsi18n/ HTTP/1.1" 200 7830
WARNING 2026-05-06 10:34:44,557 log 11340 15400 "GET /static/images/logo.svg HTTP/1.1" 404 1859
INFO 2026-05-06 10:34:47,248 log 11340 10812 "GET /admin/axes/accessattempt/ HTTP/1.1" 200 50612
WARNING 2026-05-06 10:34:47,312 log 11340 10812 "GET /static/images/logo.svg HTTP/1.1" 404 1859
INFO 2026-05-06 10:34:47,421 log 11340 18636 "GET /admin/jsi18n/ HTTP/1.1" 200 7830
INFO 2026-05-06 10:34:50,729 log 11340 18636 "GET /admin/axes/accesslog/ HTTP/1.1" 200 52503
INFO 2026-05-06 10:34:50,798 log 11340 18636 "GET /admin/jsi18n/ HTTP/1.1" 200 7830
WARNING 2026-05-06 10:34:50,800 log 11340 13432 "GET /static/images/logo.svg HTTP/1.1" 404 1859
INFO 2026-05-06 10:34:52,770 log 11340 18636 "GET /admin/axes/accessfailurelog/ HTTP/1.1" 200 50739
INFO 2026-05-06 10:34:52,839 log 11340 18636 "GET /admin/jsi18n/ HTTP/1.1" 200 7830
WARNING 2026-05-06 10:34:52,845 log 11340 4204 "GET /static/images/logo.svg HTTP/1.1" 404 1859
INFO 2026-05-06 10:48:38,736 basehttp 11340 11716 - Broken pipe from ('127.0.0.1', 20067)
INFO 2026-05-06 11:02:05,392 autoreload 11340 292 D:\APPS\Project\lumra\lumra_system\settings.py changed, reloading.
INFO 2026-05-06 11:02:16,815 autoreload 22396 22184 Watching for file changes with StatReloader
ERROR 2026-05-06 11:04:24,035 log 22396 6540 Internal Server Error: /api/auth/token/
Traceback (most recent call last):
  File "D:\APPS\Project\lumra\.venv\Lib\site-packages\redis\connection.py", line 1526, in get_connection
    connection = self._available_connections.pop()
                 ^^^^^^^^^^^^^^^^^^^^^^^^^^^^^^^^^
IndexError: pop from empty list

During handling of the above exception, another exception occurred:

Traceback (most recent call last):
  File "D:\APPS\Project\lumra\.venv\Lib\site-packages\django\core\handlers\exception.py", line 55, in inner
    response = get_response(request)
               ^^^^^^^^^^^^^^^^^^^^^
  File "D:\APPS\Project\lumra\.venv\Lib\site-packages\django\core\handlers\base.py", line 198, in _get_response
    response = wrapped_callback(request, *callback_args, **callback_kwargs)
               ^^^^^^^^^^^^^^^^^^^^^^^^^^^^^^^^^^^^^^^^^^^^^^^^^^^^^^^^^^^^
  File "D:\APPS\Project\lumra\.venv\Lib\site-packages\django\views\decorators\csrf.py", line 65, in _view_wrapper
    return view_func(request, *args, **kwargs)
           ^^^^^^^^^^^^^^^^^^^^^^^^^^^^^^^^^^^
  File "D:\APPS\Project\lumra\.venv\Lib\site-packages\django\views\generic\base.py", line 106, in view
    return self.dispatch(request, *args, **kwargs)
           ^^^^^^^^^^^^^^^^^^^^^^^^^^^^^^^^^^^^^^^
  File "D:\APPS\Project\lumra\.venv\Lib\site-packages\rest_framework\views.py", line 515, in dispatch
    response = self.handle_exception(exc)
               ^^^^^^^^^^^^^^^^^^^^^^^^^^
  File "D:\APPS\Project\lumra\.venv\Lib\site-packages\rest_framework\views.py", line 475, in handle_exception
    self.raise_uncaught_exception(exc)
  File "D:\APPS\Project\lumra\.venv\Lib\site-packages\rest_framework\views.py", line 486, in raise_uncaught_exception
    raise exc
  File "D:\APPS\Project\lumra\.venv\Lib\site-packages\rest_framework\views.py", line 503, in dispatch
    self.initial(request, *args, **kwargs)
  File "D:\APPS\Project\lumra\.venv\Lib\site-packages\rest_framework\views.py", line 422, in initial
    self.check_throttles(request)
  File "D:\APPS\Project\lumra\.venv\Lib\site-packages\rest_framework\views.py", line 365, in check_throttles
    if not throttle.allow_request(request, self):
           ^^^^^^^^^^^^^^^^^^^^^^^^^^^^^^^^^^^^^
  File "D:\APPS\Project\lumra\.venv\Lib\site-packages\rest_framework\throttling.py", line 123, in allow_request
    self.history = self.cache.get(self.key, [])
                   ^^^^^^^^^^^^^^^^^^^^^^^^^^^^
  File "D:\APPS\Project\lumra\.venv\Lib\site-packages\django\core\cache\backends\redis.py", line 188, in get
    return self._cache.get(key, default)
           ^^^^^^^^^^^^^^^^^^^^^^^^^^^^^
  File "D:\APPS\Project\lumra\.venv\Lib\site-packages\django\core\cache\backends\redis.py", line 100, in get
    value = client.get(key)
            ^^^^^^^^^^^^^^^
  File "D:\APPS\Project\lumra\.venv\Lib\site-packages\redis\commands\core.py", line 1829, in get
    return self.execute_command("GET", name, keys=[name])
           ^^^^^^^^^^^^^^^^^^^^^^^^^^^^^^^^^^^^^^^^^^^^^^
  File "D:\APPS\Project\lumra\.venv\Lib\site-packages\redis\client.py", line 621, in execute_command
    return self._execute_command(*args, **options)
           ^^^^^^^^^^^^^^^^^^^^^^^^^^^^^^^^^^^^^^^
  File "D:\APPS\Project\lumra\.venv\Lib\site-packages\redis\client.py", line 627, in _execute_command
    conn = self.connection or pool.get_connection()
                              ^^^^^^^^^^^^^^^^^^^^^
  File "D:\APPS\Project\lumra\.venv\Lib\site-packages\redis\utils.py", line 195, in wrapper
    return func(*args, **kwargs)
           ^^^^^^^^^^^^^^^^^^^^^
  File "D:\APPS\Project\lumra\.venv\Lib\site-packages\redis\connection.py", line 1528, in get_connection
    connection = self.make_connection()
                 ^^^^^^^^^^^^^^^^^^^^^^
  File "D:\APPS\Project\lumra\.venv\Lib\site-packages\redis\connection.py", line 1574, in make_connection
    return self.connection_class(**self.connection_kwargs)
           ^^^^^^^^^^^^^^^^^^^^^^^^^^^^^^^^^^^^^^^^^^^^^^^
  File "D:\APPS\Project\lumra\.venv\Lib\site-packages\redis\connection.py", line 753, in __init__
    super().__init__(**kwargs)
TypeError: AbstractConnection.__init__() got an unexpected keyword argument 'CLIENT_CLASS'
ERROR 2026-05-06 11:04:24,181 log 22396 6540 "POST /api/auth/token/ HTTP/1.1" 500 165146
INFO 2026-05-06 11:04:24,630 basehttp 22396 6540 - Broken pipe from ('127.0.0.1', 18432)
INFO 2026-05-06 11:04:25,652 autoreload 19892 4836 Watching for file changes with StatReloader
INFO 2026-05-06 11:04:35,501 autoreload 22396 22184 D:\APPS\Project\lumra\lumra_system\settings.py changed, reloading.
INFO 2026-05-06 11:04:38,839 autoreload 19892 4836 D:\APPS\Project\lumra\lumra_system\settings.py changed, reloading.
INFO 2026-05-06 11:05:14,872 autoreload 20972 20968 Watching for file changes with StatReloader
INFO 2026-05-06 11:10:09,363 autoreload 20972 20968 D:\APPS\Project\lumra\lumra_config\admin.py changed, reloading.
INFO 2026-05-06 11:10:32,722 autoreload 12672 12556 Watching for file changes with StatReloader
INFO 2026-05-06 11:13:00,602 autoreload 12672 12556 D:\APPS\Project\lumra\lumra_config\admin.py changed, reloading.
INFO 2026-05-06 11:13:22,322 autoreload 21660 13224 Watching for file changes with StatReloader
INFO 2026-05-06 11:15:20,095 autoreload 21660 13224 D:\APPS\Project\lumra\lumra_config\admin.py changed, reloading.
INFO 2026-05-06 11:15:28,174 autoreload 1752 15860 Watching for file changes with StatReloader
INFO 2026-05-06 11:16:42,590 autoreload 1752 15860 D:\APPS\Project\lumra\lumra_config\admin.py changed, reloading.
INFO 2026-05-06 11:16:55,430 autoreload 8156 9288 Watching for file changes with StatReloader
INFO 2026-05-06 11:18:01,905 autoreload 8156 9288 D:\APPS\Project\lumra\lumra_config\admin.py changed, reloading.
INFO 2026-05-06 11:18:09,706 autoreload 13180 15700 Watching for file changes with StatReloader
INFO 2026-05-06 11:18:22,581 autoreload 13180 15700 D:\APPS\Project\lumra\lumra_config\admin.py changed, reloading.
INFO 2026-05-06 11:18:28,119 autoreload 20484 12192 Watching for file changes with StatReloader
INFO 2026-05-06 11:19:06,648 autoreload 20484 12192 D:\APPS\Project\lumra\lumra_config\admin.py changed, reloading.
INFO 2026-05-06 11:19:12,504 autoreload 8616 15292 Watching for file changes with StatReloader
INFO 2026-05-06 11:19:17,349 autoreload 8616 15292 D:\APPS\Project\lumra\lumra_config\admin.py changed, reloading.
INFO 2026-05-06 11:19:21,344 autoreload 16316 14276 Watching for file changes with StatReloader
INFO 2026-05-06 11:19:54,427 autoreload 16316 14276 D:\APPS\Project\lumra\lumra_config\admin.py changed, reloading.
INFO 2026-05-06 11:20:01,089 autoreload 5712 19352 Watching for file changes with StatReloader
INFO 2026-05-06 11:20:46,921 autoreload 5712 19352 D:\APPS\Project\lumra\lumra_config\admin.py changed, reloading.
INFO 2026-05-06 11:20:51,328 autoreload 19568 21232 Watching for file changes with StatReloader
INFO 2026-05-06 11:21:04,389 autoreload 19568 21232 D:\APPS\Project\lumra\lumra_config\admin.py changed, reloading.
INFO 2026-05-06 11:21:12,387 autoreload 20772 4836 Watching for file changes with StatReloader
INFO 2026-05-06 13:39:29,110 autoreload 13460 21788 Watching for file changes with StatReloader
WARNING 2026-05-06 13:39:54,407 log 20772 536 Not Found: /admin/core/stock/
WARNING 2026-05-06 13:39:54,463 log 20772 536 "GET /admin/core/stock/ HTTP/1.1" 404 14585
WARNING 2026-05-06 13:39:56,996 log 20772 536 Not Found: /favicon.ico
WARNING 2026-05-06 13:39:57,020 log 20772 536 "GET /favicon.ico HTTP/1.1" 404 51257
INFO 2026-05-06 13:40:09,887 log 20772 536 "GET /admin HTTP/1.1" 301 0
INFO 2026-05-06 13:40:18,235 log 20772 536 "GET /admin/ HTTP/1.1" 200 92343
ERROR 2026-05-06 13:40:18,481 log 20772 17844 Internal Server Error: /accounting/coa/
Traceback (most recent call last):
  File "D:\APPS\Python\Lib\site-packages\django\core\handlers\exception.py", line 55, in inner
    response = get_response(request)
               ^^^^^^^^^^^^^^^^^^^^^
  File "D:\APPS\Python\Lib\site-packages\django\core\handlers\base.py", line 198, in _get_response
    response = wrapped_callback(request, *callback_args, **callback_kwargs)
               ^^^^^^^^^^^^^^^^^^^^^^^^^^^^^^^^^^^^^^^^^^^^^^^^^^^^^^^^^^^^
  File "D:\APPS\Project\lumra\lumra_system\urls.py", line 19, in _callable
    return view(request, *args, **kwargs)
           ^^^^^^^^^^^^^^^^^^^^^^^^^^^^^^
  File "D:\APPS\Python\Lib\site-packages\django\contrib\auth\decorators.py", line 59, in _view_wrapper
    return view_func(request, *args, **kwargs)
           ^^^^^^^^^^^^^^^^^^^^^^^^^^^^^^^^^^^
  File "D:\APPS\Project\lumra\lumra_config\views\accounting_views.py", line 131, in chart_of_accounts
    return render(request, "lumra_pages/accounting/chart_of_accounts.html", context)
           ^^^^^^^^^^^^^^^^^^^^^^^^^^^^^^^^^^^^^^^^^^^^^^^^^^^^^^^^^^^^^^^^^^^^^^^^^
  File "D:\APPS\Python\Lib\site-packages\django\shortcuts.py", line 25, in render
    content = loader.render_to_string(template_name, context, request, using=using)
              ^^^^^^^^^^^^^^^^^^^^^^^^^^^^^^^^^^^^^^^^^^^^^^^^^^^^^^^^^^^^^^^^^^^^^
  File "D:\APPS\Python\Lib\site-packages\django\template\loader.py", line 62, in render_to_string
    return template.render(context, request)
           ^^^^^^^^^^^^^^^^^^^^^^^^^^^^^^^^^
  File "D:\APPS\Python\Lib\site-packages\django\template\backends\django.py", line 107, in render
    return self.template.render(context)
           ^^^^^^^^^^^^^^^^^^^^^^^^^^^^^
  File "D:\APPS\Python\Lib\site-packages\django\template\base.py", line 174, in render
    return self._render(context)
           ^^^^^^^^^^^^^^^^^^^^^
  File "D:\APPS\Python\Lib\site-packages\django\test\utils.py", line 114, in instrumented_test_render
    return self.nodelist.render(context)
           ^^^^^^^^^^^^^^^^^^^^^^^^^^^^^
  File "D:\APPS\Python\Lib\site-packages\django\template\base.py", line 1091, in render
    return SafeString("".join([node.render_annotated(context) for node in self]))
                               ^^^^^^^^^^^^^^^^^^^^^^^^^^^^^^
  File "D:\APPS\Python\Lib\site-packages\django\template\base.py", line 1052, in render_annotated
    return self.render(context)
           ^^^^^^^^^^^^^^^^^^^^
  File "D:\APPS\Python\Lib\site-packages\django\template\loader_tags.py", line 160, in render
    return compiled_parent._render(context)
           ^^^^^^^^^^^^^^^^^^^^^^^^^^^^^^^^
  File "D:\APPS\Python\Lib\site-packages\django\test\utils.py", line 114, in instrumented_test_render
    return self.nodelist.render(context)
           ^^^^^^^^^^^^^^^^^^^^^^^^^^^^^
  File "D:\APPS\Python\Lib\site-packages\django\template\base.py", line 1091, in render
    return SafeString("".join([node.render_annotated(context) for node in self]))
                               ^^^^^^^^^^^^^^^^^^^^^^^^^^^^^^
  File "D:\APPS\Python\Lib\site-packages\django\template\base.py", line 1052, in render_annotated
    return self.render(context)
           ^^^^^^^^^^^^^^^^^^^^
  File "D:\APPS\Python\Lib\site-packages\django\template\loader_tags.py", line 211, in render
    return template.render(context)
           ^^^^^^^^^^^^^^^^^^^^^^^^
  File "D:\APPS\Python\Lib\site-packages\django\template\base.py", line 176, in render
    return self._render(context)
           ^^^^^^^^^^^^^^^^^^^^^
  File "D:\APPS\Python\Lib\site-packages\django\test\utils.py", line 114, in instrumented_test_render
    return self.nodelist.render(context)
           ^^^^^^^^^^^^^^^^^^^^^^^^^^^^^
  File "D:\APPS\Python\Lib\site-packages\django\template\base.py", line 1091, in render
    return SafeString("".join([node.render_annotated(context) for node in self]))
                               ^^^^^^^^^^^^^^^^^^^^^^^^^^^^^^
  File "D:\APPS\Python\Lib\site-packages\django\template\base.py", line 1052, in render_annotated
    return self.render(context)
           ^^^^^^^^^^^^^^^^^^^^
  File "D:\APPS\Python\Lib\site-packages\django\template\defaulttags.py", line 511, in render
    url = reverse(view_name, args=args, kwargs=kwargs, current_app=current_app)
          ^^^^^^^^^^^^^^^^^^^^^^^^^^^^^^^^^^^^^^^^^^^^^^^^^^^^^^^^^^^^^^^^^^^^^
  File "D:\APPS\Python\Lib\site-packages\django\urls\base.py", line 98, in reverse
    resolved_url = resolver._reverse_with_prefix(view, prefix, *args, **kwargs)
                   ^^^^^^^^^^^^^^^^^^^^^^^^^^^^^^^^^^^^^^^^^^^^^^^^^^^^^^^^^^^^
  File "D:\APPS\Python\Lib\site-packages\django\urls\resolvers.py", line 842, in _reverse_with_prefix
    raise NoReverseMatch(msg)
django.urls.exceptions.NoReverseMatch: Reverse for 'sales_orders' not found. 'sales_orders' is not a valid view function or pattern name.
INFO 2026-05-06 13:40:18,543 log 20772 21812 "GET /static/unfold/fonts/material-symbols/styles.css HTTP/1.1" 200 164
INFO 2026-05-06 13:40:18,549 log 20772 536 "GET /static/unfold/fonts/inter/styles.css HTTP/1.1" 200 608
INFO 2026-05-06 13:40:18,607 log 20772 13936 "GET /static/unfold/css/styles.css HTTP/1.1" 200 332310
ERROR 2026-05-06 13:40:18,693 log 20772 17844 "GET /accounting/coa/ HTTP/1.1" 500 310535
INFO 2026-05-06 13:40:18,751 log 20772 536 "GET /static/unfold/css/simplebar/simplebar.css HTTP/1.1" 200 4647
INFO 2026-05-06 13:40:18,913 log 20772 21812 "GET /static/unfold/js/htmx/htmx.js HTTP/1.1" 200 50918
INFO 2026-05-06 13:40:18,991 log 20772 13936 "GET /static/unfold/js/chart/chart.js HTTP/1.1" 200 200633
INFO 2026-05-06 13:40:19,466 log 20772 21812 "GET /static/unfold/js/app.js HTTP/1.1" 200 30131
INFO 2026-05-06 13:40:19,750 log 20772 17844 "GET /static/unfold/js/simplebar/simplebar.js HTTP/1.1" 200 27176
INFO 2026-05-06 13:40:19,752 log 20772 13936 "GET /static/unfold/js/alpine/alpine.persist.js HTTP/1.1" 200 837
WARNING 2026-05-06 13:40:19,777 log 20772 536 "GET /static/images/logo.svg HTTP/1.1" 404 1859
INFO 2026-05-06 13:40:19,883 log 20772 21812 "GET /static/unfold/js/alpine/alpine.anchor.js HTTP/1.1" 200 15524
INFO 2026-05-06 13:40:20,109 log 20772 15160 "GET /static/unfold/js/alpine/alpine.sort.js HTTP/1.1" 200 38101
INFO 2026-05-06 13:40:20,141 log 20772 22276 "GET /static/unfold/js/alpine/alpine.resize.js HTTP/1.1" 200 703
INFO 2026-05-06 13:40:20,401 log 20772 17844 "GET /static/unfold/js/alpine/alpine.js HTTP/1.1" 200 44758
INFO 2026-05-06 13:40:21,021 log 20772 22276 "GET /static/unfold/fonts/inter/Inter-Regular.woff2 HTTP/1.1" 200 111268
INFO 2026-05-06 13:40:21,088 log 20772 17640 "GET /static/unfold/js/htmx/htmx.js HTTP/1.1" 200 50918
INFO 2026-05-06 13:40:21,155 log 20772 17844 "GET /static/unfold/fonts/inter/Inter-SemiBold.woff2 HTTP/1.1" 200 114812
INFO 2026-05-06 13:40:21,341 log 20772 15160 "GET /static/unfold/fonts/material-symbols/Material-Symbols-Outlined.woff2 HTTP/1.1" 200 291696
INFO 2026-05-06 13:40:21,373 log 20772 17640 "GET /static/unfold/js/chart/chart.js HTTP/1.1" 200 200633
INFO 2026-05-06 13:40:21,468 log 20772 22008 "GET /static/unfold/js/app.js HTTP/1.1" 200 30131
INFO 2026-05-06 13:40:22,509 log 20772 22008 "GET /static/unfold/js/simplebar/simplebar.js HTTP/1.1" 200 27176
INFO 2026-05-06 13:40:22,643 log 20772 22008 "GET /static/unfold/js/alpine/alpine.persist.js HTTP/1.1" 200 837
INFO 2026-05-06 13:40:22,816 log 20772 22008 "GET /static/unfold/js/alpine/alpine.anchor.js HTTP/1.1" 200 15524
INFO 2026-05-06 13:40:22,972 log 20772 22008 "GET /static/unfold/js/alpine/alpine.sort.js HTTP/1.1" 200 38101
INFO 2026-05-06 13:40:23,109 log 20772 22008 "GET /static/unfold/js/alpine/alpine.resize.js HTTP/1.1" 200 703
INFO 2026-05-06 13:40:23,371 log 20772 22008 "GET /static/unfold/js/alpine/alpine.js HTTP/1.1" 200 44758
ERROR 2026-05-06 13:40:41,062 log 20772 15160 Internal Server Error: /production/scheduling/
Traceback (most recent call last):
  File "D:\APPS\Python\Lib\site-packages\django\core\handlers\exception.py", line 55, in inner
    response = get_response(request)
               ^^^^^^^^^^^^^^^^^^^^^
  File "D:\APPS\Python\Lib\site-packages\django\core\handlers\base.py", line 198, in _get_response
    response = wrapped_callback(request, *callback_args, **callback_kwargs)
               ^^^^^^^^^^^^^^^^^^^^^^^^^^^^^^^^^^^^^^^^^^^^^^^^^^^^^^^^^^^^
  File "D:\APPS\Project\lumra\lumra_system\urls.py", line 19, in _callable
    return view(request, *args, **kwargs)
           ^^^^^^^^^^^^^^^^^^^^^^^^^^^^^^
  File "D:\APPS\Python\Lib\site-packages\django\contrib\auth\decorators.py", line 59, in _view_wrapper
    return view_func(request, *args, **kwargs)
           ^^^^^^^^^^^^^^^^^^^^^^^^^^^^^^^^^^^
  File "D:\APPS\Project\lumra\lumra_config\views\production_ops_views.py", line 507, in production_scheduling
    return render(request, "lumra_pages/production/production_scheduling.html", context)
           ^^^^^^^^^^^^^^^^^^^^^^^^^^^^^^^^^^^^^^^^^^^^^^^^^^^^^^^^^^^^^^^^^^^^^^^^^^^^^
  File "D:\APPS\Python\Lib\site-packages\django\shortcuts.py", line 25, in render
    content = loader.render_to_string(template_name, context, request, using=using)
              ^^^^^^^^^^^^^^^^^^^^^^^^^^^^^^^^^^^^^^^^^^^^^^^^^^^^^^^^^^^^^^^^^^^^^
  File "D:\APPS\Python\Lib\site-packages\django\template\loader.py", line 62, in render_to_string
    return template.render(context, request)
           ^^^^^^^^^^^^^^^^^^^^^^^^^^^^^^^^^
  File "D:\APPS\Python\Lib\site-packages\django\template\backends\django.py", line 107, in render
    return self.template.render(context)
           ^^^^^^^^^^^^^^^^^^^^^^^^^^^^^
  File "D:\APPS\Python\Lib\site-packages\django\template\base.py", line 174, in render
    return self._render(context)
           ^^^^^^^^^^^^^^^^^^^^^
  File "D:\APPS\Python\Lib\site-packages\django\test\utils.py", line 114, in instrumented_test_render
    return self.nodelist.render(context)
           ^^^^^^^^^^^^^^^^^^^^^^^^^^^^^
  File "D:\APPS\Python\Lib\site-packages\django\template\base.py", line 1091, in render
    return SafeString("".join([node.render_annotated(context) for node in self]))
                               ^^^^^^^^^^^^^^^^^^^^^^^^^^^^^^
  File "D:\APPS\Python\Lib\site-packages\django\template\base.py", line 1052, in render_annotated
    return self.render(context)
           ^^^^^^^^^^^^^^^^^^^^
  File "D:\APPS\Python\Lib\site-packages\django\template\loader_tags.py", line 160, in render
    return compiled_parent._render(context)
           ^^^^^^^^^^^^^^^^^^^^^^^^^^^^^^^^
  File "D:\APPS\Python\Lib\site-packages\django\test\utils.py", line 114, in instrumented_test_render
    return self.nodelist.render(context)
           ^^^^^^^^^^^^^^^^^^^^^^^^^^^^^
  File "D:\APPS\Python\Lib\site-packages\django\template\base.py", line 1091, in render
    return SafeString("".join([node.render_annotated(context) for node in self]))
                               ^^^^^^^^^^^^^^^^^^^^^^^^^^^^^^
  File "D:\APPS\Python\Lib\site-packages\django\template\base.py", line 1052, in render_annotated
    return self.render(context)
           ^^^^^^^^^^^^^^^^^^^^
  File "D:\APPS\Python\Lib\site-packages\django\template\loader_tags.py", line 211, in render
    return template.render(context)
           ^^^^^^^^^^^^^^^^^^^^^^^^
  File "D:\APPS\Python\Lib\site-packages\django\template\base.py", line 176, in render
    return self._render(context)
           ^^^^^^^^^^^^^^^^^^^^^
  File "D:\APPS\Python\Lib\site-packages\django\test\utils.py", line 114, in instrumented_test_render
    return self.nodelist.render(context)
           ^^^^^^^^^^^^^^^^^^^^^^^^^^^^^
  File "D:\APPS\Python\Lib\site-packages\django\template\base.py", line 1091, in render
    return SafeString("".join([node.render_annotated(context) for node in self]))
                               ^^^^^^^^^^^^^^^^^^^^^^^^^^^^^^
  File "D:\APPS\Python\Lib\site-packages\django\template\base.py", line 1052, in render_annotated
    return self.render(context)
           ^^^^^^^^^^^^^^^^^^^^
  File "D:\APPS\Python\Lib\site-packages\django\template\defaulttags.py", line 511, in render
    url = reverse(view_name, args=args, kwargs=kwargs, current_app=current_app)
          ^^^^^^^^^^^^^^^^^^^^^^^^^^^^^^^^^^^^^^^^^^^^^^^^^^^^^^^^^^^^^^^^^^^^^
  File "D:\APPS\Python\Lib\site-packages\django\urls\base.py", line 98, in reverse
    resolved_url = resolver._reverse_with_prefix(view, prefix, *args, **kwargs)
                   ^^^^^^^^^^^^^^^^^^^^^^^^^^^^^^^^^^^^^^^^^^^^^^^^^^^^^^^^^^^^
  File "D:\APPS\Python\Lib\site-packages\django\urls\resolvers.py", line 842, in _reverse_with_prefix
    raise NoReverseMatch(msg)
django.urls.exceptions.NoReverseMatch: Reverse for 'sales_orders' not found. 'sales_orders' is not a valid view function or pattern name.
ERROR 2026-05-06 13:40:41,199 log 20772 15160 "GET /production/scheduling/ HTTP/1.1" 500 314096
INFO 2026-05-06 13:40:44,086 log 20772 15160 "GET /admin/ HTTP/1.1" 200 92343
WARNING 2026-05-06 13:40:44,243 log 20772 15160 "GET /static/images/logo.svg HTTP/1.1" 404 1859
INFO 2026-05-06 13:40:46,387 log 20772 22276 "GET /admin/ HTTP/1.1" 200 92343
WARNING 2026-05-06 13:40:46,601 log 20772 22276 "GET /static/images/logo.svg HTTP/1.1" 404 1859
INFO 2026-05-06 13:41:46,923 log 20772 4368 "GET / HTTP/1.1" 302 0
ERROR 2026-05-06 13:41:47,313 log 20772 4368 Internal Server Error: /auth/login/
Traceback (most recent call last):
  File "D:\APPS\Python\Lib\site-packages\django\core\handlers\exception.py", line 55, in inner
    response = get_response(request)
               ^^^^^^^^^^^^^^^^^^^^^
  File "D:\APPS\Python\Lib\site-packages\django\core\handlers\base.py", line 198, in _get_response
    response = wrapped_callback(request, *callback_args, **callback_kwargs)
               ^^^^^^^^^^^^^^^^^^^^^^^^^^^^^^^^^^^^^^^^^^^^^^^^^^^^^^^^^^^^
  File "D:\APPS\Project\lumra\lumra_system\urls.py", line 19, in _callable
    return view(request, *args, **kwargs)
           ^^^^^^^^^^^^^^^^^^^^^^^^^^^^^^
  File "D:\APPS\Project\lumra\lumra_config\views\auth_views.py", line 37, in login_view
    return render(request, "lumra_pages/auth/login.html")
           ^^^^^^^^^^^^^^^^^^^^^^^^^^^^^^^^^^^^^^^^^^^^^^
  File "D:\APPS\Python\Lib\site-packages\django\shortcuts.py", line 25, in render
    content = loader.render_to_string(template_name, context, request, using=using)
              ^^^^^^^^^^^^^^^^^^^^^^^^^^^^^^^^^^^^^^^^^^^^^^^^^^^^^^^^^^^^^^^^^^^^^
  File "D:\APPS\Python\Lib\site-packages\django\template\loader.py", line 62, in render_to_string
    return template.render(context, request)
           ^^^^^^^^^^^^^^^^^^^^^^^^^^^^^^^^^
  File "D:\APPS\Python\Lib\site-packages\django\template\backends\django.py", line 107, in render
    return self.template.render(context)
           ^^^^^^^^^^^^^^^^^^^^^^^^^^^^^
  File "D:\APPS\Python\Lib\site-packages\django\template\base.py", line 174, in render
    return self._render(context)
           ^^^^^^^^^^^^^^^^^^^^^
  File "D:\APPS\Python\Lib\site-packages\django\test\utils.py", line 114, in instrumented_test_render
    return self.nodelist.render(context)
           ^^^^^^^^^^^^^^^^^^^^^^^^^^^^^
  File "D:\APPS\Python\Lib\site-packages\django\template\base.py", line 1091, in render
    return SafeString("".join([node.render_annotated(context) for node in self]))
                               ^^^^^^^^^^^^^^^^^^^^^^^^^^^^^^
  File "D:\APPS\Python\Lib\site-packages\django\template\base.py", line 1052, in render_annotated
    return self.render(context)
           ^^^^^^^^^^^^^^^^^^^^
  File "D:\APPS\Python\Lib\site-packages\django\template\loader_tags.py", line 160, in render
    return compiled_parent._render(context)
           ^^^^^^^^^^^^^^^^^^^^^^^^^^^^^^^^
  File "D:\APPS\Python\Lib\site-packages\django\test\utils.py", line 114, in instrumented_test_render
    return self.nodelist.render(context)
           ^^^^^^^^^^^^^^^^^^^^^^^^^^^^^
  File "D:\APPS\Python\Lib\site-packages\django\template\base.py", line 1091, in render
    return SafeString("".join([node.render_annotated(context) for node in self]))
                               ^^^^^^^^^^^^^^^^^^^^^^^^^^^^^^
  File "D:\APPS\Python\Lib\site-packages\django\template\base.py", line 1052, in render_annotated
    return self.render(context)
           ^^^^^^^^^^^^^^^^^^^^
  File "D:\APPS\Python\Lib\site-packages\django\template\loader_tags.py", line 211, in render
    return template.render(context)
           ^^^^^^^^^^^^^^^^^^^^^^^^
  File "D:\APPS\Python\Lib\site-packages\django\template\base.py", line 176, in render
    return self._render(context)
           ^^^^^^^^^^^^^^^^^^^^^
  File "D:\APPS\Python\Lib\site-packages\django\test\utils.py", line 114, in instrumented_test_render
    return self.nodelist.render(context)
           ^^^^^^^^^^^^^^^^^^^^^^^^^^^^^
  File "D:\APPS\Python\Lib\site-packages\django\template\base.py", line 1091, in render
    return SafeString("".join([node.render_annotated(context) for node in self]))
                               ^^^^^^^^^^^^^^^^^^^^^^^^^^^^^^
  File "D:\APPS\Python\Lib\site-packages\django\template\base.py", line 1052, in render_annotated
    return self.render(context)
           ^^^^^^^^^^^^^^^^^^^^
  File "D:\APPS\Python\Lib\site-packages\django\template\defaulttags.py", line 511, in render
    url = reverse(view_name, args=args, kwargs=kwargs, current_app=current_app)
          ^^^^^^^^^^^^^^^^^^^^^^^^^^^^^^^^^^^^^^^^^^^^^^^^^^^^^^^^^^^^^^^^^^^^^
  File "D:\APPS\Python\Lib\site-packages\django\urls\base.py", line 98, in reverse
    resolved_url = resolver._reverse_with_prefix(view, prefix, *args, **kwargs)
                   ^^^^^^^^^^^^^^^^^^^^^^^^^^^^^^^^^^^^^^^^^^^^^^^^^^^^^^^^^^^^
  File "D:\APPS\Python\Lib\site-packages\django\urls\resolvers.py", line 842, in _reverse_with_prefix
    raise NoReverseMatch(msg)
django.urls.exceptions.NoReverseMatch: Reverse for 'sales_orders' not found. 'sales_orders' is not a valid view function or pattern name.
ERROR 2026-05-06 13:41:47,459 log 20772 4368 "GET /auth/login/?next=/ HTTP/1.1" 500 183600
WARNING 2026-05-06 13:41:49,405 log 20772 4368 Not Found: /favicon.ico
WARNING 2026-05-06 13:41:49,435 log 20772 4368 "GET /favicon.ico HTTP/1.1" 404 51257
INFO 2026-05-06 13:42:03,790 log 20772 4368 "GET /admin/ HTTP/1.1" 302 0
INFO 2026-05-06 13:42:04,229 log 20772 4368 "GET /admin/login/?next=/admin/ HTTP/1.1" 200 11973
INFO 2026-05-06 13:42:04,319 log 20772 4368 "GET /static/unfold/fonts/inter/styles.css HTTP/1.1" 200 608
INFO 2026-05-06 13:42:04,337 log 20772 20708 "GET /static/unfold/fonts/material-symbols/styles.css HTTP/1.1" 200 164
INFO 2026-05-06 13:42:04,409 log 20772 4368 "GET /static/unfold/css/simplebar/simplebar.css HTTP/1.1" 200 4647
INFO 2026-05-06 13:42:04,409 log 20772 20708 "GET /static/unfold/js/htmx/htmx.js HTTP/1.1" 200 50918
INFO 2026-05-06 13:42:04,424 log 20772 22432 "GET /static/unfold/css/styles.css HTTP/1.1" 200 332310
INFO 2026-05-06 13:42:04,449 log 20772 4368 "GET /static/unfold/js/app.js HTTP/1.1" 200 30131
INFO 2026-05-06 13:42:04,529 log 20772 22432 "GET /static/unfold/js/simplebar/simplebar.js HTTP/1.1" 200 27176
INFO 2026-05-06 13:42:04,539 log 20772 20708 "GET /static/unfold/js/chart/chart.js HTTP/1.1" 200 200633
INFO 2026-05-06 13:42:04,613 log 20772 20708 "GET /static/unfold/js/alpine/alpine.persist.js HTTP/1.1" 200 837
INFO 2026-05-06 13:42:04,645 log 20772 4368 "GET /static/unfold/js/alpine/alpine.sort.js HTTP/1.1" 200 38101
INFO 2026-05-06 13:42:04,659 log 20772 22432 "GET /static/unfold/js/alpine/alpine.anchor.js HTTP/1.1" 200 15524
INFO 2026-05-06 13:42:04,721 log 20772 2104 "GET /static/unfold/js/alpine/alpine.resize.js HTTP/1.1" 200 703
INFO 2026-05-06 13:42:04,761 log 20772 9156 "GET /static/unfold/js/alpine/alpine.js HTTP/1.1" 200 44758
INFO 2026-05-06 13:42:04,977 log 20772 4368 "GET /static/unfold/fonts/inter/Inter-Regular.woff2 HTTP/1.1" 200 111268
INFO 2026-05-06 13:42:04,977 log 20772 9156 "GET /static/unfold/fonts/inter/Inter-SemiBold.woff2 HTTP/1.1" 200 114812
INFO 2026-05-06 13:42:05,001 log 20772 2104 "GET /static/unfold/fonts/inter/Inter-Medium.woff2 HTTP/1.1" 200 114348
INFO 2026-05-06 13:42:05,003 log 20772 22432 "GET /static/unfold/fonts/material-symbols/Material-Symbols-Outlined.woff2 HTTP/1.1" 200 291696
INFO 2026-05-06 13:42:06,477 log 20772 21588 "GET /static/unfold/js/htmx/htmx.js HTTP/1.1" 200 50918
INFO 2026-05-06 13:42:06,540 log 20772 9040 "GET /static/unfold/js/app.js HTTP/1.1" 200 30131
INFO 2026-05-06 13:42:06,561 log 20772 21588 "GET /static/unfold/js/alpine/alpine.anchor.js HTTP/1.1" 200 15524
INFO 2026-05-06 13:42:06,613 log 20772 1020 "GET /static/unfold/js/simplebar/simplebar.js HTTP/1.1" 200 27176
INFO 2026-05-06 13:42:06,623 log 20772 9040 "GET /static/unfold/js/alpine/alpine.resize.js HTTP/1.1" 200 703
INFO 2026-05-06 13:42:06,625 log 20772 21588 "GET /static/unfold/js/alpine/alpine.js HTTP/1.1" 200 44758
INFO 2026-05-06 13:42:06,645 log 20772 2996 "GET /static/unfold/js/chart/chart.js HTTP/1.1" 200 200633
INFO 2026-05-06 13:42:06,660 log 20772 10772 "GET /static/unfold/js/alpine/alpine.persist.js HTTP/1.1" 200 837
INFO 2026-05-06 13:42:06,695 log 20772 19200 "GET /static/unfold/js/alpine/alpine.sort.js HTTP/1.1" 200 38101
INFO 2026-05-06 13:42:18,647 log 20772 22432 "POST /admin/login/?next=/admin/ HTTP/1.1" 302 0
INFO 2026-05-06 13:42:19,021 log 20772 22432 "GET /admin/ HTTP/1.1" 200 92343
WARNING 2026-05-06 13:42:19,377 log 20772 22432 "GET /static/images/logo.svg HTTP/1.1" 404 1859
INFO 2026-05-06 13:43:17,887 log 20772 9156 "GET /admin/lumra_config/category/ HTTP/1.1" 200 273982
INFO 2026-05-06 13:43:18,013 log 20772 20708 "GET /static/admin/js/jquery.init.js HTTP/1.1" 200 347
INFO 2026-05-06 13:43:18,369 log 20772 20708 "GET /static/admin/js/core.js HTTP/1.1" 200 6208
INFO 2026-05-06 13:43:18,719 log 20772 9156 "GET /admin/jsi18n/ HTTP/1.1" 200 7830
INFO 2026-05-06 13:43:19,175 log 20772 9156 "GET /static/admin/js/actions.js HTTP/1.1" 200 7977
INFO 2026-05-06 13:43:19,251 log 20772 20708 "GET /static/admin/js/admin/RelatedObjectLookups.js HTTP/1.1" 200 9241
WARNING 2026-05-06 13:43:20,161 log 20772 20708 "GET /static/images/logo.svg HTTP/1.1" 404 1859
INFO 2026-05-06 13:43:20,172 log 20772 9156 "GET /static/admin/js/urlify.js HTTP/1.1" 200 7887
INFO 2026-05-06 13:43:20,199 log 20772 21564 "GET /static/admin/js/prepopulate.js HTTP/1.1" 200 1531
INFO 2026-05-06 13:43:20,425 log 20772 4456 "GET /static/admin/js/vendor/xregexp/xregexp.js HTTP/1.1" 200 325171
INFO 2026-05-06 13:43:20,551 log 20772 1020 "GET /static/admin/js/prepopulate.js HTTP/1.1" 200 1531
INFO 2026-05-06 13:43:20,577 log 20772 9040 "GET /static/admin/js/actions.js HTTP/1.1" 200 7977
INFO 2026-05-06 13:43:20,577 log 20772 19200 "GET /static/admin/js/jquery.init.js HTTP/1.1" 200 347
INFO 2026-05-06 13:43:20,577 log 20772 21588 "GET /static/admin/js/admin/RelatedObjectLookups.js HTTP/1.1" 200 9241
INFO 2026-05-06 13:43:20,579 log 20772 10772 "GET /static/admin/js/core.js HTTP/1.1" 200 6208
INFO 2026-05-06 13:43:20,643 log 20772 21588 "GET /static/admin/js/vendor/xregexp/xregexp.js HTTP/1.1" 200 325171
INFO 2026-05-06 13:43:20,699 log 20772 4368 "GET /static/admin/js/vendor/jquery/jquery.js HTTP/1.1" 200 285314
INFO 2026-05-06 13:43:20,701 log 20772 10772 "GET /static/admin/js/urlify.js HTTP/1.1" 200 7887
INFO 2026-05-06 13:43:21,209 log 20772 2996 "GET /admin/jsi18n/ HTTP/1.1" 200 7830
INFO 2026-05-06 13:43:21,353 log 20772 2996 "GET /static/admin/js/vendor/jquery/jquery.js HTTP/1.1" 200 285314
WARNING 2026-05-06 13:43:39,057 log 20772 6944 Not Found: /dashboard
WARNING 2026-05-06 13:43:39,087 log 20772 6944 "GET /dashboard HTTP/1.1" 404 51251
WARNING 2026-05-06 13:43:49,580 log 20772 4368 Not Found: /dashboard
WARNING 2026-05-06 13:43:49,587 log 20772 4368 "GET /dashboard HTTP/1.1" 404 51251
ERROR 2026-05-06 13:49:06,599 log 20772 18992 Internal Server Error: /
Traceback (most recent call last):
  File "D:\APPS\Python\Lib\site-packages\django\core\handlers\exception.py", line 55, in inner
    response = get_response(request)
               ^^^^^^^^^^^^^^^^^^^^^
  File "D:\APPS\Python\Lib\site-packages\django\core\handlers\base.py", line 198, in _get_response
    response = wrapped_callback(request, *callback_args, **callback_kwargs)
               ^^^^^^^^^^^^^^^^^^^^^^^^^^^^^^^^^^^^^^^^^^^^^^^^^^^^^^^^^^^^
  File "D:\APPS\Project\lumra\lumra_system\urls.py", line 19, in _callable
    return view(request, *args, **kwargs)
           ^^^^^^^^^^^^^^^^^^^^^^^^^^^^^^
  File "D:\APPS\Python\Lib\site-packages\django\contrib\auth\decorators.py", line 59, in _view_wrapper
    return view_func(request, *args, **kwargs)
           ^^^^^^^^^^^^^^^^^^^^^^^^^^^^^^^^^^^
  File "D:\APPS\Project\lumra\lumra_config\views\dashboard_views.py", line 457, in dashboard_view
    return render(request, "lumra_pages/sales_insight/dashboard.html", {
           ^^^^^^^^^^^^^^^^^^^^^^^^^^^^^^^^^^^^^^^^^^^^^^^^^^^^^^^^^^^^^
  File "D:\APPS\Python\Lib\site-packages\django\shortcuts.py", line 25, in render
    content = loader.render_to_string(template_name, context, request, using=using)
              ^^^^^^^^^^^^^^^^^^^^^^^^^^^^^^^^^^^^^^^^^^^^^^^^^^^^^^^^^^^^^^^^^^^^^
  File "D:\APPS\Python\Lib\site-packages\django\template\loader.py", line 62, in render_to_string
    return template.render(context, request)
           ^^^^^^^^^^^^^^^^^^^^^^^^^^^^^^^^^
  File "D:\APPS\Python\Lib\site-packages\django\template\backends\django.py", line 107, in render
    return self.template.render(context)
           ^^^^^^^^^^^^^^^^^^^^^^^^^^^^^
  File "D:\APPS\Python\Lib\site-packages\django\template\base.py", line 174, in render
    return self._render(context)
           ^^^^^^^^^^^^^^^^^^^^^
  File "D:\APPS\Python\Lib\site-packages\django\test\utils.py", line 114, in instrumented_test_render
    return self.nodelist.render(context)
           ^^^^^^^^^^^^^^^^^^^^^^^^^^^^^
  File "D:\APPS\Python\Lib\site-packages\django\template\base.py", line 1091, in render
    return SafeString("".join([node.render_annotated(context) for node in self]))
                               ^^^^^^^^^^^^^^^^^^^^^^^^^^^^^^
  File "D:\APPS\Python\Lib\site-packages\django\template\base.py", line 1052, in render_annotated
    return self.render(context)
           ^^^^^^^^^^^^^^^^^^^^
  File "D:\APPS\Python\Lib\site-packages\django\template\loader_tags.py", line 160, in render
    return compiled_parent._render(context)
           ^^^^^^^^^^^^^^^^^^^^^^^^^^^^^^^^
  File "D:\APPS\Python\Lib\site-packages\django\test\utils.py", line 114, in instrumented_test_render
    return self.nodelist.render(context)
           ^^^^^^^^^^^^^^^^^^^^^^^^^^^^^
  File "D:\APPS\Python\Lib\site-packages\django\template\base.py", line 1091, in render
    return SafeString("".join([node.render_annotated(context) for node in self]))
                               ^^^^^^^^^^^^^^^^^^^^^^^^^^^^^^
  File "D:\APPS\Python\Lib\site-packages\django\template\base.py", line 1052, in render_annotated
    return self.render(context)
           ^^^^^^^^^^^^^^^^^^^^
  File "D:\APPS\Python\Lib\site-packages\django\template\loader_tags.py", line 211, in render
    return template.render(context)
           ^^^^^^^^^^^^^^^^^^^^^^^^
  File "D:\APPS\Python\Lib\site-packages\django\template\base.py", line 176, in render
    return self._render(context)
           ^^^^^^^^^^^^^^^^^^^^^
  File "D:\APPS\Python\Lib\site-packages\django\test\utils.py", line 114, in instrumented_test_render
    return self.nodelist.render(context)
           ^^^^^^^^^^^^^^^^^^^^^^^^^^^^^
  File "D:\APPS\Python\Lib\site-packages\django\template\base.py", line 1091, in render
    return SafeString("".join([node.render_annotated(context) for node in self]))
                               ^^^^^^^^^^^^^^^^^^^^^^^^^^^^^^
  File "D:\APPS\Python\Lib\site-packages\django\template\base.py", line 1052, in render_annotated
    return self.render(context)
           ^^^^^^^^^^^^^^^^^^^^
  File "D:\APPS\Python\Lib\site-packages\django\template\defaulttags.py", line 511, in render
    url = reverse(view_name, args=args, kwargs=kwargs, current_app=current_app)
          ^^^^^^^^^^^^^^^^^^^^^^^^^^^^^^^^^^^^^^^^^^^^^^^^^^^^^^^^^^^^^^^^^^^^^
  File "D:\APPS\Python\Lib\site-packages\django\urls\base.py", line 98, in reverse
    resolved_url = resolver._reverse_with_prefix(view, prefix, *args, **kwargs)
                   ^^^^^^^^^^^^^^^^^^^^^^^^^^^^^^^^^^^^^^^^^^^^^^^^^^^^^^^^^^^^
  File "D:\APPS\Python\Lib\site-packages\django\urls\resolvers.py", line 842, in _reverse_with_prefix
    raise NoReverseMatch(msg)
django.urls.exceptions.NoReverseMatch: Reverse for 'sales_orders' not found. 'sales_orders' is not a valid view function or pattern name.
ERROR 2026-05-06 13:49:06,605 log 20772 21112 Internal Server Error: /
Traceback (most recent call last):
  File "D:\APPS\Python\Lib\site-packages\django\core\handlers\exception.py", line 55, in inner
    response = get_response(request)
               ^^^^^^^^^^^^^^^^^^^^^
  File "D:\APPS\Python\Lib\site-packages\django\core\handlers\base.py", line 198, in _get_response
    response = wrapped_callback(request, *callback_args, **callback_kwargs)
               ^^^^^^^^^^^^^^^^^^^^^^^^^^^^^^^^^^^^^^^^^^^^^^^^^^^^^^^^^^^^
  File "D:\APPS\Project\lumra\lumra_system\urls.py", line 19, in _callable
    return view(request, *args, **kwargs)
           ^^^^^^^^^^^^^^^^^^^^^^^^^^^^^^
  File "D:\APPS\Python\Lib\site-packages\django\contrib\auth\decorators.py", line 59, in _view_wrapper
    return view_func(request, *args, **kwargs)
           ^^^^^^^^^^^^^^^^^^^^^^^^^^^^^^^^^^^
  File "D:\APPS\Project\lumra\lumra_config\views\dashboard_views.py", line 457, in dashboard_view
    return render(request, "lumra_pages/sales_insight/dashboard.html", {
           ^^^^^^^^^^^^^^^^^^^^^^^^^^^^^^^^^^^^^^^^^^^^^^^^^^^^^^^^^^^^^
  File "D:\APPS\Python\Lib\site-packages\django\shortcuts.py", line 25, in render
    content = loader.render_to_string(template_name, context, request, using=using)
              ^^^^^^^^^^^^^^^^^^^^^^^^^^^^^^^^^^^^^^^^^^^^^^^^^^^^^^^^^^^^^^^^^^^^^
  File "D:\APPS\Python\Lib\site-packages\django\template\loader.py", line 62, in render_to_string
    return template.render(context, request)
           ^^^^^^^^^^^^^^^^^^^^^^^^^^^^^^^^^
  File "D:\APPS\Python\Lib\site-packages\django\template\backends\django.py", line 107, in render
    return self.template.render(context)
           ^^^^^^^^^^^^^^^^^^^^^^^^^^^^^
  File "D:\APPS\Python\Lib\site-packages\django\template\base.py", line 174, in render
    return self._render(context)
           ^^^^^^^^^^^^^^^^^^^^^
  File "D:\APPS\Python\Lib\site-packages\django\test\utils.py", line 114, in instrumented_test_render
    return self.nodelist.render(context)
           ^^^^^^^^^^^^^^^^^^^^^^^^^^^^^
  File "D:\APPS\Python\Lib\site-packages\django\template\base.py", line 1091, in render
    return SafeString("".join([node.render_annotated(context) for node in self]))
                               ^^^^^^^^^^^^^^^^^^^^^^^^^^^^^^
  File "D:\APPS\Python\Lib\site-packages\django\template\base.py", line 1052, in render_annotated
    return self.render(context)
           ^^^^^^^^^^^^^^^^^^^^
  File "D:\APPS\Python\Lib\site-packages\django\template\loader_tags.py", line 160, in render
    return compiled_parent._render(context)
           ^^^^^^^^^^^^^^^^^^^^^^^^^^^^^^^^
  File "D:\APPS\Python\Lib\site-packages\django\test\utils.py", line 114, in instrumented_test_render
    return self.nodelist.render(context)
           ^^^^^^^^^^^^^^^^^^^^^^^^^^^^^
  File "D:\APPS\Python\Lib\site-packages\django\template\base.py", line 1091, in render
    return SafeString("".join([node.render_annotated(context) for node in self]))
                               ^^^^^^^^^^^^^^^^^^^^^^^^^^^^^^
  File "D:\APPS\Python\Lib\site-packages\django\template\base.py", line 1052, in render_annotated
    return self.render(context)
           ^^^^^^^^^^^^^^^^^^^^
  File "D:\APPS\Python\Lib\site-packages\django\template\loader_tags.py", line 211, in render
    return template.render(context)
           ^^^^^^^^^^^^^^^^^^^^^^^^
  File "D:\APPS\Python\Lib\site-packages\django\template\base.py", line 176, in render
    return self._render(context)
           ^^^^^^^^^^^^^^^^^^^^^
  File "D:\APPS\Python\Lib\site-packages\django\test\utils.py", line 114, in instrumented_test_render
    return self.nodelist.render(context)
           ^^^^^^^^^^^^^^^^^^^^^^^^^^^^^
  File "D:\APPS\Python\Lib\site-packages\django\template\base.py", line 1091, in render
    return SafeString("".join([node.render_annotated(context) for node in self]))
                               ^^^^^^^^^^^^^^^^^^^^^^^^^^^^^^
  File "D:\APPS\Python\Lib\site-packages\django\template\base.py", line 1052, in render_annotated
    return self.render(context)
           ^^^^^^^^^^^^^^^^^^^^
  File "D:\APPS\Python\Lib\site-packages\django\template\defaulttags.py", line 511, in render
    url = reverse(view_name, args=args, kwargs=kwargs, current_app=current_app)
          ^^^^^^^^^^^^^^^^^^^^^^^^^^^^^^^^^^^^^^^^^^^^^^^^^^^^^^^^^^^^^^^^^^^^^
  File "D:\APPS\Python\Lib\site-packages\django\urls\base.py", line 98, in reverse
    resolved_url = resolver._reverse_with_prefix(view, prefix, *args, **kwargs)
                   ^^^^^^^^^^^^^^^^^^^^^^^^^^^^^^^^^^^^^^^^^^^^^^^^^^^^^^^^^^^^
  File "D:\APPS\Python\Lib\site-packages\django\urls\resolvers.py", line 842, in _reverse_with_prefix
    raise NoReverseMatch(msg)
django.urls.exceptions.NoReverseMatch: Reverse for 'sales_orders' not found. 'sales_orders' is not a valid view function or pattern name.
INFO 2026-05-06 13:49:06,663 basehttp 20772 18992 - Broken pipe from ('127.0.0.1', 5975)
INFO 2026-05-06 13:49:06,673 basehttp 20772 21112 - Broken pipe from ('127.0.0.1', 55031)
ERROR 2026-05-06 13:49:49,005 log 20772 12764 Internal Server Error: /
Traceback (most recent call last):
  File "D:\APPS\Python\Lib\site-packages\django\core\handlers\exception.py", line 55, in inner
    response = get_response(request)
               ^^^^^^^^^^^^^^^^^^^^^
  File "D:\APPS\Python\Lib\site-packages\django\core\handlers\base.py", line 198, in _get_response
    response = wrapped_callback(request, *callback_args, **callback_kwargs)
               ^^^^^^^^^^^^^^^^^^^^^^^^^^^^^^^^^^^^^^^^^^^^^^^^^^^^^^^^^^^^
  File "D:\APPS\Project\lumra\lumra_system\urls.py", line 19, in _callable
    return view(request, *args, **kwargs)
           ^^^^^^^^^^^^^^^^^^^^^^^^^^^^^^
  File "D:\APPS\Python\Lib\site-packages\django\contrib\auth\decorators.py", line 59, in _view_wrapper
    return view_func(request, *args, **kwargs)
           ^^^^^^^^^^^^^^^^^^^^^^^^^^^^^^^^^^^
  File "D:\APPS\Project\lumra\lumra_config\views\dashboard_views.py", line 457, in dashboard_view
    return render(request, "lumra_pages/sales_insight/dashboard.html", {
           ^^^^^^^^^^^^^^^^^^^^^^^^^^^^^^^^^^^^^^^^^^^^^^^^^^^^^^^^^^^^^
  File "D:\APPS\Python\Lib\site-packages\django\shortcuts.py", line 25, in render
    content = loader.render_to_string(template_name, context, request, using=using)
              ^^^^^^^^^^^^^^^^^^^^^^^^^^^^^^^^^^^^^^^^^^^^^^^^^^^^^^^^^^^^^^^^^^^^^
  File "D:\APPS\Python\Lib\site-packages\django\template\loader.py", line 62, in render_to_string
    return template.render(context, request)
           ^^^^^^^^^^^^^^^^^^^^^^^^^^^^^^^^^
  File "D:\APPS\Python\Lib\site-packages\django\template\backends\django.py", line 107, in render
    return self.template.render(context)
           ^^^^^^^^^^^^^^^^^^^^^^^^^^^^^
  File "D:\APPS\Python\Lib\site-packages\django\template\base.py", line 174, in render
    return self._render(context)
           ^^^^^^^^^^^^^^^^^^^^^
  File "D:\APPS\Python\Lib\site-packages\django\test\utils.py", line 114, in instrumented_test_render
    return self.nodelist.render(context)
           ^^^^^^^^^^^^^^^^^^^^^^^^^^^^^
  File "D:\APPS\Python\Lib\site-packages\django\template\base.py", line 1091, in render
    return SafeString("".join([node.render_annotated(context) for node in self]))
                               ^^^^^^^^^^^^^^^^^^^^^^^^^^^^^^
  File "D:\APPS\Python\Lib\site-packages\django\template\base.py", line 1052, in render_annotated
    return self.render(context)
           ^^^^^^^^^^^^^^^^^^^^
  File "D:\APPS\Python\Lib\site-packages\django\template\loader_tags.py", line 160, in render
    return compiled_parent._render(context)
           ^^^^^^^^^^^^^^^^^^^^^^^^^^^^^^^^
  File "D:\APPS\Python\Lib\site-packages\django\test\utils.py", line 114, in instrumented_test_render
    return self.nodelist.render(context)
           ^^^^^^^^^^^^^^^^^^^^^^^^^^^^^
  File "D:\APPS\Python\Lib\site-packages\django\template\base.py", line 1091, in render
    return SafeString("".join([node.render_annotated(context) for node in self]))
                               ^^^^^^^^^^^^^^^^^^^^^^^^^^^^^^
  File "D:\APPS\Python\Lib\site-packages\django\template\base.py", line 1052, in render_annotated
    return self.render(context)
           ^^^^^^^^^^^^^^^^^^^^
  File "D:\APPS\Python\Lib\site-packages\django\template\loader_tags.py", line 211, in render
    return template.render(context)
           ^^^^^^^^^^^^^^^^^^^^^^^^
  File "D:\APPS\Python\Lib\site-packages\django\template\base.py", line 176, in render
    return self._render(context)
           ^^^^^^^^^^^^^^^^^^^^^
  File "D:\APPS\Python\Lib\site-packages\django\test\utils.py", line 114, in instrumented_test_render
    return self.nodelist.render(context)
           ^^^^^^^^^^^^^^^^^^^^^^^^^^^^^
  File "D:\APPS\Python\Lib\site-packages\django\template\base.py", line 1091, in render
    return SafeString("".join([node.render_annotated(context) for node in self]))
                               ^^^^^^^^^^^^^^^^^^^^^^^^^^^^^^
  File "D:\APPS\Python\Lib\site-packages\django\template\base.py", line 1052, in render_annotated
    return self.render(context)
           ^^^^^^^^^^^^^^^^^^^^
  File "D:\APPS\Python\Lib\site-packages\django\template\defaulttags.py", line 511, in render
    url = reverse(view_name, args=args, kwargs=kwargs, current_app=current_app)
          ^^^^^^^^^^^^^^^^^^^^^^^^^^^^^^^^^^^^^^^^^^^^^^^^^^^^^^^^^^^^^^^^^^^^^
  File "D:\APPS\Python\Lib\site-packages\django\urls\base.py", line 98, in reverse
    resolved_url = resolver._reverse_with_prefix(view, prefix, *args, **kwargs)
                   ^^^^^^^^^^^^^^^^^^^^^^^^^^^^^^^^^^^^^^^^^^^^^^^^^^^^^^^^^^^^
  File "D:\APPS\Python\Lib\site-packages\django\urls\resolvers.py", line 842, in _reverse_with_prefix
    raise NoReverseMatch(msg)
django.urls.exceptions.NoReverseMatch: Reverse for 'sales_orders' not found. 'sales_orders' is not a valid view function or pattern name.
INFO 2026-05-06 13:49:49,027 basehttp 20772 12764 - Broken pipe from ('127.0.0.1', 5622)
ERROR 2026-05-06 13:49:55,601 log 20772 17844 Internal Server Error: /
Traceback (most recent call last):
  File "D:\APPS\Python\Lib\site-packages\django\core\handlers\exception.py", line 55, in inner
    response = get_response(request)
               ^^^^^^^^^^^^^^^^^^^^^
  File "D:\APPS\Python\Lib\site-packages\django\core\handlers\base.py", line 198, in _get_response
    response = wrapped_callback(request, *callback_args, **callback_kwargs)
               ^^^^^^^^^^^^^^^^^^^^^^^^^^^^^^^^^^^^^^^^^^^^^^^^^^^^^^^^^^^^
  File "D:\APPS\Project\lumra\lumra_system\urls.py", line 19, in _callable
    return view(request, *args, **kwargs)
           ^^^^^^^^^^^^^^^^^^^^^^^^^^^^^^
  File "D:\APPS\Python\Lib\site-packages\django\contrib\auth\decorators.py", line 59, in _view_wrapper
    return view_func(request, *args, **kwargs)
           ^^^^^^^^^^^^^^^^^^^^^^^^^^^^^^^^^^^
  File "D:\APPS\Project\lumra\lumra_config\views\dashboard_views.py", line 457, in dashboard_view
    return render(request, "lumra_pages/sales_insight/dashboard.html", {
           ^^^^^^^^^^^^^^^^^^^^^^^^^^^^^^^^^^^^^^^^^^^^^^^^^^^^^^^^^^^^^
  File "D:\APPS\Python\Lib\site-packages\django\shortcuts.py", line 25, in render
    content = loader.render_to_string(template_name, context, request, using=using)
              ^^^^^^^^^^^^^^^^^^^^^^^^^^^^^^^^^^^^^^^^^^^^^^^^^^^^^^^^^^^^^^^^^^^^^
  File "D:\APPS\Python\Lib\site-packages\django\template\loader.py", line 62, in render_to_string
    return template.render(context, request)
           ^^^^^^^^^^^^^^^^^^^^^^^^^^^^^^^^^
  File "D:\APPS\Python\Lib\site-packages\django\template\backends\django.py", line 107, in render
    return self.template.render(context)
           ^^^^^^^^^^^^^^^^^^^^^^^^^^^^^
  File "D:\APPS\Python\Lib\site-packages\django\template\base.py", line 174, in render
    return self._render(context)
           ^^^^^^^^^^^^^^^^^^^^^
  File "D:\APPS\Python\Lib\site-packages\django\test\utils.py", line 114, in instrumented_test_render
    return self.nodelist.render(context)
           ^^^^^^^^^^^^^^^^^^^^^^^^^^^^^
  File "D:\APPS\Python\Lib\site-packages\django\template\base.py", line 1091, in render
    return SafeString("".join([node.render_annotated(context) for node in self]))
                               ^^^^^^^^^^^^^^^^^^^^^^^^^^^^^^
  File "D:\APPS\Python\Lib\site-packages\django\template\base.py", line 1052, in render_annotated
    return self.render(context)
           ^^^^^^^^^^^^^^^^^^^^
  File "D:\APPS\Python\Lib\site-packages\django\template\loader_tags.py", line 160, in render
    return compiled_parent._render(context)
           ^^^^^^^^^^^^^^^^^^^^^^^^^^^^^^^^
  File "D:\APPS\Python\Lib\site-packages\django\test\utils.py", line 114, in instrumented_test_render
    return self.nodelist.render(context)
           ^^^^^^^^^^^^^^^^^^^^^^^^^^^^^
  File "D:\APPS\Python\Lib\site-packages\django\template\base.py", line 1091, in render
    return SafeString("".join([node.render_annotated(context) for node in self]))
                               ^^^^^^^^^^^^^^^^^^^^^^^^^^^^^^
  File "D:\APPS\Python\Lib\site-packages\django\template\base.py", line 1052, in render_annotated
    return self.render(context)
           ^^^^^^^^^^^^^^^^^^^^
  File "D:\APPS\Python\Lib\site-packages\django\template\loader_tags.py", line 211, in render
    return template.render(context)
           ^^^^^^^^^^^^^^^^^^^^^^^^
  File "D:\APPS\Python\Lib\site-packages\django\template\base.py", line 176, in render
    return self._render(context)
           ^^^^^^^^^^^^^^^^^^^^^
  File "D:\APPS\Python\Lib\site-packages\django\test\utils.py", line 114, in instrumented_test_render
    return self.nodelist.render(context)
           ^^^^^^^^^^^^^^^^^^^^^^^^^^^^^
  File "D:\APPS\Python\Lib\site-packages\django\template\base.py", line 1091, in render
    return SafeString("".join([node.render_annotated(context) for node in self]))
                               ^^^^^^^^^^^^^^^^^^^^^^^^^^^^^^
  File "D:\APPS\Python\Lib\site-packages\django\template\base.py", line 1052, in render_annotated
    return self.render(context)
           ^^^^^^^^^^^^^^^^^^^^
  File "D:\APPS\Python\Lib\site-packages\django\template\defaulttags.py", line 511, in render
    url = reverse(view_name, args=args, kwargs=kwargs, current_app=current_app)
          ^^^^^^^^^^^^^^^^^^^^^^^^^^^^^^^^^^^^^^^^^^^^^^^^^^^^^^^^^^^^^^^^^^^^^
  File "D:\APPS\Python\Lib\site-packages\django\urls\base.py", line 98, in reverse
    resolved_url = resolver._reverse_with_prefix(view, prefix, *args, **kwargs)
                   ^^^^^^^^^^^^^^^^^^^^^^^^^^^^^^^^^^^^^^^^^^^^^^^^^^^^^^^^^^^^
  File "D:\APPS\Python\Lib\site-packages\django\urls\resolvers.py", line 842, in _reverse_with_prefix
    raise NoReverseMatch(msg)
django.urls.exceptions.NoReverseMatch: Reverse for 'sales_orders' not found. 'sales_orders' is not a valid view function or pattern name.
INFO 2026-05-06 13:49:55,630 basehttp 20772 17844 - Broken pipe from ('127.0.0.1', 54741)
INFO 2026-05-06 13:50:02,763 autoreload 20772 4836 D:\APPS\Project\lumra\lumra_config\views\dashboard_views.py changed, reloading.
INFO 2026-05-06 13:50:19,830 autoreload 20124 6136 Watching for file changes with StatReloader
INFO 2026-05-06 13:52:15,829 autoreload 20124 6136 D:\APPS\Project\lumra\lumra_config\views\dashboard_views.py changed, reloading.
INFO 2026-05-06 13:52:25,027 autoreload 2316 11068 Watching for file changes with StatReloader
INFO 2026-05-06 13:53:15,752 autoreload 5632 17368 Watching for file changes with StatReloader
ERROR 2026-05-06 13:53:41,566 log 2316 1696 Internal Server Error: /
Traceback (most recent call last):
  File "D:\APPS\Python\Lib\site-packages\django\core\handlers\exception.py", line 55, in inner
    response = get_response(request)
               ^^^^^^^^^^^^^^^^^^^^^
  File "D:\APPS\Python\Lib\site-packages\django\core\handlers\base.py", line 198, in _get_response
    response = wrapped_callback(request, *callback_args, **callback_kwargs)
               ^^^^^^^^^^^^^^^^^^^^^^^^^^^^^^^^^^^^^^^^^^^^^^^^^^^^^^^^^^^^
  File "D:\APPS\Project\lumra\lumra_system\urls.py", line 19, in _callable
    return view(request, *args, **kwargs)
           ^^^^^^^^^^^^^^^^^^^^^^^^^^^^^^
  File "D:\APPS\Python\Lib\site-packages\django\contrib\auth\decorators.py", line 59, in _view_wrapper
    return view_func(request, *args, **kwargs)
           ^^^^^^^^^^^^^^^^^^^^^^^^^^^^^^^^^^^
  File "D:\APPS\Project\lumra\lumra_config\views\dashboard_views.py", line 463, in dashboard_view
    return render(request, "lumra_pages/sales_insight/dashboard_fast.html", context)
           ^^^^^^^^^^^^^^^^^^^^^^^^^^^^^^^^^^^^^^^^^^^^^^^^^^^^^^^^^^^^^^^^^^^^^^^^^
  File "D:\APPS\Python\Lib\site-packages\django\shortcuts.py", line 25, in render
    content = loader.render_to_string(template_name, context, request, using=using)
              ^^^^^^^^^^^^^^^^^^^^^^^^^^^^^^^^^^^^^^^^^^^^^^^^^^^^^^^^^^^^^^^^^^^^^
  File "D:\APPS\Python\Lib\site-packages\django\template\loader.py", line 62, in render_to_string
    return template.render(context, request)
           ^^^^^^^^^^^^^^^^^^^^^^^^^^^^^^^^^
  File "D:\APPS\Python\Lib\site-packages\django\template\backends\django.py", line 107, in render
    return self.template.render(context)
           ^^^^^^^^^^^^^^^^^^^^^^^^^^^^^
  File "D:\APPS\Python\Lib\site-packages\django\template\base.py", line 174, in render
    return self._render(context)
           ^^^^^^^^^^^^^^^^^^^^^
  File "D:\APPS\Python\Lib\site-packages\django\test\utils.py", line 114, in instrumented_test_render
    return self.nodelist.render(context)
           ^^^^^^^^^^^^^^^^^^^^^^^^^^^^^
  File "D:\APPS\Python\Lib\site-packages\django\template\base.py", line 1091, in render
    return SafeString("".join([node.render_annotated(context) for node in self]))
                               ^^^^^^^^^^^^^^^^^^^^^^^^^^^^^^
  File "D:\APPS\Python\Lib\site-packages\django\template\base.py", line 1052, in render_annotated
    return self.render(context)
           ^^^^^^^^^^^^^^^^^^^^
  File "D:\APPS\Python\Lib\site-packages\django\template\loader_tags.py", line 160, in render
    return compiled_parent._render(context)
           ^^^^^^^^^^^^^^^^^^^^^^^^^^^^^^^^
  File "D:\APPS\Python\Lib\site-packages\django\test\utils.py", line 114, in instrumented_test_render
    return self.nodelist.render(context)
           ^^^^^^^^^^^^^^^^^^^^^^^^^^^^^
  File "D:\APPS\Python\Lib\site-packages\django\template\base.py", line 1091, in render
    return SafeString("".join([node.render_annotated(context) for node in self]))
                               ^^^^^^^^^^^^^^^^^^^^^^^^^^^^^^
  File "D:\APPS\Python\Lib\site-packages\django\template\base.py", line 1052, in render_annotated
    return self.render(context)
           ^^^^^^^^^^^^^^^^^^^^
  File "D:\APPS\Python\Lib\site-packages\django\template\loader_tags.py", line 211, in render
    return template.render(context)
           ^^^^^^^^^^^^^^^^^^^^^^^^
  File "D:\APPS\Python\Lib\site-packages\django\template\base.py", line 176, in render
    return self._render(context)
           ^^^^^^^^^^^^^^^^^^^^^
  File "D:\APPS\Python\Lib\site-packages\django\test\utils.py", line 114, in instrumented_test_render
    return self.nodelist.render(context)
           ^^^^^^^^^^^^^^^^^^^^^^^^^^^^^
  File "D:\APPS\Python\Lib\site-packages\django\template\base.py", line 1091, in render
    return SafeString("".join([node.render_annotated(context) for node in self]))
                               ^^^^^^^^^^^^^^^^^^^^^^^^^^^^^^
  File "D:\APPS\Python\Lib\site-packages\django\template\base.py", line 1052, in render_annotated
    return self.render(context)
           ^^^^^^^^^^^^^^^^^^^^
  File "D:\APPS\Python\Lib\site-packages\django\template\defaulttags.py", line 511, in render
    url = reverse(view_name, args=args, kwargs=kwargs, current_app=current_app)
          ^^^^^^^^^^^^^^^^^^^^^^^^^^^^^^^^^^^^^^^^^^^^^^^^^^^^^^^^^^^^^^^^^^^^^
  File "D:\APPS\Python\Lib\site-packages\django\urls\base.py", line 98, in reverse
    resolved_url = resolver._reverse_with_prefix(view, prefix, *args, **kwargs)
                   ^^^^^^^^^^^^^^^^^^^^^^^^^^^^^^^^^^^^^^^^^^^^^^^^^^^^^^^^^^^^
  File "D:\APPS\Python\Lib\site-packages\django\urls\resolvers.py", line 842, in _reverse_with_prefix
    raise NoReverseMatch(msg)
django.urls.exceptions.NoReverseMatch: Reverse for 'sales_orders' not found. 'sales_orders' is not a valid view function or pattern name.
ERROR 2026-05-06 13:53:41,757 log 2316 1696 "GET / HTTP/1.1" 500 210485
ERROR 2026-05-06 13:53:42,996 log 2316 1696 Internal Server Error: /
Traceback (most recent call last):
  File "D:\APPS\Python\Lib\site-packages\django\core\handlers\exception.py", line 55, in inner
    response = get_response(request)
               ^^^^^^^^^^^^^^^^^^^^^
  File "D:\APPS\Python\Lib\site-packages\django\core\handlers\base.py", line 198, in _get_response
    response = wrapped_callback(request, *callback_args, **callback_kwargs)
               ^^^^^^^^^^^^^^^^^^^^^^^^^^^^^^^^^^^^^^^^^^^^^^^^^^^^^^^^^^^^
  File "D:\APPS\Project\lumra\lumra_system\urls.py", line 19, in _callable
    return view(request, *args, **kwargs)
           ^^^^^^^^^^^^^^^^^^^^^^^^^^^^^^
  File "D:\APPS\Python\Lib\site-packages\django\contrib\auth\decorators.py", line 59, in _view_wrapper
    return view_func(request, *args, **kwargs)
           ^^^^^^^^^^^^^^^^^^^^^^^^^^^^^^^^^^^
  File "D:\APPS\Project\lumra\lumra_config\views\dashboard_views.py", line 463, in dashboard_view
    return render(request, "lumra_pages/sales_insight/dashboard_fast.html", context)
           ^^^^^^^^^^^^^^^^^^^^^^^^^^^^^^^^^^^^^^^^^^^^^^^^^^^^^^^^^^^^^^^^^^^^^^^^^
  File "D:\APPS\Python\Lib\site-packages\django\shortcuts.py", line 25, in render
    content = loader.render_to_string(template_name, context, request, using=using)
              ^^^^^^^^^^^^^^^^^^^^^^^^^^^^^^^^^^^^^^^^^^^^^^^^^^^^^^^^^^^^^^^^^^^^^
  File "D:\APPS\Python\Lib\site-packages\django\template\loader.py", line 62, in render_to_string
    return template.render(context, request)
           ^^^^^^^^^^^^^^^^^^^^^^^^^^^^^^^^^
  File "D:\APPS\Python\Lib\site-packages\django\template\backends\django.py", line 107, in render
    return self.template.render(context)
           ^^^^^^^^^^^^^^^^^^^^^^^^^^^^^
  File "D:\APPS\Python\Lib\site-packages\django\template\base.py", line 174, in render
    return self._render(context)
           ^^^^^^^^^^^^^^^^^^^^^
  File "D:\APPS\Python\Lib\site-packages\django\test\utils.py", line 114, in instrumented_test_render
    return self.nodelist.render(context)
           ^^^^^^^^^^^^^^^^^^^^^^^^^^^^^
  File "D:\APPS\Python\Lib\site-packages\django\template\base.py", line 1091, in render
    return SafeString("".join([node.render_annotated(context) for node in self]))
                               ^^^^^^^^^^^^^^^^^^^^^^^^^^^^^^
  File "D:\APPS\Python\Lib\site-packages\django\template\base.py", line 1052, in render_annotated
    return self.render(context)
           ^^^^^^^^^^^^^^^^^^^^
  File "D:\APPS\Python\Lib\site-packages\django\template\loader_tags.py", line 160, in render
    return compiled_parent._render(context)
           ^^^^^^^^^^^^^^^^^^^^^^^^^^^^^^^^
  File "D:\APPS\Python\Lib\site-packages\django\test\utils.py", line 114, in instrumented_test_render
    return self.nodelist.render(context)
           ^^^^^^^^^^^^^^^^^^^^^^^^^^^^^
  File "D:\APPS\Python\Lib\site-packages\django\template\base.py", line 1091, in render
    return SafeString("".join([node.render_annotated(context) for node in self]))
                               ^^^^^^^^^^^^^^^^^^^^^^^^^^^^^^
  File "D:\APPS\Python\Lib\site-packages\django\template\base.py", line 1052, in render_annotated
    return self.render(context)
           ^^^^^^^^^^^^^^^^^^^^
  File "D:\APPS\Python\Lib\site-packages\django\template\loader_tags.py", line 211, in render
    return template.render(context)
           ^^^^^^^^^^^^^^^^^^^^^^^^
  File "D:\APPS\Python\Lib\site-packages\django\template\base.py", line 176, in render
    return self._render(context)
           ^^^^^^^^^^^^^^^^^^^^^
  File "D:\APPS\Python\Lib\site-packages\django\test\utils.py", line 114, in instrumented_test_render
    return self.nodelist.render(context)
           ^^^^^^^^^^^^^^^^^^^^^^^^^^^^^
  File "D:\APPS\Python\Lib\site-packages\django\template\base.py", line 1091, in render
    return SafeString("".join([node.render_annotated(context) for node in self]))
                               ^^^^^^^^^^^^^^^^^^^^^^^^^^^^^^
  File "D:\APPS\Python\Lib\site-packages\django\template\base.py", line 1052, in render_annotated
    return self.render(context)
           ^^^^^^^^^^^^^^^^^^^^
  File "D:\APPS\Python\Lib\site-packages\django\template\defaulttags.py", line 511, in render
    url = reverse(view_name, args=args, kwargs=kwargs, current_app=current_app)
          ^^^^^^^^^^^^^^^^^^^^^^^^^^^^^^^^^^^^^^^^^^^^^^^^^^^^^^^^^^^^^^^^^^^^^
  File "D:\APPS\Python\Lib\site-packages\django\urls\base.py", line 98, in reverse
    resolved_url = resolver._reverse_with_prefix(view, prefix, *args, **kwargs)
                   ^^^^^^^^^^^^^^^^^^^^^^^^^^^^^^^^^^^^^^^^^^^^^^^^^^^^^^^^^^^^
  File "D:\APPS\Python\Lib\site-packages\django\urls\resolvers.py", line 842, in _reverse_with_prefix
    raise NoReverseMatch(msg)
django.urls.exceptions.NoReverseMatch: Reverse for 'sales_orders' not found. 'sales_orders' is not a valid view function or pattern name.
ERROR 2026-05-06 13:53:43,029 log 2316 1696 "GET / HTTP/1.1" 500 210341
ERROR 2026-05-06 13:53:58,828 log 2316 7132 Internal Server Error: /
Traceback (most recent call last):
  File "D:\APPS\Python\Lib\site-packages\django\core\handlers\exception.py", line 55, in inner
    response = get_response(request)
               ^^^^^^^^^^^^^^^^^^^^^
  File "D:\APPS\Python\Lib\site-packages\django\core\handlers\base.py", line 198, in _get_response
    response = wrapped_callback(request, *callback_args, **callback_kwargs)
               ^^^^^^^^^^^^^^^^^^^^^^^^^^^^^^^^^^^^^^^^^^^^^^^^^^^^^^^^^^^^
  File "D:\APPS\Project\lumra\lumra_system\urls.py", line 19, in _callable
    return view(request, *args, **kwargs)
           ^^^^^^^^^^^^^^^^^^^^^^^^^^^^^^
  File "D:\APPS\Python\Lib\site-packages\django\contrib\auth\decorators.py", line 59, in _view_wrapper
    return view_func(request, *args, **kwargs)
           ^^^^^^^^^^^^^^^^^^^^^^^^^^^^^^^^^^^
  File "D:\APPS\Project\lumra\lumra_config\views\dashboard_views.py", line 463, in dashboard_view
    return render(request, "lumra_pages/sales_insight/dashboard_fast.html", context)
           ^^^^^^^^^^^^^^^^^^^^^^^^^^^^^^^^^^^^^^^^^^^^^^^^^^^^^^^^^^^^^^^^^^^^^^^^^
  File "D:\APPS\Python\Lib\site-packages\django\shortcuts.py", line 25, in render
    content = loader.render_to_string(template_name, context, request, using=using)
              ^^^^^^^^^^^^^^^^^^^^^^^^^^^^^^^^^^^^^^^^^^^^^^^^^^^^^^^^^^^^^^^^^^^^^
  File "D:\APPS\Python\Lib\site-packages\django\template\loader.py", line 62, in render_to_string
    return template.render(context, request)
           ^^^^^^^^^^^^^^^^^^^^^^^^^^^^^^^^^
  File "D:\APPS\Python\Lib\site-packages\django\template\backends\django.py", line 107, in render
    return self.template.render(context)
           ^^^^^^^^^^^^^^^^^^^^^^^^^^^^^
  File "D:\APPS\Python\Lib\site-packages\django\template\base.py", line 174, in render
    return self._render(context)
           ^^^^^^^^^^^^^^^^^^^^^
  File "D:\APPS\Python\Lib\site-packages\django\test\utils.py", line 114, in instrumented_test_render
    return self.nodelist.render(context)
           ^^^^^^^^^^^^^^^^^^^^^^^^^^^^^
  File "D:\APPS\Python\Lib\site-packages\django\template\base.py", line 1091, in render
    return SafeString("".join([node.render_annotated(context) for node in self]))
                               ^^^^^^^^^^^^^^^^^^^^^^^^^^^^^^
  File "D:\APPS\Python\Lib\site-packages\django\template\base.py", line 1052, in render_annotated
    return self.render(context)
           ^^^^^^^^^^^^^^^^^^^^
  File "D:\APPS\Python\Lib\site-packages\django\template\loader_tags.py", line 160, in render
    return compiled_parent._render(context)
           ^^^^^^^^^^^^^^^^^^^^^^^^^^^^^^^^
  File "D:\APPS\Python\Lib\site-packages\django\test\utils.py", line 114, in instrumented_test_render
    return self.nodelist.render(context)
           ^^^^^^^^^^^^^^^^^^^^^^^^^^^^^
  File "D:\APPS\Python\Lib\site-packages\django\template\base.py", line 1091, in render
    return SafeString("".join([node.render_annotated(context) for node in self]))
                               ^^^^^^^^^^^^^^^^^^^^^^^^^^^^^^
  File "D:\APPS\Python\Lib\site-packages\django\template\base.py", line 1052, in render_annotated
    return self.render(context)
           ^^^^^^^^^^^^^^^^^^^^
  File "D:\APPS\Python\Lib\site-packages\django\template\loader_tags.py", line 211, in render
    return template.render(context)
           ^^^^^^^^^^^^^^^^^^^^^^^^
  File "D:\APPS\Python\Lib\site-packages\django\template\base.py", line 176, in render
    return self._render(context)
           ^^^^^^^^^^^^^^^^^^^^^
  File "D:\APPS\Python\Lib\site-packages\django\test\utils.py", line 114, in instrumented_test_render
    return self.nodelist.render(context)
           ^^^^^^^^^^^^^^^^^^^^^^^^^^^^^
  File "D:\APPS\Python\Lib\site-packages\django\template\base.py", line 1091, in render
    return SafeString("".join([node.render_annotated(context) for node in self]))
                               ^^^^^^^^^^^^^^^^^^^^^^^^^^^^^^
  File "D:\APPS\Python\Lib\site-packages\django\template\base.py", line 1052, in render_annotated
    return self.render(context)
           ^^^^^^^^^^^^^^^^^^^^
  File "D:\APPS\Python\Lib\site-packages\django\template\defaulttags.py", line 511, in render
    url = reverse(view_name, args=args, kwargs=kwargs, current_app=current_app)
          ^^^^^^^^^^^^^^^^^^^^^^^^^^^^^^^^^^^^^^^^^^^^^^^^^^^^^^^^^^^^^^^^^^^^^
  File "D:\APPS\Python\Lib\site-packages\django\urls\base.py", line 98, in reverse
    resolved_url = resolver._reverse_with_prefix(view, prefix, *args, **kwargs)
                   ^^^^^^^^^^^^^^^^^^^^^^^^^^^^^^^^^^^^^^^^^^^^^^^^^^^^^^^^^^^^
  File "D:\APPS\Python\Lib\site-packages\django\urls\resolvers.py", line 842, in _reverse_with_prefix
    raise NoReverseMatch(msg)
django.urls.exceptions.NoReverseMatch: Reverse for 'sales_orders' not found. 'sales_orders' is not a valid view function or pattern name.
ERROR 2026-05-06 13:53:58,835 log 2316 7132 "GET / HTTP/1.1" 500 210341
INFO 2026-05-06 13:54:32,005 autoreload 5632 17368 D:\APPS\Project\lumra\lumra_system\settings.py changed, reloading.
INFO 2026-05-06 13:54:33,581 autoreload 2316 11068 D:\APPS\Project\lumra\lumra_system\settings.py changed, reloading.
INFO 2026-05-06 13:54:38,606 autoreload 14144 15788 Watching for file changes with StatReloader
INFO 2026-05-06 13:54:47,272 autoreload 14284 8732 Watching for file changes with StatReloader
ERROR 2026-05-06 13:56:28,145 log 14144 10856 Internal Server Error: /
Traceback (most recent call last):
  File "D:\APPS\Project\lumra\.venv\Lib\site-packages\django\core\handlers\exception.py", line 55, in inner
    response = get_response(request)
               ^^^^^^^^^^^^^^^^^^^^^
  File "D:\APPS\Project\lumra\.venv\Lib\site-packages\django\core\handlers\base.py", line 198, in _get_response
    response = wrapped_callback(request, *callback_args, **callback_kwargs)
               ^^^^^^^^^^^^^^^^^^^^^^^^^^^^^^^^^^^^^^^^^^^^^^^^^^^^^^^^^^^^
  File "D:\APPS\Project\lumra\lumra_system\urls.py", line 19, in _callable
    return view(request, *args, **kwargs)
           ^^^^^^^^^^^^^^^^^^^^^^^^^^^^^^
  File "D:\APPS\Project\lumra\.venv\Lib\site-packages\django\contrib\auth\decorators.py", line 59, in _view_wrapper
    return view_func(request, *args, **kwargs)
           ^^^^^^^^^^^^^^^^^^^^^^^^^^^^^^^^^^^
  File "D:\APPS\Project\lumra\lumra_config\views\dashboard_views.py", line 463, in dashboard_view
    return render(request, "lumra_pages/sales_insight/dashboard_fast.html", context)
           ^^^^^^^^^^^^^^^^^^^^^^^^^^^^^^^^^^^^^^^^^^^^^^^^^^^^^^^^^^^^^^^^^^^^^^^^^
  File "D:\APPS\Project\lumra\.venv\Lib\site-packages\django\shortcuts.py", line 25, in render
    content = loader.render_to_string(template_name, context, request, using=using)
              ^^^^^^^^^^^^^^^^^^^^^^^^^^^^^^^^^^^^^^^^^^^^^^^^^^^^^^^^^^^^^^^^^^^^^
  File "D:\APPS\Project\lumra\.venv\Lib\site-packages\django\template\loader.py", line 62, in render_to_string
    return template.render(context, request)
           ^^^^^^^^^^^^^^^^^^^^^^^^^^^^^^^^^
  File "D:\APPS\Project\lumra\.venv\Lib\site-packages\django\template\backends\django.py", line 107, in render
    return self.template.render(context)
           ^^^^^^^^^^^^^^^^^^^^^^^^^^^^^
  File "D:\APPS\Project\lumra\.venv\Lib\site-packages\django\template\base.py", line 174, in render
    return self._render(context)
           ^^^^^^^^^^^^^^^^^^^^^
  File "D:\APPS\Project\lumra\.venv\Lib\site-packages\django\test\utils.py", line 114, in instrumented_test_render
    return self.nodelist.render(context)
           ^^^^^^^^^^^^^^^^^^^^^^^^^^^^^
  File "D:\APPS\Project\lumra\.venv\Lib\site-packages\django\template\base.py", line 1091, in render
    return SafeString("".join([node.render_annotated(context) for node in self]))
                               ^^^^^^^^^^^^^^^^^^^^^^^^^^^^^^
  File "D:\APPS\Project\lumra\.venv\Lib\site-packages\django\template\base.py", line 1052, in render_annotated
    return self.render(context)
           ^^^^^^^^^^^^^^^^^^^^
  File "D:\APPS\Project\lumra\.venv\Lib\site-packages\django\template\loader_tags.py", line 160, in render
    return compiled_parent._render(context)
           ^^^^^^^^^^^^^^^^^^^^^^^^^^^^^^^^
  File "D:\APPS\Project\lumra\.venv\Lib\site-packages\django\test\utils.py", line 114, in instrumented_test_render
    return self.nodelist.render(context)
           ^^^^^^^^^^^^^^^^^^^^^^^^^^^^^
  File "D:\APPS\Project\lumra\.venv\Lib\site-packages\django\template\base.py", line 1091, in render
    return SafeString("".join([node.render_annotated(context) for node in self]))
                               ^^^^^^^^^^^^^^^^^^^^^^^^^^^^^^
  File "D:\APPS\Project\lumra\.venv\Lib\site-packages\django\template\base.py", line 1052, in render_annotated
    return self.render(context)
           ^^^^^^^^^^^^^^^^^^^^
  File "D:\APPS\Project\lumra\.venv\Lib\site-packages\django\template\loader_tags.py", line 211, in render
    return template.render(context)
           ^^^^^^^^^^^^^^^^^^^^^^^^
  File "D:\APPS\Project\lumra\.venv\Lib\site-packages\django\template\base.py", line 176, in render
    return self._render(context)
           ^^^^^^^^^^^^^^^^^^^^^
  File "D:\APPS\Project\lumra\.venv\Lib\site-packages\django\test\utils.py", line 114, in instrumented_test_render
    return self.nodelist.render(context)
           ^^^^^^^^^^^^^^^^^^^^^^^^^^^^^
  File "D:\APPS\Project\lumra\.venv\Lib\site-packages\django\template\base.py", line 1091, in render
    return SafeString("".join([node.render_annotated(context) for node in self]))
                               ^^^^^^^^^^^^^^^^^^^^^^^^^^^^^^
  File "D:\APPS\Project\lumra\.venv\Lib\site-packages\django\template\base.py", line 1052, in render_annotated
    return self.render(context)
           ^^^^^^^^^^^^^^^^^^^^
  File "D:\APPS\Project\lumra\.venv\Lib\site-packages\django\template\defaulttags.py", line 511, in render
    url = reverse(view_name, args=args, kwargs=kwargs, current_app=current_app)
          ^^^^^^^^^^^^^^^^^^^^^^^^^^^^^^^^^^^^^^^^^^^^^^^^^^^^^^^^^^^^^^^^^^^^^
  File "D:\APPS\Project\lumra\.venv\Lib\site-packages\django\urls\base.py", line 98, in reverse
    resolved_url = resolver._reverse_with_prefix(view, prefix, *args, **kwargs)
                   ^^^^^^^^^^^^^^^^^^^^^^^^^^^^^^^^^^^^^^^^^^^^^^^^^^^^^^^^^^^^
  File "D:\APPS\Project\lumra\.venv\Lib\site-packages\django\urls\resolvers.py", line 842, in _reverse_with_prefix
    raise NoReverseMatch(msg)
django.urls.exceptions.NoReverseMatch: Reverse for 'sales_orders' not found. 'sales_orders' is not a valid view function or pattern name.
ERROR 2026-05-06 13:56:28,216 log 14144 10856 "GET / HTTP/1.1" 500 212263
INFO 2026-05-06 13:59:09,195 autoreload 14284 8732 D:\APPS\Project\lumra\lumra_system\urls.py changed, reloading.
INFO 2026-05-06 13:59:10,875 autoreload 14144 15788 D:\APPS\Project\lumra\lumra_system\urls.py changed, reloading.
INFO 2026-05-06 13:59:17,922 autoreload 19956 21600 Watching for file changes with StatReloader
INFO 2026-05-06 13:59:23,237 autoreload 19264 16452 Watching for file changes with StatReloader
INFO 2026-05-06 14:00:09,188 autoreload 16052 15620 Watching for file changes with StatReloader
ERROR 2026-05-06 14:00:44,900 log 19956 9356 Internal Server Error: /
Traceback (most recent call last):
  File "D:\APPS\Project\lumra\.venv\Lib\site-packages\django\core\handlers\exception.py", line 55, in inner
    response = get_response(request)
               ^^^^^^^^^^^^^^^^^^^^^
  File "D:\APPS\Project\lumra\.venv\Lib\site-packages\django\core\handlers\base.py", line 198, in _get_response
    response = wrapped_callback(request, *callback_args, **callback_kwargs)
               ^^^^^^^^^^^^^^^^^^^^^^^^^^^^^^^^^^^^^^^^^^^^^^^^^^^^^^^^^^^^
  File "D:\APPS\Project\lumra\lumra_system\urls.py", line 19, in _callable
    return view(request, *args, **kwargs)
           ^^^^^^^^^^^^^^^^^^^^^^^^^^^^^^
  File "D:\APPS\Project\lumra\.venv\Lib\site-packages\django\contrib\auth\decorators.py", line 59, in _view_wrapper
    return view_func(request, *args, **kwargs)
           ^^^^^^^^^^^^^^^^^^^^^^^^^^^^^^^^^^^
  File "D:\APPS\Project\lumra\lumra_config\views\dashboard_views.py", line 463, in dashboard_view
    return render(request, "lumra_pages/sales_insight/dashboard_fast.html", context)
           ^^^^^^^^^^^^^^^^^^^^^^^^^^^^^^^^^^^^^^^^^^^^^^^^^^^^^^^^^^^^^^^^^^^^^^^^^
  File "D:\APPS\Project\lumra\.venv\Lib\site-packages\django\shortcuts.py", line 25, in render
    content = loader.render_to_string(template_name, context, request, using=using)
              ^^^^^^^^^^^^^^^^^^^^^^^^^^^^^^^^^^^^^^^^^^^^^^^^^^^^^^^^^^^^^^^^^^^^^
  File "D:\APPS\Project\lumra\.venv\Lib\site-packages\django\template\loader.py", line 62, in render_to_string
    return template.render(context, request)
           ^^^^^^^^^^^^^^^^^^^^^^^^^^^^^^^^^
  File "D:\APPS\Project\lumra\.venv\Lib\site-packages\django\template\backends\django.py", line 107, in render
    return self.template.render(context)
           ^^^^^^^^^^^^^^^^^^^^^^^^^^^^^
  File "D:\APPS\Project\lumra\.venv\Lib\site-packages\django\template\base.py", line 174, in render
    return self._render(context)
           ^^^^^^^^^^^^^^^^^^^^^
  File "D:\APPS\Project\lumra\.venv\Lib\site-packages\django\test\utils.py", line 114, in instrumented_test_render
    return self.nodelist.render(context)
           ^^^^^^^^^^^^^^^^^^^^^^^^^^^^^
  File "D:\APPS\Project\lumra\.venv\Lib\site-packages\django\template\base.py", line 1091, in render
    return SafeString("".join([node.render_annotated(context) for node in self]))
                               ^^^^^^^^^^^^^^^^^^^^^^^^^^^^^^
  File "D:\APPS\Project\lumra\.venv\Lib\site-packages\django\template\base.py", line 1052, in render_annotated
    return self.render(context)
           ^^^^^^^^^^^^^^^^^^^^
  File "D:\APPS\Project\lumra\.venv\Lib\site-packages\django\template\loader_tags.py", line 160, in render
    return compiled_parent._render(context)
           ^^^^^^^^^^^^^^^^^^^^^^^^^^^^^^^^
  File "D:\APPS\Project\lumra\.venv\Lib\site-packages\django\test\utils.py", line 114, in instrumented_test_render
    return self.nodelist.render(context)
           ^^^^^^^^^^^^^^^^^^^^^^^^^^^^^
  File "D:\APPS\Project\lumra\.venv\Lib\site-packages\django\template\base.py", line 1091, in render
    return SafeString("".join([node.render_annotated(context) for node in self]))
                               ^^^^^^^^^^^^^^^^^^^^^^^^^^^^^^
  File "D:\APPS\Project\lumra\.venv\Lib\site-packages\django\template\base.py", line 1052, in render_annotated
    return self.render(context)
           ^^^^^^^^^^^^^^^^^^^^
  File "D:\APPS\Project\lumra\.venv\Lib\site-packages\django\template\loader_tags.py", line 211, in render
    return template.render(context)
           ^^^^^^^^^^^^^^^^^^^^^^^^
  File "D:\APPS\Project\lumra\.venv\Lib\site-packages\django\template\base.py", line 176, in render
    return self._render(context)
           ^^^^^^^^^^^^^^^^^^^^^
  File "D:\APPS\Project\lumra\.venv\Lib\site-packages\django\test\utils.py", line 114, in instrumented_test_render
    return self.nodelist.render(context)
           ^^^^^^^^^^^^^^^^^^^^^^^^^^^^^
  File "D:\APPS\Project\lumra\.venv\Lib\site-packages\django\template\base.py", line 1091, in render
    return SafeString("".join([node.render_annotated(context) for node in self]))
                               ^^^^^^^^^^^^^^^^^^^^^^^^^^^^^^
  File "D:\APPS\Project\lumra\.venv\Lib\site-packages\django\template\base.py", line 1052, in render_annotated
    return self.render(context)
           ^^^^^^^^^^^^^^^^^^^^
  File "D:\APPS\Project\lumra\.venv\Lib\site-packages\django\template\defaulttags.py", line 511, in render
    url = reverse(view_name, args=args, kwargs=kwargs, current_app=current_app)
          ^^^^^^^^^^^^^^^^^^^^^^^^^^^^^^^^^^^^^^^^^^^^^^^^^^^^^^^^^^^^^^^^^^^^^
  File "D:\APPS\Project\lumra\.venv\Lib\site-packages\django\urls\base.py", line 98, in reverse
    resolved_url = resolver._reverse_with_prefix(view, prefix, *args, **kwargs)
                   ^^^^^^^^^^^^^^^^^^^^^^^^^^^^^^^^^^^^^^^^^^^^^^^^^^^^^^^^^^^^
  File "D:\APPS\Project\lumra\.venv\Lib\site-packages\django\urls\resolvers.py", line 842, in _reverse_with_prefix
    raise NoReverseMatch(msg)
django.urls.exceptions.NoReverseMatch: Reverse for 'production_orders' not found. 'production_orders' is not a valid view function or pattern name.
ERROR 2026-05-06 14:00:44,948 log 19956 9356 "GET / HTTP/1.1" 500 212400
INFO 2026-05-06 14:06:25,351 autoreload 2744 10972 Watching for file changes with StatReloader
INFO 2026-05-06 14:08:14,458 autoreload 16052 15620 D:\APPS\Project\lumra\lumra_system\settings.py changed, reloading.
INFO 2026-05-06 14:08:15,738 autoreload 19264 16452 D:\APPS\Project\lumra\lumra_system\settings.py changed, reloading.
INFO 2026-05-06 14:08:15,977 autoreload 2744 10972 D:\APPS\Project\lumra\lumra_system\settings.py changed, reloading.
INFO 2026-05-06 14:08:17,021 autoreload 19956 21600 D:\APPS\Project\lumra\lumra_system\settings.py changed, reloading.
INFO 2026-05-06 14:08:30,305 autoreload 3924 15192 Watching for file changes with StatReloader
INFO 2026-05-06 14:08:32,651 autoreload 22048 652 Watching for file changes with StatReloader
INFO 2026-05-06 14:08:38,585 autoreload 14496 16320 Watching for file changes with StatReloader
INFO 2026-05-06 14:08:39,130 autoreload 13984 2280 Watching for file changes with StatReloader
ERROR 2026-05-06 14:08:58,585 log 3924 19868 Internal Server Error: /
Traceback (most recent call last):
  File "D:\APPS\Project\lumra\.venv\Lib\site-packages\django\core\handlers\exception.py", line 55, in inner
    response = get_response(request)
               ^^^^^^^^^^^^^^^^^^^^^
  File "D:\APPS\Project\lumra\.venv\Lib\site-packages\django\core\handlers\base.py", line 198, in _get_response
    response = wrapped_callback(request, *callback_args, **callback_kwargs)
               ^^^^^^^^^^^^^^^^^^^^^^^^^^^^^^^^^^^^^^^^^^^^^^^^^^^^^^^^^^^^
  File "D:\APPS\Project\lumra\lumra_system\urls.py", line 19, in _callable
    return view(request, *args, **kwargs)
           ^^^^^^^^^^^^^^^^^^^^^^^^^^^^^^
  File "D:\APPS\Project\lumra\.venv\Lib\site-packages\django\contrib\auth\decorators.py", line 59, in _view_wrapper
    return view_func(request, *args, **kwargs)
           ^^^^^^^^^^^^^^^^^^^^^^^^^^^^^^^^^^^
  File "D:\APPS\Project\lumra\lumra_config\views\dashboard_views.py", line 463, in dashboard_view
    return render(request, "lumra_pages/sales_insight/dashboard_fast.html", context)
           ^^^^^^^^^^^^^^^^^^^^^^^^^^^^^^^^^^^^^^^^^^^^^^^^^^^^^^^^^^^^^^^^^^^^^^^^^
  File "D:\APPS\Project\lumra\.venv\Lib\site-packages\django\shortcuts.py", line 25, in render
    content = loader.render_to_string(template_name, context, request, using=using)
              ^^^^^^^^^^^^^^^^^^^^^^^^^^^^^^^^^^^^^^^^^^^^^^^^^^^^^^^^^^^^^^^^^^^^^
  File "D:\APPS\Project\lumra\.venv\Lib\site-packages\django\template\loader.py", line 62, in render_to_string
    return template.render(context, request)
           ^^^^^^^^^^^^^^^^^^^^^^^^^^^^^^^^^
  File "D:\APPS\Project\lumra\.venv\Lib\site-packages\django\template\backends\django.py", line 107, in render
    return self.template.render(context)
           ^^^^^^^^^^^^^^^^^^^^^^^^^^^^^
  File "D:\APPS\Project\lumra\.venv\Lib\site-packages\django\template\base.py", line 174, in render
    return self._render(context)
           ^^^^^^^^^^^^^^^^^^^^^
  File "D:\APPS\Project\lumra\.venv\Lib\site-packages\django\test\utils.py", line 114, in instrumented_test_render
    return self.nodelist.render(context)
           ^^^^^^^^^^^^^^^^^^^^^^^^^^^^^
  File "D:\APPS\Project\lumra\.venv\Lib\site-packages\django\template\base.py", line 1091, in render
    return SafeString("".join([node.render_annotated(context) for node in self]))
                               ^^^^^^^^^^^^^^^^^^^^^^^^^^^^^^
  File "D:\APPS\Project\lumra\.venv\Lib\site-packages\django\template\base.py", line 1052, in render_annotated
    return self.render(context)
           ^^^^^^^^^^^^^^^^^^^^
  File "D:\APPS\Project\lumra\.venv\Lib\site-packages\django\template\loader_tags.py", line 160, in render
    return compiled_parent._render(context)
           ^^^^^^^^^^^^^^^^^^^^^^^^^^^^^^^^
  File "D:\APPS\Project\lumra\.venv\Lib\site-packages\django\test\utils.py", line 114, in instrumented_test_render
    return self.nodelist.render(context)
           ^^^^^^^^^^^^^^^^^^^^^^^^^^^^^
  File "D:\APPS\Project\lumra\.venv\Lib\site-packages\django\template\base.py", line 1091, in render
    return SafeString("".join([node.render_annotated(context) for node in self]))
                               ^^^^^^^^^^^^^^^^^^^^^^^^^^^^^^
  File "D:\APPS\Project\lumra\.venv\Lib\site-packages\django\template\base.py", line 1052, in render_annotated
    return self.render(context)
           ^^^^^^^^^^^^^^^^^^^^
  File "D:\APPS\Project\lumra\.venv\Lib\site-packages\django\template\loader_tags.py", line 211, in render
    return template.render(context)
           ^^^^^^^^^^^^^^^^^^^^^^^^
  File "D:\APPS\Project\lumra\.venv\Lib\site-packages\django\template\base.py", line 176, in render
    return self._render(context)
           ^^^^^^^^^^^^^^^^^^^^^
  File "D:\APPS\Project\lumra\.venv\Lib\site-packages\django\test\utils.py", line 114, in instrumented_test_render
    return self.nodelist.render(context)
           ^^^^^^^^^^^^^^^^^^^^^^^^^^^^^
  File "D:\APPS\Project\lumra\.venv\Lib\site-packages\django\template\base.py", line 1091, in render
    return SafeString("".join([node.render_annotated(context) for node in self]))
                               ^^^^^^^^^^^^^^^^^^^^^^^^^^^^^^
  File "D:\APPS\Project\lumra\.venv\Lib\site-packages\django\template\base.py", line 1052, in render_annotated
    return self.render(context)
           ^^^^^^^^^^^^^^^^^^^^
  File "D:\APPS\Project\lumra\.venv\Lib\site-packages\django\template\defaulttags.py", line 511, in render
    url = reverse(view_name, args=args, kwargs=kwargs, current_app=current_app)
          ^^^^^^^^^^^^^^^^^^^^^^^^^^^^^^^^^^^^^^^^^^^^^^^^^^^^^^^^^^^^^^^^^^^^^
  File "D:\APPS\Project\lumra\.venv\Lib\site-packages\django\urls\base.py", line 98, in reverse
    resolved_url = resolver._reverse_with_prefix(view, prefix, *args, **kwargs)
                   ^^^^^^^^^^^^^^^^^^^^^^^^^^^^^^^^^^^^^^^^^^^^^^^^^^^^^^^^^^^^
  File "D:\APPS\Project\lumra\.venv\Lib\site-packages\django\urls\resolvers.py", line 842, in _reverse_with_prefix
    raise NoReverseMatch(msg)
django.urls.exceptions.NoReverseMatch: Reverse for 'production_orders' not found. 'production_orders' is not a valid view function or pattern name.
ERROR 2026-05-06 14:08:58,627 log 3924 19868 "GET / HTTP/1.1" 500 212563
ERROR 2026-05-06 14:09:01,663 log 3924 13800 Internal Server Error: /
Traceback (most recent call last):
  File "D:\APPS\Project\lumra\.venv\Lib\site-packages\django\core\handlers\exception.py", line 55, in inner
    response = get_response(request)
               ^^^^^^^^^^^^^^^^^^^^^
  File "D:\APPS\Project\lumra\.venv\Lib\site-packages\django\core\handlers\base.py", line 198, in _get_response
    response = wrapped_callback(request, *callback_args, **callback_kwargs)
               ^^^^^^^^^^^^^^^^^^^^^^^^^^^^^^^^^^^^^^^^^^^^^^^^^^^^^^^^^^^^
  File "D:\APPS\Project\lumra\lumra_system\urls.py", line 19, in _callable
    return view(request, *args, **kwargs)
           ^^^^^^^^^^^^^^^^^^^^^^^^^^^^^^
  File "D:\APPS\Project\lumra\.venv\Lib\site-packages\django\contrib\auth\decorators.py", line 59, in _view_wrapper
    return view_func(request, *args, **kwargs)
           ^^^^^^^^^^^^^^^^^^^^^^^^^^^^^^^^^^^
  File "D:\APPS\Project\lumra\lumra_config\views\dashboard_views.py", line 463, in dashboard_view
    return render(request, "lumra_pages/sales_insight/dashboard_fast.html", context)
           ^^^^^^^^^^^^^^^^^^^^^^^^^^^^^^^^^^^^^^^^^^^^^^^^^^^^^^^^^^^^^^^^^^^^^^^^^
  File "D:\APPS\Project\lumra\.venv\Lib\site-packages\django\shortcuts.py", line 25, in render
    content = loader.render_to_string(template_name, context, request, using=using)
              ^^^^^^^^^^^^^^^^^^^^^^^^^^^^^^^^^^^^^^^^^^^^^^^^^^^^^^^^^^^^^^^^^^^^^
  File "D:\APPS\Project\lumra\.venv\Lib\site-packages\django\template\loader.py", line 62, in render_to_string
    return template.render(context, request)
           ^^^^^^^^^^^^^^^^^^^^^^^^^^^^^^^^^
  File "D:\APPS\Project\lumra\.venv\Lib\site-packages\django\template\backends\django.py", line 107, in render
    return self.template.render(context)
           ^^^^^^^^^^^^^^^^^^^^^^^^^^^^^
  File "D:\APPS\Project\lumra\.venv\Lib\site-packages\django\template\base.py", line 174, in render
    return self._render(context)
           ^^^^^^^^^^^^^^^^^^^^^
  File "D:\APPS\Project\lumra\.venv\Lib\site-packages\django\test\utils.py", line 114, in instrumented_test_render
    return self.nodelist.render(context)
           ^^^^^^^^^^^^^^^^^^^^^^^^^^^^^
  File "D:\APPS\Project\lumra\.venv\Lib\site-packages\django\template\base.py", line 1091, in render
    return SafeString("".join([node.render_annotated(context) for node in self]))
                               ^^^^^^^^^^^^^^^^^^^^^^^^^^^^^^
  File "D:\APPS\Project\lumra\.venv\Lib\site-packages\django\template\base.py", line 1052, in render_annotated
    return self.render(context)
           ^^^^^^^^^^^^^^^^^^^^
  File "D:\APPS\Project\lumra\.venv\Lib\site-packages\django\template\loader_tags.py", line 160, in render
    return compiled_parent._render(context)
           ^^^^^^^^^^^^^^^^^^^^^^^^^^^^^^^^
  File "D:\APPS\Project\lumra\.venv\Lib\site-packages\django\test\utils.py", line 114, in instrumented_test_render
    return self.nodelist.render(context)
           ^^^^^^^^^^^^^^^^^^^^^^^^^^^^^
  File "D:\APPS\Project\lumra\.venv\Lib\site-packages\django\template\base.py", line 1091, in render
    return SafeString("".join([node.render_annotated(context) for node in self]))
                               ^^^^^^^^^^^^^^^^^^^^^^^^^^^^^^
  File "D:\APPS\Project\lumra\.venv\Lib\site-packages\django\template\base.py", line 1052, in render_annotated
    return self.render(context)
           ^^^^^^^^^^^^^^^^^^^^
  File "D:\APPS\Project\lumra\.venv\Lib\site-packages\django\template\loader_tags.py", line 211, in render
    return template.render(context)
           ^^^^^^^^^^^^^^^^^^^^^^^^
  File "D:\APPS\Project\lumra\.venv\Lib\site-packages\django\template\base.py", line 176, in render
    return self._render(context)
           ^^^^^^^^^^^^^^^^^^^^^
  File "D:\APPS\Project\lumra\.venv\Lib\site-packages\django\test\utils.py", line 114, in instrumented_test_render
    return self.nodelist.render(context)
           ^^^^^^^^^^^^^^^^^^^^^^^^^^^^^
  File "D:\APPS\Project\lumra\.venv\Lib\site-packages\django\template\base.py", line 1091, in render
    return SafeString("".join([node.render_annotated(context) for node in self]))
                               ^^^^^^^^^^^^^^^^^^^^^^^^^^^^^^
  File "D:\APPS\Project\lumra\.venv\Lib\site-packages\django\template\base.py", line 1052, in render_annotated
    return self.render(context)
           ^^^^^^^^^^^^^^^^^^^^
  File "D:\APPS\Project\lumra\.venv\Lib\site-packages\django\template\defaulttags.py", line 511, in render
    url = reverse(view_name, args=args, kwargs=kwargs, current_app=current_app)
          ^^^^^^^^^^^^^^^^^^^^^^^^^^^^^^^^^^^^^^^^^^^^^^^^^^^^^^^^^^^^^^^^^^^^^
  File "D:\APPS\Project\lumra\.venv\Lib\site-packages\django\urls\base.py", line 98, in reverse
    resolved_url = resolver._reverse_with_prefix(view, prefix, *args, **kwargs)
                   ^^^^^^^^^^^^^^^^^^^^^^^^^^^^^^^^^^^^^^^^^^^^^^^^^^^^^^^^^^^^
  File "D:\APPS\Project\lumra\.venv\Lib\site-packages\django\urls\resolvers.py", line 842, in _reverse_with_prefix
    raise NoReverseMatch(msg)
django.urls.exceptions.NoReverseMatch: Reverse for 'production_orders' not found. 'production_orders' is not a valid view function or pattern name.
ERROR 2026-05-06 14:09:01,712 log 3924 13800 "GET / HTTP/1.1" 500 212419
ERROR 2026-05-06 14:14:58,750 log 3924 17604 Internal Server Error: /
Traceback (most recent call last):
  File "D:\APPS\Project\lumra\.venv\Lib\site-packages\django\core\handlers\exception.py", line 55, in inner
    response = get_response(request)
               ^^^^^^^^^^^^^^^^^^^^^
  File "D:\APPS\Project\lumra\.venv\Lib\site-packages\django\core\handlers\base.py", line 198, in _get_response
    response = wrapped_callback(request, *callback_args, **callback_kwargs)
               ^^^^^^^^^^^^^^^^^^^^^^^^^^^^^^^^^^^^^^^^^^^^^^^^^^^^^^^^^^^^
  File "D:\APPS\Project\lumra\lumra_system\urls.py", line 19, in _callable
    return view(request, *args, **kwargs)
           ^^^^^^^^^^^^^^^^^^^^^^^^^^^^^^
  File "D:\APPS\Project\lumra\.venv\Lib\site-packages\django\contrib\auth\decorators.py", line 59, in _view_wrapper
    return view_func(request, *args, **kwargs)
           ^^^^^^^^^^^^^^^^^^^^^^^^^^^^^^^^^^^
  File "D:\APPS\Project\lumra\lumra_config\views\dashboard_views.py", line 463, in dashboard_view
    return render(request, "lumra_pages/sales_insight/dashboard_fast.html", context)
           ^^^^^^^^^^^^^^^^^^^^^^^^^^^^^^^^^^^^^^^^^^^^^^^^^^^^^^^^^^^^^^^^^^^^^^^^^
  File "D:\APPS\Project\lumra\.venv\Lib\site-packages\django\shortcuts.py", line 25, in render
    content = loader.render_to_string(template_name, context, request, using=using)
              ^^^^^^^^^^^^^^^^^^^^^^^^^^^^^^^^^^^^^^^^^^^^^^^^^^^^^^^^^^^^^^^^^^^^^
  File "D:\APPS\Project\lumra\.venv\Lib\site-packages\django\template\loader.py", line 62, in render_to_string
    return template.render(context, request)
           ^^^^^^^^^^^^^^^^^^^^^^^^^^^^^^^^^
  File "D:\APPS\Project\lumra\.venv\Lib\site-packages\django\template\backends\django.py", line 107, in render
    return self.template.render(context)
           ^^^^^^^^^^^^^^^^^^^^^^^^^^^^^
  File "D:\APPS\Project\lumra\.venv\Lib\site-packages\django\template\base.py", line 174, in render
    return self._render(context)
           ^^^^^^^^^^^^^^^^^^^^^
  File "D:\APPS\Project\lumra\.venv\Lib\site-packages\django\test\utils.py", line 114, in instrumented_test_render
    return self.nodelist.render(context)
           ^^^^^^^^^^^^^^^^^^^^^^^^^^^^^
  File "D:\APPS\Project\lumra\.venv\Lib\site-packages\django\template\base.py", line 1091, in render
    return SafeString("".join([node.render_annotated(context) for node in self]))
                               ^^^^^^^^^^^^^^^^^^^^^^^^^^^^^^
  File "D:\APPS\Project\lumra\.venv\Lib\site-packages\django\template\base.py", line 1052, in render_annotated
    return self.render(context)
           ^^^^^^^^^^^^^^^^^^^^
  File "D:\APPS\Project\lumra\.venv\Lib\site-packages\django\template\loader_tags.py", line 160, in render
    return compiled_parent._render(context)
           ^^^^^^^^^^^^^^^^^^^^^^^^^^^^^^^^
  File "D:\APPS\Project\lumra\.venv\Lib\site-packages\django\test\utils.py", line 114, in instrumented_test_render
    return self.nodelist.render(context)
           ^^^^^^^^^^^^^^^^^^^^^^^^^^^^^
  File "D:\APPS\Project\lumra\.venv\Lib\site-packages\django\template\base.py", line 1091, in render
    return SafeString("".join([node.render_annotated(context) for node in self]))
                               ^^^^^^^^^^^^^^^^^^^^^^^^^^^^^^
  File "D:\APPS\Project\lumra\.venv\Lib\site-packages\django\template\base.py", line 1052, in render_annotated
    return self.render(context)
           ^^^^^^^^^^^^^^^^^^^^
  File "D:\APPS\Project\lumra\.venv\Lib\site-packages\django\template\loader_tags.py", line 211, in render
    return template.render(context)
           ^^^^^^^^^^^^^^^^^^^^^^^^
  File "D:\APPS\Project\lumra\.venv\Lib\site-packages\django\template\base.py", line 176, in render
    return self._render(context)
           ^^^^^^^^^^^^^^^^^^^^^
  File "D:\APPS\Project\lumra\.venv\Lib\site-packages\django\test\utils.py", line 114, in instrumented_test_render
    return self.nodelist.render(context)
           ^^^^^^^^^^^^^^^^^^^^^^^^^^^^^
  File "D:\APPS\Project\lumra\.venv\Lib\site-packages\django\template\base.py", line 1091, in render
    return SafeString("".join([node.render_annotated(context) for node in self]))
                               ^^^^^^^^^^^^^^^^^^^^^^^^^^^^^^
  File "D:\APPS\Project\lumra\.venv\Lib\site-packages\django\template\base.py", line 1052, in render_annotated
    return self.render(context)
           ^^^^^^^^^^^^^^^^^^^^
  File "D:\APPS\Project\lumra\.venv\Lib\site-packages\django\template\defaulttags.py", line 511, in render
    url = reverse(view_name, args=args, kwargs=kwargs, current_app=current_app)
          ^^^^^^^^^^^^^^^^^^^^^^^^^^^^^^^^^^^^^^^^^^^^^^^^^^^^^^^^^^^^^^^^^^^^^
  File "D:\APPS\Project\lumra\.venv\Lib\site-packages\django\urls\base.py", line 98, in reverse
    resolved_url = resolver._reverse_with_prefix(view, prefix, *args, **kwargs)
                   ^^^^^^^^^^^^^^^^^^^^^^^^^^^^^^^^^^^^^^^^^^^^^^^^^^^^^^^^^^^^
  File "D:\APPS\Project\lumra\.venv\Lib\site-packages\django\urls\resolvers.py", line 842, in _reverse_with_prefix
    raise NoReverseMatch(msg)
django.urls.exceptions.NoReverseMatch: Reverse for 'procurement' not found. 'procurement' is not a valid view function or pattern name.
ERROR 2026-05-06 14:14:58,790 log 3924 17604 "GET / HTTP/1.1" 500 212758
ERROR 2026-05-06 14:17:23,121 log 3924 17604 Internal Server Error: /
Traceback (most recent call last):
  File "D:\APPS\Project\lumra\.venv\Lib\site-packages\django\core\handlers\exception.py", line 55, in inner
    response = get_response(request)
               ^^^^^^^^^^^^^^^^^^^^^
  File "D:\APPS\Project\lumra\.venv\Lib\site-packages\django\core\handlers\base.py", line 198, in _get_response
    response = wrapped_callback(request, *callback_args, **callback_kwargs)
               ^^^^^^^^^^^^^^^^^^^^^^^^^^^^^^^^^^^^^^^^^^^^^^^^^^^^^^^^^^^^
  File "D:\APPS\Project\lumra\lumra_system\urls.py", line 19, in _callable
    return view(request, *args, **kwargs)
           ^^^^^^^^^^^^^^^^^^^^^^^^^^^^^^
  File "D:\APPS\Project\lumra\.venv\Lib\site-packages\django\contrib\auth\decorators.py", line 59, in _view_wrapper
    return view_func(request, *args, **kwargs)
           ^^^^^^^^^^^^^^^^^^^^^^^^^^^^^^^^^^^
  File "D:\APPS\Project\lumra\lumra_config\views\dashboard_views.py", line 463, in dashboard_view
    return render(request, "lumra_pages/sales_insight/dashboard_fast.html", context)
           ^^^^^^^^^^^^^^^^^^^^^^^^^^^^^^^^^^^^^^^^^^^^^^^^^^^^^^^^^^^^^^^^^^^^^^^^^
  File "D:\APPS\Project\lumra\.venv\Lib\site-packages\django\shortcuts.py", line 25, in render
    content = loader.render_to_string(template_name, context, request, using=using)
              ^^^^^^^^^^^^^^^^^^^^^^^^^^^^^^^^^^^^^^^^^^^^^^^^^^^^^^^^^^^^^^^^^^^^^
  File "D:\APPS\Project\lumra\.venv\Lib\site-packages\django\template\loader.py", line 62, in render_to_string
    return template.render(context, request)
           ^^^^^^^^^^^^^^^^^^^^^^^^^^^^^^^^^
  File "D:\APPS\Project\lumra\.venv\Lib\site-packages\django\template\backends\django.py", line 107, in render
    return self.template.render(context)
           ^^^^^^^^^^^^^^^^^^^^^^^^^^^^^
  File "D:\APPS\Project\lumra\.venv\Lib\site-packages\django\template\base.py", line 174, in render
    return self._render(context)
           ^^^^^^^^^^^^^^^^^^^^^
  File "D:\APPS\Project\lumra\.venv\Lib\site-packages\django\test\utils.py", line 114, in instrumented_test_render
    return self.nodelist.render(context)
           ^^^^^^^^^^^^^^^^^^^^^^^^^^^^^
  File "D:\APPS\Project\lumra\.venv\Lib\site-packages\django\template\base.py", line 1091, in render
    return SafeString("".join([node.render_annotated(context) for node in self]))
                               ^^^^^^^^^^^^^^^^^^^^^^^^^^^^^^
  File "D:\APPS\Project\lumra\.venv\Lib\site-packages\django\template\base.py", line 1052, in render_annotated
    return self.render(context)
           ^^^^^^^^^^^^^^^^^^^^
  File "D:\APPS\Project\lumra\.venv\Lib\site-packages\django\template\loader_tags.py", line 160, in render
    return compiled_parent._render(context)
           ^^^^^^^^^^^^^^^^^^^^^^^^^^^^^^^^
  File "D:\APPS\Project\lumra\.venv\Lib\site-packages\django\test\utils.py", line 114, in instrumented_test_render
    return self.nodelist.render(context)
           ^^^^^^^^^^^^^^^^^^^^^^^^^^^^^
  File "D:\APPS\Project\lumra\.venv\Lib\site-packages\django\template\base.py", line 1091, in render
    return SafeString("".join([node.render_annotated(context) for node in self]))
                               ^^^^^^^^^^^^^^^^^^^^^^^^^^^^^^
  File "D:\APPS\Project\lumra\.venv\Lib\site-packages\django\template\base.py", line 1052, in render_annotated
    return self.render(context)
           ^^^^^^^^^^^^^^^^^^^^
  File "D:\APPS\Project\lumra\.venv\Lib\site-packages\django\template\loader_tags.py", line 211, in render
    return template.render(context)
           ^^^^^^^^^^^^^^^^^^^^^^^^
  File "D:\APPS\Project\lumra\.venv\Lib\site-packages\django\template\base.py", line 176, in render
    return self._render(context)
           ^^^^^^^^^^^^^^^^^^^^^
  File "D:\APPS\Project\lumra\.venv\Lib\site-packages\django\test\utils.py", line 114, in instrumented_test_render
    return self.nodelist.render(context)
           ^^^^^^^^^^^^^^^^^^^^^^^^^^^^^
  File "D:\APPS\Project\lumra\.venv\Lib\site-packages\django\template\base.py", line 1091, in render
    return SafeString("".join([node.render_annotated(context) for node in self]))
                               ^^^^^^^^^^^^^^^^^^^^^^^^^^^^^^
  File "D:\APPS\Project\lumra\.venv\Lib\site-packages\django\template\base.py", line 1052, in render_annotated
    return self.render(context)
           ^^^^^^^^^^^^^^^^^^^^
  File "D:\APPS\Project\lumra\.venv\Lib\site-packages\django\template\defaulttags.py", line 511, in render
    url = reverse(view_name, args=args, kwargs=kwargs, current_app=current_app)
          ^^^^^^^^^^^^^^^^^^^^^^^^^^^^^^^^^^^^^^^^^^^^^^^^^^^^^^^^^^^^^^^^^^^^^
  File "D:\APPS\Project\lumra\.venv\Lib\site-packages\django\urls\base.py", line 98, in reverse
    resolved_url = resolver._reverse_with_prefix(view, prefix, *args, **kwargs)
                   ^^^^^^^^^^^^^^^^^^^^^^^^^^^^^^^^^^^^^^^^^^^^^^^^^^^^^^^^^^^^
  File "D:\APPS\Project\lumra\.venv\Lib\site-packages\django\urls\resolvers.py", line 842, in _reverse_with_prefix
    raise NoReverseMatch(msg)
django.urls.exceptions.NoReverseMatch: Reverse for 'customers' not found. 'customers' is not a valid view function or pattern name.
ERROR 2026-05-06 14:17:23,138 log 3924 17604 "GET / HTTP/1.1" 500 211819
ERROR 2026-05-06 14:17:27,934 log 3924 17604 Internal Server Error: /
Traceback (most recent call last):
  File "D:\APPS\Project\lumra\.venv\Lib\site-packages\django\core\handlers\exception.py", line 55, in inner
    response = get_response(request)
               ^^^^^^^^^^^^^^^^^^^^^
  File "D:\APPS\Project\lumra\.venv\Lib\site-packages\django\core\handlers\base.py", line 198, in _get_response
    response = wrapped_callback(request, *callback_args, **callback_kwargs)
               ^^^^^^^^^^^^^^^^^^^^^^^^^^^^^^^^^^^^^^^^^^^^^^^^^^^^^^^^^^^^
  File "D:\APPS\Project\lumra\lumra_system\urls.py", line 19, in _callable
    return view(request, *args, **kwargs)
           ^^^^^^^^^^^^^^^^^^^^^^^^^^^^^^
  File "D:\APPS\Project\lumra\.venv\Lib\site-packages\django\contrib\auth\decorators.py", line 59, in _view_wrapper
    return view_func(request, *args, **kwargs)
           ^^^^^^^^^^^^^^^^^^^^^^^^^^^^^^^^^^^
  File "D:\APPS\Project\lumra\lumra_config\views\dashboard_views.py", line 463, in dashboard_view
    return render(request, "lumra_pages/sales_insight/dashboard_fast.html", context)
           ^^^^^^^^^^^^^^^^^^^^^^^^^^^^^^^^^^^^^^^^^^^^^^^^^^^^^^^^^^^^^^^^^^^^^^^^^
  File "D:\APPS\Project\lumra\.venv\Lib\site-packages\django\shortcuts.py", line 25, in render
    content = loader.render_to_string(template_name, context, request, using=using)
              ^^^^^^^^^^^^^^^^^^^^^^^^^^^^^^^^^^^^^^^^^^^^^^^^^^^^^^^^^^^^^^^^^^^^^
  File "D:\APPS\Project\lumra\.venv\Lib\site-packages\django\template\loader.py", line 62, in render_to_string
    return template.render(context, request)
           ^^^^^^^^^^^^^^^^^^^^^^^^^^^^^^^^^
  File "D:\APPS\Project\lumra\.venv\Lib\site-packages\django\template\backends\django.py", line 107, in render
    return self.template.render(context)
           ^^^^^^^^^^^^^^^^^^^^^^^^^^^^^
  File "D:\APPS\Project\lumra\.venv\Lib\site-packages\django\template\base.py", line 174, in render
    return self._render(context)
           ^^^^^^^^^^^^^^^^^^^^^
  File "D:\APPS\Project\lumra\.venv\Lib\site-packages\django\test\utils.py", line 114, in instrumented_test_render
    return self.nodelist.render(context)
           ^^^^^^^^^^^^^^^^^^^^^^^^^^^^^
  File "D:\APPS\Project\lumra\.venv\Lib\site-packages\django\template\base.py", line 1091, in render
    return SafeString("".join([node.render_annotated(context) for node in self]))
                               ^^^^^^^^^^^^^^^^^^^^^^^^^^^^^^
  File "D:\APPS\Project\lumra\.venv\Lib\site-packages\django\template\base.py", line 1052, in render_annotated
    return self.render(context)
           ^^^^^^^^^^^^^^^^^^^^
  File "D:\APPS\Project\lumra\.venv\Lib\site-packages\django\template\loader_tags.py", line 160, in render
    return compiled_parent._render(context)
           ^^^^^^^^^^^^^^^^^^^^^^^^^^^^^^^^
  File "D:\APPS\Project\lumra\.venv\Lib\site-packages\django\test\utils.py", line 114, in instrumented_test_render
    return self.nodelist.render(context)
           ^^^^^^^^^^^^^^^^^^^^^^^^^^^^^
  File "D:\APPS\Project\lumra\.venv\Lib\site-packages\django\template\base.py", line 1091, in render
    return SafeString("".join([node.render_annotated(context) for node in self]))
                               ^^^^^^^^^^^^^^^^^^^^^^^^^^^^^^
  File "D:\APPS\Project\lumra\.venv\Lib\site-packages\django\template\base.py", line 1052, in render_annotated
    return self.render(context)
           ^^^^^^^^^^^^^^^^^^^^
  File "D:\APPS\Project\lumra\.venv\Lib\site-packages\django\template\loader_tags.py", line 211, in render
    return template.render(context)
           ^^^^^^^^^^^^^^^^^^^^^^^^
  File "D:\APPS\Project\lumra\.venv\Lib\site-packages\django\template\base.py", line 176, in render
    return self._render(context)
           ^^^^^^^^^^^^^^^^^^^^^
  File "D:\APPS\Project\lumra\.venv\Lib\site-packages\django\test\utils.py", line 114, in instrumented_test_render
    return self.nodelist.render(context)
           ^^^^^^^^^^^^^^^^^^^^^^^^^^^^^
  File "D:\APPS\Project\lumra\.venv\Lib\site-packages\django\template\base.py", line 1091, in render
    return SafeString("".join([node.render_annotated(context) for node in self]))
                               ^^^^^^^^^^^^^^^^^^^^^^^^^^^^^^
  File "D:\APPS\Project\lumra\.venv\Lib\site-packages\django\template\base.py", line 1052, in render_annotated
    return self.render(context)
           ^^^^^^^^^^^^^^^^^^^^
  File "D:\APPS\Project\lumra\.venv\Lib\site-packages\django\template\defaulttags.py", line 511, in render
    url = reverse(view_name, args=args, kwargs=kwargs, current_app=current_app)
          ^^^^^^^^^^^^^^^^^^^^^^^^^^^^^^^^^^^^^^^^^^^^^^^^^^^^^^^^^^^^^^^^^^^^^
  File "D:\APPS\Project\lumra\.venv\Lib\site-packages\django\urls\base.py", line 98, in reverse
    resolved_url = resolver._reverse_with_prefix(view, prefix, *args, **kwargs)
                   ^^^^^^^^^^^^^^^^^^^^^^^^^^^^^^^^^^^^^^^^^^^^^^^^^^^^^^^^^^^^
  File "D:\APPS\Project\lumra\.venv\Lib\site-packages\django\urls\resolvers.py", line 842, in _reverse_with_prefix
    raise NoReverseMatch(msg)
django.urls.exceptions.NoReverseMatch: Reverse for 'customers' not found. 'customers' is not a valid view function or pattern name.
ERROR 2026-05-06 14:17:27,954 log 3924 17604 "GET / HTTP/1.1" 500 211819
INFO 2026-05-06 14:20:08,928 log 3924 17604 "GET / HTTP/1.1" 200 78632
INFO 2026-05-06 14:20:09,118 log 3924 17604 "GET /static/css/dist/styles.css?v=1778052008 HTTP/1.1" 200 396536
WARNING 2026-05-06 14:20:09,332 log 3924 15528 "GET /static/images/default-avatar.png HTTP/1.1" 404 1889
INFO 2026-05-06 14:20:18,709 log 3924 13740 "GET / HTTP/1.1" 200 78632
INFO 2026-05-06 14:20:18,816 log 3924 13740 "GET /static/css/dist/styles.css?v=1778052018 HTTP/1.1" 200 396536
WARNING 2026-05-06 14:20:18,849 log 3924 13740 "GET /static/images/default-avatar.png HTTP/1.1" 404 1889
INFO 2026-05-06 14:20:57,273 log 3924 2744 "GET / HTTP/1.1" 200 78632
INFO 2026-05-06 14:20:57,611 log 3924 2744 "GET /static/css/dist/styles.css?v=1778052057 HTTP/1.1" 200 396536
WARNING 2026-05-06 14:20:57,772 log 3924 19152 "GET /static/images/default-avatar.png HTTP/1.1" 404 1889
INFO 2026-05-06 14:22:18,327 log 3924 6352 "GET /static/css/dist/styles.css?v=1778052057 HTTP/1.1" 304 0
WARNING 2026-05-06 14:22:19,228 log 3924 18808 Not Found: /.well-known/appspecific/com.chrome.devtools.json
WARNING 2026-05-06 14:22:19,257 log 3924 18808 "GET /.well-known/appspecific/com.chrome.devtools.json HTTP/1.1" 404 51557
INFO 2026-05-06 14:22:41,927 log 3924 18808 "GET / HTTP/1.1" 200 78632
WARNING 2026-05-06 14:22:42,324 log 3924 6352 "GET /static/images/default-avatar.png HTTP/1.1" 404 1889
INFO 2026-05-06 14:22:42,346 log 3924 18808 "GET /static/css/dist/styles.css?v=1778052161 HTTP/1.1" 200 396536
WARNING 2026-05-06 14:22:43,946 log 3924 560 Not Found: /.well-known/appspecific/com.chrome.devtools.json
WARNING 2026-05-06 14:22:44,021 log 3924 560 "GET /.well-known/appspecific/com.chrome.devtools.json HTTP/1.1" 404 51557
INFO 2026-05-06 14:22:44,110 basehttp 3924 560 - Broken pipe from ('127.0.0.1', 54751)
INFO 2026-05-06 14:25:32,516 log 3924 22032 "GET / HTTP/1.1" 200 78632
WARNING 2026-05-06 14:25:32,957 log 3924 6628 "GET /static/images/default-avatar.png HTTP/1.1" 404 1889
INFO 2026-05-06 14:25:33,006 log 3924 22032 "GET /static/css/dist/styles.css?v=1778052332 HTTP/1.1" 200 396536
INFO 2026-05-06 14:29:10,882 log 3924 16312 "GET / HTTP/1.1" 200 61635
INFO 2026-05-06 14:29:11,264 log 3924 16312 "GET /static/css/dist/styles.css?v=1778052550 HTTP/1.1" 200 397099
WARNING 2026-05-06 14:29:11,459 log 3924 21136 "GET /static/images/default-avatar.png HTTP/1.1" 404 1889
INFO 2026-05-06 14:29:17,606 log 3924 18760 "GET / HTTP/1.1" 200 61635
WARNING 2026-05-06 14:29:18,376 log 3924 21124 "GET /static/images/default-avatar.png HTTP/1.1" 404 1889
INFO 2026-05-06 14:29:18,546 log 3924 18760 "GET /static/css/dist/styles.css?v=1778052557 HTTP/1.1" 200 397099
INFO 2026-05-06 14:29:27,617 log 3924 2908 "GET / HTTP/1.1" 200 61635
INFO 2026-05-06 14:29:27,920 log 3924 2908 "GET /static/css/dist/styles.css?v=1778052567 HTTP/1.1" 200 397099
WARNING 2026-05-06 14:29:28,461 log 3924 2908 "GET /static/images/default-avatar.png HTTP/1.1" 404 1889
WARNING 2026-05-06 14:29:29,991 log 3924 7024 Not Found: /favicon.ico
WARNING 2026-05-06 14:29:30,025 log 3924 7024 "GET /favicon.ico HTTP/1.1" 404 51446
INFO 2026-05-06 14:29:42,983 log 3924 4960 "GET / HTTP/1.1" 200 61635
INFO 2026-05-06 14:29:43,154 log 3924 4960 "GET /static/css/dist/styles.css?v=1778052582 HTTP/1.1" 200 397099
WARNING 2026-05-06 14:29:43,622 log 3924 4960 "GET /static/images/default-avatar.png HTTP/1.1" 404 1889
INFO 2026-05-06 14:29:55,414 log 3924 16216 "GET /production/order/ HTTP/1.1" 200 192618
INFO 2026-05-06 14:29:55,771 log 3924 16216 "GET /static/css/dist/styles.css?v=1778052595 HTTP/1.1" 200 397099
WARNING 2026-05-06 14:29:56,206 log 3924 6548 "GET /static/images/default-avatar.png HTTP/1.1" 404 1889
INFO 2026-05-06 14:30:17,530 log 3924 4800 "GET / HTTP/1.1" 200 61635
WARNING 2026-05-06 14:30:17,815 log 3924 10876 "GET /static/images/default-avatar.png HTTP/1.1" 404 1889
INFO 2026-05-06 14:30:17,979 log 3924 4800 "GET /static/css/dist/styles.css?v=1778052617 HTTP/1.1" 200 397099
WARNING 2026-05-06 14:30:24,420 log 3924 21224 Not Found: /favicon.ico
WARNING 2026-05-06 14:30:24,480 log 3924 21224 "GET /favicon.ico HTTP/1.1" 404 51446
INFO 2026-05-06 14:36:08,804 basehttp 3924 8504 - Broken pipe from ('127.0.0.1', 22778)
INFO 2026-05-06 14:36:08,880 basehttp 3924 10056 - Broken pipe from ('127.0.0.1', 43998)
INFO 2026-05-06 14:36:12,025 basehttp 3924 17604 - Broken pipe from ('127.0.0.1', 22392)
INFO 2026-05-06 14:36:46,871 basehttp 3924 948 - Broken pipe from ('127.0.0.1', 44978)
INFO 2026-05-06 14:36:47,218 basehttp 3924 2744 - Broken pipe from ('127.0.0.1', 7827)
INFO 2026-05-06 14:38:19,460 basehttp 3924 18808 - Broken pipe from ('127.0.0.1', 50788)
INFO 2026-05-06 14:38:20,409 basehttp 3924 14064 - Broken pipe from ('127.0.0.1', 39612)
INFO 2026-05-06 14:38:35,505 log 3924 4124 "GET /production/order/ HTTP/1.1" 200 192618
WARNING 2026-05-06 14:38:35,816 log 3924 9480 "GET /static/images/default-avatar.png HTTP/1.1" 404 1889
INFO 2026-05-06 14:38:35,900 log 3924 4124 "GET /static/css/dist/styles.css?v=1778053115 HTTP/1.1" 200 397099
INFO 2026-05-06 14:39:11,666 log 3924 4124 "GET / HTTP/1.1" 200 61635
WARNING 2026-05-06 14:39:11,865 log 3924 14520 "GET /static/images/default-avatar.png HTTP/1.1" 404 1889
INFO 2026-05-06 14:39:11,881 log 3924 4124 "GET /static/css/dist/styles.css?v=1778053151 HTTP/1.1" 200 397099
INFO 2026-05-06 14:39:19,046 log 3924 18704 "GET /accounting/coa/ HTTP/1.1" 200 77475
INFO 2026-05-06 14:39:19,964 log 3924 18704 "GET /static/css/dist/styles.css?v=1778053158 HTTP/1.1" 200 397099
WARNING 2026-05-06 14:39:20,315 log 3924 18704 "GET /static/images/default-avatar.png HTTP/1.1" 404 1889
INFO 2026-05-06 14:43:39,867 basehttp 3924 22032 - Broken pipe from ('127.0.0.1', 58807)
INFO 2026-05-06 14:44:10,574 autoreload 13984 2280 D:\APPS\Project\lumra\lumra_config\views\dashboard_views.py changed, reloading.
INFO 2026-05-06 14:44:12,886 autoreload 14496 16320 D:\APPS\Project\lumra\lumra_config\views\dashboard_views.py changed, reloading.
INFO 2026-05-06 14:44:15,008 autoreload 22048 652 D:\APPS\Project\lumra\lumra_config\views\dashboard_views.py changed, reloading.
INFO 2026-05-06 14:44:15,293 autoreload 3924 15192 D:\APPS\Project\lumra\lumra_config\views\dashboard_views.py changed, reloading.
INFO 2026-05-06 14:44:36,098 autoreload 17592 21896 Watching for file changes with StatReloader
INFO 2026-05-06 14:44:36,855 autoreload 11480 4768 Watching for file changes with StatReloader
INFO 2026-05-06 14:44:45,354 autoreload 15264 18208 Watching for file changes with StatReloader
INFO 2026-05-06 14:44:46,822 autoreload 7304 14772 Watching for file changes with StatReloader
INFO 2026-05-06 14:45:36,858 log 17592 21308 "GET / HTTP/1.1" 200 28491
INFO 2026-05-06 14:45:37,223 log 17592 21308 "GET /static/css/dist/styles.css?v=1778053536 HTTP/1.1" 200 397099
INFO 2026-05-06 14:46:15,297 log 17592 21952 "GET /master/customers/ HTTP/1.1" 200 225706
INFO 2026-05-06 14:46:15,657 log 17592 21952 "GET /static/css/dist/styles.css?v=1778053574 HTTP/1.1" 200 397099
WARNING 2026-05-06 14:46:15,832 log 17592 21952 "GET /static/images/default-avatar.png HTTP/1.1" 404 1889
ERROR 2026-05-06 14:46:56,276 log 17592 5320 Internal Server Error: /settings/
Traceback (most recent call last):
  File "D:\APPS\Python\Lib\site-packages\django\core\handlers\exception.py", line 55, in inner
    response = get_response(request)
               ^^^^^^^^^^^^^^^^^^^^^
  File "D:\APPS\Python\Lib\site-packages\django\core\handlers\base.py", line 198, in _get_response
    response = wrapped_callback(request, *callback_args, **callback_kwargs)
               ^^^^^^^^^^^^^^^^^^^^^^^^^^^^^^^^^^^^^^^^^^^^^^^^^^^^^^^^^^^^
  File "D:\APPS\Project\lumra\lumra_system\urls.py", line 19, in _callable
    return view(request, *args, **kwargs)
           ^^^^^^^^^^^^^^^^^^^^^^^^^^^^^^
  File "D:\APPS\Python\Lib\site-packages\django\contrib\auth\decorators.py", line 59, in _view_wrapper
    return view_func(request, *args, **kwargs)
           ^^^^^^^^^^^^^^^^^^^^^^^^^^^^^^^^^^^
  File "D:\APPS\Project\lumra\lumra_config\views\misc_views.py", line 1616, in settings_view
    return render(request, "lumra_pages/settings/settings.html")
           ^^^^^^^^^^^^^^^^^^^^^^^^^^^^^^^^^^^^^^^^^^^^^^^^^^^^^
  File "D:\APPS\Python\Lib\site-packages\django\shortcuts.py", line 25, in render
    content = loader.render_to_string(template_name, context, request, using=using)
              ^^^^^^^^^^^^^^^^^^^^^^^^^^^^^^^^^^^^^^^^^^^^^^^^^^^^^^^^^^^^^^^^^^^^^
  File "D:\APPS\Python\Lib\site-packages\django\template\loader.py", line 61, in render_to_string
    template = get_template(template_name, using=using)
               ^^^^^^^^^^^^^^^^^^^^^^^^^^^^^^^^^^^^^^^^
  File "D:\APPS\Python\Lib\site-packages\django\template\loader.py", line 19, in get_template
    raise TemplateDoesNotExist(template_name, chain=chain)
django.template.exceptions.TemplateDoesNotExist: lumra_pages/settings/settings.html
ERROR 2026-05-06 14:46:56,342 log 17592 5320 "GET /settings/ HTTP/1.1" 500 113692
INFO 2026-05-06 14:54:12,639 log 17592 5428 "GET / HTTP/1.1" 200 28491
INFO 2026-05-06 14:54:15,310 log 17592 5428 "GET /static/css/dist/styles.css?v=1778054051 HTTP/1.1" 200 397099
INFO 2026-05-06 14:57:17,161 basehttp 17592 21308 - Broken pipe from ('127.0.0.1', 13456)
INFO 2026-05-06 14:57:34,275 basehttp 17592 1944 - Broken pipe from ('127.0.0.1', 10288)
ERROR 2026-05-06 14:58:18,191 log 17592 1008 Internal Server Error: /sales/order/
Traceback (most recent call last):
  File "D:\APPS\Python\Lib\site-packages\django\urls\base.py", line 81, in reverse
    extra, resolver = resolver.namespace_dict[ns]
                      ~~~~~~~~~~~~~~~~~~~~~~~^^^^
KeyError: 'sales'

During handling of the above exception, another exception occurred:

Traceback (most recent call last):
  File "D:\APPS\Python\Lib\site-packages\django\core\handlers\exception.py", line 55, in inner
    response = get_response(request)
               ^^^^^^^^^^^^^^^^^^^^^
  File "D:\APPS\Python\Lib\site-packages\django\core\handlers\base.py", line 198, in _get_response
    response = wrapped_callback(request, *callback_args, **callback_kwargs)
               ^^^^^^^^^^^^^^^^^^^^^^^^^^^^^^^^^^^^^^^^^^^^^^^^^^^^^^^^^^^^
  File "D:\APPS\Project\lumra\lumra_system\urls.py", line 19, in _callable
    return view(request, *args, **kwargs)
           ^^^^^^^^^^^^^^^^^^^^^^^^^^^^^^
  File "D:\APPS\Python\Lib\site-packages\django\contrib\auth\decorators.py", line 59, in _view_wrapper
    return view_func(request, *args, **kwargs)
           ^^^^^^^^^^^^^^^^^^^^^^^^^^^^^^^^^^^
  File "D:\APPS\Project\lumra\lumra_config\views\sales_views.py", line 188, in sales_order_list
    return render(request, 'lumra_pages/sales/salesorder_and_quotation/sales_order_list.html', context)
           ^^^^^^^^^^^^^^^^^^^^^^^^^^^^^^^^^^^^^^^^^^^^^^^^^^^^^^^^^^^^^^^^^^^^^^^^^^^^^^^^^^^^^^^^^^^^
  File "D:\APPS\Python\Lib\site-packages\django\shortcuts.py", line 25, in render
    content = loader.render_to_string(template_name, context, request, using=using)
              ^^^^^^^^^^^^^^^^^^^^^^^^^^^^^^^^^^^^^^^^^^^^^^^^^^^^^^^^^^^^^^^^^^^^^
  File "D:\APPS\Python\Lib\site-packages\django\template\loader.py", line 62, in render_to_string
    return template.render(context, request)
           ^^^^^^^^^^^^^^^^^^^^^^^^^^^^^^^^^
  File "D:\APPS\Python\Lib\site-packages\django\template\backends\django.py", line 107, in render
    return self.template.render(context)
           ^^^^^^^^^^^^^^^^^^^^^^^^^^^^^
  File "D:\APPS\Python\Lib\site-packages\django\template\base.py", line 174, in render
    return self._render(context)
           ^^^^^^^^^^^^^^^^^^^^^
  File "D:\APPS\Python\Lib\site-packages\django\test\utils.py", line 114, in instrumented_test_render
    return self.nodelist.render(context)
           ^^^^^^^^^^^^^^^^^^^^^^^^^^^^^
  File "D:\APPS\Python\Lib\site-packages\django\template\base.py", line 1091, in render
    return SafeString("".join([node.render_annotated(context) for node in self]))
                               ^^^^^^^^^^^^^^^^^^^^^^^^^^^^^^
  File "D:\APPS\Python\Lib\site-packages\django\template\base.py", line 1052, in render_annotated
    return self.render(context)
           ^^^^^^^^^^^^^^^^^^^^
  File "D:\APPS\Python\Lib\site-packages\django\template\loader_tags.py", line 160, in render
    return compiled_parent._render(context)
           ^^^^^^^^^^^^^^^^^^^^^^^^^^^^^^^^
  File "D:\APPS\Python\Lib\site-packages\django\test\utils.py", line 114, in instrumented_test_render
    return self.nodelist.render(context)
           ^^^^^^^^^^^^^^^^^^^^^^^^^^^^^
  File "D:\APPS\Python\Lib\site-packages\django\template\base.py", line 1091, in render
    return SafeString("".join([node.render_annotated(context) for node in self]))
                               ^^^^^^^^^^^^^^^^^^^^^^^^^^^^^^
  File "D:\APPS\Python\Lib\site-packages\django\template\base.py", line 1052, in render_annotated
    return self.render(context)
           ^^^^^^^^^^^^^^^^^^^^
  File "D:\APPS\Python\Lib\site-packages\django\template\loader_tags.py", line 66, in render
    result = block.nodelist.render(context)
             ^^^^^^^^^^^^^^^^^^^^^^^^^^^^^^
  File "D:\APPS\Python\Lib\site-packages\django\template\base.py", line 1091, in render
    return SafeString("".join([node.render_annotated(context) for node in self]))
                               ^^^^^^^^^^^^^^^^^^^^^^^^^^^^^^
  File "D:\APPS\Python\Lib\site-packages\django\template\base.py", line 1052, in render_annotated
    return self.render(context)
           ^^^^^^^^^^^^^^^^^^^^
  File "D:\APPS\Python\Lib\site-packages\django\template\defaulttags.py", line 511, in render
    url = reverse(view_name, args=args, kwargs=kwargs, current_app=current_app)
          ^^^^^^^^^^^^^^^^^^^^^^^^^^^^^^^^^^^^^^^^^^^^^^^^^^^^^^^^^^^^^^^^^^^^^
  File "D:\APPS\Python\Lib\site-packages\django\urls\base.py", line 92, in reverse
    raise NoReverseMatch("%s is not a registered namespace" % key)
django.urls.exceptions.NoReverseMatch: 'sales' is not a registered namespace
INFO 2026-05-06 14:58:18,920 basehttp 17592 1008 - Broken pipe from ('127.0.0.1', 2357)
ERROR 2026-05-06 14:58:57,720 log 17592 5320 Internal Server Error: /sales/order/
Traceback (most recent call last):
  File "D:\APPS\Python\Lib\site-packages\django\urls\base.py", line 81, in reverse
    extra, resolver = resolver.namespace_dict[ns]
                      ~~~~~~~~~~~~~~~~~~~~~~~^^^^
KeyError: 'sales'

During handling of the above exception, another exception occurred:

Traceback (most recent call last):
  File "D:\APPS\Python\Lib\site-packages\django\core\handlers\exception.py", line 55, in inner
    response = get_response(request)
               ^^^^^^^^^^^^^^^^^^^^^
  File "D:\APPS\Python\Lib\site-packages\django\core\handlers\base.py", line 198, in _get_response
    response = wrapped_callback(request, *callback_args, **callback_kwargs)
               ^^^^^^^^^^^^^^^^^^^^^^^^^^^^^^^^^^^^^^^^^^^^^^^^^^^^^^^^^^^^
  File "D:\APPS\Project\lumra\lumra_system\urls.py", line 19, in _callable
    return view(request, *args, **kwargs)
           ^^^^^^^^^^^^^^^^^^^^^^^^^^^^^^
  File "D:\APPS\Python\Lib\site-packages\django\contrib\auth\decorators.py", line 59, in _view_wrapper
    return view_func(request, *args, **kwargs)
           ^^^^^^^^^^^^^^^^^^^^^^^^^^^^^^^^^^^
  File "D:\APPS\Project\lumra\lumra_config\views\sales_views.py", line 188, in sales_order_list
    return render(request, 'lumra_pages/sales/salesorder_and_quotation/sales_order_list.html', context)
           ^^^^^^^^^^^^^^^^^^^^^^^^^^^^^^^^^^^^^^^^^^^^^^^^^^^^^^^^^^^^^^^^^^^^^^^^^^^^^^^^^^^^^^^^^^^^
  File "D:\APPS\Python\Lib\site-packages\django\shortcuts.py", line 25, in render
    content = loader.render_to_string(template_name, context, request, using=using)
              ^^^^^^^^^^^^^^^^^^^^^^^^^^^^^^^^^^^^^^^^^^^^^^^^^^^^^^^^^^^^^^^^^^^^^
  File "D:\APPS\Python\Lib\site-packages\django\template\loader.py", line 62, in render_to_string
    return template.render(context, request)
           ^^^^^^^^^^^^^^^^^^^^^^^^^^^^^^^^^
  File "D:\APPS\Python\Lib\site-packages\django\template\backends\django.py", line 107, in render
    return self.template.render(context)
           ^^^^^^^^^^^^^^^^^^^^^^^^^^^^^
  File "D:\APPS\Python\Lib\site-packages\django\template\base.py", line 174, in render
    return self._render(context)
           ^^^^^^^^^^^^^^^^^^^^^
  File "D:\APPS\Python\Lib\site-packages\django\test\utils.py", line 114, in instrumented_test_render
    return self.nodelist.render(context)
           ^^^^^^^^^^^^^^^^^^^^^^^^^^^^^
  File "D:\APPS\Python\Lib\site-packages\django\template\base.py", line 1091, in render
    return SafeString("".join([node.render_annotated(context) for node in self]))
                               ^^^^^^^^^^^^^^^^^^^^^^^^^^^^^^
  File "D:\APPS\Python\Lib\site-packages\django\template\base.py", line 1052, in render_annotated
    return self.render(context)
           ^^^^^^^^^^^^^^^^^^^^
  File "D:\APPS\Python\Lib\site-packages\django\template\loader_tags.py", line 160, in render
    return compiled_parent._render(context)
           ^^^^^^^^^^^^^^^^^^^^^^^^^^^^^^^^
  File "D:\APPS\Python\Lib\site-packages\django\test\utils.py", line 114, in instrumented_test_render
    return self.nodelist.render(context)
           ^^^^^^^^^^^^^^^^^^^^^^^^^^^^^
  File "D:\APPS\Python\Lib\site-packages\django\template\base.py", line 1091, in render
    return SafeString("".join([node.render_annotated(context) for node in self]))
                               ^^^^^^^^^^^^^^^^^^^^^^^^^^^^^^
  File "D:\APPS\Python\Lib\site-packages\django\template\base.py", line 1052, in render_annotated
    return self.render(context)
           ^^^^^^^^^^^^^^^^^^^^
  File "D:\APPS\Python\Lib\site-packages\django\template\loader_tags.py", line 66, in render
    result = block.nodelist.render(context)
             ^^^^^^^^^^^^^^^^^^^^^^^^^^^^^^
  File "D:\APPS\Python\Lib\site-packages\django\template\base.py", line 1091, in render
    return SafeString("".join([node.render_annotated(context) for node in self]))
                               ^^^^^^^^^^^^^^^^^^^^^^^^^^^^^^
  File "D:\APPS\Python\Lib\site-packages\django\template\base.py", line 1052, in render_annotated
    return self.render(context)
           ^^^^^^^^^^^^^^^^^^^^
  File "D:\APPS\Python\Lib\site-packages\django\template\defaulttags.py", line 511, in render
    url = reverse(view_name, args=args, kwargs=kwargs, current_app=current_app)
          ^^^^^^^^^^^^^^^^^^^^^^^^^^^^^^^^^^^^^^^^^^^^^^^^^^^^^^^^^^^^^^^^^^^^^
  File "D:\APPS\Python\Lib\site-packages\django\urls\base.py", line 92, in reverse
    raise NoReverseMatch("%s is not a registered namespace" % key)
django.urls.exceptions.NoReverseMatch: 'sales' is not a registered namespace
INFO 2026-05-06 14:58:57,733 basehttp 17592 5320 - Broken pipe from ('127.0.0.1', 36692)
INFO 2026-05-06 14:58:58,798 basehttp 17592 5428 - Broken pipe from ('127.0.0.1', 36499)
INFO 2026-05-06 14:58:59,277 basehttp 17592 10880 - Broken pipe from ('127.0.0.1', 49536)
INFO 2026-05-06 15:11:28,563 log 17592 3088 "GET / HTTP/1.1" 200 28868
INFO 2026-05-06 15:11:29,197 log 17592 3088 "GET /static/css/dist/styles.css?v=1778055088 HTTP/1.1" 200 397929
WARNING 2026-05-06 15:11:32,028 log 17592 16696 Not Found: /favicon.ico
WARNING 2026-05-06 15:11:32,036 log 17592 16696 "GET /favicon.ico HTTP/1.1" 404 51446
INFO 2026-05-06 15:11:42,415 autoreload 13496 11208 Watching for file changes with StatReloader
INFO 2026-05-06 15:12:12,195 log 17592 14792 "GET /settings/ HTTP/1.1" 200 22105
INFO 2026-05-06 15:12:12,480 log 17592 14792 "GET /static/css/dist/styles.css?v=1778055132 HTTP/1.1" 200 397929
WARNING 2026-05-06 15:12:14,327 log 17592 14792 Not Found: /favicon.ico
WARNING 2026-05-06 15:12:14,377 log 17592 14792 "GET /favicon.ico HTTP/1.1" 404 51446
ERROR 2026-05-06 15:12:15,853 log 17592 14792 Internal Server Error: /settings/business/
Traceback (most recent call last):
  File "D:\APPS\Python\Lib\site-packages\django\core\handlers\exception.py", line 55, in inner
    response = get_response(request)
               ^^^^^^^^^^^^^^^^^^^^^
  File "D:\APPS\Python\Lib\site-packages\django\core\handlers\base.py", line 198, in _get_response
    response = wrapped_callback(request, *callback_args, **callback_kwargs)
               ^^^^^^^^^^^^^^^^^^^^^^^^^^^^^^^^^^^^^^^^^^^^^^^^^^^^^^^^^^^^
  File "D:\APPS\Project\lumra\lumra_system\urls.py", line 19, in _callable
    return view(request, *args, **kwargs)
           ^^^^^^^^^^^^^^^^^^^^^^^^^^^^^^
  File "D:\APPS\Python\Lib\site-packages\django\contrib\auth\decorators.py", line 59, in _view_wrapper
    return view_func(request, *args, **kwargs)
           ^^^^^^^^^^^^^^^^^^^^^^^^^^^^^^^^^^^
  File "D:\APPS\Project\lumra\lumra_config\views\misc_views.py", line 1642, in business_settings_view
    return render(request, "lumra_pages/settings/business_settings.html", context)
           ^^^^^^^^^^^^^^^^^^^^^^^^^^^^^^^^^^^^^^^^^^^^^^^^^^^^^^^^^^^^^^^^^^^^^^^
  File "D:\APPS\Python\Lib\site-packages\django\shortcuts.py", line 25, in render
    content = loader.render_to_string(template_name, context, request, using=using)
              ^^^^^^^^^^^^^^^^^^^^^^^^^^^^^^^^^^^^^^^^^^^^^^^^^^^^^^^^^^^^^^^^^^^^^
  File "D:\APPS\Python\Lib\site-packages\django\template\loader.py", line 61, in render_to_string
    template = get_template(template_name, using=using)
               ^^^^^^^^^^^^^^^^^^^^^^^^^^^^^^^^^^^^^^^^
  File "D:\APPS\Python\Lib\site-packages\django\template\loader.py", line 19, in get_template
    raise TemplateDoesNotExist(template_name, chain=chain)
django.template.exceptions.TemplateDoesNotExist: lumra_pages/settings/business_settings.html
ERROR 2026-05-06 15:12:15,878 log 17592 14792 "GET /settings/business/ HTTP/1.1" 500 116406
ERROR 2026-05-06 15:12:18,923 log 17592 14792 Internal Server Error: /settings/business/roles/
Traceback (most recent call last):
  File "D:\APPS\Python\Lib\site-packages\django\core\handlers\exception.py", line 55, in inner
    response = get_response(request)
               ^^^^^^^^^^^^^^^^^^^^^
  File "D:\APPS\Python\Lib\site-packages\django\core\handlers\base.py", line 198, in _get_response
    response = wrapped_callback(request, *callback_args, **callback_kwargs)
               ^^^^^^^^^^^^^^^^^^^^^^^^^^^^^^^^^^^^^^^^^^^^^^^^^^^^^^^^^^^^
  File "D:\APPS\Project\lumra\lumra_system\urls.py", line 19, in _callable
    return view(request, *args, **kwargs)
           ^^^^^^^^^^^^^^^^^^^^^^^^^^^^^^
  File "D:\APPS\Python\Lib\site-packages\django\contrib\auth\decorators.py", line 59, in _view_wrapper
    return view_func(request, *args, **kwargs)
           ^^^^^^^^^^^^^^^^^^^^^^^^^^^^^^^^^^^
  File "D:\APPS\Project\lumra\lumra_config\views\misc_views.py", line 1683, in user_roles_permissions_view
    return render(request, "lumra_pages/settings/user_roles_permissions.html", context)
           ^^^^^^^^^^^^^^^^^^^^^^^^^^^^^^^^^^^^^^^^^^^^^^^^^^^^^^^^^^^^^^^^^^^^^^^^^^^^
  File "D:\APPS\Python\Lib\site-packages\django\shortcuts.py", line 25, in render
    content = loader.render_to_string(template_name, context, request, using=using)
              ^^^^^^^^^^^^^^^^^^^^^^^^^^^^^^^^^^^^^^^^^^^^^^^^^^^^^^^^^^^^^^^^^^^^^
  File "D:\APPS\Python\Lib\site-packages\django\template\loader.py", line 61, in render_to_string
    template = get_template(template_name, using=using)
               ^^^^^^^^^^^^^^^^^^^^^^^^^^^^^^^^^^^^^^^^
  File "D:\APPS\Python\Lib\site-packages\django\template\loader.py", line 19, in get_template
    raise TemplateDoesNotExist(template_name, chain=chain)
django.template.exceptions.TemplateDoesNotExist: lumra_pages/settings/user_roles_permissions.html
ERROR 2026-05-06 15:12:18,959 log 17592 14792 "GET /settings/business/roles/ HTTP/1.1" 500 115242
ERROR 2026-05-06 15:12:26,559 log 17592 14792 Internal Server Error: /settings/business/roles/
Traceback (most recent call last):
  File "D:\APPS\Python\Lib\site-packages\django\core\handlers\exception.py", line 55, in inner
    response = get_response(request)
               ^^^^^^^^^^^^^^^^^^^^^
  File "D:\APPS\Python\Lib\site-packages\django\core\handlers\base.py", line 198, in _get_response
    response = wrapped_callback(request, *callback_args, **callback_kwargs)
               ^^^^^^^^^^^^^^^^^^^^^^^^^^^^^^^^^^^^^^^^^^^^^^^^^^^^^^^^^^^^
  File "D:\APPS\Project\lumra\lumra_system\urls.py", line 19, in _callable
    return view(request, *args, **kwargs)
           ^^^^^^^^^^^^^^^^^^^^^^^^^^^^^^
  File "D:\APPS\Python\Lib\site-packages\django\contrib\auth\decorators.py", line 59, in _view_wrapper
    return view_func(request, *args, **kwargs)
           ^^^^^^^^^^^^^^^^^^^^^^^^^^^^^^^^^^^
  File "D:\APPS\Project\lumra\lumra_config\views\misc_views.py", line 1683, in user_roles_permissions_view
    return render(request, "lumra_pages/settings/user_roles_permissions.html", context)
           ^^^^^^^^^^^^^^^^^^^^^^^^^^^^^^^^^^^^^^^^^^^^^^^^^^^^^^^^^^^^^^^^^^^^^^^^^^^^
  File "D:\APPS\Python\Lib\site-packages\django\shortcuts.py", line 25, in render
    content = loader.render_to_string(template_name, context, request, using=using)
              ^^^^^^^^^^^^^^^^^^^^^^^^^^^^^^^^^^^^^^^^^^^^^^^^^^^^^^^^^^^^^^^^^^^^^
  File "D:\APPS\Python\Lib\site-packages\django\template\loader.py", line 61, in render_to_string
    template = get_template(template_name, using=using)
               ^^^^^^^^^^^^^^^^^^^^^^^^^^^^^^^^^^^^^^^^
  File "D:\APPS\Python\Lib\site-packages\django\template\loader.py", line 19, in get_template
    raise TemplateDoesNotExist(template_name, chain=chain)
django.template.exceptions.TemplateDoesNotExist: lumra_pages/settings/user_roles_permissions.html
ERROR 2026-05-06 15:12:26,603 log 17592 14792 "GET /settings/business/roles/ HTTP/1.1" 500 115242
INFO 2026-05-06 15:12:41,155 log 17592 14792 "GET /master/customers/ HTTP/1.1" 200 225706
WARNING 2026-05-06 15:12:41,638 log 17592 21008 "GET /static/images/default-avatar.png HTTP/1.1" 404 1889
INFO 2026-05-06 15:12:41,858 log 17592 14792 "GET /static/css/dist/styles.css?v=1778055160 HTTP/1.1" 200 397929
INFO 2026-05-06 15:12:51,649 log 17592 14792 "GET /master/vendors/ HTTP/1.1" 200 101706
INFO 2026-05-06 15:12:53,823 log 17592 14792 "GET /static/css/dist/styles.css?v=1778055171 HTTP/1.1" 200 397929
WARNING 2026-05-06 15:12:53,850 log 17592 21924 "GET /static/images/default-avatar.png HTTP/1.1" 404 1889
INFO 2026-05-06 15:14:35,205 log 17592 13856 "GET /settings/ HTTP/1.1" 200 22105
INFO 2026-05-06 15:14:35,518 log 17592 4948 "GET /accounting/coa/ HTTP/1.1" 200 77475
INFO 2026-05-06 15:14:36,041 log 17592 13856 "GET /static/css/dist/styles.css?v=1778055275 HTTP/1.1" 200 397929
INFO 2026-05-06 15:14:38,371 basehttp 17592 14792 - Broken pipe from ('127.0.0.1', 31478)
INFO 2026-05-06 15:14:36,951 log 17592 4948 "GET /static/css/dist/styles.css?v=1778055275 HTTP/1.1" 200 397929
WARNING 2026-05-06 15:14:38,941 log 17592 4948 "GET /static/images/default-avatar.png HTTP/1.1" 404 1889
INFO 2026-05-06 15:14:39,107 basehttp 17592 14928 - Broken pipe from ('127.0.0.1', 9527)
INFO 2026-05-06 15:21:09,538 basehttp 17592 14528 - Broken pipe from ('127.0.0.1', 40573)
INFO 2026-05-06 15:21:09,583 log 17592 1856 "GET / HTTP/1.1" 200 50327
INFO 2026-05-06 15:21:09,773 log 17592 16320 "GET / HTTP/1.1" 200 50327
INFO 2026-05-06 15:21:10,709 log 17592 1856 "GET /static/css/dist/styles.css?v=1778055669 HTTP/1.1" 200 397929
INFO 2026-05-06 15:21:11,840 log 17592 16320 "GET /static/css/dist/styles.css?v=1778055668 HTTP/1.1" 200 397929
INFO 2026-05-06 15:21:14,658 autoreload 14092 12848 Watching for file changes with StatReloader
INFO 2026-05-06 15:22:35,732 log 17592 20448 "GET / HTTP/1.1" 200 50327
INFO 2026-05-06 15:22:38,302 log 17592 20448 "GET /static/css/dist/styles.css?v=1778055755 HTTP/1.1" 200 397929
ERROR 2026-05-06 15:25:09,377 log 17592 16696 Internal Server Error: /sales/order/
Traceback (most recent call last):
  File "D:\APPS\Python\Lib\site-packages\django\urls\base.py", line 81, in reverse
    extra, resolver = resolver.namespace_dict[ns]
                      ~~~~~~~~~~~~~~~~~~~~~~~^^^^
KeyError: 'sales'

During handling of the above exception, another exception occurred:

Traceback (most recent call last):
  File "D:\APPS\Python\Lib\site-packages\django\core\handlers\exception.py", line 55, in inner
    response = get_response(request)
               ^^^^^^^^^^^^^^^^^^^^^
  File "D:\APPS\Python\Lib\site-packages\django\core\handlers\base.py", line 198, in _get_response
    response = wrapped_callback(request, *callback_args, **callback_kwargs)
               ^^^^^^^^^^^^^^^^^^^^^^^^^^^^^^^^^^^^^^^^^^^^^^^^^^^^^^^^^^^^
  File "D:\APPS\Project\lumra\lumra_system\urls.py", line 19, in _callable
    return view(request, *args, **kwargs)
           ^^^^^^^^^^^^^^^^^^^^^^^^^^^^^^
  File "D:\APPS\Python\Lib\site-packages\django\contrib\auth\decorators.py", line 59, in _view_wrapper
    return view_func(request, *args, **kwargs)
           ^^^^^^^^^^^^^^^^^^^^^^^^^^^^^^^^^^^
  File "D:\APPS\Project\lumra\lumra_config\views\sales_views.py", line 188, in sales_order_list
    return render(request, 'lumra_pages/sales/salesorder_and_quotation/sales_order_list.html', context)
           ^^^^^^^^^^^^^^^^^^^^^^^^^^^^^^^^^^^^^^^^^^^^^^^^^^^^^^^^^^^^^^^^^^^^^^^^^^^^^^^^^^^^^^^^^^^^
  File "D:\APPS\Python\Lib\site-packages\django\shortcuts.py", line 25, in render
    content = loader.render_to_string(template_name, context, request, using=using)
              ^^^^^^^^^^^^^^^^^^^^^^^^^^^^^^^^^^^^^^^^^^^^^^^^^^^^^^^^^^^^^^^^^^^^^
  File "D:\APPS\Python\Lib\site-packages\django\template\loader.py", line 62, in render_to_string
    return template.render(context, request)
           ^^^^^^^^^^^^^^^^^^^^^^^^^^^^^^^^^
  File "D:\APPS\Python\Lib\site-packages\django\template\backends\django.py", line 107, in render
    return self.template.render(context)
           ^^^^^^^^^^^^^^^^^^^^^^^^^^^^^
  File "D:\APPS\Python\Lib\site-packages\django\template\base.py", line 174, in render
    return self._render(context)
           ^^^^^^^^^^^^^^^^^^^^^
  File "D:\APPS\Python\Lib\site-packages\django\test\utils.py", line 114, in instrumented_test_render
    return self.nodelist.render(context)
           ^^^^^^^^^^^^^^^^^^^^^^^^^^^^^
  File "D:\APPS\Python\Lib\site-packages\django\template\base.py", line 1091, in render
    return SafeString("".join([node.render_annotated(context) for node in self]))
                               ^^^^^^^^^^^^^^^^^^^^^^^^^^^^^^
  File "D:\APPS\Python\Lib\site-packages\django\template\base.py", line 1052, in render_annotated
    return self.render(context)
           ^^^^^^^^^^^^^^^^^^^^
  File "D:\APPS\Python\Lib\site-packages\django\template\loader_tags.py", line 160, in render
    return compiled_parent._render(context)
           ^^^^^^^^^^^^^^^^^^^^^^^^^^^^^^^^
  File "D:\APPS\Python\Lib\site-packages\django\test\utils.py", line 114, in instrumented_test_render
    return self.nodelist.render(context)
           ^^^^^^^^^^^^^^^^^^^^^^^^^^^^^
  File "D:\APPS\Python\Lib\site-packages\django\template\base.py", line 1091, in render
    return SafeString("".join([node.render_annotated(context) for node in self]))
                               ^^^^^^^^^^^^^^^^^^^^^^^^^^^^^^
  File "D:\APPS\Python\Lib\site-packages\django\template\base.py", line 1052, in render_annotated
    return self.render(context)
           ^^^^^^^^^^^^^^^^^^^^
  File "D:\APPS\Python\Lib\site-packages\django\template\loader_tags.py", line 66, in render
    result = block.nodelist.render(context)
             ^^^^^^^^^^^^^^^^^^^^^^^^^^^^^^
  File "D:\APPS\Python\Lib\site-packages\django\template\base.py", line 1091, in render
    return SafeString("".join([node.render_annotated(context) for node in self]))
                               ^^^^^^^^^^^^^^^^^^^^^^^^^^^^^^
  File "D:\APPS\Python\Lib\site-packages\django\template\base.py", line 1052, in render_annotated
    return self.render(context)
           ^^^^^^^^^^^^^^^^^^^^
  File "D:\APPS\Python\Lib\site-packages\django\template\defaulttags.py", line 511, in render
    url = reverse(view_name, args=args, kwargs=kwargs, current_app=current_app)
          ^^^^^^^^^^^^^^^^^^^^^^^^^^^^^^^^^^^^^^^^^^^^^^^^^^^^^^^^^^^^^^^^^^^^^
  File "D:\APPS\Python\Lib\site-packages\django\urls\base.py", line 92, in reverse
    raise NoReverseMatch("%s is not a registered namespace" % key)
django.urls.exceptions.NoReverseMatch: 'sales' is not a registered namespace
INFO 2026-05-06 15:25:09,638 basehttp 17592 16696 - Broken pipe from ('127.0.0.1', 47231)
INFO 2026-05-06 15:27:27,287 basehttp 17592 19084 - Broken pipe from ('127.0.0.1', 5998)
INFO 2026-05-06 15:27:27,287 basehttp 17592 3088 - Broken pipe from ('127.0.0.1', 3868)
INFO 2026-05-06 15:30:44,297 log 17592 4184 "GET / HTTP/1.1" 200 50327
INFO 2026-05-06 15:30:45,767 log 17592 4184 "GET / HTTP/1.1" 200 50327
INFO 2026-05-06 15:30:45,965 log 17592 4184 "GET /static/css/dist/styles.css?v=1778056245 HTTP/1.1" 200 397929
WARNING 2026-05-06 15:31:09,764 log 17592 13388 Not Found: /pos
WARNING 2026-05-06 15:31:09,774 log 17592 13388 "GET /pos HTTP/1.1" 404 51422
INFO 2026-05-06 15:31:20,670 log 17592 9792 "GET /sales/pos HTTP/1.1" 301 0
INFO 2026-05-06 15:47:30,782 basehttp 17592 1856 - Broken pipe from ('127.0.0.1', 31251)
INFO 2026-05-06 15:47:30,768 basehttp 17592 16320 - Broken pipe from ('127.0.0.1', 11633)
INFO 2026-05-06 15:47:30,800 basehttp 17592 3144 - Broken pipe from ('127.0.0.1', 9198)
INFO 2026-05-06 15:47:30,803 basehttp 17592 15544 - Broken pipe from ('127.0.0.1', 6604)
INFO 2026-05-06 15:48:51,470 basehttp 17592 21216 - Broken pipe from ('127.0.0.1', 15331)
INFO 2026-05-06 15:48:51,516 basehttp 17592 20448 - Broken pipe from ('127.0.0.1', 13940)
ERROR 2026-05-06 15:51:58,152 log 17592 4184 Internal Server Error: /api/dashboard/data/
Traceback (most recent call last):
  File "D:\APPS\Python\Lib\site-packages\django\db\backends\utils.py", line 105, in _execute
    return self.cursor.execute(sql, params)
           ^^^^^^^^^^^^^^^^^^^^^^^^^^^^^^^^
psycopg2.errors.InternalError_: could not read blocks 66190..66190 in file "base/17667/19010": Invalid argument


The above exception was the direct cause of the following exception:

Traceback (most recent call last):
  File "D:\APPS\Python\Lib\site-packages\django\core\handlers\exception.py", line 55, in inner
    response = get_response(request)
               ^^^^^^^^^^^^^^^^^^^^^
  File "D:\APPS\Python\Lib\site-packages\django\core\handlers\base.py", line 198, in _get_response
    response = wrapped_callback(request, *callback_args, **callback_kwargs)
               ^^^^^^^^^^^^^^^^^^^^^^^^^^^^^^^^^^^^^^^^^^^^^^^^^^^^^^^^^^^^
  File "D:\APPS\Project\lumra\lumra_system\urls.py", line 19, in _callable
    return view(request, *args, **kwargs)
           ^^^^^^^^^^^^^^^^^^^^^^^^^^^^^^
  File "D:\APPS\Python\Lib\site-packages\django\contrib\auth\decorators.py", line 59, in _view_wrapper
    return view_func(request, *args, **kwargs)
           ^^^^^^^^^^^^^^^^^^^^^^^^^^^^^^^^^^^
  File "D:\APPS\Project\lumra\lumra_config\views\dashboard_views.py", line 504, in api_dashboard_data
    raw        = _fetch_dashboard_data(today)
                 ^^^^^^^^^^^^^^^^^^^^^^^^^^^^
  File "D:\APPS\Project\lumra\lumra_config\views\dashboard_views.py", line 219, in _fetch_dashboard_data
    .count()
     ^^^^^^^
  File "D:\APPS\Python\Lib\site-packages\django\db\models\query.py", line 610, in count
    return self.query.get_count(using=self.db)
           ^^^^^^^^^^^^^^^^^^^^^^^^^^^^^^^^^^^
  File "D:\APPS\Python\Lib\site-packages\django\db\models\sql\query.py", line 656, in get_count
    return obj.get_aggregation(using, {"__count": Count("*")})["__count"]
           ^^^^^^^^^^^^^^^^^^^^^^^^^^^^^^^^^^^^^^^^^^^^^^^^^^^
  File "D:\APPS\Python\Lib\site-packages\django\db\models\sql\query.py", line 638, in get_aggregation
    result = compiler.execute_sql(SINGLE)
             ^^^^^^^^^^^^^^^^^^^^^^^^^^^^
  File "D:\APPS\Python\Lib\site-packages\django\db\models\sql\compiler.py", line 1624, in execute_sql
    cursor.execute(sql, params)
  File "D:\APPS\Python\Lib\site-packages\django\db\backends\utils.py", line 122, in execute
    return super().execute(sql, params)
           ^^^^^^^^^^^^^^^^^^^^^^^^^^^^
  File "D:\APPS\Python\Lib\site-packages\django\db\backends\utils.py", line 79, in execute
    return self._execute_with_wrappers(
           ^^^^^^^^^^^^^^^^^^^^^^^^^^^^
  File "D:\APPS\Python\Lib\site-packages\django\db\backends\utils.py", line 92, in _execute_with_wrappers
    return executor(sql, params, many, context)
           ^^^^^^^^^^^^^^^^^^^^^^^^^^^^^^^^^^^^
  File "D:\APPS\Python\Lib\site-packages\django\db\backends\utils.py", line 100, in _execute
    with self.db.wrap_database_errors:
  File "D:\APPS\Python\Lib\site-packages\django\db\utils.py", line 94, in __exit__
    raise dj_exc_value.with_traceback(traceback) from exc_value
  File "D:\APPS\Python\Lib\site-packages\django\db\backends\utils.py", line 105, in _execute
    return self.cursor.execute(sql, params)
           ^^^^^^^^^^^^^^^^^^^^^^^^^^^^^^^^
django.db.utils.InternalError: could not read blocks 66190..66190 in file "base/17667/19010": Invalid argument

ERROR 2026-05-06 15:51:58,219 log 17592 13388 Internal Server Error: /api/dashboard/data/
Traceback (most recent call last):
  File "D:\APPS\Python\Lib\site-packages\django\db\backends\utils.py", line 105, in _execute
    return self.cursor.execute(sql, params)
           ^^^^^^^^^^^^^^^^^^^^^^^^^^^^^^^^
psycopg2.errors.InternalError_: could not read blocks 74089..74089 in file "base/17667/19010": Invalid argument


The above exception was the direct cause of the following exception:

Traceback (most recent call last):
  File "D:\APPS\Python\Lib\site-packages\django\core\handlers\exception.py", line 55, in inner
    response = get_response(request)
               ^^^^^^^^^^^^^^^^^^^^^
  File "D:\APPS\Python\Lib\site-packages\django\core\handlers\base.py", line 198, in _get_response
    response = wrapped_callback(request, *callback_args, **callback_kwargs)
               ^^^^^^^^^^^^^^^^^^^^^^^^^^^^^^^^^^^^^^^^^^^^^^^^^^^^^^^^^^^^
  File "D:\APPS\Project\lumra\lumra_system\urls.py", line 19, in _callable
    return view(request, *args, **kwargs)
           ^^^^^^^^^^^^^^^^^^^^^^^^^^^^^^
  File "D:\APPS\Python\Lib\site-packages\django\contrib\auth\decorators.py", line 59, in _view_wrapper
    return view_func(request, *args, **kwargs)
           ^^^^^^^^^^^^^^^^^^^^^^^^^^^^^^^^^^^
  File "D:\APPS\Project\lumra\lumra_config\views\dashboard_views.py", line 504, in api_dashboard_data
    raw        = _fetch_dashboard_data(today)
                 ^^^^^^^^^^^^^^^^^^^^^^^^^^^^
  File "D:\APPS\Project\lumra\lumra_config\views\dashboard_views.py", line 219, in _fetch_dashboard_data
    .count()
     ^^^^^^^
  File "D:\APPS\Python\Lib\site-packages\django\db\models\query.py", line 610, in count
    return self.query.get_count(using=self.db)
           ^^^^^^^^^^^^^^^^^^^^^^^^^^^^^^^^^^^
  File "D:\APPS\Python\Lib\site-packages\django\db\models\sql\query.py", line 656, in get_count
    return obj.get_aggregation(using, {"__count": Count("*")})["__count"]
           ^^^^^^^^^^^^^^^^^^^^^^^^^^^^^^^^^^^^^^^^^^^^^^^^^^^
  File "D:\APPS\Python\Lib\site-packages\django\db\models\sql\query.py", line 638, in get_aggregation
    result = compiler.execute_sql(SINGLE)
             ^^^^^^^^^^^^^^^^^^^^^^^^^^^^
  File "D:\APPS\Python\Lib\site-packages\django\db\models\sql\compiler.py", line 1624, in execute_sql
    cursor.execute(sql, params)
  File "D:\APPS\Python\Lib\site-packages\django\db\backends\utils.py", line 122, in execute
    return super().execute(sql, params)
           ^^^^^^^^^^^^^^^^^^^^^^^^^^^^
  File "D:\APPS\Python\Lib\site-packages\django\db\backends\utils.py", line 79, in execute
    return self._execute_with_wrappers(
           ^^^^^^^^^^^^^^^^^^^^^^^^^^^^
  File "D:\APPS\Python\Lib\site-packages\django\db\backends\utils.py", line 92, in _execute_with_wrappers
    return executor(sql, params, many, context)
           ^^^^^^^^^^^^^^^^^^^^^^^^^^^^^^^^^^^^
  File "D:\APPS\Python\Lib\site-packages\django\db\backends\utils.py", line 100, in _execute
    with self.db.wrap_database_errors:
  File "D:\APPS\Python\Lib\site-packages\django\db\utils.py", line 94, in __exit__
    raise dj_exc_value.with_traceback(traceback) from exc_value
  File "D:\APPS\Python\Lib\site-packages\django\db\backends\utils.py", line 105, in _execute
    return self.cursor.execute(sql, params)
           ^^^^^^^^^^^^^^^^^^^^^^^^^^^^^^^^
django.db.utils.InternalError: could not read blocks 74089..74089 in file "base/17667/19010": Invalid argument

INFO 2026-05-06 15:51:58,309 basehttp 17592 4184 - Broken pipe from ('127.0.0.1', 31322)
INFO 2026-05-06 15:51:58,351 basehttp 17592 13388 - Broken pipe from ('127.0.0.1', 5071)
ERROR 2026-05-06 15:52:44,330 log 17592 9792 Internal Server Error: /sales/pos/
Traceback (most recent call last):
  File "D:\APPS\Python\Lib\site-packages\django\db\backends\utils.py", line 105, in _execute
    return self.cursor.execute(sql, params)
           ^^^^^^^^^^^^^^^^^^^^^^^^^^^^^^^^
psycopg2.OperationalError: server closed the connection unexpectedly
	This probably means the server terminated abnormally
	before or while processing the request.


The above exception was the direct cause of the following exception:

Traceback (most recent call last):
  File "D:\APPS\Python\Lib\site-packages\django\core\handlers\exception.py", line 55, in inner
    response = get_response(request)
               ^^^^^^^^^^^^^^^^^^^^^
  File "D:\APPS\Python\Lib\site-packages\django\core\handlers\base.py", line 198, in _get_response
    response = wrapped_callback(request, *callback_args, **callback_kwargs)
               ^^^^^^^^^^^^^^^^^^^^^^^^^^^^^^^^^^^^^^^^^^^^^^^^^^^^^^^^^^^^
  File "D:\APPS\Project\lumra\lumra_system\urls.py", line 19, in _callable
    return view(request, *args, **kwargs)
           ^^^^^^^^^^^^^^^^^^^^^^^^^^^^^^
  File "D:\APPS\Python\Lib\site-packages\django\contrib\auth\decorators.py", line 59, in _view_wrapper
    return view_func(request, *args, **kwargs)
           ^^^^^^^^^^^^^^^^^^^^^^^^^^^^^^^^^^^
  File "D:\APPS\Project\lumra\lumra_config\views\sales_views.py", line 80, in pos_view
    products = [
               ^
  File "D:\APPS\Python\Lib\site-packages\django\db\models\query.py", line 390, in __iter__
    self._fetch_all()
  File "D:\APPS\Python\Lib\site-packages\django\db\models\query.py", line 2000, in _fetch_all
    self._result_cache = list(self._iterable_class(self))
                         ^^^^^^^^^^^^^^^^^^^^^^^^^^^^^^^^
  File "D:\APPS\Python\Lib\site-packages\django\db\models\query.py", line 95, in __iter__
    results = compiler.execute_sql(
              ^^^^^^^^^^^^^^^^^^^^^
  File "D:\APPS\Python\Lib\site-packages\django\db\models\sql\compiler.py", line 1624, in execute_sql
    cursor.execute(sql, params)
  File "D:\APPS\Python\Lib\site-packages\django\db\backends\utils.py", line 122, in execute
    return super().execute(sql, params)
           ^^^^^^^^^^^^^^^^^^^^^^^^^^^^
  File "D:\APPS\Python\Lib\site-packages\django\db\backends\utils.py", line 79, in execute
    return self._execute_with_wrappers(
           ^^^^^^^^^^^^^^^^^^^^^^^^^^^^
  File "D:\APPS\Python\Lib\site-packages\django\db\backends\utils.py", line 92, in _execute_with_wrappers
    return executor(sql, params, many, context)
           ^^^^^^^^^^^^^^^^^^^^^^^^^^^^^^^^^^^^
  File "D:\APPS\Python\Lib\site-packages\django\db\backends\utils.py", line 100, in _execute
    with self.db.wrap_database_errors:
  File "D:\APPS\Python\Lib\site-packages\django\db\utils.py", line 94, in __exit__
    raise dj_exc_value.with_traceback(traceback) from exc_value
  File "D:\APPS\Python\Lib\site-packages\django\db\backends\utils.py", line 105, in _execute
    return self.cursor.execute(sql, params)
           ^^^^^^^^^^^^^^^^^^^^^^^^^^^^^^^^
django.db.utils.OperationalError: server closed the connection unexpectedly
	This probably means the server terminated abnormally
	before or while processing the request.

INFO 2026-05-06 15:52:44,681 basehttp 17592 9792 - Broken pipe from ('127.0.0.1', 45481)
INFO 2026-05-06 16:08:52,618 autoreload 17592 21896 D:\APPS\Project\lumra\lumra_config\views\misc_views.py changed, reloading.
INFO 2026-05-06 16:08:52,766 autoreload 15264 18208 D:\APPS\Project\lumra\lumra_config\views\misc_views.py changed, reloading.
INFO 2026-05-06 16:08:52,848 autoreload 7304 14772 D:\APPS\Project\lumra\lumra_config\views\misc_views.py changed, reloading.
INFO 2026-05-06 16:08:53,129 autoreload 14092 12848 D:\APPS\Project\lumra\lumra_config\views\misc_views.py changed, reloading.
INFO 2026-05-06 16:09:02,636 autoreload 4368 11684 Watching for file changes with StatReloader
INFO 2026-05-06 16:09:04,712 autoreload 2084 18360 Watching for file changes with StatReloader
INFO 2026-05-06 16:09:05,037 autoreload 9516 11808 Watching for file changes with StatReloader
INFO 2026-05-06 16:09:05,476 autoreload 12120 15876 Watching for file changes with StatReloader
INFO 2026-05-06 16:09:11,453 autoreload 4368 11684 D:\APPS\Project\lumra\lumra_config\views\misc_views.py changed, reloading.
INFO 2026-05-06 16:09:12,450 autoreload 2084 18360 D:\APPS\Project\lumra\lumra_config\views\misc_views.py changed, reloading.
INFO 2026-05-06 16:09:12,868 autoreload 9516 11808 D:\APPS\Project\lumra\lumra_config\views\misc_views.py changed, reloading.
INFO 2026-05-06 16:09:12,907 autoreload 12120 15876 D:\APPS\Project\lumra\lumra_config\views\misc_views.py changed, reloading.
INFO 2026-05-06 16:09:20,103 autoreload 20136 13164 Watching for file changes with StatReloader
INFO 2026-05-06 16:09:20,948 autoreload 13280 2328 Watching for file changes with StatReloader
INFO 2026-05-06 16:09:20,968 autoreload 13888 244 Watching for file changes with StatReloader
INFO 2026-05-06 16:09:23,260 autoreload 16180 20224 Watching for file changes with StatReloader
INFO 2026-05-06 16:17:48,270 autoreload 16180 20224 D:\APPS\Project\lumra\lumra_config\views\accounting_views.py changed, reloading.
INFO 2026-05-06 16:17:48,428 autoreload 13888 244 D:\APPS\Project\lumra\lumra_config\views\accounting_views.py changed, reloading.
INFO 2026-05-06 16:17:48,840 autoreload 13280 2328 D:\APPS\Project\lumra\lumra_config\views\accounting_views.py changed, reloading.
INFO 2026-05-06 16:17:49,165 autoreload 20136 13164 D:\APPS\Project\lumra\lumra_config\views\accounting_views.py changed, reloading.
INFO 2026-05-06 16:18:07,567 autoreload 20932 14140 Watching for file changes with StatReloader
INFO 2026-05-06 16:18:09,876 autoreload 21840 20912 Watching for file changes with StatReloader
INFO 2026-05-06 16:18:10,366 autoreload 15160 12972 Watching for file changes with StatReloader
INFO 2026-05-06 16:18:10,639 autoreload 22196 16144 Watching for file changes with StatReloader
INFO 2026-05-06 16:18:20,783 autoreload 20932 14140 D:\APPS\Project\lumra\lumra_config\views\logistics_views.py changed, reloading.
INFO 2026-05-06 16:18:22,205 autoreload 15160 12972 D:\APPS\Project\lumra\lumra_config\views\logistics_views.py changed, reloading.
INFO 2026-05-06 16:18:22,255 autoreload 21840 20912 D:\APPS\Project\lumra\lumra_config\views\logistics_views.py changed, reloading.
INFO 2026-05-06 16:18:22,975 autoreload 22196 16144 D:\APPS\Project\lumra\lumra_config\views\logistics_views.py changed, reloading.
INFO 2026-05-06 16:18:31,737 autoreload 13496 19572 Watching for file changes with StatReloader
INFO 2026-05-06 16:18:32,393 autoreload 11332 22392 Watching for file changes with StatReloader
INFO 2026-05-06 16:18:32,680 autoreload 14404 18672 Watching for file changes with StatReloader
INFO 2026-05-06 16:18:32,755 autoreload 15292 20256 Watching for file changes with StatReloader
INFO 2026-05-06 16:18:51,513 autoreload 11332 22392 D:\APPS\Project\lumra\lumra_config\views\misc_views.py changed, reloading.
INFO 2026-05-06 16:18:52,376 autoreload 13496 19572 D:\APPS\Project\lumra\lumra_config\views\misc_views.py changed, reloading.
INFO 2026-05-06 16:18:52,411 autoreload 15292 20256 D:\APPS\Project\lumra\lumra_config\views\misc_views.py changed, reloading.
INFO 2026-05-06 16:18:52,671 autoreload 14404 18672 D:\APPS\Project\lumra\lumra_config\views\misc_views.py changed, reloading.
INFO 2026-05-06 16:19:05,812 autoreload 10156 20832 Watching for file changes with StatReloader
INFO 2026-05-06 16:19:06,373 autoreload 6792 14180 Watching for file changes with StatReloader
INFO 2026-05-06 16:19:06,486 autoreload 22108 21112 Watching for file changes with StatReloader
INFO 2026-05-06 16:19:06,618 autoreload 20952 15776 Watching for file changes with StatReloader
INFO 2026-05-06 16:22:17,097 log 10156 7272 "GET / HTTP/1.1" 200 50327
INFO 2026-05-06 16:22:17,564 log 10156 7272 "GET /static/css/dist/styles.css?v=1778059336 HTTP/1.1" 200 397929
WARNING 2026-05-06 16:22:23,883 log 10156 8248 Not Found: /favicon.ico
WARNING 2026-05-06 16:22:23,912 log 10156 8248 "GET /favicon.ico HTTP/1.1" 404 51446
INFO 2026-05-06 16:22:39,762 log 10156 8248 "GET /settings/ HTTP/1.1" 200 43564
INFO 2026-05-06 16:22:39,963 log 10156 8248 "GET /static/css/dist/styles.css?v=1778059359 HTTP/1.1" 200 400322
INFO 2026-05-06 16:22:48,555 log 10156 18264 "GET /master/customers/ HTTP/1.1" 200 225706
INFO 2026-05-06 16:22:48,714 log 10156 18264 "GET /static/css/dist/styles.css?v=1778059368 HTTP/1.1" 200 400322
WARNING 2026-05-06 16:22:48,843 log 10156 18264 "GET /static/images/default-avatar.png HTTP/1.1" 404 1889
INFO 2026-05-06 16:22:55,682 log 10156 12388 "GET /master/vendors/ HTTP/1.1" 200 101706
INFO 2026-05-06 16:22:55,845 log 10156 12388 "GET /static/css/dist/styles.css?v=1778059375 HTTP/1.1" 200 400322
WARNING 2026-05-06 16:22:55,941 log 10156 12388 "GET /static/images/default-avatar.png HTTP/1.1" 404 1889
INFO 2026-05-06 16:22:59,438 log 10156 13920 "GET / HTTP/1.1" 200 50327
INFO 2026-05-06 16:22:59,808 log 10156 13920 "GET /static/css/dist/styles.css?v=1778059379 HTTP/1.1" 200 400322
ERROR 2026-05-06 16:24:28,678 log 10156 21316 Internal Server Error: /warehouse/zones/
Traceback (most recent call last):
  File "D:\APPS\Project\lumra\.venv\Lib\site-packages\django\core\handlers\exception.py", line 55, in inner
    response = get_response(request)
               ^^^^^^^^^^^^^^^^^^^^^
  File "D:\APPS\Project\lumra\.venv\Lib\site-packages\django\core\handlers\base.py", line 198, in _get_response
    response = wrapped_callback(request, *callback_args, **callback_kwargs)
               ^^^^^^^^^^^^^^^^^^^^^^^^^^^^^^^^^^^^^^^^^^^^^^^^^^^^^^^^^^^^
  File "D:\APPS\Project\lumra\lumra_system\urls.py", line 19, in _callable
    return view(request, *args, **kwargs)
           ^^^^^^^^^^^^^^^^^^^^^^^^^^^^^^
  File "D:\APPS\Project\lumra\.venv\Lib\site-packages\django\contrib\auth\decorators.py", line 59, in _view_wrapper
    return view_func(request, *args, **kwargs)
           ^^^^^^^^^^^^^^^^^^^^^^^^^^^^^^^^^^^
  File "D:\APPS\Project\lumra\lumra_config\views\logistics_views.py", line 390, in warehouse_zones
    return render(request, "lumra_pages/warehouse/warehouse_zones.html", context)
           ^^^^^^^^^^^^^^^^^^^^^^^^^^^^^^^^^^^^^^^^^^^^^^^^^^^^^^^^^^^^^^^^^^^^^^
  File "D:\APPS\Project\lumra\.venv\Lib\site-packages\django\shortcuts.py", line 25, in render
    content = loader.render_to_string(template_name, context, request, using=using)
              ^^^^^^^^^^^^^^^^^^^^^^^^^^^^^^^^^^^^^^^^^^^^^^^^^^^^^^^^^^^^^^^^^^^^^
  File "D:\APPS\Project\lumra\.venv\Lib\site-packages\django\template\loader.py", line 61, in render_to_string
    template = get_template(template_name, using=using)
               ^^^^^^^^^^^^^^^^^^^^^^^^^^^^^^^^^^^^^^^^
  File "D:\APPS\Project\lumra\.venv\Lib\site-packages\django\template\loader.py", line 15, in get_template
    return engine.get_template(template_name)
           ^^^^^^^^^^^^^^^^^^^^^^^^^^^^^^^^^^
  File "D:\APPS\Project\lumra\.venv\Lib\site-packages\django\template\backends\django.py", line 79, in get_template
    return Template(self.engine.get_template(template_name), self)
                    ^^^^^^^^^^^^^^^^^^^^^^^^^^^^^^^^^^^^^^^
  File "D:\APPS\Project\lumra\.venv\Lib\site-packages\django\template\engine.py", line 186, in get_template
    template, origin = self.find_template(template_name)
                       ^^^^^^^^^^^^^^^^^^^^^^^^^^^^^^^^^
  File "D:\APPS\Project\lumra\.venv\Lib\site-packages\django\template\engine.py", line 159, in find_template
    template = loader.get_template(name, skip=skip)
               ^^^^^^^^^^^^^^^^^^^^^^^^^^^^^^^^^^^^
  File "D:\APPS\Project\lumra\.venv\Lib\site-packages\django\template\loaders\cached.py", line 57, in get_template
    template = super().get_template(template_name, skip)
               ^^^^^^^^^^^^^^^^^^^^^^^^^^^^^^^^^^^^^^^^^
  File "D:\APPS\Project\lumra\.venv\Lib\site-packages\django\template\loaders\base.py", line 28, in get_template
    return Template(
           ^^^^^^^^^
  File "D:\APPS\Project\lumra\.venv\Lib\site-packages\django\template\base.py", line 157, in __init__
    self.nodelist = self.compile_nodelist()
                    ^^^^^^^^^^^^^^^^^^^^^^^
  File "D:\APPS\Project\lumra\.venv\Lib\site-packages\django\template\base.py", line 199, in compile_nodelist
    nodelist = parser.parse()
               ^^^^^^^^^^^^^^
  File "D:\APPS\Project\lumra\.venv\Lib\site-packages\django\template\base.py", line 585, in parse
    raise self.error(token, e)
  File "D:\APPS\Project\lumra\.venv\Lib\site-packages\django\template\base.py", line 583, in parse
    compiled_result = compile_func(self, token)
                      ^^^^^^^^^^^^^^^^^^^^^^^^^
  File "D:\APPS\Project\lumra\.venv\Lib\site-packages\django\template\loader_tags.py", line 307, in do_extends
    nodelist = parser.parse()
               ^^^^^^^^^^^^^^
  File "D:\APPS\Project\lumra\.venv\Lib\site-packages\django\template\base.py", line 585, in parse
    raise self.error(token, e)
  File "D:\APPS\Project\lumra\.venv\Lib\site-packages\django\template\base.py", line 583, in parse
    compiled_result = compile_func(self, token)
                      ^^^^^^^^^^^^^^^^^^^^^^^^^
  File "D:\APPS\Project\lumra\.venv\Lib\site-packages\django\template\loader_tags.py", line 235, in do_block
    nodelist = parser.parse(("endblock",))
               ^^^^^^^^^^^^^^^^^^^^^^^^^^^
  File "D:\APPS\Project\lumra\.venv\Lib\site-packages\django\template\base.py", line 556, in parse
    raise self.error(token, e)
  File "D:\APPS\Project\lumra\.venv\Lib\site-packages\django\template\base.py", line 554, in parse
    filter_expression = self.compile_filter(token.contents)
                        ^^^^^^^^^^^^^^^^^^^^^^^^^^^^^^^^^^^
  File "D:\APPS\Project\lumra\.venv\Lib\site-packages\django\template\base.py", line 676, in compile_filter
    return FilterExpression(token, self)
           ^^^^^^^^^^^^^^^^^^^^^^^^^^^^^
  File "D:\APPS\Project\lumra\.venv\Lib\site-packages\django\template\base.py", line 771, in __init__
    filter_func = parser.find_filter(filter_name)
                  ^^^^^^^^^^^^^^^^^^^^^^^^^^^^^^^
  File "D:\APPS\Project\lumra\.venv\Lib\site-packages\django\template\base.py", line 682, in find_filter
    raise TemplateSyntaxError("Invalid filter: '%s'" % filter_name)
django.template.exceptions.TemplateSyntaxError: Template: D:\APPS\Project\lumra\lumra_config\templates\lumra_pages\warehouse\warehouse_zones.html, Invalid filter: 'sum'
ERROR 2026-05-06 16:24:28,809 log 10156 21316 "GET /warehouse/zones/?page=1 HTTP/1.1" 500 267292
ERROR 2026-05-06 16:25:12,341 log 10156 4208 Internal Server Error: /purchasing/
Traceback (most recent call last):
  File "D:\APPS\Project\lumra\.venv\Lib\site-packages\django\core\handlers\exception.py", line 55, in inner
    response = get_response(request)
               ^^^^^^^^^^^^^^^^^^^^^
  File "D:\APPS\Project\lumra\.venv\Lib\site-packages\django\core\handlers\base.py", line 198, in _get_response
    response = wrapped_callback(request, *callback_args, **callback_kwargs)
               ^^^^^^^^^^^^^^^^^^^^^^^^^^^^^^^^^^^^^^^^^^^^^^^^^^^^^^^^^^^^
  File "D:\APPS\Project\lumra\lumra_system\urls.py", line 19, in _callable
    return view(request, *args, **kwargs)
           ^^^^^^^^^^^^^^^^^^^^^^^^^^^^^^
  File "D:\APPS\Project\lumra\.venv\Lib\site-packages\django\contrib\auth\decorators.py", line 59, in _view_wrapper
    return view_func(request, *args, **kwargs)
           ^^^^^^^^^^^^^^^^^^^^^^^^^^^^^^^^^^^
  File "D:\APPS\Project\lumra\lumra_config\views\misc_views.py", line 267, in purchasing_view
    return render(request, "lumra_pages/purchasing/purchasing.html", context)
           ^^^^^^^^^^^^^^^^^^^^^^^^^^^^^^^^^^^^^^^^^^^^^^^^^^^^^^^^^^^^^^^^^^
  File "D:\APPS\Project\lumra\.venv\Lib\site-packages\django\shortcuts.py", line 25, in render
    content = loader.render_to_string(template_name, context, request, using=using)
              ^^^^^^^^^^^^^^^^^^^^^^^^^^^^^^^^^^^^^^^^^^^^^^^^^^^^^^^^^^^^^^^^^^^^^
  File "D:\APPS\Project\lumra\.venv\Lib\site-packages\django\template\loader.py", line 61, in render_to_string
    template = get_template(template_name, using=using)
               ^^^^^^^^^^^^^^^^^^^^^^^^^^^^^^^^^^^^^^^^
  File "D:\APPS\Project\lumra\.venv\Lib\site-packages\django\template\loader.py", line 15, in get_template
    return engine.get_template(template_name)
           ^^^^^^^^^^^^^^^^^^^^^^^^^^^^^^^^^^
  File "D:\APPS\Project\lumra\.venv\Lib\site-packages\django\template\backends\django.py", line 79, in get_template
    return Template(self.engine.get_template(template_name), self)
                    ^^^^^^^^^^^^^^^^^^^^^^^^^^^^^^^^^^^^^^^
  File "D:\APPS\Project\lumra\.venv\Lib\site-packages\django\template\engine.py", line 186, in get_template
    template, origin = self.find_template(template_name)
                       ^^^^^^^^^^^^^^^^^^^^^^^^^^^^^^^^^
  File "D:\APPS\Project\lumra\.venv\Lib\site-packages\django\template\engine.py", line 159, in find_template
    template = loader.get_template(name, skip=skip)
               ^^^^^^^^^^^^^^^^^^^^^^^^^^^^^^^^^^^^
  File "D:\APPS\Project\lumra\.venv\Lib\site-packages\django\template\loaders\cached.py", line 57, in get_template
    template = super().get_template(template_name, skip)
               ^^^^^^^^^^^^^^^^^^^^^^^^^^^^^^^^^^^^^^^^^
  File "D:\APPS\Project\lumra\.venv\Lib\site-packages\django\template\loaders\base.py", line 28, in get_template
    return Template(
           ^^^^^^^^^
  File "D:\APPS\Project\lumra\.venv\Lib\site-packages\django\template\base.py", line 157, in __init__
    self.nodelist = self.compile_nodelist()
                    ^^^^^^^^^^^^^^^^^^^^^^^
  File "D:\APPS\Project\lumra\.venv\Lib\site-packages\django\template\base.py", line 199, in compile_nodelist
    nodelist = parser.parse()
               ^^^^^^^^^^^^^^
  File "D:\APPS\Project\lumra\.venv\Lib\site-packages\django\template\base.py", line 585, in parse
    raise self.error(token, e)
  File "D:\APPS\Project\lumra\.venv\Lib\site-packages\django\template\base.py", line 583, in parse
    compiled_result = compile_func(self, token)
                      ^^^^^^^^^^^^^^^^^^^^^^^^^
  File "D:\APPS\Project\lumra\.venv\Lib\site-packages\django\template\loader_tags.py", line 307, in do_extends
    nodelist = parser.parse()
               ^^^^^^^^^^^^^^
  File "D:\APPS\Project\lumra\.venv\Lib\site-packages\django\template\base.py", line 585, in parse
    raise self.error(token, e)
  File "D:\APPS\Project\lumra\.venv\Lib\site-packages\django\template\base.py", line 583, in parse
    compiled_result = compile_func(self, token)
                      ^^^^^^^^^^^^^^^^^^^^^^^^^
  File "D:\APPS\Project\lumra\.venv\Lib\site-packages\django\template\loader_tags.py", line 235, in do_block
    nodelist = parser.parse(("endblock",))
               ^^^^^^^^^^^^^^^^^^^^^^^^^^^
  File "D:\APPS\Project\lumra\.venv\Lib\site-packages\django\template\base.py", line 585, in parse
    raise self.error(token, e)
  File "D:\APPS\Project\lumra\.venv\Lib\site-packages\django\template\base.py", line 583, in parse
    compiled_result = compile_func(self, token)
                      ^^^^^^^^^^^^^^^^^^^^^^^^^
  File "D:\APPS\Project\lumra\.venv\Lib\site-packages\django\template\defaulttags.py", line 894, in do_for
    nodelist_loop = parser.parse(
                    ^^^^^^^^^^^^^
  File "D:\APPS\Project\lumra\.venv\Lib\site-packages\django\template\base.py", line 556, in parse
    raise self.error(token, e)
  File "D:\APPS\Project\lumra\.venv\Lib\site-packages\django\template\base.py", line 554, in parse
    filter_expression = self.compile_filter(token.contents)
                        ^^^^^^^^^^^^^^^^^^^^^^^^^^^^^^^^^^^
  File "D:\APPS\Project\lumra\.venv\Lib\site-packages\django\template\base.py", line 676, in compile_filter
    return FilterExpression(token, self)
           ^^^^^^^^^^^^^^^^^^^^^^^^^^^^^
  File "D:\APPS\Project\lumra\.venv\Lib\site-packages\django\template\base.py", line 771, in __init__
    filter_func = parser.find_filter(filter_name)
                  ^^^^^^^^^^^^^^^^^^^^^^^^^^^^^^^
  File "D:\APPS\Project\lumra\.venv\Lib\site-packages\django\template\base.py", line 682, in find_filter
    raise TemplateSyntaxError("Invalid filter: '%s'" % filter_name)
django.template.exceptions.TemplateSyntaxError: Template: D:\APPS\Project\lumra\lumra_config\templates\lumra_pages\purchasing\purchasing.html, Invalid filter: 'intcomma'
INFO 2026-05-06 16:25:12,413 basehttp 10156 4208 - Broken pipe from ('127.0.0.1', 25217)
INFO 2026-05-06 16:26:48,211 log 10156 18280 "GET /settings/ HTTP/1.1" 200 43564
INFO 2026-05-06 16:26:48,440 log 10156 18280 "GET /static/css/dist/styles.css?v=1778059608 HTTP/1.1" 200 400322
ERROR 2026-05-06 16:26:51,559 log 10156 18280 Internal Server Error: /settings/business/
Traceback (most recent call last):
  File "D:\APPS\Project\lumra\.venv\Lib\site-packages\django\core\handlers\exception.py", line 55, in inner
    response = get_response(request)
               ^^^^^^^^^^^^^^^^^^^^^
  File "D:\APPS\Project\lumra\.venv\Lib\site-packages\django\core\handlers\base.py", line 198, in _get_response
    response = wrapped_callback(request, *callback_args, **callback_kwargs)
               ^^^^^^^^^^^^^^^^^^^^^^^^^^^^^^^^^^^^^^^^^^^^^^^^^^^^^^^^^^^^
  File "D:\APPS\Project\lumra\lumra_system\urls.py", line 19, in _callable
    return view(request, *args, **kwargs)
           ^^^^^^^^^^^^^^^^^^^^^^^^^^^^^^
  File "D:\APPS\Project\lumra\.venv\Lib\site-packages\django\contrib\auth\decorators.py", line 59, in _view_wrapper
    return view_func(request, *args, **kwargs)
           ^^^^^^^^^^^^^^^^^^^^^^^^^^^^^^^^^^^
  File "D:\APPS\Project\lumra\lumra_config\views\misc_views.py", line 1646, in business_settings_view
    return render(request, "lumra_pages/settings/business_settings.html", context)
           ^^^^^^^^^^^^^^^^^^^^^^^^^^^^^^^^^^^^^^^^^^^^^^^^^^^^^^^^^^^^^^^^^^^^^^^
  File "D:\APPS\Project\lumra\.venv\Lib\site-packages\django\shortcuts.py", line 25, in render
    content = loader.render_to_string(template_name, context, request, using=using)
              ^^^^^^^^^^^^^^^^^^^^^^^^^^^^^^^^^^^^^^^^^^^^^^^^^^^^^^^^^^^^^^^^^^^^^
  File "D:\APPS\Project\lumra\.venv\Lib\site-packages\django\template\loader.py", line 61, in render_to_string
    template = get_template(template_name, using=using)
               ^^^^^^^^^^^^^^^^^^^^^^^^^^^^^^^^^^^^^^^^
  File "D:\APPS\Project\lumra\.venv\Lib\site-packages\django\template\loader.py", line 19, in get_template
    raise TemplateDoesNotExist(template_name, chain=chain)
django.template.exceptions.TemplateDoesNotExist: lumra_pages/settings/business_settings.html
ERROR 2026-05-06 16:26:51,579 log 10156 18280 "GET /settings/business/ HTTP/1.1" 500 118033
ERROR 2026-05-06 16:26:54,792 log 10156 18280 Internal Server Error: /settings/business/roles/
Traceback (most recent call last):
  File "D:\APPS\Project\lumra\.venv\Lib\site-packages\django\core\handlers\exception.py", line 55, in inner
    response = get_response(request)
               ^^^^^^^^^^^^^^^^^^^^^
  File "D:\APPS\Project\lumra\.venv\Lib\site-packages\django\core\handlers\base.py", line 198, in _get_response
    response = wrapped_callback(request, *callback_args, **callback_kwargs)
               ^^^^^^^^^^^^^^^^^^^^^^^^^^^^^^^^^^^^^^^^^^^^^^^^^^^^^^^^^^^^
  File "D:\APPS\Project\lumra\lumra_system\urls.py", line 19, in _callable
    return view(request, *args, **kwargs)
           ^^^^^^^^^^^^^^^^^^^^^^^^^^^^^^
  File "D:\APPS\Project\lumra\.venv\Lib\site-packages\django\contrib\auth\decorators.py", line 59, in _view_wrapper
    return view_func(request, *args, **kwargs)
           ^^^^^^^^^^^^^^^^^^^^^^^^^^^^^^^^^^^
  File "D:\APPS\Project\lumra\lumra_config\views\misc_views.py", line 1687, in user_roles_permissions_view
    return render(request, "lumra_pages/settings/user_roles_permissions.html", context)
           ^^^^^^^^^^^^^^^^^^^^^^^^^^^^^^^^^^^^^^^^^^^^^^^^^^^^^^^^^^^^^^^^^^^^^^^^^^^^
  File "D:\APPS\Project\lumra\.venv\Lib\site-packages\django\shortcuts.py", line 25, in render
    content = loader.render_to_string(template_name, context, request, using=using)
              ^^^^^^^^^^^^^^^^^^^^^^^^^^^^^^^^^^^^^^^^^^^^^^^^^^^^^^^^^^^^^^^^^^^^^
  File "D:\APPS\Project\lumra\.venv\Lib\site-packages\django\template\loader.py", line 61, in render_to_string
    template = get_template(template_name, using=using)
               ^^^^^^^^^^^^^^^^^^^^^^^^^^^^^^^^^^^^^^^^
  File "D:\APPS\Project\lumra\.venv\Lib\site-packages\django\template\loader.py", line 19, in get_template
    raise TemplateDoesNotExist(template_name, chain=chain)
django.template.exceptions.TemplateDoesNotExist: lumra_pages/settings/user_roles_permissions.html
ERROR 2026-05-06 16:26:54,874 log 10156 18280 "GET /settings/business/roles/ HTTP/1.1" 500 116869
ERROR 2026-05-06 16:26:58,978 log 10156 18280 Internal Server Error: /settings/email/
Traceback (most recent call last):
  File "D:\APPS\Project\lumra\.venv\Lib\site-packages\django\core\handlers\exception.py", line 55, in inner
    response = get_response(request)
               ^^^^^^^^^^^^^^^^^^^^^
  File "D:\APPS\Project\lumra\.venv\Lib\site-packages\django\core\handlers\base.py", line 198, in _get_response
    response = wrapped_callback(request, *callback_args, **callback_kwargs)
               ^^^^^^^^^^^^^^^^^^^^^^^^^^^^^^^^^^^^^^^^^^^^^^^^^^^^^^^^^^^^
  File "D:\APPS\Project\lumra\lumra_system\urls.py", line 19, in _callable
    return view(request, *args, **kwargs)
           ^^^^^^^^^^^^^^^^^^^^^^^^^^^^^^
  File "D:\APPS\Project\lumra\.venv\Lib\site-packages\django\contrib\auth\decorators.py", line 59, in _view_wrapper
    return view_func(request, *args, **kwargs)
           ^^^^^^^^^^^^^^^^^^^^^^^^^^^^^^^^^^^
  File "D:\APPS\Project\lumra\lumra_config\views\settings_views.py", line 420, in email_settings
    return render(request, "lumra_pages/settings/email_settings.html", context)
           ^^^^^^^^^^^^^^^^^^^^^^^^^^^^^^^^^^^^^^^^^^^^^^^^^^^^^^^^^^^^^^^^^^^^
  File "D:\APPS\Project\lumra\.venv\Lib\site-packages\django\shortcuts.py", line 25, in render
    content = loader.render_to_string(template_name, context, request, using=using)
              ^^^^^^^^^^^^^^^^^^^^^^^^^^^^^^^^^^^^^^^^^^^^^^^^^^^^^^^^^^^^^^^^^^^^^
  File "D:\APPS\Project\lumra\.venv\Lib\site-packages\django\template\loader.py", line 61, in render_to_string
    template = get_template(template_name, using=using)
               ^^^^^^^^^^^^^^^^^^^^^^^^^^^^^^^^^^^^^^^^
  File "D:\APPS\Project\lumra\.venv\Lib\site-packages\django\template\loader.py", line 19, in get_template
    raise TemplateDoesNotExist(template_name, chain=chain)
django.template.exceptions.TemplateDoesNotExist: lumra_pages/settings/email_settings.html
ERROR 2026-05-06 16:26:59,006 log 10156 18280 "GET /settings/email/ HTTP/1.1" 500 116221
ERROR 2026-05-06 16:27:01,992 log 10156 18280 Internal Server Error: /settings/notifications/
Traceback (most recent call last):
  File "D:\APPS\Project\lumra\.venv\Lib\site-packages\django\core\handlers\exception.py", line 55, in inner
    response = get_response(request)
               ^^^^^^^^^^^^^^^^^^^^^
  File "D:\APPS\Project\lumra\.venv\Lib\site-packages\django\core\handlers\base.py", line 198, in _get_response
    response = wrapped_callback(request, *callback_args, **callback_kwargs)
               ^^^^^^^^^^^^^^^^^^^^^^^^^^^^^^^^^^^^^^^^^^^^^^^^^^^^^^^^^^^^
  File "D:\APPS\Project\lumra\lumra_system\urls.py", line 19, in _callable
    return view(request, *args, **kwargs)
           ^^^^^^^^^^^^^^^^^^^^^^^^^^^^^^
  File "D:\APPS\Project\lumra\.venv\Lib\site-packages\django\contrib\auth\decorators.py", line 59, in _view_wrapper
    return view_func(request, *args, **kwargs)
           ^^^^^^^^^^^^^^^^^^^^^^^^^^^^^^^^^^^
  File "D:\APPS\Project\lumra\lumra_config\views\settings_views.py", line 429, in notification_settings
    return render(request, "lumra_pages/settings/notification_settings.html", context)
           ^^^^^^^^^^^^^^^^^^^^^^^^^^^^^^^^^^^^^^^^^^^^^^^^^^^^^^^^^^^^^^^^^^^^^^^^^^^
  File "D:\APPS\Project\lumra\.venv\Lib\site-packages\django\shortcuts.py", line 25, in render
    content = loader.render_to_string(template_name, context, request, using=using)
              ^^^^^^^^^^^^^^^^^^^^^^^^^^^^^^^^^^^^^^^^^^^^^^^^^^^^^^^^^^^^^^^^^^^^^
  File "D:\APPS\Project\lumra\.venv\Lib\site-packages\django\template\loader.py", line 61, in render_to_string
    template = get_template(template_name, using=using)
               ^^^^^^^^^^^^^^^^^^^^^^^^^^^^^^^^^^^^^^^^
  File "D:\APPS\Project\lumra\.venv\Lib\site-packages\django\template\loader.py", line 19, in get_template
    raise TemplateDoesNotExist(template_name, chain=chain)
django.template.exceptions.TemplateDoesNotExist: lumra_pages/settings/notification_settings.html
ERROR 2026-05-06 16:27:02,027 log 10156 18280 "GET /settings/notifications/ HTTP/1.1" 500 116632
ERROR 2026-05-06 16:27:06,680 log 10156 18280 Internal Server Error: /settings/api-keys/
Traceback (most recent call last):
  File "D:\APPS\Project\lumra\.venv\Lib\site-packages\django\core\handlers\exception.py", line 55, in inner
    response = get_response(request)
               ^^^^^^^^^^^^^^^^^^^^^
  File "D:\APPS\Project\lumra\.venv\Lib\site-packages\django\core\handlers\base.py", line 198, in _get_response
    response = wrapped_callback(request, *callback_args, **callback_kwargs)
               ^^^^^^^^^^^^^^^^^^^^^^^^^^^^^^^^^^^^^^^^^^^^^^^^^^^^^^^^^^^^
  File "D:\APPS\Project\lumra\lumra_system\urls.py", line 19, in _callable
    return view(request, *args, **kwargs)
           ^^^^^^^^^^^^^^^^^^^^^^^^^^^^^^
  File "D:\APPS\Project\lumra\.venv\Lib\site-packages\django\contrib\auth\decorators.py", line 59, in _view_wrapper
    return view_func(request, *args, **kwargs)
           ^^^^^^^^^^^^^^^^^^^^^^^^^^^^^^^^^^^
  File "D:\APPS\Project\lumra\lumra_config\views\settings_views.py", line 458, in api_keys
    return render(request, "lumra_pages/settings/api_keys.html", context)
           ^^^^^^^^^^^^^^^^^^^^^^^^^^^^^^^^^^^^^^^^^^^^^^^^^^^^^^^^^^^^^^
  File "D:\APPS\Project\lumra\.venv\Lib\site-packages\django\shortcuts.py", line 25, in render
    content = loader.render_to_string(template_name, context, request, using=using)
              ^^^^^^^^^^^^^^^^^^^^^^^^^^^^^^^^^^^^^^^^^^^^^^^^^^^^^^^^^^^^^^^^^^^^^
  File "D:\APPS\Project\lumra\.venv\Lib\site-packages\django\template\loader.py", line 61, in render_to_string
    template = get_template(template_name, using=using)
               ^^^^^^^^^^^^^^^^^^^^^^^^^^^^^^^^^^^^^^^^
  File "D:\APPS\Project\lumra\.venv\Lib\site-packages\django\template\loader.py", line 19, in get_template
    raise TemplateDoesNotExist(template_name, chain=chain)
django.template.exceptions.TemplateDoesNotExist: lumra_pages/settings/api_keys.html
ERROR 2026-05-06 16:27:06,693 log 10156 18280 "GET /settings/api-keys/ HTTP/1.1" 500 115759
ERROR 2026-05-06 16:27:57,703 log 10156 18280 Internal Server Error: /settings/system/
Traceback (most recent call last):
  File "D:\APPS\Project\lumra\.venv\Lib\site-packages\django\core\handlers\exception.py", line 55, in inner
    response = get_response(request)
               ^^^^^^^^^^^^^^^^^^^^^
  File "D:\APPS\Project\lumra\.venv\Lib\site-packages\django\core\handlers\base.py", line 198, in _get_response
    response = wrapped_callback(request, *callback_args, **callback_kwargs)
               ^^^^^^^^^^^^^^^^^^^^^^^^^^^^^^^^^^^^^^^^^^^^^^^^^^^^^^^^^^^^
  File "D:\APPS\Project\lumra\lumra_system\urls.py", line 19, in _callable
    return view(request, *args, **kwargs)
           ^^^^^^^^^^^^^^^^^^^^^^^^^^^^^^
  File "D:\APPS\Project\lumra\.venv\Lib\site-packages\django\contrib\auth\decorators.py", line 59, in _view_wrapper
    return view_func(request, *args, **kwargs)
           ^^^^^^^^^^^^^^^^^^^^^^^^^^^^^^^^^^^
  File "D:\APPS\Project\lumra\lumra_config\views\settings_views.py", line 411, in system_status
    return render(request, "lumra_pages/settings/system_status.html", _system_status_context())
           ^^^^^^^^^^^^^^^^^^^^^^^^^^^^^^^^^^^^^^^^^^^^^^^^^^^^^^^^^^^^^^^^^^^^^^^^^^^^^^^^^^^^
  File "D:\APPS\Project\lumra\.venv\Lib\site-packages\django\shortcuts.py", line 25, in render
    content = loader.render_to_string(template_name, context, request, using=using)
              ^^^^^^^^^^^^^^^^^^^^^^^^^^^^^^^^^^^^^^^^^^^^^^^^^^^^^^^^^^^^^^^^^^^^^
  File "D:\APPS\Project\lumra\.venv\Lib\site-packages\django\template\loader.py", line 61, in render_to_string
    template = get_template(template_name, using=using)
               ^^^^^^^^^^^^^^^^^^^^^^^^^^^^^^^^^^^^^^^^
  File "D:\APPS\Project\lumra\.venv\Lib\site-packages\django\template\loader.py", line 19, in get_template
    raise TemplateDoesNotExist(template_name, chain=chain)
django.template.exceptions.TemplateDoesNotExist: lumra_pages/settings/system_status.html
ERROR 2026-05-06 16:27:57,721 log 10156 18280 "GET /settings/system/ HTTP/1.1" 500 119790
INFO 2026-05-06 16:28:35,971 log 10156 18280 "GET /settings/ HTTP/1.1" 200 43564
INFO 2026-05-06 16:28:36,054 log 10156 18280 "GET /static/css/dist/styles.css?v=1778059715 HTTP/1.1" 200 400322
WARNING 2026-05-06 16:28:37,360 log 10156 18280 Not Found: /favicon.ico
WARNING 2026-05-06 16:28:37,365 log 10156 18280 "GET /favicon.ico HTTP/1.1" 404 51446
INFO 2026-05-06 16:28:39,216 log 10156 18280 "GET / HTTP/1.1" 200 50327
INFO 2026-05-06 16:28:39,364 log 10156 18280 "GET /static/css/dist/styles.css?v=1778059719 HTTP/1.1" 200 400322
INFO 2026-05-06 16:28:40,767 log 10156 5820 "GET /settings/ HTTP/1.1" 200 43564
INFO 2026-05-06 16:28:40,882 log 10156 5820 "GET /static/css/dist/styles.css?v=1778059720 HTTP/1.1" 200 400322
INFO 2026-05-06 16:28:42,582 log 10156 5820 "GET / HTTP/1.1" 200 50327
INFO 2026-05-06 16:28:42,711 log 10156 5820 "GET /static/css/dist/styles.css?v=1778059722 HTTP/1.1" 200 400322
INFO 2026-05-06 16:30:03,213 basehttp 10156 7272 - Broken pipe from ('127.0.0.1', 53693)
INFO 2026-05-06 16:30:27,205 basehttp 10156 8248 - Broken pipe from ('127.0.0.1', 51369)
INFO 2026-05-06 16:30:53,743 basehttp 10156 13920 - Broken pipe from ('127.0.0.1', 48059)
INFO 2026-05-06 16:31:08,019 basehttp 10156 16840 - Broken pipe from ('127.0.0.1', 9574)
INFO 2026-05-06 16:31:43,792 basehttp 10156 21316 - Broken pipe from ('127.0.0.1', 23235)
INFO 2026-05-06 16:36:04,670 basehttp 10156 18280 - Broken pipe from ('127.0.0.1', 29256)
INFO 2026-05-06 16:36:04,683 basehttp 10156 5820 - Broken pipe from ('127.0.0.1', 30506)
INFO 2026-05-06 16:36:04,824 log 10156 6772 "GET /api/dashboard/data/ HTTP/1.1" 200 1054
INFO 2026-05-06 16:37:46,204 log 10156 12272 "GET /api/dashboard/data/ HTTP/1.1" 200 1054
INFO 2026-05-06 16:41:09,885 log 10156 19924 "GET / HTTP/1.1" 200 50485
INFO 2026-05-06 16:41:10,263 log 10156 19924 "GET /static/css/dist/styles.css?v=1778060469 HTTP/1.1" 200 400322
INFO 2026-05-06 16:41:27,121 log 10156 8376 "GET /warehouse/zones/ HTTP/1.1" 200 454075
INFO 2026-05-06 16:41:27,662 log 10156 8376 "GET /static/css/dist/styles.css?v=1778060486 HTTP/1.1" 200 400322
INFO 2026-05-06 16:41:44,045 log 10156 13624 "GET /locations/ HTTP/1.1" 200 72702
INFO 2026-05-06 16:41:44,578 log 10156 13624 "GET /static/css/dist/styles.css?v=1778060504 HTTP/1.1" 200 400322
INFO 2026-05-06 16:41:54,150 log 10156 13624 "GET /warehouse/zones/?page=1 HTTP/1.1" 200 454075
INFO 2026-05-06 16:41:54,345 log 10156 13624 "GET /static/css/dist/styles.css?v=1778060513 HTTP/1.1" 200 400322
INFO 2026-05-06 16:43:09,446 log 10156 19924 "GET /api/dashboard/data/ HTTP/1.1" 200 1054
INFO 2026-05-06 16:43:09,474 log 10156 8376 "GET /api/dashboard/data/ HTTP/1.1" 200 1054
ERROR 2026-05-06 16:43:25,467 log 10156 8376 Internal Server Error: /marketing/campaigns/
Traceback (most recent call last):
  File "D:\APPS\Project\lumra\.venv\Lib\site-packages\django\urls\base.py", line 81, in reverse
    extra, resolver = resolver.namespace_dict[ns]
                      ~~~~~~~~~~~~~~~~~~~~~~~^^^^
KeyError: 'marketing'

During handling of the above exception, another exception occurred:

Traceback (most recent call last):
  File "D:\APPS\Project\lumra\.venv\Lib\site-packages\django\core\handlers\exception.py", line 55, in inner
    response = get_response(request)
               ^^^^^^^^^^^^^^^^^^^^^
  File "D:\APPS\Project\lumra\.venv\Lib\site-packages\django\core\handlers\base.py", line 198, in _get_response
    response = wrapped_callback(request, *callback_args, **callback_kwargs)
               ^^^^^^^^^^^^^^^^^^^^^^^^^^^^^^^^^^^^^^^^^^^^^^^^^^^^^^^^^^^^
  File "D:\APPS\Project\lumra\lumra_system\urls.py", line 19, in _callable
    return view(request, *args, **kwargs)
           ^^^^^^^^^^^^^^^^^^^^^^^^^^^^^^
  File "D:\APPS\Project\lumra\.venv\Lib\site-packages\django\contrib\auth\decorators.py", line 59, in _view_wrapper
    return view_func(request, *args, **kwargs)
           ^^^^^^^^^^^^^^^^^^^^^^^^^^^^^^^^^^^
  File "D:\APPS\Project\lumra\lumra_config\views\misc_views.py", line 896, in campaign_list_view
    return render(request, "lumra_pages/marketing/campaign_list.html", context)
           ^^^^^^^^^^^^^^^^^^^^^^^^^^^^^^^^^^^^^^^^^^^^^^^^^^^^^^^^^^^^^^^^^^^^
  File "D:\APPS\Project\lumra\.venv\Lib\site-packages\django\shortcuts.py", line 25, in render
    content = loader.render_to_string(template_name, context, request, using=using)
              ^^^^^^^^^^^^^^^^^^^^^^^^^^^^^^^^^^^^^^^^^^^^^^^^^^^^^^^^^^^^^^^^^^^^^
  File "D:\APPS\Project\lumra\.venv\Lib\site-packages\django\template\loader.py", line 62, in render_to_string
    return template.render(context, request)
           ^^^^^^^^^^^^^^^^^^^^^^^^^^^^^^^^^
  File "D:\APPS\Project\lumra\.venv\Lib\site-packages\django\template\backends\django.py", line 107, in render
    return self.template.render(context)
           ^^^^^^^^^^^^^^^^^^^^^^^^^^^^^
  File "D:\APPS\Project\lumra\.venv\Lib\site-packages\django\template\base.py", line 174, in render
    return self._render(context)
           ^^^^^^^^^^^^^^^^^^^^^
  File "D:\APPS\Project\lumra\.venv\Lib\site-packages\django\test\utils.py", line 114, in instrumented_test_render
    return self.nodelist.render(context)
           ^^^^^^^^^^^^^^^^^^^^^^^^^^^^^
  File "D:\APPS\Project\lumra\.venv\Lib\site-packages\django\template\base.py", line 1091, in render
    return SafeString("".join([node.render_annotated(context) for node in self]))
                               ^^^^^^^^^^^^^^^^^^^^^^^^^^^^^^
  File "D:\APPS\Project\lumra\.venv\Lib\site-packages\django\template\base.py", line 1052, in render_annotated
    return self.render(context)
           ^^^^^^^^^^^^^^^^^^^^
  File "D:\APPS\Project\lumra\.venv\Lib\site-packages\django\template\loader_tags.py", line 160, in render
    return compiled_parent._render(context)
           ^^^^^^^^^^^^^^^^^^^^^^^^^^^^^^^^
  File "D:\APPS\Project\lumra\.venv\Lib\site-packages\django\test\utils.py", line 114, in instrumented_test_render
    return self.nodelist.render(context)
           ^^^^^^^^^^^^^^^^^^^^^^^^^^^^^
  File "D:\APPS\Project\lumra\.venv\Lib\site-packages\django\template\base.py", line 1091, in render
    return SafeString("".join([node.render_annotated(context) for node in self]))
                               ^^^^^^^^^^^^^^^^^^^^^^^^^^^^^^
  File "D:\APPS\Project\lumra\.venv\Lib\site-packages\django\template\base.py", line 1052, in render_annotated
    return self.render(context)
           ^^^^^^^^^^^^^^^^^^^^
  File "D:\APPS\Project\lumra\.venv\Lib\site-packages\django\template\loader_tags.py", line 66, in render
    result = block.nodelist.render(context)
             ^^^^^^^^^^^^^^^^^^^^^^^^^^^^^^
  File "D:\APPS\Project\lumra\.venv\Lib\site-packages\django\template\base.py", line 1091, in render
    return SafeString("".join([node.render_annotated(context) for node in self]))
                               ^^^^^^^^^^^^^^^^^^^^^^^^^^^^^^
  File "D:\APPS\Project\lumra\.venv\Lib\site-packages\django\template\base.py", line 1052, in render_annotated
    return self.render(context)
           ^^^^^^^^^^^^^^^^^^^^
  File "D:\APPS\Project\lumra\.venv\Lib\site-packages\django\template\defaulttags.py", line 511, in render
    url = reverse(view_name, args=args, kwargs=kwargs, current_app=current_app)
          ^^^^^^^^^^^^^^^^^^^^^^^^^^^^^^^^^^^^^^^^^^^^^^^^^^^^^^^^^^^^^^^^^^^^^
  File "D:\APPS\Project\lumra\.venv\Lib\site-packages\django\urls\base.py", line 92, in reverse
    raise NoReverseMatch("%s is not a registered namespace" % key)
django.urls.exceptions.NoReverseMatch: 'marketing' is not a registered namespace
ERROR 2026-05-06 16:43:25,531 log 10156 8376 "GET /marketing/campaigns/ HTTP/1.1" 500 283007
ERROR 2026-05-06 16:43:28,484 log 10156 8376 Internal Server Error: /marketing/discounts/
Traceback (most recent call last):
  File "D:\APPS\Project\lumra\.venv\Lib\site-packages\django\core\handlers\exception.py", line 55, in inner
    response = get_response(request)
               ^^^^^^^^^^^^^^^^^^^^^
  File "D:\APPS\Project\lumra\.venv\Lib\site-packages\django\core\handlers\base.py", line 198, in _get_response
    response = wrapped_callback(request, *callback_args, **callback_kwargs)
               ^^^^^^^^^^^^^^^^^^^^^^^^^^^^^^^^^^^^^^^^^^^^^^^^^^^^^^^^^^^^
  File "D:\APPS\Project\lumra\lumra_system\urls.py", line 19, in _callable
    return view(request, *args, **kwargs)
           ^^^^^^^^^^^^^^^^^^^^^^^^^^^^^^
  File "D:\APPS\Project\lumra\.venv\Lib\site-packages\django\contrib\auth\decorators.py", line 59, in _view_wrapper
    return view_func(request, *args, **kwargs)
           ^^^^^^^^^^^^^^^^^^^^^^^^^^^^^^^^^^^
  File "D:\APPS\Project\lumra\lumra_config\views\misc_views.py", line 955, in discount_list_view
    return render(request, "lumra_pages/marketing/discount.html", context)
           ^^^^^^^^^^^^^^^^^^^^^^^^^^^^^^^^^^^^^^^^^^^^^^^^^^^^^^^^^^^^^^^
  File "D:\APPS\Project\lumra\.venv\Lib\site-packages\django\shortcuts.py", line 25, in render
    content = loader.render_to_string(template_name, context, request, using=using)
              ^^^^^^^^^^^^^^^^^^^^^^^^^^^^^^^^^^^^^^^^^^^^^^^^^^^^^^^^^^^^^^^^^^^^^
  File "D:\APPS\Project\lumra\.venv\Lib\site-packages\django\template\loader.py", line 61, in render_to_string
    template = get_template(template_name, using=using)
               ^^^^^^^^^^^^^^^^^^^^^^^^^^^^^^^^^^^^^^^^
  File "D:\APPS\Project\lumra\.venv\Lib\site-packages\django\template\loader.py", line 19, in get_template
    raise TemplateDoesNotExist(template_name, chain=chain)
django.template.exceptions.TemplateDoesNotExist: lumra_pages/marketing/discount.html
ERROR 2026-05-06 16:43:28,511 log 10156 8376 "GET /marketing/discounts/ HTTP/1.1" 500 117057
INFO 2026-05-06 16:43:34,714 log 10156 8376 "GET /marketing/loyalty/ HTTP/1.1" 200 2010239
INFO 2026-05-06 16:43:35,038 log 10156 8376 "GET /static/css/dist/styles.css?v=1778060613 HTTP/1.1" 200 400322
WARNING 2026-05-06 16:43:35,201 log 10156 19924 "GET /static/images/default-avatar.png HTTP/1.1" 404 1889
INFO 2026-05-06 16:45:05,041 log 10156 8376 "GET / HTTP/1.1" 200 50727
INFO 2026-05-06 16:45:05,156 log 10156 8376 "GET /static/css/dist/styles.css?v=1778060705 HTTP/1.1" 200 400519
INFO 2026-05-06 16:46:13,126 log 10156 2368 "GET / HTTP/1.1" 200 50667
INFO 2026-05-06 16:46:14,144 log 10156 2368 "GET /static/css/dist/styles.css?v=1778060773 HTTP/1.1" 200 400519
INFO 2026-05-06 16:46:20,628 log 10156 2368 "GET /inventory/products/ HTTP/1.1" 302 0
INFO 2026-05-06 16:46:35,015 log 10156 2368 "GET /master/products/ HTTP/1.1" 200 492390
INFO 2026-05-06 16:46:35,234 log 10156 2368 "GET /static/css/dist/styles.css?v=1778060794 HTTP/1.1" 200 400519
WARNING 2026-05-06 16:46:35,333 log 10156 2368 "GET /static/images/default-avatar.png HTTP/1.1" 404 1889
INFO 2026-05-06 16:46:58,595 log 10156 8040 "GET / HTTP/1.1" 200 50667
INFO 2026-05-06 16:46:58,738 log 10156 8040 "GET /static/css/dist/styles.css?v=1778060818 HTTP/1.1" 200 400519
INFO 2026-05-06 16:47:17,036 basehttp 10156 6992 - Broken pipe from ('127.0.0.1', 56292)
INFO 2026-05-06 16:47:26,619 log 10156 19516 "GET / HTTP/1.1" 200 50667
INFO 2026-05-06 16:47:26,820 log 10156 19516 "GET /static/css/dist/styles.css?v=1778060846 HTTP/1.1" 200 400519
INFO 2026-05-06 16:53:09,477 log 10156 16100 "GET / HTTP/1.1" 200 58008
INFO 2026-05-06 16:53:10,191 log 10156 16100 "GET /static/css/dist/styles.css?v=1778061189 HTTP/1.1" 200 400519
INFO 2026-05-06 16:54:45,699 log 10156 13388 "GET / HTTP/1.1" 200 56280
INFO 2026-05-06 16:54:46,501 log 10156 13388 "GET /static/css/dist/styles.css?v=1778061284 HTTP/1.1" 200 400519
INFO 2026-05-06 16:55:23,444 log 10156 17468 "GET / HTTP/1.1" 200 56731
INFO 2026-05-06 16:55:23,745 log 10156 17468 "GET /static/css/dist/styles.css?v=1778061323 HTTP/1.1" 200 400519
INFO 2026-05-06 16:55:36,740 log 10156 19160 "GET / HTTP/1.1" 200 56731
INFO 2026-05-06 16:55:37,019 log 10156 19160 "GET /static/css/dist/styles.css?v=1778061336 HTTP/1.1" 200 400519
INFO 2026-05-06 16:56:53,073 log 10156 22184 "GET / HTTP/1.1" 200 56731
INFO 2026-05-06 16:56:54,047 log 10156 22184 "GET /static/css/dist/styles.css?v=1778061412 HTTP/1.1" 200 400519
INFO 2026-05-06 16:57:01,106 log 10156 22184 "GET / HTTP/1.1" 200 56731
INFO 2026-05-06 16:57:02,565 log 10156 11756 "GET /settings/ HTTP/1.1" 200 49968
INFO 2026-05-06 16:57:03,028 log 10156 22184 "GET /static/css/dist/styles.css?v=1778061420 HTTP/1.1" 200 400519
INFO 2026-05-06 16:57:04,695 log 10156 22184 "GET /static/css/dist/styles.css?v=1778061421 HTTP/1.1" 200 400519
INFO 2026-05-06 16:57:24,271 log 10156 5720 "GET / HTTP/1.1" 200 56731
INFO 2026-05-06 16:57:24,778 log 10156 5720 "GET /static/css/dist/styles.css?v=1778061444 HTTP/1.1" 200 400519
INFO 2026-05-06 16:57:36,952 log 10156 5720 "GET /settings/ HTTP/1.1" 200 49968
INFO 2026-05-06 16:57:37,178 log 10156 5720 "GET /static/css/dist/styles.css?v=1778061456 HTTP/1.1" 200 400519
ERROR 2026-05-06 16:57:41,428 log 10156 5720 Internal Server Error: /settings/business/
Traceback (most recent call last):
  File "D:\APPS\Project\lumra\.venv\Lib\site-packages\django\core\handlers\exception.py", line 55, in inner
    response = get_response(request)
               ^^^^^^^^^^^^^^^^^^^^^
  File "D:\APPS\Project\lumra\.venv\Lib\site-packages\django\core\handlers\base.py", line 198, in _get_response
    response = wrapped_callback(request, *callback_args, **callback_kwargs)
               ^^^^^^^^^^^^^^^^^^^^^^^^^^^^^^^^^^^^^^^^^^^^^^^^^^^^^^^^^^^^
  File "D:\APPS\Project\lumra\lumra_system\urls.py", line 19, in _callable
    return view(request, *args, **kwargs)
           ^^^^^^^^^^^^^^^^^^^^^^^^^^^^^^
  File "D:\APPS\Project\lumra\.venv\Lib\site-packages\django\contrib\auth\decorators.py", line 59, in _view_wrapper
    return view_func(request, *args, **kwargs)
           ^^^^^^^^^^^^^^^^^^^^^^^^^^^^^^^^^^^
  File "D:\APPS\Project\lumra\lumra_config\views\misc_views.py", line 1646, in business_settings_view
    return render(request, "lumra_pages/settings/business_settings.html", context)
           ^^^^^^^^^^^^^^^^^^^^^^^^^^^^^^^^^^^^^^^^^^^^^^^^^^^^^^^^^^^^^^^^^^^^^^^
  File "D:\APPS\Project\lumra\.venv\Lib\site-packages\django\shortcuts.py", line 25, in render
    content = loader.render_to_string(template_name, context, request, using=using)
              ^^^^^^^^^^^^^^^^^^^^^^^^^^^^^^^^^^^^^^^^^^^^^^^^^^^^^^^^^^^^^^^^^^^^^
  File "D:\APPS\Project\lumra\.venv\Lib\site-packages\django\template\loader.py", line 61, in render_to_string
    template = get_template(template_name, using=using)
               ^^^^^^^^^^^^^^^^^^^^^^^^^^^^^^^^^^^^^^^^
  File "D:\APPS\Project\lumra\.venv\Lib\site-packages\django\template\loader.py", line 19, in get_template
    raise TemplateDoesNotExist(template_name, chain=chain)
django.template.exceptions.TemplateDoesNotExist: lumra_pages/settings/business_settings.html
ERROR 2026-05-06 16:57:41,760 log 10156 5720 "GET /settings/business/ HTTP/1.1" 500 118033
ERROR 2026-05-06 16:57:56,441 log 10156 14792 Internal Server Error: /settings/business/
Traceback (most recent call last):
  File "D:\APPS\Project\lumra\.venv\Lib\site-packages\django\core\handlers\exception.py", line 55, in inner
    response = get_response(request)
               ^^^^^^^^^^^^^^^^^^^^^
  File "D:\APPS\Project\lumra\.venv\Lib\site-packages\django\core\handlers\base.py", line 198, in _get_response
    response = wrapped_callback(request, *callback_args, **callback_kwargs)
               ^^^^^^^^^^^^^^^^^^^^^^^^^^^^^^^^^^^^^^^^^^^^^^^^^^^^^^^^^^^^
  File "D:\APPS\Project\lumra\lumra_system\urls.py", line 19, in _callable
    return view(request, *args, **kwargs)
           ^^^^^^^^^^^^^^^^^^^^^^^^^^^^^^
  File "D:\APPS\Project\lumra\.venv\Lib\site-packages\django\contrib\auth\decorators.py", line 59, in _view_wrapper
    return view_func(request, *args, **kwargs)
           ^^^^^^^^^^^^^^^^^^^^^^^^^^^^^^^^^^^
  File "D:\APPS\Project\lumra\lumra_config\views\misc_views.py", line 1646, in business_settings_view
    return render(request, "lumra_pages/settings/business_settings.html", context)
           ^^^^^^^^^^^^^^^^^^^^^^^^^^^^^^^^^^^^^^^^^^^^^^^^^^^^^^^^^^^^^^^^^^^^^^^
  File "D:\APPS\Project\lumra\.venv\Lib\site-packages\django\shortcuts.py", line 25, in render
    content = loader.render_to_string(template_name, context, request, using=using)
              ^^^^^^^^^^^^^^^^^^^^^^^^^^^^^^^^^^^^^^^^^^^^^^^^^^^^^^^^^^^^^^^^^^^^^
  File "D:\APPS\Project\lumra\.venv\Lib\site-packages\django\template\loader.py", line 61, in render_to_string
    template = get_template(template_name, using=using)
               ^^^^^^^^^^^^^^^^^^^^^^^^^^^^^^^^^^^^^^^^
  File "D:\APPS\Project\lumra\.venv\Lib\site-packages\django\template\loader.py", line 19, in get_template
    raise TemplateDoesNotExist(template_name, chain=chain)
django.template.exceptions.TemplateDoesNotExist: lumra_pages/settings/business_settings.html
ERROR 2026-05-06 16:57:56,617 log 10156 14792 "GET /settings/business/ HTTP/1.1" 500 118033
INFO 2026-05-06 16:58:11,359 log 10156 14792 "GET /settings/business/ HTTP/1.1" 200 51383
INFO 2026-05-06 16:58:11,632 log 10156 14792 "GET /static/css/dist/styles.css?v=1778061491 HTTP/1.1" 200 400519
INFO 2026-05-06 16:58:17,071 log 10156 14792 "GET / HTTP/1.1" 200 56731
INFO 2026-05-06 16:58:17,306 log 10156 14792 "GET /static/css/dist/styles.css?v=1778061496 HTTP/1.1" 200 400519
INFO 2026-05-06 16:59:07,163 log 10156 14680 "GET / HTTP/1.1" 200 56731
INFO 2026-05-06 16:59:07,649 log 10156 14680 "GET /static/css/dist/styles.css?v=1778061546 HTTP/1.1" 200 400519
INFO 2026-05-06 17:02:50,980 log 10156 952 "GET / HTTP/1.1" 200 58316
INFO 2026-05-06 17:02:51,558 log 10156 952 "GET /static/css/dist/styles.css?v=1778061770 HTTP/1.1" 200 400519
INFO 2026-05-06 17:04:13,281 basehttp 10156 8376 - Broken pipe from ('127.0.0.1', 33268)
INFO 2026-05-06 17:04:23,519 log 10156 11112 "GET / HTTP/1.1" 200 58322
INFO 2026-05-06 17:04:24,259 log 10156 11112 "GET /static/css/dist/styles.css?v=1778061863 HTTP/1.1" 200 400519
INFO 2026-05-06 17:04:31,620 log 10156 12756 "GET /master/vendors/ HTTP/1.1" 200 101706
INFO 2026-05-06 17:04:32,188 log 10156 12756 "GET /static/css/dist/styles.css?v=1778061871 HTTP/1.1" 200 400519
WARNING 2026-05-06 17:04:32,677 log 10156 12756 "GET /static/images/default-avatar.png HTTP/1.1" 404 1889
INFO 2026-05-06 17:05:04,047 log 10156 20184 "GET /accounting/ledger/ HTTP/1.1" 200 61472
INFO 2026-05-06 17:05:04,698 log 10156 20184 "GET /static/css/dist/styles.css?v=1778061903 HTTP/1.1" 200 400519
INFO 2026-05-06 17:05:16,394 log 10156 20184 "GET /accounting/ledger/?account=57&period=2026-04 HTTP/1.1" 200 61472
INFO 2026-05-06 17:05:16,651 log 10156 20184 "GET /static/css/dist/styles.css?v=1778061916 HTTP/1.1" 200 400519
INFO 2026-05-06 17:05:21,792 log 10156 20184 "GET /accounting/ledger/?account=57&period=2026-01 HTTP/1.1" 200 61472
INFO 2026-05-06 17:05:22,022 log 10156 20184 "GET /static/css/dist/styles.css?v=1778061921 HTTP/1.1" 200 400519
INFO 2026-05-06 17:05:26,237 basehttp 10156 13624 - Broken pipe from ('127.0.0.1', 6048)
INFO 2026-05-06 20:35:05,406 autoreload 1364 22428 Watching for file changes with StatReloader
INFO 2026-05-06 20:35:21,097 log 1364 4384 "GET / HTTP/1.1" 200 58322
INFO 2026-05-06 20:35:21,224 log 1364 4384 "GET /static/css/dist/styles.css?v=1778074520 HTTP/1.1" 200 399663
WARNING 2026-05-06 20:35:22,717 log 1364 17560 Not Found: /favicon.ico
WARNING 2026-05-06 20:35:22,721 log 1364 17560 "GET /favicon.ico HTTP/1.1" 404 51446
INFO 2026-05-06 20:35:29,125 log 1364 17560 "GET /accounting/coa/ HTTP/1.1" 200 57182
INFO 2026-05-06 20:35:29,335 log 1364 17560 "GET /static/css/dist/styles.css?v=1778074529 HTTP/1.1" 200 399663
INFO 2026-05-06 20:36:00,041 log 1364 21696 "GET /locations/ HTTP/1.1" 200 80539
INFO 2026-05-06 20:36:00,197 log 1364 21696 "GET /static/css/dist/styles.css?v=1778074560 HTTP/1.1" 200 399663
INFO 2026-05-06 20:36:07,263 log 1364 21696 "GET /warehouse/zones/ HTTP/1.1" 200 461912
INFO 2026-05-06 20:36:07,414 log 1364 21696 "GET /static/css/dist/styles.css?v=1778074566 HTTP/1.1" 200 399663
INFO 2026-05-06 20:36:15,864 log 1364 21696 "GET /locations/ HTTP/1.1" 200 80539
INFO 2026-05-06 20:36:15,988 log 1364 21696 "GET /static/css/dist/styles.css?v=1778074575 HTTP/1.1" 200 399663
ERROR 2026-05-06 20:36:22,729 log 1364 21696 Internal Server Error: /marketing/campaigns/
Traceback (most recent call last):
  File "D:\APPS\Project\lumra\.venv\Lib\site-packages\django\urls\base.py", line 81, in reverse
    extra, resolver = resolver.namespace_dict[ns]
                      ~~~~~~~~~~~~~~~~~~~~~~~^^^^
KeyError: 'marketing'

During handling of the above exception, another exception occurred:

Traceback (most recent call last):
  File "D:\APPS\Project\lumra\.venv\Lib\site-packages\django\core\handlers\exception.py", line 55, in inner
    response = get_response(request)
               ^^^^^^^^^^^^^^^^^^^^^
  File "D:\APPS\Project\lumra\.venv\Lib\site-packages\django\core\handlers\base.py", line 198, in _get_response
    response = wrapped_callback(request, *callback_args, **callback_kwargs)
               ^^^^^^^^^^^^^^^^^^^^^^^^^^^^^^^^^^^^^^^^^^^^^^^^^^^^^^^^^^^^
  File "D:\APPS\Project\lumra\lumra_system\urls.py", line 19, in _callable
    return view(request, *args, **kwargs)
           ^^^^^^^^^^^^^^^^^^^^^^^^^^^^^^
  File "D:\APPS\Project\lumra\.venv\Lib\site-packages\django\contrib\auth\decorators.py", line 59, in _view_wrapper
    return view_func(request, *args, **kwargs)
           ^^^^^^^^^^^^^^^^^^^^^^^^^^^^^^^^^^^
  File "D:\APPS\Project\lumra\lumra_config\views\misc_views.py", line 896, in campaign_list_view
    return render(request, "lumra_pages/marketing/campaign_list.html", context)
           ^^^^^^^^^^^^^^^^^^^^^^^^^^^^^^^^^^^^^^^^^^^^^^^^^^^^^^^^^^^^^^^^^^^^
  File "D:\APPS\Project\lumra\.venv\Lib\site-packages\django\shortcuts.py", line 25, in render
    content = loader.render_to_string(template_name, context, request, using=using)
              ^^^^^^^^^^^^^^^^^^^^^^^^^^^^^^^^^^^^^^^^^^^^^^^^^^^^^^^^^^^^^^^^^^^^^
  File "D:\APPS\Project\lumra\.venv\Lib\site-packages\django\template\loader.py", line 62, in render_to_string
    return template.render(context, request)
           ^^^^^^^^^^^^^^^^^^^^^^^^^^^^^^^^^
  File "D:\APPS\Project\lumra\.venv\Lib\site-packages\django\template\backends\django.py", line 107, in render
    return self.template.render(context)
           ^^^^^^^^^^^^^^^^^^^^^^^^^^^^^
  File "D:\APPS\Project\lumra\.venv\Lib\site-packages\django\template\base.py", line 174, in render
    return self._render(context)
           ^^^^^^^^^^^^^^^^^^^^^
  File "D:\APPS\Project\lumra\.venv\Lib\site-packages\django\test\utils.py", line 114, in instrumented_test_render
    return self.nodelist.render(context)
           ^^^^^^^^^^^^^^^^^^^^^^^^^^^^^
  File "D:\APPS\Project\lumra\.venv\Lib\site-packages\django\template\base.py", line 1091, in render
    return SafeString("".join([node.render_annotated(context) for node in self]))
                               ^^^^^^^^^^^^^^^^^^^^^^^^^^^^^^
  File "D:\APPS\Project\lumra\.venv\Lib\site-packages\django\template\base.py", line 1052, in render_annotated
    return self.render(context)
           ^^^^^^^^^^^^^^^^^^^^
  File "D:\APPS\Project\lumra\.venv\Lib\site-packages\django\template\loader_tags.py", line 160, in render
    return compiled_parent._render(context)
           ^^^^^^^^^^^^^^^^^^^^^^^^^^^^^^^^
  File "D:\APPS\Project\lumra\.venv\Lib\site-packages\django\test\utils.py", line 114, in instrumented_test_render
    return self.nodelist.render(context)
           ^^^^^^^^^^^^^^^^^^^^^^^^^^^^^
  File "D:\APPS\Project\lumra\.venv\Lib\site-packages\django\template\base.py", line 1091, in render
    return SafeString("".join([node.render_annotated(context) for node in self]))
                               ^^^^^^^^^^^^^^^^^^^^^^^^^^^^^^
  File "D:\APPS\Project\lumra\.venv\Lib\site-packages\django\template\base.py", line 1052, in render_annotated
    return self.render(context)
           ^^^^^^^^^^^^^^^^^^^^
  File "D:\APPS\Project\lumra\.venv\Lib\site-packages\django\template\loader_tags.py", line 66, in render
    result = block.nodelist.render(context)
             ^^^^^^^^^^^^^^^^^^^^^^^^^^^^^^
  File "D:\APPS\Project\lumra\.venv\Lib\site-packages\django\template\base.py", line 1091, in render
    return SafeString("".join([node.render_annotated(context) for node in self]))
                               ^^^^^^^^^^^^^^^^^^^^^^^^^^^^^^
  File "D:\APPS\Project\lumra\.venv\Lib\site-packages\django\template\base.py", line 1052, in render_annotated
    return self.render(context)
           ^^^^^^^^^^^^^^^^^^^^
  File "D:\APPS\Project\lumra\.venv\Lib\site-packages\django\template\defaulttags.py", line 511, in render
    url = reverse(view_name, args=args, kwargs=kwargs, current_app=current_app)
          ^^^^^^^^^^^^^^^^^^^^^^^^^^^^^^^^^^^^^^^^^^^^^^^^^^^^^^^^^^^^^^^^^^^^^
  File "D:\APPS\Project\lumra\.venv\Lib\site-packages\django\urls\base.py", line 92, in reverse
    raise NoReverseMatch("%s is not a registered namespace" % key)
django.urls.exceptions.NoReverseMatch: 'marketing' is not a registered namespace
ERROR 2026-05-06 20:36:22,777 log 1364 21696 "GET /marketing/campaigns/ HTTP/1.1" 500 283821
INFO 2026-05-06 20:36:26,996 log 1364 21696 "GET /inventory/products/ HTTP/1.1" 302 0
ERROR 2026-05-06 20:36:28,141 log 1364 8268 Internal Server Error: /purchasing/
Traceback (most recent call last):
  File "D:\APPS\Project\lumra\.venv\Lib\site-packages\django\core\handlers\exception.py", line 55, in inner
    response = get_response(request)
               ^^^^^^^^^^^^^^^^^^^^^
  File "D:\APPS\Project\lumra\.venv\Lib\site-packages\django\core\handlers\base.py", line 198, in _get_response
    response = wrapped_callback(request, *callback_args, **callback_kwargs)
               ^^^^^^^^^^^^^^^^^^^^^^^^^^^^^^^^^^^^^^^^^^^^^^^^^^^^^^^^^^^^
  File "D:\APPS\Project\lumra\lumra_system\urls.py", line 19, in _callable
    return view(request, *args, **kwargs)
           ^^^^^^^^^^^^^^^^^^^^^^^^^^^^^^
  File "D:\APPS\Project\lumra\.venv\Lib\site-packages\django\contrib\auth\decorators.py", line 59, in _view_wrapper
    return view_func(request, *args, **kwargs)
           ^^^^^^^^^^^^^^^^^^^^^^^^^^^^^^^^^^^
  File "D:\APPS\Project\lumra\lumra_config\views\misc_views.py", line 267, in purchasing_view
    return render(request, "lumra_pages/purchasing/purchasing.html", context)
           ^^^^^^^^^^^^^^^^^^^^^^^^^^^^^^^^^^^^^^^^^^^^^^^^^^^^^^^^^^^^^^^^^^
  File "D:\APPS\Project\lumra\.venv\Lib\site-packages\django\shortcuts.py", line 25, in render
    content = loader.render_to_string(template_name, context, request, using=using)
              ^^^^^^^^^^^^^^^^^^^^^^^^^^^^^^^^^^^^^^^^^^^^^^^^^^^^^^^^^^^^^^^^^^^^^
  File "D:\APPS\Project\lumra\.venv\Lib\site-packages\django\template\loader.py", line 61, in render_to_string
    template = get_template(template_name, using=using)
               ^^^^^^^^^^^^^^^^^^^^^^^^^^^^^^^^^^^^^^^^
  File "D:\APPS\Project\lumra\.venv\Lib\site-packages\django\template\loader.py", line 15, in get_template
    return engine.get_template(template_name)
           ^^^^^^^^^^^^^^^^^^^^^^^^^^^^^^^^^^
  File "D:\APPS\Project\lumra\.venv\Lib\site-packages\django\template\backends\django.py", line 79, in get_template
    return Template(self.engine.get_template(template_name), self)
                    ^^^^^^^^^^^^^^^^^^^^^^^^^^^^^^^^^^^^^^^
  File "D:\APPS\Project\lumra\.venv\Lib\site-packages\django\template\engine.py", line 186, in get_template
    template, origin = self.find_template(template_name)
                       ^^^^^^^^^^^^^^^^^^^^^^^^^^^^^^^^^
  File "D:\APPS\Project\lumra\.venv\Lib\site-packages\django\template\engine.py", line 159, in find_template
    template = loader.get_template(name, skip=skip)
               ^^^^^^^^^^^^^^^^^^^^^^^^^^^^^^^^^^^^
  File "D:\APPS\Project\lumra\.venv\Lib\site-packages\django\template\loaders\cached.py", line 57, in get_template
    template = super().get_template(template_name, skip)
               ^^^^^^^^^^^^^^^^^^^^^^^^^^^^^^^^^^^^^^^^^
  File "D:\APPS\Project\lumra\.venv\Lib\site-packages\django\template\loaders\base.py", line 28, in get_template
    return Template(
           ^^^^^^^^^
  File "D:\APPS\Project\lumra\.venv\Lib\site-packages\django\template\base.py", line 157, in __init__
    self.nodelist = self.compile_nodelist()
                    ^^^^^^^^^^^^^^^^^^^^^^^
  File "D:\APPS\Project\lumra\.venv\Lib\site-packages\django\template\base.py", line 199, in compile_nodelist
    nodelist = parser.parse()
               ^^^^^^^^^^^^^^
  File "D:\APPS\Project\lumra\.venv\Lib\site-packages\django\template\base.py", line 585, in parse
    raise self.error(token, e)
  File "D:\APPS\Project\lumra\.venv\Lib\site-packages\django\template\base.py", line 583, in parse
    compiled_result = compile_func(self, token)
                      ^^^^^^^^^^^^^^^^^^^^^^^^^
  File "D:\APPS\Project\lumra\.venv\Lib\site-packages\django\template\loader_tags.py", line 307, in do_extends
    nodelist = parser.parse()
               ^^^^^^^^^^^^^^
  File "D:\APPS\Project\lumra\.venv\Lib\site-packages\django\template\base.py", line 585, in parse
    raise self.error(token, e)
  File "D:\APPS\Project\lumra\.venv\Lib\site-packages\django\template\base.py", line 583, in parse
    compiled_result = compile_func(self, token)
                      ^^^^^^^^^^^^^^^^^^^^^^^^^
  File "D:\APPS\Project\lumra\.venv\Lib\site-packages\django\template\loader_tags.py", line 235, in do_block
    nodelist = parser.parse(("endblock",))
               ^^^^^^^^^^^^^^^^^^^^^^^^^^^
  File "D:\APPS\Project\lumra\.venv\Lib\site-packages\django\template\base.py", line 585, in parse
    raise self.error(token, e)
  File "D:\APPS\Project\lumra\.venv\Lib\site-packages\django\template\base.py", line 583, in parse
    compiled_result = compile_func(self, token)
                      ^^^^^^^^^^^^^^^^^^^^^^^^^
  File "D:\APPS\Project\lumra\.venv\Lib\site-packages\django\template\defaulttags.py", line 894, in do_for
    nodelist_loop = parser.parse(
                    ^^^^^^^^^^^^^
  File "D:\APPS\Project\lumra\.venv\Lib\site-packages\django\template\base.py", line 556, in parse
    raise self.error(token, e)
  File "D:\APPS\Project\lumra\.venv\Lib\site-packages\django\template\base.py", line 554, in parse
    filter_expression = self.compile_filter(token.contents)
                        ^^^^^^^^^^^^^^^^^^^^^^^^^^^^^^^^^^^
  File "D:\APPS\Project\lumra\.venv\Lib\site-packages\django\template\base.py", line 676, in compile_filter
    return FilterExpression(token, self)
           ^^^^^^^^^^^^^^^^^^^^^^^^^^^^^
  File "D:\APPS\Project\lumra\.venv\Lib\site-packages\django\template\base.py", line 771, in __init__
    filter_func = parser.find_filter(filter_name)
                  ^^^^^^^^^^^^^^^^^^^^^^^^^^^^^^^
  File "D:\APPS\Project\lumra\.venv\Lib\site-packages\django\template\base.py", line 682, in find_filter
    raise TemplateSyntaxError("Invalid filter: '%s'" % filter_name)
django.template.exceptions.TemplateSyntaxError: Template: D:\APPS\Project\lumra\lumra_config\templates\lumra_pages\purchasing\purchasing.html, Invalid filter: 'intcomma'
INFO 2026-05-06 20:36:28,174 basehttp 1364 8268 - Broken pipe from ('127.0.0.1', 32138)
INFO 2026-05-06 20:36:35,624 log 1364 21696 "GET /master/products/ HTTP/1.1" 200 492390
WARNING 2026-05-06 20:36:35,736 log 1364 21696 "GET /static/images/default-avatar.png HTTP/1.1" 404 1889
INFO 2026-05-06 20:36:35,771 log 1364 21096 "GET /static/css/dist/styles.css?v=1778074595 HTTP/1.1" 200 399663
INFO 2026-05-06 20:38:21,827 log 1364 21096 "GET /locations/ HTTP/1.1" 200 80539
INFO 2026-05-06 20:38:21,919 log 1364 21096 "GET /static/css/dist/styles.css?v=1778074701 HTTP/1.1" 200 399663
INFO 2026-05-06 20:38:25,362 log 1364 21096 "GET /warehouse/zones/ HTTP/1.1" 200 461912
INFO 2026-05-06 20:38:25,507 log 1364 3736 "GET /static/css/dist/styles.css?v=1778074705 HTTP/1.1" 200 399663
INFO 2026-05-06 20:38:34,341 basehttp 1364 17560 - Broken pipe from ('127.0.0.1', 58527)
INFO 2026-05-06 20:38:34,375 basehttp 1364 21300 - Broken pipe from ('127.0.0.1', 19752)
INFO 2026-05-06 20:39:39,819 log 1364 3736 "GET /warehouse/zones/ HTTP/1.1" 200 461912
INFO 2026-05-06 20:39:39,910 log 1364 3736 "GET /static/css/dist/styles.css?v=1778074779 HTTP/1.1" 200 399663
INFO 2026-05-06 20:39:42,256 log 1364 3736 "GET /accounting/coa/ HTTP/1.1" 200 57182
INFO 2026-05-06 20:39:42,321 log 1364 3736 "GET /static/css/dist/styles.css?v=1778074782 HTTP/1.1" 200 399663
INFO 2026-05-06 20:40:13,565 log 1364 3736 "GET /locations/ HTTP/1.1" 200 80539
INFO 2026-05-06 20:40:13,681 log 1364 3736 "GET /static/css/dist/styles.css?v=1778074813 HTTP/1.1" 200 399663
INFO 2026-05-06 20:40:47,249 log 1364 3736 "GET /master/vendors/ HTTP/1.1" 200 101706
WARNING 2026-05-06 20:40:47,408 log 1364 21096 "GET /static/images/default-avatar.png HTTP/1.1" 404 1889
INFO 2026-05-06 20:40:47,896 log 1364 3736 "GET /static/css/dist/styles.css?v=1778074847 HTTP/1.1" 200 399663
WARNING 2026-05-06 20:40:55,606 log 1364 3736 Not Found: /master/taxes
WARNING 2026-05-06 20:40:55,606 log 1364 3736 "GET /master/taxes HTTP/1.1" 404 51449
INFO 2026-05-06 20:41:06,496 log 1364 3736 "GET /taxes HTTP/1.1" 301 0
ERROR 2026-05-06 20:41:06,684 log 1364 3736 Internal Server Error: /taxes/
Traceback (most recent call last):
  File "D:\APPS\Project\lumra\.venv\Lib\site-packages\django\core\handlers\exception.py", line 55, in inner
    response = get_response(request)
               ^^^^^^^^^^^^^^^^^^^^^
  File "D:\APPS\Project\lumra\.venv\Lib\site-packages\django\core\handlers\base.py", line 198, in _get_response
    response = wrapped_callback(request, *callback_args, **callback_kwargs)
               ^^^^^^^^^^^^^^^^^^^^^^^^^^^^^^^^^^^^^^^^^^^^^^^^^^^^^^^^^^^^
  File "D:\APPS\Project\lumra\lumra_system\urls.py", line 19, in _callable
    return view(request, *args, **kwargs)
           ^^^^^^^^^^^^^^^^^^^^^^^^^^^^^^
  File "D:\APPS\Project\lumra\.venv\Lib\site-packages\django\contrib\auth\decorators.py", line 59, in _view_wrapper
    return view_func(request, *args, **kwargs)
           ^^^^^^^^^^^^^^^^^^^^^^^^^^^^^^^^^^^
  File "D:\APPS\Project\lumra\lumra_config\views\master_data_extended_views.py", line 96, in tax_list
    return render(request, 'lumra_pages/master_data/tax_list.html', context)
           ^^^^^^^^^^^^^^^^^^^^^^^^^^^^^^^^^^^^^^^^^^^^^^^^^^^^^^^^^^^^^^^^^
  File "D:\APPS\Project\lumra\.venv\Lib\site-packages\django\shortcuts.py", line 25, in render
    content = loader.render_to_string(template_name, context, request, using=using)
              ^^^^^^^^^^^^^^^^^^^^^^^^^^^^^^^^^^^^^^^^^^^^^^^^^^^^^^^^^^^^^^^^^^^^^
  File "D:\APPS\Project\lumra\.venv\Lib\site-packages\django\template\loader.py", line 62, in render_to_string
    return template.render(context, request)
           ^^^^^^^^^^^^^^^^^^^^^^^^^^^^^^^^^
  File "D:\APPS\Project\lumra\.venv\Lib\site-packages\django\template\backends\django.py", line 107, in render
    return self.template.render(context)
           ^^^^^^^^^^^^^^^^^^^^^^^^^^^^^
  File "D:\APPS\Project\lumra\.venv\Lib\site-packages\django\template\base.py", line 174, in render
    return self._render(context)
           ^^^^^^^^^^^^^^^^^^^^^
  File "D:\APPS\Project\lumra\.venv\Lib\site-packages\django\test\utils.py", line 114, in instrumented_test_render
    return self.nodelist.render(context)
           ^^^^^^^^^^^^^^^^^^^^^^^^^^^^^
  File "D:\APPS\Project\lumra\.venv\Lib\site-packages\django\template\base.py", line 1091, in render
    return SafeString("".join([node.render_annotated(context) for node in self]))
                               ^^^^^^^^^^^^^^^^^^^^^^^^^^^^^^
  File "D:\APPS\Project\lumra\.venv\Lib\site-packages\django\template\base.py", line 1052, in render_annotated
    return self.render(context)
           ^^^^^^^^^^^^^^^^^^^^
  File "D:\APPS\Project\lumra\.venv\Lib\site-packages\django\template\loader_tags.py", line 160, in render
    return compiled_parent._render(context)
           ^^^^^^^^^^^^^^^^^^^^^^^^^^^^^^^^
  File "D:\APPS\Project\lumra\.venv\Lib\site-packages\django\test\utils.py", line 114, in instrumented_test_render
    return self.nodelist.render(context)
           ^^^^^^^^^^^^^^^^^^^^^^^^^^^^^
  File "D:\APPS\Project\lumra\.venv\Lib\site-packages\django\template\base.py", line 1091, in render
    return SafeString("".join([node.render_annotated(context) for node in self]))
                               ^^^^^^^^^^^^^^^^^^^^^^^^^^^^^^
  File "D:\APPS\Project\lumra\.venv\Lib\site-packages\django\template\base.py", line 1052, in render_annotated
    return self.render(context)
           ^^^^^^^^^^^^^^^^^^^^
  File "D:\APPS\Project\lumra\.venv\Lib\site-packages\django\template\loader_tags.py", line 66, in render
    result = block.nodelist.render(context)
             ^^^^^^^^^^^^^^^^^^^^^^^^^^^^^^
  File "D:\APPS\Project\lumra\.venv\Lib\site-packages\django\template\base.py", line 1091, in render
    return SafeString("".join([node.render_annotated(context) for node in self]))
                               ^^^^^^^^^^^^^^^^^^^^^^^^^^^^^^
  File "D:\APPS\Project\lumra\.venv\Lib\site-packages\django\template\base.py", line 1052, in render_annotated
    return self.render(context)
           ^^^^^^^^^^^^^^^^^^^^
  File "D:\APPS\Project\lumra\.venv\Lib\site-packages\django\template\defaulttags.py", line 333, in render
    return nodelist.render(context)
           ^^^^^^^^^^^^^^^^^^^^^^^^
  File "D:\APPS\Project\lumra\.venv\Lib\site-packages\django\template\base.py", line 1091, in render
    return SafeString("".join([node.render_annotated(context) for node in self]))
                               ^^^^^^^^^^^^^^^^^^^^^^^^^^^^^^
  File "D:\APPS\Project\lumra\.venv\Lib\site-packages\django\template\base.py", line 1052, in render_annotated
    return self.render(context)
           ^^^^^^^^^^^^^^^^^^^^
  File "D:\APPS\Project\lumra\.venv\Lib\site-packages\django\template\loader_tags.py", line 200, in render
    template = context.template.engine.select_template(template_name)
               ^^^^^^^^^^^^^^^^^^^^^^^^^^^^^^^^^^^^^^^^^^^^^^^^^^^^^^
  File "D:\APPS\Project\lumra\.venv\Lib\site-packages\django\template\engine.py", line 228, in select_template
    return self.get_template(template_name)
           ^^^^^^^^^^^^^^^^^^^^^^^^^^^^^^^^
  File "D:\APPS\Project\lumra\.venv\Lib\site-packages\django\template\engine.py", line 186, in get_template
    template, origin = self.find_template(template_name)
                       ^^^^^^^^^^^^^^^^^^^^^^^^^^^^^^^^^
  File "D:\APPS\Project\lumra\.venv\Lib\site-packages\django\template\engine.py", line 159, in find_template
    template = loader.get_template(name, skip=skip)
               ^^^^^^^^^^^^^^^^^^^^^^^^^^^^^^^^^^^^
  File "D:\APPS\Project\lumra\.venv\Lib\site-packages\django\template\loaders\cached.py", line 57, in get_template
    template = super().get_template(template_name, skip)
               ^^^^^^^^^^^^^^^^^^^^^^^^^^^^^^^^^^^^^^^^^
  File "D:\APPS\Project\lumra\.venv\Lib\site-packages\django\template\loaders\base.py", line 28, in get_template
    return Template(
           ^^^^^^^^^
  File "D:\APPS\Project\lumra\.venv\Lib\site-packages\django\template\base.py", line 157, in __init__
    self.nodelist = self.compile_nodelist()
                    ^^^^^^^^^^^^^^^^^^^^^^^
  File "D:\APPS\Project\lumra\.venv\Lib\site-packages\django\template\base.py", line 199, in compile_nodelist
    nodelist = parser.parse()
               ^^^^^^^^^^^^^^
  File "D:\APPS\Project\lumra\.venv\Lib\site-packages\django\template\base.py", line 585, in parse
    raise self.error(token, e)
  File "D:\APPS\Project\lumra\.venv\Lib\site-packages\django\template\base.py", line 583, in parse
    compiled_result = compile_func(self, token)
                      ^^^^^^^^^^^^^^^^^^^^^^^^^
  File "D:\APPS\Project\lumra\.venv\Lib\site-packages\django\template\defaulttags.py", line 894, in do_for
    nodelist_loop = parser.parse(
                    ^^^^^^^^^^^^^
  File "D:\APPS\Project\lumra\.venv\Lib\site-packages\django\template\base.py", line 585, in parse
    raise self.error(token, e)
  File "D:\APPS\Project\lumra\.venv\Lib\site-packages\django\template\base.py", line 583, in parse
    compiled_result = compile_func(self, token)
                      ^^^^^^^^^^^^^^^^^^^^^^^^^
  File "D:\APPS\Project\lumra\.venv\Lib\site-packages\django\template\defaulttags.py", line 894, in do_for
    nodelist_loop = parser.parse(
                    ^^^^^^^^^^^^^
  File "D:\APPS\Project\lumra\.venv\Lib\site-packages\django\template\base.py", line 556, in parse
    raise self.error(token, e)
  File "D:\APPS\Project\lumra\.venv\Lib\site-packages\django\template\base.py", line 554, in parse
    filter_expression = self.compile_filter(token.contents)
                        ^^^^^^^^^^^^^^^^^^^^^^^^^^^^^^^^^^^
  File "D:\APPS\Project\lumra\.venv\Lib\site-packages\django\template\base.py", line 676, in compile_filter
    return FilterExpression(token, self)
           ^^^^^^^^^^^^^^^^^^^^^^^^^^^^^
  File "D:\APPS\Project\lumra\.venv\Lib\site-packages\django\template\base.py", line 771, in __init__
    filter_func = parser.find_filter(filter_name)
                  ^^^^^^^^^^^^^^^^^^^^^^^^^^^^^^^
  File "D:\APPS\Project\lumra\.venv\Lib\site-packages\django\template\base.py", line 682, in find_filter
    raise TemplateSyntaxError("Invalid filter: '%s'" % filter_name)
django.template.exceptions.TemplateSyntaxError: Template: D:\APPS\Project\lumra\lumra_config\templates\base\partials\data_table.html, Invalid filter: 'get_item'
ERROR 2026-05-06 20:41:06,692 log 1364 3736 "GET /taxes/ HTTP/1.1" 500 436242
ERROR 2026-05-06 20:41:23,116 log 1364 3736 Internal Server Error: /taxes/
Traceback (most recent call last):
  File "D:\APPS\Project\lumra\.venv\Lib\site-packages\django\core\handlers\exception.py", line 55, in inner
    response = get_response(request)
               ^^^^^^^^^^^^^^^^^^^^^
  File "D:\APPS\Project\lumra\.venv\Lib\site-packages\django\core\handlers\base.py", line 198, in _get_response
    response = wrapped_callback(request, *callback_args, **callback_kwargs)
               ^^^^^^^^^^^^^^^^^^^^^^^^^^^^^^^^^^^^^^^^^^^^^^^^^^^^^^^^^^^^
  File "D:\APPS\Project\lumra\lumra_system\urls.py", line 19, in _callable
    return view(request, *args, **kwargs)
           ^^^^^^^^^^^^^^^^^^^^^^^^^^^^^^
  File "D:\APPS\Project\lumra\.venv\Lib\site-packages\django\contrib\auth\decorators.py", line 59, in _view_wrapper
    return view_func(request, *args, **kwargs)
           ^^^^^^^^^^^^^^^^^^^^^^^^^^^^^^^^^^^
  File "D:\APPS\Project\lumra\lumra_config\views\master_data_extended_views.py", line 96, in tax_list
    return render(request, 'lumra_pages/master_data/tax_list.html', context)
           ^^^^^^^^^^^^^^^^^^^^^^^^^^^^^^^^^^^^^^^^^^^^^^^^^^^^^^^^^^^^^^^^^
  File "D:\APPS\Project\lumra\.venv\Lib\site-packages\django\shortcuts.py", line 25, in render
    content = loader.render_to_string(template_name, context, request, using=using)
              ^^^^^^^^^^^^^^^^^^^^^^^^^^^^^^^^^^^^^^^^^^^^^^^^^^^^^^^^^^^^^^^^^^^^^
  File "D:\APPS\Project\lumra\.venv\Lib\site-packages\django\template\loader.py", line 62, in render_to_string
    return template.render(context, request)
           ^^^^^^^^^^^^^^^^^^^^^^^^^^^^^^^^^
  File "D:\APPS\Project\lumra\.venv\Lib\site-packages\django\template\backends\django.py", line 107, in render
    return self.template.render(context)
           ^^^^^^^^^^^^^^^^^^^^^^^^^^^^^
  File "D:\APPS\Project\lumra\.venv\Lib\site-packages\django\template\base.py", line 174, in render
    return self._render(context)
           ^^^^^^^^^^^^^^^^^^^^^
  File "D:\APPS\Project\lumra\.venv\Lib\site-packages\django\test\utils.py", line 114, in instrumented_test_render
    return self.nodelist.render(context)
           ^^^^^^^^^^^^^^^^^^^^^^^^^^^^^
  File "D:\APPS\Project\lumra\.venv\Lib\site-packages\django\template\base.py", line 1091, in render
    return SafeString("".join([node.render_annotated(context) for node in self]))
                               ^^^^^^^^^^^^^^^^^^^^^^^^^^^^^^
  File "D:\APPS\Project\lumra\.venv\Lib\site-packages\django\template\base.py", line 1052, in render_annotated
    return self.render(context)
           ^^^^^^^^^^^^^^^^^^^^
  File "D:\APPS\Project\lumra\.venv\Lib\site-packages\django\template\loader_tags.py", line 160, in render
    return compiled_parent._render(context)
           ^^^^^^^^^^^^^^^^^^^^^^^^^^^^^^^^
  File "D:\APPS\Project\lumra\.venv\Lib\site-packages\django\test\utils.py", line 114, in instrumented_test_render
    return self.nodelist.render(context)
           ^^^^^^^^^^^^^^^^^^^^^^^^^^^^^
  File "D:\APPS\Project\lumra\.venv\Lib\site-packages\django\template\base.py", line 1091, in render
    return SafeString("".join([node.render_annotated(context) for node in self]))
                               ^^^^^^^^^^^^^^^^^^^^^^^^^^^^^^
  File "D:\APPS\Project\lumra\.venv\Lib\site-packages\django\template\base.py", line 1052, in render_annotated
    return self.render(context)
           ^^^^^^^^^^^^^^^^^^^^
  File "D:\APPS\Project\lumra\.venv\Lib\site-packages\django\template\loader_tags.py", line 66, in render
    result = block.nodelist.render(context)
             ^^^^^^^^^^^^^^^^^^^^^^^^^^^^^^
  File "D:\APPS\Project\lumra\.venv\Lib\site-packages\django\template\base.py", line 1091, in render
    return SafeString("".join([node.render_annotated(context) for node in self]))
                               ^^^^^^^^^^^^^^^^^^^^^^^^^^^^^^
  File "D:\APPS\Project\lumra\.venv\Lib\site-packages\django\template\base.py", line 1052, in render_annotated
    return self.render(context)
           ^^^^^^^^^^^^^^^^^^^^
  File "D:\APPS\Project\lumra\.venv\Lib\site-packages\django\template\defaulttags.py", line 333, in render
    return nodelist.render(context)
           ^^^^^^^^^^^^^^^^^^^^^^^^
  File "D:\APPS\Project\lumra\.venv\Lib\site-packages\django\template\base.py", line 1091, in render
    return SafeString("".join([node.render_annotated(context) for node in self]))
                               ^^^^^^^^^^^^^^^^^^^^^^^^^^^^^^
  File "D:\APPS\Project\lumra\.venv\Lib\site-packages\django\template\base.py", line 1052, in render_annotated
    return self.render(context)
           ^^^^^^^^^^^^^^^^^^^^
  File "D:\APPS\Project\lumra\.venv\Lib\site-packages\django\template\loader_tags.py", line 200, in render
    template = context.template.engine.select_template(template_name)
               ^^^^^^^^^^^^^^^^^^^^^^^^^^^^^^^^^^^^^^^^^^^^^^^^^^^^^^
  File "D:\APPS\Project\lumra\.venv\Lib\site-packages\django\template\engine.py", line 228, in select_template
    return self.get_template(template_name)
           ^^^^^^^^^^^^^^^^^^^^^^^^^^^^^^^^
  File "D:\APPS\Project\lumra\.venv\Lib\site-packages\django\template\engine.py", line 186, in get_template
    template, origin = self.find_template(template_name)
                       ^^^^^^^^^^^^^^^^^^^^^^^^^^^^^^^^^
  File "D:\APPS\Project\lumra\.venv\Lib\site-packages\django\template\engine.py", line 159, in find_template
    template = loader.get_template(name, skip=skip)
               ^^^^^^^^^^^^^^^^^^^^^^^^^^^^^^^^^^^^
  File "D:\APPS\Project\lumra\.venv\Lib\site-packages\django\template\loaders\cached.py", line 57, in get_template
    template = super().get_template(template_name, skip)
               ^^^^^^^^^^^^^^^^^^^^^^^^^^^^^^^^^^^^^^^^^
  File "D:\APPS\Project\lumra\.venv\Lib\site-packages\django\template\loaders\base.py", line 28, in get_template
    return Template(
           ^^^^^^^^^
  File "D:\APPS\Project\lumra\.venv\Lib\site-packages\django\template\base.py", line 157, in __init__
    self.nodelist = self.compile_nodelist()
                    ^^^^^^^^^^^^^^^^^^^^^^^
  File "D:\APPS\Project\lumra\.venv\Lib\site-packages\django\template\base.py", line 199, in compile_nodelist
    nodelist = parser.parse()
               ^^^^^^^^^^^^^^
  File "D:\APPS\Project\lumra\.venv\Lib\site-packages\django\template\base.py", line 585, in parse
    raise self.error(token, e)
  File "D:\APPS\Project\lumra\.venv\Lib\site-packages\django\template\base.py", line 583, in parse
    compiled_result = compile_func(self, token)
                      ^^^^^^^^^^^^^^^^^^^^^^^^^
  File "D:\APPS\Project\lumra\.venv\Lib\site-packages\django\template\defaulttags.py", line 894, in do_for
    nodelist_loop = parser.parse(
                    ^^^^^^^^^^^^^
  File "D:\APPS\Project\lumra\.venv\Lib\site-packages\django\template\base.py", line 585, in parse
    raise self.error(token, e)
  File "D:\APPS\Project\lumra\.venv\Lib\site-packages\django\template\base.py", line 583, in parse
    compiled_result = compile_func(self, token)
                      ^^^^^^^^^^^^^^^^^^^^^^^^^
  File "D:\APPS\Project\lumra\.venv\Lib\site-packages\django\template\defaulttags.py", line 894, in do_for
    nodelist_loop = parser.parse(
                    ^^^^^^^^^^^^^
  File "D:\APPS\Project\lumra\.venv\Lib\site-packages\django\template\base.py", line 556, in parse
    raise self.error(token, e)
  File "D:\APPS\Project\lumra\.venv\Lib\site-packages\django\template\base.py", line 554, in parse
    filter_expression = self.compile_filter(token.contents)
                        ^^^^^^^^^^^^^^^^^^^^^^^^^^^^^^^^^^^
  File "D:\APPS\Project\lumra\.venv\Lib\site-packages\django\template\base.py", line 676, in compile_filter
    return FilterExpression(token, self)
           ^^^^^^^^^^^^^^^^^^^^^^^^^^^^^
  File "D:\APPS\Project\lumra\.venv\Lib\site-packages\django\template\base.py", line 771, in __init__
    filter_func = parser.find_filter(filter_name)
                  ^^^^^^^^^^^^^^^^^^^^^^^^^^^^^^^
  File "D:\APPS\Project\lumra\.venv\Lib\site-packages\django\template\base.py", line 682, in find_filter
    raise TemplateSyntaxError("Invalid filter: '%s'" % filter_name)
django.template.exceptions.TemplateSyntaxError: Template: D:\APPS\Project\lumra\lumra_config\templates\base\partials\data_table.html, Invalid filter: 'get_item'
ERROR 2026-05-06 20:41:23,130 log 1364 3736 "GET /taxes/ HTTP/1.1" 500 434962
INFO 2026-05-06 20:41:46,867 log 1364 3736 "GET /master/vendors/ HTTP/1.1" 200 76075
INFO 2026-05-06 20:41:46,955 log 1364 3736 "GET /static/css/dist/styles.css?v=1778074906 HTTP/1.1" 200 399663
INFO 2026-05-06 20:41:55,824 log 1364 3736 "GET /master/customers/ HTTP/1.1" 200 225706
INFO 2026-05-06 20:41:55,913 log 1364 3736 "GET /static/css/dist/styles.css?v=1778074915 HTTP/1.1" 200 399663
WARNING 2026-05-06 20:41:55,970 log 1364 3736 "GET /static/images/default-avatar.png HTTP/1.1" 404 1889
INFO 2026-05-06 20:43:41,510 log 1364 640 "GET /master/customers/ HTTP/1.1" 200 225706
WARNING 2026-05-06 20:43:41,608 log 1364 13820 "GET /static/images/default-avatar.png HTTP/1.1" 404 1889
INFO 2026-05-06 20:43:41,622 log 1364 640 "GET /static/css/dist/styles.css?v=1778075021 HTTP/1.1" 200 399663
INFO 2026-05-06 20:45:06,786 log 1364 640 "GET /master/customers/ HTTP/1.1" 200 204007
INFO 2026-05-06 20:45:06,924 log 1364 640 "GET /static/css/dist/styles.css?v=1778075106 HTTP/1.1" 200 399663
INFO 2026-05-06 21:02:24,755 log 1364 12644 "GET /master/customers/ HTTP/1.1" 200 205039
INFO 2026-05-06 21:02:24,891 log 1364 12644 "GET /static/css/dist/styles.css?v=1778076144 HTTP/1.1" 200 400473
INFO 2026-05-06 21:02:44,198 log 1364 12644 "GET /master/customers/ HTTP/1.1" 200 204007
INFO 2026-05-06 21:02:44,283 log 1364 21460 "GET /static/css/dist/styles.css?v=1778076164 HTTP/1.1" 200 400473
INFO 2026-05-06 21:03:08,730 log 1364 21460 "GET /master/customers/ HTTP/1.1" 200 204007
INFO 2026-05-06 21:03:08,812 log 1364 21460 "GET /static/css/dist/styles.css?v=1778076188 HTTP/1.1" 200 400473
INFO 2026-05-06 21:05:02,431 log 1364 15228 "GET /master/customers/ HTTP/1.1" 200 204007
INFO 2026-05-06 21:05:02,520 log 1364 15228 "GET /static/css/dist/styles.css?v=1778076302 HTTP/1.1" 200 400473
INFO 2026-05-06 21:05:04,106 log 1364 15228 "GET / HTTP/1.1" 200 58322
INFO 2026-05-06 21:05:04,175 log 1364 15228 "GET /static/css/dist/styles.css?v=1778076304 HTTP/1.1" 200 400473
INFO 2026-05-06 21:05:19,760 log 1364 14484 "GET /master/categories/ HTTP/1.1" 200 73845
INFO 2026-05-06 21:05:19,862 log 1364 14484 "GET /static/css/dist/styles.css?v=1778076319 HTTP/1.1" 200 400473
INFO 2026-05-06 21:05:23,210 log 1364 14484 "GET /master/customers/ HTTP/1.1" 200 204007
INFO 2026-05-06 21:05:23,288 log 1364 14484 "GET /static/css/dist/styles.css?v=1778076323 HTTP/1.1" 200 400473
INFO 2026-05-06 21:05:26,235 log 1364 21804 "GET /settings/ HTTP/1.1" 200 51559
INFO 2026-05-06 21:05:26,294 log 1364 21804 "GET /static/css/dist/styles.css?v=1778076326 HTTP/1.1" 200 400473
INFO 2026-05-06 21:05:27,782 log 1364 21804 "GET /settings/business/ HTTP/1.1" 200 52974
INFO 2026-05-06 21:05:27,845 log 1364 21804 "GET /static/css/dist/styles.css?v=1778076327 HTTP/1.1" 200 400473
INFO 2026-05-06 21:05:31,451 log 1364 21804 "GET /settings/business/roles/ HTTP/1.1" 200 81808
INFO 2026-05-06 21:05:31,528 log 1364 21804 "GET /static/css/dist/styles.css?v=1778076331 HTTP/1.1" 200 400473
INFO 2026-05-06 21:06:15,045 log 1364 21804 "GET /settings/ HTTP/1.1" 200 85008
INFO 2026-05-06 21:06:15,138 log 1364 21804 "GET /static/css/dist/styles.css?v=1778076374 HTTP/1.1" 200 400473
INFO 2026-05-06 21:06:15,349 log 1364 21804 "GET /static/img/default-avatar.png HTTP/1.1" 200 166
INFO 2026-05-06 21:06:24,293 log 1364 21804 "GET /settings/ HTTP/1.1" 200 51559
INFO 2026-05-06 21:06:24,397 log 1364 21804 "GET /static/css/dist/styles.css?v=1778076383 HTTP/1.1" 200 400473
INFO 2026-05-06 21:06:50,756 log 1364 21804 "GET /settings/ HTTP/1.1" 200 51559
INFO 2026-05-06 21:06:50,854 log 1364 21804 "GET /static/css/dist/styles.css?v=1778076410 HTTP/1.1" 200 400473
INFO 2026-05-06 21:06:54,203 log 1364 21804 "GET /settings/ HTTP/1.1" 200 51559
INFO 2026-05-06 21:06:54,272 log 1364 21804 "GET /static/css/dist/styles.css?v=1778076414 HTTP/1.1" 200 400473
INFO 2026-05-06 21:07:06,176 basehttp 1364 15228 - Broken pipe from ('127.0.0.1', 62167)
INFO 2026-05-06 21:07:16,419 log 1364 21804 "GET /settings/ HTTP/1.1" 200 88831
INFO 2026-05-06 21:07:16,503 log 1364 21804 "GET /static/css/dist/styles.css?v=1778076436 HTTP/1.1" 200 400473
INFO 2026-05-06 21:07:35,277 basehttp 1364 14484 - Broken pipe from ('127.0.0.1', 49322)
INFO 2026-05-06 21:13:29,918 log 1364 11500 "GET /settings/ HTTP/1.1" 200 81249
INFO 2026-05-06 21:13:30,019 log 1364 11500 "GET /static/css/dist/styles.css?v=1778076809 HTTP/1.1" 200 406412
INFO 2026-05-06 21:21:40,842 log 1364 20052 "GET /settings/ HTTP/1.1" 200 92411
INFO 2026-05-06 21:21:40,999 log 1364 20052 "GET /static/css/dist/styles.css?v=1778077300 HTTP/1.1" 200 406412
INFO 2026-05-06 21:21:55,584 log 1364 20052 "GET / HTTP/1.1" 200 99174
INFO 2026-05-06 21:21:56,344 log 1364 20052 "GET /static/css/dist/styles.css?v=1778077315 HTTP/1.1" 200 406412
INFO 2026-05-06 21:22:08,452 log 1364 12088 "GET /settings/ HTTP/1.1" 200 92411
INFO 2026-05-06 21:22:08,533 log 1364 12088 "GET /static/css/dist/styles.css?v=1778077328 HTTP/1.1" 200 406412
INFO 2026-05-06 21:22:11,123 log 1364 12088 "GET /profile/ HTTP/1.1" 200 117568
INFO 2026-05-06 21:22:11,202 log 1364 12088 "GET /static/css/dist/styles.css?v=1778077331 HTTP/1.1" 200 406412
WARNING 2026-05-06 21:22:11,583 log 1364 12088 Not Found: /profile/[object HTMLImageElement]
WARNING 2026-05-06 21:22:11,586 log 1364 12088 "GET /profile/[object%20HTMLImageElement] HTTP/1.1" 404 51518
INFO 2026-05-06 21:22:28,084 log 1364 12620 "GET /accounting/coa/ HTTP/1.1" 200 98034
INFO 2026-05-06 21:22:28,497 log 1364 12620 "GET /static/css/dist/styles.css?v=1778077348 HTTP/1.1" 200 406412
INFO 2026-05-06 21:22:37,022 log 1364 12620 "GET /accounting/ledger/ HTTP/1.1" 200 102324
INFO 2026-05-06 21:22:37,638 log 1364 20220 "GET /inventory/overview/ HTTP/1.1" 200 512949
INFO 2026-05-06 21:22:37,686 log 1364 12620 "GET /static/css/dist/styles.css?v=1778077356 HTTP/1.1" 200 406412
ERROR 2026-05-06 21:22:39,532 log 1364 20220 Internal Server Error: /accounting/journal/
Traceback (most recent call last):
  File "D:\APPS\Project\lumra\.venv\Lib\site-packages\django\core\handlers\exception.py", line 55, in inner
    response = get_response(request)
               ^^^^^^^^^^^^^^^^^^^^^
  File "D:\APPS\Project\lumra\.venv\Lib\site-packages\django\core\handlers\base.py", line 198, in _get_response
    response = wrapped_callback(request, *callback_args, **callback_kwargs)
               ^^^^^^^^^^^^^^^^^^^^^^^^^^^^^^^^^^^^^^^^^^^^^^^^^^^^^^^^^^^^
  File "D:\APPS\Project\lumra\lumra_system\urls.py", line 19, in _callable
    return view(request, *args, **kwargs)
           ^^^^^^^^^^^^^^^^^^^^^^^^^^^^^^
  File "D:\APPS\Project\lumra\.venv\Lib\site-packages\django\contrib\auth\decorators.py", line 59, in _view_wrapper
    return view_func(request, *args, **kwargs)
           ^^^^^^^^^^^^^^^^^^^^^^^^^^^^^^^^^^^
  File "D:\APPS\Project\lumra\lumra_config\views\accounting_views.py", line 242, in journal_entry_list
    paginator = Paginator(journals, per_page)
                ^^^^^^^^^
NameError: name 'Paginator' is not defined
ERROR 2026-05-06 21:22:39,720 log 1364 20220 "GET /accounting/journal/ HTTP/1.1" 500 95947
INFO 2026-05-06 21:22:45,171 log 1364 20220 "GET /accounting/ledger/?account=58&period=2026-05 HTTP/1.1" 200 102331
INFO 2026-05-06 21:22:45,349 log 1364 20220 "GET /static/css/dist/styles.css?v=1778077365 HTTP/1.1" 200 406412
WARNING 2026-05-06 21:23:02,208 log 1364 20220 Not Found: /.well-known/appspecific/com.chrome.devtools.json
WARNING 2026-05-06 21:23:02,346 log 1364 20220 "GET /.well-known/appspecific/com.chrome.devtools.json HTTP/1.1" 404 51557
WARNING 2026-05-06 21:23:36,065 log 1364 20220 Not Found: /.well-known/appspecific/com.chrome.devtools.json
WARNING 2026-05-06 21:23:36,126 log 1364 20220 "GET /.well-known/appspecific/com.chrome.devtools.json HTTP/1.1" 404 51557
INFO 2026-05-06 21:27:54,692 log 1364 20220 "GET /accounting/ledger/?account=66&period=2026-05 HTTP/1.1" 200 102329
INFO 2026-05-06 21:27:55,526 log 1364 20220 "GET /static/css/dist/styles.css?v=1778077674 HTTP/1.1" 200 406412
INFO 2026-05-06 21:28:22,319 log 1364 20220 "GET /warehouse/zones/ HTTP/1.1" 200 502764
INFO 2026-05-06 21:28:23,033 log 1364 20220 "GET /static/css/dist/styles.css?v=1778077701 HTTP/1.1" 200 406412
ERROR 2026-05-06 21:28:29,654 log 1364 20220 Internal Server Error: /marketing/campaigns/
Traceback (most recent call last):
  File "D:\APPS\Project\lumra\.venv\Lib\site-packages\django\urls\base.py", line 81, in reverse
    extra, resolver = resolver.namespace_dict[ns]
                      ~~~~~~~~~~~~~~~~~~~~~~~^^^^
KeyError: 'marketing'

During handling of the above exception, another exception occurred:

Traceback (most recent call last):
  File "D:\APPS\Project\lumra\.venv\Lib\site-packages\django\core\handlers\exception.py", line 55, in inner
    response = get_response(request)
               ^^^^^^^^^^^^^^^^^^^^^
  File "D:\APPS\Project\lumra\.venv\Lib\site-packages\django\core\handlers\base.py", line 198, in _get_response
    response = wrapped_callback(request, *callback_args, **callback_kwargs)
               ^^^^^^^^^^^^^^^^^^^^^^^^^^^^^^^^^^^^^^^^^^^^^^^^^^^^^^^^^^^^
  File "D:\APPS\Project\lumra\lumra_system\urls.py", line 19, in _callable
    return view(request, *args, **kwargs)
           ^^^^^^^^^^^^^^^^^^^^^^^^^^^^^^
  File "D:\APPS\Project\lumra\.venv\Lib\site-packages\django\contrib\auth\decorators.py", line 59, in _view_wrapper
    return view_func(request, *args, **kwargs)
           ^^^^^^^^^^^^^^^^^^^^^^^^^^^^^^^^^^^
  File "D:\APPS\Project\lumra\lumra_config\views\misc_views.py", line 896, in campaign_list_view
    return render(request, "lumra_pages/marketing/campaign_list.html", context)
           ^^^^^^^^^^^^^^^^^^^^^^^^^^^^^^^^^^^^^^^^^^^^^^^^^^^^^^^^^^^^^^^^^^^^
  File "D:\APPS\Project\lumra\.venv\Lib\site-packages\django\shortcuts.py", line 25, in render
    content = loader.render_to_string(template_name, context, request, using=using)
              ^^^^^^^^^^^^^^^^^^^^^^^^^^^^^^^^^^^^^^^^^^^^^^^^^^^^^^^^^^^^^^^^^^^^^
  File "D:\APPS\Project\lumra\.venv\Lib\site-packages\django\template\loader.py", line 62, in render_to_string
    return template.render(context, request)
           ^^^^^^^^^^^^^^^^^^^^^^^^^^^^^^^^^
  File "D:\APPS\Project\lumra\.venv\Lib\site-packages\django\template\backends\django.py", line 107, in render
    return self.template.render(context)
           ^^^^^^^^^^^^^^^^^^^^^^^^^^^^^
  File "D:\APPS\Project\lumra\.venv\Lib\site-packages\django\template\base.py", line 174, in render
    return self._render(context)
           ^^^^^^^^^^^^^^^^^^^^^
  File "D:\APPS\Project\lumra\.venv\Lib\site-packages\django\test\utils.py", line 114, in instrumented_test_render
    return self.nodelist.render(context)
           ^^^^^^^^^^^^^^^^^^^^^^^^^^^^^
  File "D:\APPS\Project\lumra\.venv\Lib\site-packages\django\template\base.py", line 1091, in render
    return SafeString("".join([node.render_annotated(context) for node in self]))
                               ^^^^^^^^^^^^^^^^^^^^^^^^^^^^^^
  File "D:\APPS\Project\lumra\.venv\Lib\site-packages\django\template\base.py", line 1052, in render_annotated
    return self.render(context)
           ^^^^^^^^^^^^^^^^^^^^
  File "D:\APPS\Project\lumra\.venv\Lib\site-packages\django\template\loader_tags.py", line 160, in render
    return compiled_parent._render(context)
           ^^^^^^^^^^^^^^^^^^^^^^^^^^^^^^^^
  File "D:\APPS\Project\lumra\.venv\Lib\site-packages\django\test\utils.py", line 114, in instrumented_test_render
    return self.nodelist.render(context)
           ^^^^^^^^^^^^^^^^^^^^^^^^^^^^^
  File "D:\APPS\Project\lumra\.venv\Lib\site-packages\django\template\base.py", line 1091, in render
    return SafeString("".join([node.render_annotated(context) for node in self]))
                               ^^^^^^^^^^^^^^^^^^^^^^^^^^^^^^
  File "D:\APPS\Project\lumra\.venv\Lib\site-packages\django\template\base.py", line 1052, in render_annotated
    return self.render(context)
           ^^^^^^^^^^^^^^^^^^^^
  File "D:\APPS\Project\lumra\.venv\Lib\site-packages\django\template\loader_tags.py", line 66, in render
    result = block.nodelist.render(context)
             ^^^^^^^^^^^^^^^^^^^^^^^^^^^^^^
  File "D:\APPS\Project\lumra\.venv\Lib\site-packages\django\template\base.py", line 1091, in render
    return SafeString("".join([node.render_annotated(context) for node in self]))
                               ^^^^^^^^^^^^^^^^^^^^^^^^^^^^^^
  File "D:\APPS\Project\lumra\.venv\Lib\site-packages\django\template\base.py", line 1052, in render_annotated
    return self.render(context)
           ^^^^^^^^^^^^^^^^^^^^
  File "D:\APPS\Project\lumra\.venv\Lib\site-packages\django\template\defaulttags.py", line 511, in render
    url = reverse(view_name, args=args, kwargs=kwargs, current_app=current_app)
          ^^^^^^^^^^^^^^^^^^^^^^^^^^^^^^^^^^^^^^^^^^^^^^^^^^^^^^^^^^^^^^^^^^^^^
  File "D:\APPS\Project\lumra\.venv\Lib\site-packages\django\urls\base.py", line 92, in reverse
    raise NoReverseMatch("%s is not a registered namespace" % key)
django.urls.exceptions.NoReverseMatch: 'marketing' is not a registered namespace
ERROR 2026-05-06 21:28:30,065 log 1364 20220 "GET /marketing/campaigns/ HTTP/1.1" 500 283827
INFO 2026-05-06 21:29:43,316 log 1364 20220 "GET /marketing/loyalty/ HTTP/1.1" 200 2030798
INFO 2026-05-06 21:29:44,041 log 1364 20220 "GET /static/css/dist/styles.css?v=1778077778 HTTP/1.1" 200 406412
ERROR 2026-05-06 21:29:57,474 log 1364 20220 Internal Server Error: /marketing/discounts/
Traceback (most recent call last):
  File "D:\APPS\Project\lumra\.venv\Lib\site-packages\django\core\handlers\exception.py", line 55, in inner
    response = get_response(request)
               ^^^^^^^^^^^^^^^^^^^^^
  File "D:\APPS\Project\lumra\.venv\Lib\site-packages\django\core\handlers\base.py", line 198, in _get_response
    response = wrapped_callback(request, *callback_args, **callback_kwargs)
               ^^^^^^^^^^^^^^^^^^^^^^^^^^^^^^^^^^^^^^^^^^^^^^^^^^^^^^^^^^^^
  File "D:\APPS\Project\lumra\lumra_system\urls.py", line 19, in _callable
    return view(request, *args, **kwargs)
           ^^^^^^^^^^^^^^^^^^^^^^^^^^^^^^
  File "D:\APPS\Project\lumra\.venv\Lib\site-packages\django\contrib\auth\decorators.py", line 59, in _view_wrapper
    return view_func(request, *args, **kwargs)
           ^^^^^^^^^^^^^^^^^^^^^^^^^^^^^^^^^^^
  File "D:\APPS\Project\lumra\lumra_config\views\misc_views.py", line 955, in discount_list_view
    return render(request, "lumra_pages/marketing/discount.html", context)
           ^^^^^^^^^^^^^^^^^^^^^^^^^^^^^^^^^^^^^^^^^^^^^^^^^^^^^^^^^^^^^^^
  File "D:\APPS\Project\lumra\.venv\Lib\site-packages\django\shortcuts.py", line 25, in render
    content = loader.render_to_string(template_name, context, request, using=using)
              ^^^^^^^^^^^^^^^^^^^^^^^^^^^^^^^^^^^^^^^^^^^^^^^^^^^^^^^^^^^^^^^^^^^^^
  File "D:\APPS\Project\lumra\.venv\Lib\site-packages\django\template\loader.py", line 61, in render_to_string
    template = get_template(template_name, using=using)
               ^^^^^^^^^^^^^^^^^^^^^^^^^^^^^^^^^^^^^^^^
  File "D:\APPS\Project\lumra\.venv\Lib\site-packages\django\template\loader.py", line 19, in get_template
    raise TemplateDoesNotExist(template_name, chain=chain)
django.template.exceptions.TemplateDoesNotExist: lumra_pages/marketing/discount.html
ERROR 2026-05-06 21:29:57,749 log 1364 20220 "GET /marketing/discounts/ HTTP/1.1" 500 117885
INFO 2026-05-06 21:30:02,871 log 1364 20220 "GET /master/categories/ HTTP/1.1" 200 114697
INFO 2026-05-06 21:30:04,251 log 1364 20220 "GET /static/css/dist/styles.css?v=1778077802 HTTP/1.1" 200 406412
INFO 2026-05-06 21:30:09,512 log 1364 20220 "GET /inventory/products/ HTTP/1.1" 302 0
INFO 2026-05-06 21:30:22,809 log 1364 20220 "GET /master/products/ HTTP/1.1" 200 512949
INFO 2026-05-06 21:30:23,493 log 1364 20220 "GET /static/css/dist/styles.css?v=1778077821 HTTP/1.1" 200 406412
INFO 2026-05-06 21:30:51,033 log 1364 20220 "GET /master/products/?q=&category=&stock=&status=&page_size=50&page=3 HTTP/1.1" 200 513377
INFO 2026-05-06 21:30:52,042 log 1364 20024 "GET /static/css/dist/styles.css?v=1778077850 HTTP/1.1" 200 406412
INFO 2026-05-06 21:31:01,046 basehttp 1364 12088 - Broken pipe from ('127.0.0.1', 32352)
INFO 2026-05-06 21:31:01,046 basehttp 1364 20052 - Broken pipe from ('127.0.0.1', 8057)
INFO 2026-05-06 22:40:59,454 autoreload 20256 17384 Watching for file changes with StatReloader
INFO 2026-05-06 22:41:06,170 log 20256 536 "GET / HTTP/1.1" 200 99069
INFO 2026-05-06 22:41:06,319 log 20256 536 "GET /static/css/dist/styles.css?v=1778082066 HTTP/1.1" 200 401843
WARNING 2026-05-06 22:41:08,623 log 20256 10452 Not Found: /favicon.ico
WARNING 2026-05-06 22:41:08,736 log 20256 10452 "GET /favicon.ico HTTP/1.1" 404 51446
INFO 2026-05-06 22:43:34,133 log 20256 4960 "GET / HTTP/1.1" 200 99196
INFO 2026-05-06 22:43:34,287 log 20256 4960 "GET /static/css/dist/styles.css?v=1778082213 HTTP/1.1" 200 401843
INFO 2026-05-06 22:43:42,549 log 20256 15236 "GET / HTTP/1.1" 200 99069
INFO 2026-05-06 22:43:42,657 log 20256 15236 "GET /static/css/dist/styles.css?v=1778082222 HTTP/1.1" 200 401843
INFO 2026-05-06 22:44:14,434 log 20256 15152 "GET / HTTP/1.1" 200 99127
INFO 2026-05-06 22:44:14,558 log 20256 15152 "GET /static/css/dist/styles.css?v=1778082254 HTTP/1.1" 200 401843
INFO 2026-05-06 22:44:28,199 log 20256 20900 "GET / HTTP/1.1" 200 99069
INFO 2026-05-06 22:44:28,380 log 20256 20900 "GET /static/css/dist/styles.css?v=1778082268 HTTP/1.1" 200 401843
INFO 2026-05-06 22:45:00,295 basehttp 20256 536 - Broken pipe from ('127.0.0.1', 63591)
INFO 2026-05-06 22:45:00,347 basehttp 20256 10452 - Broken pipe from ('127.0.0.1', 7938)
INFO 2026-05-06 22:46:28,217 basehttp 20256 15236 - Broken pipe from ('127.0.0.1', 2467)
INFO 2026-05-06 22:46:28,219 basehttp 20256 4960 - Broken pipe from ('127.0.0.1', 48056)
INFO 2026-05-06 22:46:50,089 basehttp 20256 9904 - Broken pipe from ('127.0.0.1', 3747)
INFO 2026-05-06 22:46:54,951 basehttp 20256 15152 - Broken pipe from ('127.0.0.1', 10142)
INFO 2026-05-06 22:46:58,575 log 20256 20900 "GET /api/dashboard/data/ HTTP/1.1" 200 1054
INFO 2026-05-06 22:47:01,502 log 20256 16016 "GET /api/dashboard/data/ HTTP/1.1" 200 1054
INFO 2026-05-06 22:47:42,700 log 20256 16016 "GET / HTTP/1.1" 200 99204
INFO 2026-05-06 22:47:42,788 log 20256 16016 "GET /static/css/dist/styles.css?v=1778082462 HTTP/1.1" 200 401843
INFO 2026-05-06 22:48:00,482 log 20256 20900 "GET / HTTP/1.1" 200 99204
INFO 2026-05-06 22:48:00,628 log 20256 20900 "GET /static/css/dist/styles.css?v=1778082480 HTTP/1.1" 200 401843
INFO 2026-05-06 22:48:16,636 log 20256 11684 "GET / HTTP/1.1" 200 99196
INFO 2026-05-06 22:48:16,767 log 20256 11684 "GET /static/css/dist/styles.css?v=1778082496 HTTP/1.1" 200 401843
INFO 2026-05-06 22:48:23,425 log 20256 7948 "GET / HTTP/1.1" 200 99200
INFO 2026-05-06 22:48:23,567 log 20256 7948 "GET /static/css/dist/styles.css?v=1778082503 HTTP/1.1" 200 401843
INFO 2026-05-06 22:48:57,926 log 20256 19832 "GET / HTTP/1.1" 200 99200
INFO 2026-05-06 22:48:58,141 log 20256 19832 "GET /static/css/dist/styles.css?v=1778082537 HTTP/1.1" 200 401843
INFO 2026-05-06 22:49:32,454 log 20256 16732 "GET / HTTP/1.1" 200 99077
INFO 2026-05-06 22:49:32,575 log 20256 16732 "GET /static/css/dist/styles.css?v=1778082572 HTTP/1.1" 200 401843
INFO 2026-05-06 22:50:38,160 log 20256 16216 "GET / HTTP/1.1" 200 99077
INFO 2026-05-06 22:50:38,266 log 20256 16216 "GET /static/css/dist/styles.css?v=1778082638 HTTP/1.1" 200 401843
INFO 2026-05-06 22:51:06,731 log 20256 20924 "GET / HTTP/1.1" 200 99077
INFO 2026-05-06 22:51:06,879 log 20256 20924 "GET /static/css/dist/styles.css?v=1778082666 HTTP/1.1" 200 401843
INFO 2026-05-06 22:52:26,329 basehttp 20256 16016 - Broken pipe from ('127.0.0.1', 52646)
INFO 2026-05-06 22:52:50,917 basehttp 20256 7948 - Broken pipe from ('127.0.0.1', 51585)
INFO 2026-05-06 22:52:50,944 basehttp 20256 11684 - Broken pipe from ('127.0.0.1', 52412)
INFO 2026-05-06 22:52:51,251 basehttp 20256 20900 - Broken pipe from ('127.0.0.1', 9483)
INFO 2026-05-06 22:52:51,666 log 20256 20284 "GET / HTTP/1.1" 200 99077
INFO 2026-05-06 22:52:51,773 log 20256 20284 "GET /static/css/dist/styles.css?v=1778082771 HTTP/1.1" 200 401843
INFO 2026-05-07 14:55:47,318 autoreload 21780 2424 Watching for file changes with StatReloader
INFO 2026-05-07 14:55:50,945 log 21780 15896 "GET / HTTP/1.1" 200 99077
INFO 2026-05-07 14:55:51,206 log 21780 15896 "GET /static/css/dist/styles.css?v=1778140550 HTTP/1.1" 200 401843
WARNING 2026-05-07 14:55:53,124 log 21780 15168 Not Found: /favicon.ico
WARNING 2026-05-07 14:55:53,138 log 21780 15168 "GET /favicon.ico HTTP/1.1" 404 51446
INFO 2026-05-07 14:56:05,547 log 21780 15168 "GET /locations/ HTTP/1.1" 200 121294
INFO 2026-05-07 14:56:05,699 log 21780 15168 "GET /static/css/dist/styles.css?v=1778140565 HTTP/1.1" 200 401843
INFO 2026-05-07 20:36:39,788 autoreload 13172 20948 Watching for file changes with StatReloader
ERROR 2026-05-07 20:36:42,808 log 13172 14520 Internal Server Error: /
Traceback (most recent call last):
  File "D:\APPS\Project\lumra\.venv\Lib\site-packages\django\core\handlers\exception.py", line 55, in inner
    response = get_response(request)
               ^^^^^^^^^^^^^^^^^^^^^
  File "D:\APPS\Project\lumra\.venv\Lib\site-packages\django\core\handlers\base.py", line 198, in _get_response
    response = wrapped_callback(request, *callback_args, **callback_kwargs)
               ^^^^^^^^^^^^^^^^^^^^^^^^^^^^^^^^^^^^^^^^^^^^^^^^^^^^^^^^^^^^
  File "D:\APPS\Project\lumra\lumra_system\urls.py", line 19, in _callable
    return view(request, *args, **kwargs)
           ^^^^^^^^^^^^^^^^^^^^^^^^^^^^^^
  File "D:\APPS\Project\lumra\.venv\Lib\site-packages\django\contrib\auth\decorators.py", line 59, in _view_wrapper
    return view_func(request, *args, **kwargs)
           ^^^^^^^^^^^^^^^^^^^^^^^^^^^^^^^^^^^
  File "D:\APPS\Project\lumra\lumra_config\views\dashboard_views.py", line 463, in dashboard_view
    return render(request, "lumra_pages/sales_insight/dashboard.html", context)
           ^^^^^^^^^^^^^^^^^^^^^^^^^^^^^^^^^^^^^^^^^^^^^^^^^^^^^^^^^^^^^^^^^^^^
  File "D:\APPS\Project\lumra\.venv\Lib\site-packages\django\shortcuts.py", line 25, in render
    content = loader.render_to_string(template_name, context, request, using=using)
              ^^^^^^^^^^^^^^^^^^^^^^^^^^^^^^^^^^^^^^^^^^^^^^^^^^^^^^^^^^^^^^^^^^^^^
  File "D:\APPS\Project\lumra\.venv\Lib\site-packages\django\template\loader.py", line 62, in render_to_string
    return template.render(context, request)
           ^^^^^^^^^^^^^^^^^^^^^^^^^^^^^^^^^
  File "D:\APPS\Project\lumra\.venv\Lib\site-packages\django\template\backends\django.py", line 107, in render
    return self.template.render(context)
           ^^^^^^^^^^^^^^^^^^^^^^^^^^^^^
  File "D:\APPS\Project\lumra\.venv\Lib\site-packages\django\template\base.py", line 174, in render
    return self._render(context)
           ^^^^^^^^^^^^^^^^^^^^^
  File "D:\APPS\Project\lumra\.venv\Lib\site-packages\django\test\utils.py", line 114, in instrumented_test_render
    return self.nodelist.render(context)
           ^^^^^^^^^^^^^^^^^^^^^^^^^^^^^
  File "D:\APPS\Project\lumra\.venv\Lib\site-packages\django\template\base.py", line 1091, in render
    return SafeString("".join([node.render_annotated(context) for node in self]))
                               ^^^^^^^^^^^^^^^^^^^^^^^^^^^^^^
  File "D:\APPS\Project\lumra\.venv\Lib\site-packages\django\template\base.py", line 1052, in render_annotated
    return self.render(context)
           ^^^^^^^^^^^^^^^^^^^^
  File "D:\APPS\Project\lumra\.venv\Lib\site-packages\django\template\loader_tags.py", line 160, in render
    return compiled_parent._render(context)
           ^^^^^^^^^^^^^^^^^^^^^^^^^^^^^^^^
  File "D:\APPS\Project\lumra\.venv\Lib\site-packages\django\test\utils.py", line 114, in instrumented_test_render
    return self.nodelist.render(context)
           ^^^^^^^^^^^^^^^^^^^^^^^^^^^^^
  File "D:\APPS\Project\lumra\.venv\Lib\site-packages\django\template\base.py", line 1091, in render
    return SafeString("".join([node.render_annotated(context) for node in self]))
                               ^^^^^^^^^^^^^^^^^^^^^^^^^^^^^^
  File "D:\APPS\Project\lumra\.venv\Lib\site-packages\django\template\base.py", line 1052, in render_annotated
    return self.render(context)
           ^^^^^^^^^^^^^^^^^^^^
  File "D:\APPS\Project\lumra\.venv\Lib\site-packages\django\template\loader_tags.py", line 211, in render
    return template.render(context)
           ^^^^^^^^^^^^^^^^^^^^^^^^
  File "D:\APPS\Project\lumra\.venv\Lib\site-packages\django\template\base.py", line 176, in render
    return self._render(context)
           ^^^^^^^^^^^^^^^^^^^^^
  File "D:\APPS\Project\lumra\.venv\Lib\site-packages\django\test\utils.py", line 114, in instrumented_test_render
    return self.nodelist.render(context)
           ^^^^^^^^^^^^^^^^^^^^^^^^^^^^^
  File "D:\APPS\Project\lumra\.venv\Lib\site-packages\django\template\base.py", line 1091, in render
    return SafeString("".join([node.render_annotated(context) for node in self]))
                               ^^^^^^^^^^^^^^^^^^^^^^^^^^^^^^
  File "D:\APPS\Project\lumra\.venv\Lib\site-packages\django\template\base.py", line 1052, in render_annotated
    return self.render(context)
           ^^^^^^^^^^^^^^^^^^^^
  File "D:\APPS\Project\lumra\.venv\Lib\site-packages\django\template\defaulttags.py", line 511, in render
    url = reverse(view_name, args=args, kwargs=kwargs, current_app=current_app)
          ^^^^^^^^^^^^^^^^^^^^^^^^^^^^^^^^^^^^^^^^^^^^^^^^^^^^^^^^^^^^^^^^^^^^^
  File "D:\APPS\Project\lumra\.venv\Lib\site-packages\django\urls\base.py", line 98, in reverse
    resolved_url = resolver._reverse_with_prefix(view, prefix, *args, **kwargs)
                   ^^^^^^^^^^^^^^^^^^^^^^^^^^^^^^^^^^^^^^^^^^^^^^^^^^^^^^^^^^^^
  File "D:\APPS\Project\lumra\.venv\Lib\site-packages\django\urls\resolvers.py", line 842, in _reverse_with_prefix
    raise NoReverseMatch(msg)
django.urls.exceptions.NoReverseMatch: Reverse for 'stock_overview' not found. 'stock_overview' is not a valid view function or pattern name.
ERROR 2026-05-07 20:36:43,009 log 13172 14520 "GET / HTTP/1.1" 500 213448
WARNING 2026-05-07 20:36:44,329 log 13172 14520 Not Found: /favicon.ico
WARNING 2026-05-07 20:36:44,333 log 13172 14520 "GET /favicon.ico HTTP/1.1" 404 51446
ERROR 2026-05-07 20:37:26,998 log 13172 14520 Internal Server Error: /
Traceback (most recent call last):
  File "D:\APPS\Project\lumra\.venv\Lib\site-packages\django\core\handlers\exception.py", line 55, in inner
    response = get_response(request)
               ^^^^^^^^^^^^^^^^^^^^^
  File "D:\APPS\Project\lumra\.venv\Lib\site-packages\django\core\handlers\base.py", line 198, in _get_response
    response = wrapped_callback(request, *callback_args, **callback_kwargs)
               ^^^^^^^^^^^^^^^^^^^^^^^^^^^^^^^^^^^^^^^^^^^^^^^^^^^^^^^^^^^^
  File "D:\APPS\Project\lumra\lumra_system\urls.py", line 19, in _callable
    return view(request, *args, **kwargs)
           ^^^^^^^^^^^^^^^^^^^^^^^^^^^^^^
  File "D:\APPS\Project\lumra\.venv\Lib\site-packages\django\contrib\auth\decorators.py", line 59, in _view_wrapper
    return view_func(request, *args, **kwargs)
           ^^^^^^^^^^^^^^^^^^^^^^^^^^^^^^^^^^^
  File "D:\APPS\Project\lumra\lumra_config\views\dashboard_views.py", line 463, in dashboard_view
    return render(request, "lumra_pages/sales_insight/dashboard.html", context)
           ^^^^^^^^^^^^^^^^^^^^^^^^^^^^^^^^^^^^^^^^^^^^^^^^^^^^^^^^^^^^^^^^^^^^
  File "D:\APPS\Project\lumra\.venv\Lib\site-packages\django\shortcuts.py", line 25, in render
    content = loader.render_to_string(template_name, context, request, using=using)
              ^^^^^^^^^^^^^^^^^^^^^^^^^^^^^^^^^^^^^^^^^^^^^^^^^^^^^^^^^^^^^^^^^^^^^
  File "D:\APPS\Project\lumra\.venv\Lib\site-packages\django\template\loader.py", line 62, in render_to_string
    return template.render(context, request)
           ^^^^^^^^^^^^^^^^^^^^^^^^^^^^^^^^^
  File "D:\APPS\Project\lumra\.venv\Lib\site-packages\django\template\backends\django.py", line 107, in render
    return self.template.render(context)
           ^^^^^^^^^^^^^^^^^^^^^^^^^^^^^
  File "D:\APPS\Project\lumra\.venv\Lib\site-packages\django\template\base.py", line 174, in render
    return self._render(context)
           ^^^^^^^^^^^^^^^^^^^^^
  File "D:\APPS\Project\lumra\.venv\Lib\site-packages\django\test\utils.py", line 114, in instrumented_test_render
    return self.nodelist.render(context)
           ^^^^^^^^^^^^^^^^^^^^^^^^^^^^^
  File "D:\APPS\Project\lumra\.venv\Lib\site-packages\django\template\base.py", line 1091, in render
    return SafeString("".join([node.render_annotated(context) for node in self]))
                               ^^^^^^^^^^^^^^^^^^^^^^^^^^^^^^
  File "D:\APPS\Project\lumra\.venv\Lib\site-packages\django\template\base.py", line 1052, in render_annotated
    return self.render(context)
           ^^^^^^^^^^^^^^^^^^^^
  File "D:\APPS\Project\lumra\.venv\Lib\site-packages\django\template\loader_tags.py", line 160, in render
    return compiled_parent._render(context)
           ^^^^^^^^^^^^^^^^^^^^^^^^^^^^^^^^
  File "D:\APPS\Project\lumra\.venv\Lib\site-packages\django\test\utils.py", line 114, in instrumented_test_render
    return self.nodelist.render(context)
           ^^^^^^^^^^^^^^^^^^^^^^^^^^^^^
  File "D:\APPS\Project\lumra\.venv\Lib\site-packages\django\template\base.py", line 1091, in render
    return SafeString("".join([node.render_annotated(context) for node in self]))
                               ^^^^^^^^^^^^^^^^^^^^^^^^^^^^^^
  File "D:\APPS\Project\lumra\.venv\Lib\site-packages\django\template\base.py", line 1052, in render_annotated
    return self.render(context)
           ^^^^^^^^^^^^^^^^^^^^
  File "D:\APPS\Project\lumra\.venv\Lib\site-packages\django\template\loader_tags.py", line 211, in render
    return template.render(context)
           ^^^^^^^^^^^^^^^^^^^^^^^^
  File "D:\APPS\Project\lumra\.venv\Lib\site-packages\django\template\base.py", line 176, in render
    return self._render(context)
           ^^^^^^^^^^^^^^^^^^^^^
  File "D:\APPS\Project\lumra\.venv\Lib\site-packages\django\test\utils.py", line 114, in instrumented_test_render
    return self.nodelist.render(context)
           ^^^^^^^^^^^^^^^^^^^^^^^^^^^^^
  File "D:\APPS\Project\lumra\.venv\Lib\site-packages\django\template\base.py", line 1091, in render
    return SafeString("".join([node.render_annotated(context) for node in self]))
                               ^^^^^^^^^^^^^^^^^^^^^^^^^^^^^^
  File "D:\APPS\Project\lumra\.venv\Lib\site-packages\django\template\base.py", line 1052, in render_annotated
    return self.render(context)
           ^^^^^^^^^^^^^^^^^^^^
  File "D:\APPS\Project\lumra\.venv\Lib\site-packages\django\template\defaulttags.py", line 511, in render
    url = reverse(view_name, args=args, kwargs=kwargs, current_app=current_app)
          ^^^^^^^^^^^^^^^^^^^^^^^^^^^^^^^^^^^^^^^^^^^^^^^^^^^^^^^^^^^^^^^^^^^^^
  File "D:\APPS\Project\lumra\.venv\Lib\site-packages\django\urls\base.py", line 98, in reverse
    resolved_url = resolver._reverse_with_prefix(view, prefix, *args, **kwargs)
                   ^^^^^^^^^^^^^^^^^^^^^^^^^^^^^^^^^^^^^^^^^^^^^^^^^^^^^^^^^^^^
  File "D:\APPS\Project\lumra\.venv\Lib\site-packages\django\urls\resolvers.py", line 842, in _reverse_with_prefix
    raise NoReverseMatch(msg)
django.urls.exceptions.NoReverseMatch: Reverse for 'stock_overview' not found. 'stock_overview' is not a valid view function or pattern name.
ERROR 2026-05-07 20:37:26,998 log 13172 14520 "GET / HTTP/1.1" 500 213448
ERROR 2026-05-07 20:39:01,230 log 13172 14520 Internal Server Error: /
Traceback (most recent call last):
  File "D:\APPS\Project\lumra\.venv\Lib\site-packages\django\core\handlers\exception.py", line 55, in inner
    response = get_response(request)
               ^^^^^^^^^^^^^^^^^^^^^
  File "D:\APPS\Project\lumra\.venv\Lib\site-packages\django\core\handlers\base.py", line 198, in _get_response
    response = wrapped_callback(request, *callback_args, **callback_kwargs)
               ^^^^^^^^^^^^^^^^^^^^^^^^^^^^^^^^^^^^^^^^^^^^^^^^^^^^^^^^^^^^
  File "D:\APPS\Project\lumra\lumra_system\urls.py", line 19, in _callable
    return view(request, *args, **kwargs)
           ^^^^^^^^^^^^^^^^^^^^^^^^^^^^^^
  File "D:\APPS\Project\lumra\.venv\Lib\site-packages\django\contrib\auth\decorators.py", line 59, in _view_wrapper
    return view_func(request, *args, **kwargs)
           ^^^^^^^^^^^^^^^^^^^^^^^^^^^^^^^^^^^
  File "D:\APPS\Project\lumra\lumra_config\views\dashboard_views.py", line 463, in dashboard_view
    return render(request, "lumra_pages/sales_insight/dashboard.html", context)
           ^^^^^^^^^^^^^^^^^^^^^^^^^^^^^^^^^^^^^^^^^^^^^^^^^^^^^^^^^^^^^^^^^^^^
  File "D:\APPS\Project\lumra\.venv\Lib\site-packages\django\shortcuts.py", line 25, in render
    content = loader.render_to_string(template_name, context, request, using=using)
              ^^^^^^^^^^^^^^^^^^^^^^^^^^^^^^^^^^^^^^^^^^^^^^^^^^^^^^^^^^^^^^^^^^^^^
  File "D:\APPS\Project\lumra\.venv\Lib\site-packages\django\template\loader.py", line 62, in render_to_string
    return template.render(context, request)
           ^^^^^^^^^^^^^^^^^^^^^^^^^^^^^^^^^
  File "D:\APPS\Project\lumra\.venv\Lib\site-packages\django\template\backends\django.py", line 107, in render
    return self.template.render(context)
           ^^^^^^^^^^^^^^^^^^^^^^^^^^^^^
  File "D:\APPS\Project\lumra\.venv\Lib\site-packages\django\template\base.py", line 174, in render
    return self._render(context)
           ^^^^^^^^^^^^^^^^^^^^^
  File "D:\APPS\Project\lumra\.venv\Lib\site-packages\django\test\utils.py", line 114, in instrumented_test_render
    return self.nodelist.render(context)
           ^^^^^^^^^^^^^^^^^^^^^^^^^^^^^
  File "D:\APPS\Project\lumra\.venv\Lib\site-packages\django\template\base.py", line 1091, in render
    return SafeString("".join([node.render_annotated(context) for node in self]))
                               ^^^^^^^^^^^^^^^^^^^^^^^^^^^^^^
  File "D:\APPS\Project\lumra\.venv\Lib\site-packages\django\template\base.py", line 1052, in render_annotated
    return self.render(context)
           ^^^^^^^^^^^^^^^^^^^^
  File "D:\APPS\Project\lumra\.venv\Lib\site-packages\django\template\loader_tags.py", line 160, in render
    return compiled_parent._render(context)
           ^^^^^^^^^^^^^^^^^^^^^^^^^^^^^^^^
  File "D:\APPS\Project\lumra\.venv\Lib\site-packages\django\test\utils.py", line 114, in instrumented_test_render
    return self.nodelist.render(context)
           ^^^^^^^^^^^^^^^^^^^^^^^^^^^^^
  File "D:\APPS\Project\lumra\.venv\Lib\site-packages\django\template\base.py", line 1091, in render
    return SafeString("".join([node.render_annotated(context) for node in self]))
                               ^^^^^^^^^^^^^^^^^^^^^^^^^^^^^^
  File "D:\APPS\Project\lumra\.venv\Lib\site-packages\django\template\base.py", line 1052, in render_annotated
    return self.render(context)
           ^^^^^^^^^^^^^^^^^^^^
  File "D:\APPS\Project\lumra\.venv\Lib\site-packages\django\template\loader_tags.py", line 211, in render
    return template.render(context)
           ^^^^^^^^^^^^^^^^^^^^^^^^
  File "D:\APPS\Project\lumra\.venv\Lib\site-packages\django\template\base.py", line 176, in render
    return self._render(context)
           ^^^^^^^^^^^^^^^^^^^^^
  File "D:\APPS\Project\lumra\.venv\Lib\site-packages\django\test\utils.py", line 114, in instrumented_test_render
    return self.nodelist.render(context)
           ^^^^^^^^^^^^^^^^^^^^^^^^^^^^^
  File "D:\APPS\Project\lumra\.venv\Lib\site-packages\django\template\base.py", line 1091, in render
    return SafeString("".join([node.render_annotated(context) for node in self]))
                               ^^^^^^^^^^^^^^^^^^^^^^^^^^^^^^
  File "D:\APPS\Project\lumra\.venv\Lib\site-packages\django\template\base.py", line 1052, in render_annotated
    return self.render(context)
           ^^^^^^^^^^^^^^^^^^^^
  File "D:\APPS\Project\lumra\.venv\Lib\site-packages\django\template\defaulttags.py", line 511, in render
    url = reverse(view_name, args=args, kwargs=kwargs, current_app=current_app)
          ^^^^^^^^^^^^^^^^^^^^^^^^^^^^^^^^^^^^^^^^^^^^^^^^^^^^^^^^^^^^^^^^^^^^^
  File "D:\APPS\Project\lumra\.venv\Lib\site-packages\django\urls\base.py", line 98, in reverse
    resolved_url = resolver._reverse_with_prefix(view, prefix, *args, **kwargs)
                   ^^^^^^^^^^^^^^^^^^^^^^^^^^^^^^^^^^^^^^^^^^^^^^^^^^^^^^^^^^^^
  File "D:\APPS\Project\lumra\.venv\Lib\site-packages\django\urls\resolvers.py", line 842, in _reverse_with_prefix
    raise NoReverseMatch(msg)
django.urls.exceptions.NoReverseMatch: Reverse for 'stock_overview' not found. 'stock_overview' is not a valid view function or pattern name.
ERROR 2026-05-07 20:39:01,258 log 13172 14520 "GET / HTTP/1.1" 500 213448
ERROR 2026-05-07 20:40:28,013 log 13172 14520 Internal Server Error: /
Traceback (most recent call last):
  File "D:\APPS\Project\lumra\.venv\Lib\site-packages\django\core\handlers\exception.py", line 55, in inner
    response = get_response(request)
               ^^^^^^^^^^^^^^^^^^^^^
  File "D:\APPS\Project\lumra\.venv\Lib\site-packages\django\core\handlers\base.py", line 198, in _get_response
    response = wrapped_callback(request, *callback_args, **callback_kwargs)
               ^^^^^^^^^^^^^^^^^^^^^^^^^^^^^^^^^^^^^^^^^^^^^^^^^^^^^^^^^^^^
  File "D:\APPS\Project\lumra\lumra_system\urls.py", line 19, in _callable
    return view(request, *args, **kwargs)
           ^^^^^^^^^^^^^^^^^^^^^^^^^^^^^^
  File "D:\APPS\Project\lumra\.venv\Lib\site-packages\django\contrib\auth\decorators.py", line 59, in _view_wrapper
    return view_func(request, *args, **kwargs)
           ^^^^^^^^^^^^^^^^^^^^^^^^^^^^^^^^^^^
  File "D:\APPS\Project\lumra\lumra_config\views\dashboard_views.py", line 463, in dashboard_view
    return render(request, "lumra_pages/sales_insight/dashboard.html", context)
           ^^^^^^^^^^^^^^^^^^^^^^^^^^^^^^^^^^^^^^^^^^^^^^^^^^^^^^^^^^^^^^^^^^^^
  File "D:\APPS\Project\lumra\.venv\Lib\site-packages\django\shortcuts.py", line 25, in render
    content = loader.render_to_string(template_name, context, request, using=using)
              ^^^^^^^^^^^^^^^^^^^^^^^^^^^^^^^^^^^^^^^^^^^^^^^^^^^^^^^^^^^^^^^^^^^^^
  File "D:\APPS\Project\lumra\.venv\Lib\site-packages\django\template\loader.py", line 62, in render_to_string
    return template.render(context, request)
           ^^^^^^^^^^^^^^^^^^^^^^^^^^^^^^^^^
  File "D:\APPS\Project\lumra\.venv\Lib\site-packages\django\template\backends\django.py", line 107, in render
    return self.template.render(context)
           ^^^^^^^^^^^^^^^^^^^^^^^^^^^^^
  File "D:\APPS\Project\lumra\.venv\Lib\site-packages\django\template\base.py", line 174, in render
    return self._render(context)
           ^^^^^^^^^^^^^^^^^^^^^
  File "D:\APPS\Project\lumra\.venv\Lib\site-packages\django\test\utils.py", line 114, in instrumented_test_render
    return self.nodelist.render(context)
           ^^^^^^^^^^^^^^^^^^^^^^^^^^^^^
  File "D:\APPS\Project\lumra\.venv\Lib\site-packages\django\template\base.py", line 1091, in render
    return SafeString("".join([node.render_annotated(context) for node in self]))
                               ^^^^^^^^^^^^^^^^^^^^^^^^^^^^^^
  File "D:\APPS\Project\lumra\.venv\Lib\site-packages\django\template\base.py", line 1052, in render_annotated
    return self.render(context)
           ^^^^^^^^^^^^^^^^^^^^
  File "D:\APPS\Project\lumra\.venv\Lib\site-packages\django\template\loader_tags.py", line 160, in render
    return compiled_parent._render(context)
           ^^^^^^^^^^^^^^^^^^^^^^^^^^^^^^^^
  File "D:\APPS\Project\lumra\.venv\Lib\site-packages\django\test\utils.py", line 114, in instrumented_test_render
    return self.nodelist.render(context)
           ^^^^^^^^^^^^^^^^^^^^^^^^^^^^^
  File "D:\APPS\Project\lumra\.venv\Lib\site-packages\django\template\base.py", line 1091, in render
    return SafeString("".join([node.render_annotated(context) for node in self]))
                               ^^^^^^^^^^^^^^^^^^^^^^^^^^^^^^
  File "D:\APPS\Project\lumra\.venv\Lib\site-packages\django\template\base.py", line 1052, in render_annotated
    return self.render(context)
           ^^^^^^^^^^^^^^^^^^^^
  File "D:\APPS\Project\lumra\.venv\Lib\site-packages\django\template\loader_tags.py", line 211, in render
    return template.render(context)
           ^^^^^^^^^^^^^^^^^^^^^^^^
  File "D:\APPS\Project\lumra\.venv\Lib\site-packages\django\template\base.py", line 176, in render
    return self._render(context)
           ^^^^^^^^^^^^^^^^^^^^^
  File "D:\APPS\Project\lumra\.venv\Lib\site-packages\django\test\utils.py", line 114, in instrumented_test_render
    return self.nodelist.render(context)
           ^^^^^^^^^^^^^^^^^^^^^^^^^^^^^
  File "D:\APPS\Project\lumra\.venv\Lib\site-packages\django\template\base.py", line 1091, in render
    return SafeString("".join([node.render_annotated(context) for node in self]))
                               ^^^^^^^^^^^^^^^^^^^^^^^^^^^^^^
  File "D:\APPS\Project\lumra\.venv\Lib\site-packages\django\template\base.py", line 1052, in render_annotated
    return self.render(context)
           ^^^^^^^^^^^^^^^^^^^^
  File "D:\APPS\Project\lumra\.venv\Lib\site-packages\django\template\defaulttags.py", line 511, in render
    url = reverse(view_name, args=args, kwargs=kwargs, current_app=current_app)
          ^^^^^^^^^^^^^^^^^^^^^^^^^^^^^^^^^^^^^^^^^^^^^^^^^^^^^^^^^^^^^^^^^^^^^
  File "D:\APPS\Project\lumra\.venv\Lib\site-packages\django\urls\base.py", line 98, in reverse
    resolved_url = resolver._reverse_with_prefix(view, prefix, *args, **kwargs)
                   ^^^^^^^^^^^^^^^^^^^^^^^^^^^^^^^^^^^^^^^^^^^^^^^^^^^^^^^^^^^^
  File "D:\APPS\Project\lumra\.venv\Lib\site-packages\django\urls\resolvers.py", line 842, in _reverse_with_prefix
    raise NoReverseMatch(msg)
django.urls.exceptions.NoReverseMatch: Reverse for 'vendor_list' not found. 'vendor_list' is not a valid view function or pattern name.
ERROR 2026-05-07 20:40:28,019 log 13172 14520 "GET / HTTP/1.1" 500 212977
INFO 2026-05-07 20:42:58,893 log 13172 14520 "GET / HTTP/1.1" 200 122257
INFO 2026-05-07 20:42:59,165 log 13172 14520 "GET /static/css/dist/styles.css?v=1778161378 HTTP/1.1" 200 401955
INFO 2026-05-07 20:43:00,016 log 13172 2304 "GET /static/img/default-avatar.png HTTP/1.1" 304 0
INFO 2026-05-07 20:43:58,019 log 13172 9440 "GET / HTTP/1.1" 200 122817
INFO 2026-05-07 20:43:58,385 log 13172 9440 "GET /static/css/dist/styles.css?v=1778161437 HTTP/1.1" 200 401955
INFO 2026-05-07 20:45:02,461 log 13172 14792 "GET / HTTP/1.1" 200 122817
INFO 2026-05-07 20:45:03,016 log 13172 14792 "GET /static/css/dist/styles.css?v=1778161502 HTTP/1.1" 200 401955
INFO 2026-05-07 20:46:33,322 log 13172 304 "GET / HTTP/1.1" 200 122817
INFO 2026-05-07 20:46:33,806 log 13172 304 "GET /static/css/dist/styles.css?v=1778161592 HTTP/1.1" 200 401955
INFO 2026-05-07 20:46:37,582 log 13172 304 "GET / HTTP/1.1" 200 122817
INFO 2026-05-07 20:46:38,024 log 13172 304 "GET /static/css/dist/styles.css?v=1778161597 HTTP/1.1" 200 401955
INFO 2026-05-07 20:47:06,244 log 13172 19536 "GET / HTTP/1.1" 200 122817
INFO 2026-05-07 20:47:06,767 log 13172 19536 "GET /static/css/dist/styles.css?v=1778161626 HTTP/1.1" 200 401955
INFO 2026-05-07 20:47:07,267 log 13172 19536 "GET /static/img/default-avatar.png HTTP/1.1" 200 166
WARNING 2026-05-07 20:47:07,966 log 13172 19536 Not Found: /favicon.ico
WARNING 2026-05-07 20:47:08,116 log 13172 19536 "GET /favicon.ico HTTP/1.1" 404 51446
INFO 2026-05-07 20:47:25,273 log 13172 19536 "GET / HTTP/1.1" 200 122817
INFO 2026-05-07 20:47:26,131 log 13172 19536 "GET /static/css/dist/styles.css?v=1778161645 HTTP/1.1" 200 401955
INFO 2026-05-07 20:47:59,035 log 13172 14740 "GET / HTTP/1.1" 200 122821
INFO 2026-05-07 20:48:00,449 log 13172 14740 "GET /static/css/dist/styles.css?v=1778161678 HTTP/1.1" 200 401955
INFO 2026-05-07 20:49:06,146 log 13172 5720 "GET / HTTP/1.1" 200 122845
INFO 2026-05-07 20:49:07,534 log 13172 5720 "GET /static/css/dist/styles.css?v=1778161744 HTTP/1.1" 200 401955
ERROR 2026-05-07 20:49:34,611 log 13172 304 Internal Server Error: /purchasing/
Traceback (most recent call last):
  File "D:\APPS\Project\lumra\.venv\Lib\site-packages\django\core\handlers\exception.py", line 55, in inner
    response = get_response(request)
               ^^^^^^^^^^^^^^^^^^^^^
  File "D:\APPS\Project\lumra\.venv\Lib\site-packages\django\core\handlers\base.py", line 198, in _get_response
    response = wrapped_callback(request, *callback_args, **callback_kwargs)
               ^^^^^^^^^^^^^^^^^^^^^^^^^^^^^^^^^^^^^^^^^^^^^^^^^^^^^^^^^^^^
  File "D:\APPS\Project\lumra\lumra_system\urls.py", line 19, in _callable
    return view(request, *args, **kwargs)
           ^^^^^^^^^^^^^^^^^^^^^^^^^^^^^^
  File "D:\APPS\Project\lumra\.venv\Lib\site-packages\django\contrib\auth\decorators.py", line 59, in _view_wrapper
    return view_func(request, *args, **kwargs)
           ^^^^^^^^^^^^^^^^^^^^^^^^^^^^^^^^^^^
  File "D:\APPS\Project\lumra\lumra_config\views\misc_views.py", line 267, in purchasing_view
    return render(request, "lumra_pages/purchasing/purchasing.html", context)
           ^^^^^^^^^^^^^^^^^^^^^^^^^^^^^^^^^^^^^^^^^^^^^^^^^^^^^^^^^^^^^^^^^^
  File "D:\APPS\Project\lumra\.venv\Lib\site-packages\django\shortcuts.py", line 25, in render
    content = loader.render_to_string(template_name, context, request, using=using)
              ^^^^^^^^^^^^^^^^^^^^^^^^^^^^^^^^^^^^^^^^^^^^^^^^^^^^^^^^^^^^^^^^^^^^^
  File "D:\APPS\Project\lumra\.venv\Lib\site-packages\django\template\loader.py", line 61, in render_to_string
    template = get_template(template_name, using=using)
               ^^^^^^^^^^^^^^^^^^^^^^^^^^^^^^^^^^^^^^^^
  File "D:\APPS\Project\lumra\.venv\Lib\site-packages\django\template\loader.py", line 15, in get_template
    return engine.get_template(template_name)
           ^^^^^^^^^^^^^^^^^^^^^^^^^^^^^^^^^^
  File "D:\APPS\Project\lumra\.venv\Lib\site-packages\django\template\backends\django.py", line 79, in get_template
    return Template(self.engine.get_template(template_name), self)
                    ^^^^^^^^^^^^^^^^^^^^^^^^^^^^^^^^^^^^^^^
  File "D:\APPS\Project\lumra\.venv\Lib\site-packages\django\template\engine.py", line 186, in get_template
    template, origin = self.find_template(template_name)
                       ^^^^^^^^^^^^^^^^^^^^^^^^^^^^^^^^^
  File "D:\APPS\Project\lumra\.venv\Lib\site-packages\django\template\engine.py", line 159, in find_template
    template = loader.get_template(name, skip=skip)
               ^^^^^^^^^^^^^^^^^^^^^^^^^^^^^^^^^^^^
  File "D:\APPS\Project\lumra\.venv\Lib\site-packages\django\template\loaders\cached.py", line 57, in get_template
    template = super().get_template(template_name, skip)
               ^^^^^^^^^^^^^^^^^^^^^^^^^^^^^^^^^^^^^^^^^
  File "D:\APPS\Project\lumra\.venv\Lib\site-packages\django\template\loaders\base.py", line 28, in get_template
    return Template(
           ^^^^^^^^^
  File "D:\APPS\Project\lumra\.venv\Lib\site-packages\django\template\base.py", line 157, in __init__
    self.nodelist = self.compile_nodelist()
                    ^^^^^^^^^^^^^^^^^^^^^^^
  File "D:\APPS\Project\lumra\.venv\Lib\site-packages\django\template\base.py", line 199, in compile_nodelist
    nodelist = parser.parse()
               ^^^^^^^^^^^^^^
  File "D:\APPS\Project\lumra\.venv\Lib\site-packages\django\template\base.py", line 585, in parse
    raise self.error(token, e)
  File "D:\APPS\Project\lumra\.venv\Lib\site-packages\django\template\base.py", line 583, in parse
    compiled_result = compile_func(self, token)
                      ^^^^^^^^^^^^^^^^^^^^^^^^^
  File "D:\APPS\Project\lumra\.venv\Lib\site-packages\django\template\loader_tags.py", line 307, in do_extends
    nodelist = parser.parse()
               ^^^^^^^^^^^^^^
  File "D:\APPS\Project\lumra\.venv\Lib\site-packages\django\template\base.py", line 585, in parse
    raise self.error(token, e)
  File "D:\APPS\Project\lumra\.venv\Lib\site-packages\django\template\base.py", line 583, in parse
    compiled_result = compile_func(self, token)
                      ^^^^^^^^^^^^^^^^^^^^^^^^^
  File "D:\APPS\Project\lumra\.venv\Lib\site-packages\django\template\loader_tags.py", line 235, in do_block
    nodelist = parser.parse(("endblock",))
               ^^^^^^^^^^^^^^^^^^^^^^^^^^^
  File "D:\APPS\Project\lumra\.venv\Lib\site-packages\django\template\base.py", line 585, in parse
    raise self.error(token, e)
  File "D:\APPS\Project\lumra\.venv\Lib\site-packages\django\template\base.py", line 583, in parse
    compiled_result = compile_func(self, token)
                      ^^^^^^^^^^^^^^^^^^^^^^^^^
  File "D:\APPS\Project\lumra\.venv\Lib\site-packages\django\template\defaulttags.py", line 894, in do_for
    nodelist_loop = parser.parse(
                    ^^^^^^^^^^^^^
  File "D:\APPS\Project\lumra\.venv\Lib\site-packages\django\template\base.py", line 556, in parse
    raise self.error(token, e)
  File "D:\APPS\Project\lumra\.venv\Lib\site-packages\django\template\base.py", line 554, in parse
    filter_expression = self.compile_filter(token.contents)
                        ^^^^^^^^^^^^^^^^^^^^^^^^^^^^^^^^^^^
  File "D:\APPS\Project\lumra\.venv\Lib\site-packages\django\template\base.py", line 676, in compile_filter
    return FilterExpression(token, self)
           ^^^^^^^^^^^^^^^^^^^^^^^^^^^^^
  File "D:\APPS\Project\lumra\.venv\Lib\site-packages\django\template\base.py", line 771, in __init__
    filter_func = parser.find_filter(filter_name)
                  ^^^^^^^^^^^^^^^^^^^^^^^^^^^^^^^
  File "D:\APPS\Project\lumra\.venv\Lib\site-packages\django\template\base.py", line 682, in find_filter
    raise TemplateSyntaxError("Invalid filter: '%s'" % filter_name)
django.template.exceptions.TemplateSyntaxError: Template: D:\APPS\Project\lumra\lumra_config\templates\lumra_pages\purchasing\purchasing.html, Invalid filter: 'intcomma'
INFO 2026-05-07 20:49:34,940 basehttp 13172 304 - Broken pipe from ('127.0.0.1', 15516)
ERROR 2026-05-07 20:53:07,566 log 13172 11176 Internal Server Error: /sales/order/
Traceback (most recent call last):
  File "D:\APPS\Project\lumra\.venv\Lib\site-packages\django\urls\base.py", line 81, in reverse
    extra, resolver = resolver.namespace_dict[ns]
                      ~~~~~~~~~~~~~~~~~~~~~~~^^^^
KeyError: 'sales'

During handling of the above exception, another exception occurred:

Traceback (most recent call last):
  File "D:\APPS\Project\lumra\.venv\Lib\site-packages\django\core\handlers\exception.py", line 55, in inner
    response = get_response(request)
               ^^^^^^^^^^^^^^^^^^^^^
  File "D:\APPS\Project\lumra\.venv\Lib\site-packages\django\core\handlers\base.py", line 198, in _get_response
    response = wrapped_callback(request, *callback_args, **callback_kwargs)
               ^^^^^^^^^^^^^^^^^^^^^^^^^^^^^^^^^^^^^^^^^^^^^^^^^^^^^^^^^^^^
  File "D:\APPS\Project\lumra\lumra_system\urls.py", line 19, in _callable
    return view(request, *args, **kwargs)
           ^^^^^^^^^^^^^^^^^^^^^^^^^^^^^^
  File "D:\APPS\Project\lumra\.venv\Lib\site-packages\django\contrib\auth\decorators.py", line 59, in _view_wrapper
    return view_func(request, *args, **kwargs)
           ^^^^^^^^^^^^^^^^^^^^^^^^^^^^^^^^^^^
  File "D:\APPS\Project\lumra\lumra_config\views\sales_views.py", line 188, in sales_order_list
    return render(request, 'lumra_pages/sales/salesorder_and_quotation/sales_order_list.html', context)
           ^^^^^^^^^^^^^^^^^^^^^^^^^^^^^^^^^^^^^^^^^^^^^^^^^^^^^^^^^^^^^^^^^^^^^^^^^^^^^^^^^^^^^^^^^^^^
  File "D:\APPS\Project\lumra\.venv\Lib\site-packages\django\shortcuts.py", line 25, in render
    content = loader.render_to_string(template_name, context, request, using=using)
              ^^^^^^^^^^^^^^^^^^^^^^^^^^^^^^^^^^^^^^^^^^^^^^^^^^^^^^^^^^^^^^^^^^^^^
  File "D:\APPS\Project\lumra\.venv\Lib\site-packages\django\template\loader.py", line 62, in render_to_string
    return template.render(context, request)
           ^^^^^^^^^^^^^^^^^^^^^^^^^^^^^^^^^
  File "D:\APPS\Project\lumra\.venv\Lib\site-packages\django\template\backends\django.py", line 107, in render
    return self.template.render(context)
           ^^^^^^^^^^^^^^^^^^^^^^^^^^^^^
  File "D:\APPS\Project\lumra\.venv\Lib\site-packages\django\template\base.py", line 174, in render
    return self._render(context)
           ^^^^^^^^^^^^^^^^^^^^^
  File "D:\APPS\Project\lumra\.venv\Lib\site-packages\django\test\utils.py", line 114, in instrumented_test_render
    return self.nodelist.render(context)
           ^^^^^^^^^^^^^^^^^^^^^^^^^^^^^
  File "D:\APPS\Project\lumra\.venv\Lib\site-packages\django\template\base.py", line 1091, in render
    return SafeString("".join([node.render_annotated(context) for node in self]))
                               ^^^^^^^^^^^^^^^^^^^^^^^^^^^^^^
  File "D:\APPS\Project\lumra\.venv\Lib\site-packages\django\template\base.py", line 1052, in render_annotated
    return self.render(context)
           ^^^^^^^^^^^^^^^^^^^^
  File "D:\APPS\Project\lumra\.venv\Lib\site-packages\django\template\loader_tags.py", line 160, in render
    return compiled_parent._render(context)
           ^^^^^^^^^^^^^^^^^^^^^^^^^^^^^^^^
  File "D:\APPS\Project\lumra\.venv\Lib\site-packages\django\test\utils.py", line 114, in instrumented_test_render
    return self.nodelist.render(context)
           ^^^^^^^^^^^^^^^^^^^^^^^^^^^^^
  File "D:\APPS\Project\lumra\.venv\Lib\site-packages\django\template\base.py", line 1091, in render
    return SafeString("".join([node.render_annotated(context) for node in self]))
                               ^^^^^^^^^^^^^^^^^^^^^^^^^^^^^^
  File "D:\APPS\Project\lumra\.venv\Lib\site-packages\django\template\base.py", line 1052, in render_annotated
    return self.render(context)
           ^^^^^^^^^^^^^^^^^^^^
  File "D:\APPS\Project\lumra\.venv\Lib\site-packages\django\template\loader_tags.py", line 66, in render
    result = block.nodelist.render(context)
             ^^^^^^^^^^^^^^^^^^^^^^^^^^^^^^
  File "D:\APPS\Project\lumra\.venv\Lib\site-packages\django\template\base.py", line 1091, in render
    return SafeString("".join([node.render_annotated(context) for node in self]))
                               ^^^^^^^^^^^^^^^^^^^^^^^^^^^^^^
  File "D:\APPS\Project\lumra\.venv\Lib\site-packages\django\template\base.py", line 1052, in render_annotated
    return self.render(context)
           ^^^^^^^^^^^^^^^^^^^^
  File "D:\APPS\Project\lumra\.venv\Lib\site-packages\django\template\defaulttags.py", line 511, in render
    url = reverse(view_name, args=args, kwargs=kwargs, current_app=current_app)
          ^^^^^^^^^^^^^^^^^^^^^^^^^^^^^^^^^^^^^^^^^^^^^^^^^^^^^^^^^^^^^^^^^^^^^
  File "D:\APPS\Project\lumra\.venv\Lib\site-packages\django\urls\base.py", line 92, in reverse
    raise NoReverseMatch("%s is not a registered namespace" % key)
django.urls.exceptions.NoReverseMatch: 'sales' is not a registered namespace
INFO 2026-05-07 20:53:07,611 basehttp 13172 11176 - Broken pipe from ('127.0.0.1', 61406)
INFO 2026-05-07 20:53:16,485 basehttp 13172 14520 - Broken pipe from ('127.0.0.1', 23737)
INFO 2026-05-07 20:53:25,155 basehttp 13172 2304 - Broken pipe from ('127.0.0.1', 44508)
INFO 2026-05-07 20:53:40,524 basehttp 13172 9440 - Broken pipe from ('127.0.0.1', 4908)
INFO 2026-05-07 20:53:51,764 basehttp 13172 3196 - Broken pipe from ('127.0.0.1', 27206)
INFO 2026-05-07 20:54:14,502 basehttp 13172 14792 - Broken pipe from ('127.0.0.1', 65374)
INFO 2026-05-07 20:54:23,319 basehttp 13172 5888 - Broken pipe from ('127.0.0.1', 25259)
INFO 2026-05-07 20:54:30,848 basehttp 13172 19536 - Broken pipe from ('127.0.0.1', 12784)
INFO 2026-05-07 20:54:30,905 basehttp 13172 13780 - Broken pipe from ('127.0.0.1', 42924)
INFO 2026-05-07 20:54:30,957 basehttp 13172 14740 - Broken pipe from ('127.0.0.1', 3407)
INFO 2026-05-07 20:54:31,168 basehttp 13172 13156 - Broken pipe from ('127.0.0.1', 21745)
INFO 2026-05-07 20:54:31,981 basehttp 13172 11052 - Broken pipe from ('127.0.0.1', 44808)
INFO 2026-05-07 20:55:14,483 basehttp 13172 1496 - Broken pipe from ('127.0.0.1', 22520)
INFO 2026-05-07 20:55:14,489 basehttp 13172 5720 - Broken pipe from ('127.0.0.1', 54329)
INFO 2026-05-07 20:55:14,537 basehttp 13172 8960 - Broken pipe from ('127.0.0.1', 1594)
ERROR 2026-05-07 21:00:00,763 log 13172 11912 Internal Server Error: /
Traceback (most recent call last):
  File "D:\APPS\Project\lumra\.venv\Lib\site-packages\django\core\handlers\exception.py", line 55, in inner
    response = get_response(request)
               ^^^^^^^^^^^^^^^^^^^^^
  File "D:\APPS\Project\lumra\.venv\Lib\site-packages\django\core\handlers\base.py", line 198, in _get_response
    response = wrapped_callback(request, *callback_args, **callback_kwargs)
               ^^^^^^^^^^^^^^^^^^^^^^^^^^^^^^^^^^^^^^^^^^^^^^^^^^^^^^^^^^^^
  File "D:\APPS\Project\lumra\lumra_system\urls.py", line 19, in _callable
    return view(request, *args, **kwargs)
           ^^^^^^^^^^^^^^^^^^^^^^^^^^^^^^
  File "D:\APPS\Project\lumra\.venv\Lib\site-packages\django\contrib\auth\decorators.py", line 59, in _view_wrapper
    return view_func(request, *args, **kwargs)
           ^^^^^^^^^^^^^^^^^^^^^^^^^^^^^^^^^^^
  File "D:\APPS\Project\lumra\lumra_config\views\dashboard_views.py", line 463, in dashboard_view
    return render(request, "lumra_pages/sales_insight/dashboard.html", context)
           ^^^^^^^^^^^^^^^^^^^^^^^^^^^^^^^^^^^^^^^^^^^^^^^^^^^^^^^^^^^^^^^^^^^^
  File "D:\APPS\Project\lumra\.venv\Lib\site-packages\django\shortcuts.py", line 25, in render
    content = loader.render_to_string(template_name, context, request, using=using)
              ^^^^^^^^^^^^^^^^^^^^^^^^^^^^^^^^^^^^^^^^^^^^^^^^^^^^^^^^^^^^^^^^^^^^^
  File "D:\APPS\Project\lumra\.venv\Lib\site-packages\django\template\loader.py", line 62, in render_to_string
    return template.render(context, request)
           ^^^^^^^^^^^^^^^^^^^^^^^^^^^^^^^^^
  File "D:\APPS\Project\lumra\.venv\Lib\site-packages\django\template\backends\django.py", line 107, in render
    return self.template.render(context)
           ^^^^^^^^^^^^^^^^^^^^^^^^^^^^^
  File "D:\APPS\Project\lumra\.venv\Lib\site-packages\django\template\base.py", line 174, in render
    return self._render(context)
           ^^^^^^^^^^^^^^^^^^^^^
  File "D:\APPS\Project\lumra\.venv\Lib\site-packages\django\test\utils.py", line 114, in instrumented_test_render
    return self.nodelist.render(context)
           ^^^^^^^^^^^^^^^^^^^^^^^^^^^^^
  File "D:\APPS\Project\lumra\.venv\Lib\site-packages\django\template\base.py", line 1091, in render
    return SafeString("".join([node.render_annotated(context) for node in self]))
                               ^^^^^^^^^^^^^^^^^^^^^^^^^^^^^^
  File "D:\APPS\Project\lumra\.venv\Lib\site-packages\django\template\base.py", line 1052, in render_annotated
    return self.render(context)
           ^^^^^^^^^^^^^^^^^^^^
  File "D:\APPS\Project\lumra\.venv\Lib\site-packages\django\template\loader_tags.py", line 160, in render
    return compiled_parent._render(context)
           ^^^^^^^^^^^^^^^^^^^^^^^^^^^^^^^^
  File "D:\APPS\Project\lumra\.venv\Lib\site-packages\django\test\utils.py", line 114, in instrumented_test_render
    return self.nodelist.render(context)
           ^^^^^^^^^^^^^^^^^^^^^^^^^^^^^
  File "D:\APPS\Project\lumra\.venv\Lib\site-packages\django\template\base.py", line 1091, in render
    return SafeString("".join([node.render_annotated(context) for node in self]))
                               ^^^^^^^^^^^^^^^^^^^^^^^^^^^^^^
  File "D:\APPS\Project\lumra\.venv\Lib\site-packages\django\template\base.py", line 1052, in render_annotated
    return self.render(context)
           ^^^^^^^^^^^^^^^^^^^^
  File "D:\APPS\Project\lumra\.venv\Lib\site-packages\django\template\loader_tags.py", line 211, in render
    return template.render(context)
           ^^^^^^^^^^^^^^^^^^^^^^^^
  File "D:\APPS\Project\lumra\.venv\Lib\site-packages\django\template\base.py", line 176, in render
    return self._render(context)
           ^^^^^^^^^^^^^^^^^^^^^
  File "D:\APPS\Project\lumra\.venv\Lib\site-packages\django\test\utils.py", line 114, in instrumented_test_render
    return self.nodelist.render(context)
           ^^^^^^^^^^^^^^^^^^^^^^^^^^^^^
  File "D:\APPS\Project\lumra\.venv\Lib\site-packages\django\template\base.py", line 1091, in render
    return SafeString("".join([node.render_annotated(context) for node in self]))
                               ^^^^^^^^^^^^^^^^^^^^^^^^^^^^^^
  File "D:\APPS\Project\lumra\.venv\Lib\site-packages\django\template\base.py", line 1052, in render_annotated
    return self.render(context)
           ^^^^^^^^^^^^^^^^^^^^
  File "D:\APPS\Project\lumra\.venv\Lib\site-packages\django\template\defaulttags.py", line 511, in render
    url = reverse(view_name, args=args, kwargs=kwargs, current_app=current_app)
          ^^^^^^^^^^^^^^^^^^^^^^^^^^^^^^^^^^^^^^^^^^^^^^^^^^^^^^^^^^^^^^^^^^^^^
  File "D:\APPS\Project\lumra\.venv\Lib\site-packages\django\urls\base.py", line 98, in reverse
    resolved_url = resolver._reverse_with_prefix(view, prefix, *args, **kwargs)
                   ^^^^^^^^^^^^^^^^^^^^^^^^^^^^^^^^^^^^^^^^^^^^^^^^^^^^^^^^^^^^
  File "D:\APPS\Project\lumra\.venv\Lib\site-packages\django\urls\resolvers.py", line 842, in _reverse_with_prefix
    raise NoReverseMatch(msg)
django.urls.exceptions.NoReverseMatch: Reverse for 'vendor_list' not found. 'vendor_list' is not a valid view function or pattern name.
ERROR 2026-05-07 21:00:00,812 log 13172 11912 "GET / HTTP/1.1" 500 212984
ERROR 2026-05-07 21:00:01,579 log 13172 5020 Internal Server Error: /
Traceback (most recent call last):
  File "D:\APPS\Project\lumra\.venv\Lib\site-packages\django\core\handlers\exception.py", line 55, in inner
    response = get_response(request)
               ^^^^^^^^^^^^^^^^^^^^^
  File "D:\APPS\Project\lumra\.venv\Lib\site-packages\django\core\handlers\base.py", line 198, in _get_response
    response = wrapped_callback(request, *callback_args, **callback_kwargs)
               ^^^^^^^^^^^^^^^^^^^^^^^^^^^^^^^^^^^^^^^^^^^^^^^^^^^^^^^^^^^^
  File "D:\APPS\Project\lumra\lumra_system\urls.py", line 19, in _callable
    return view(request, *args, **kwargs)
           ^^^^^^^^^^^^^^^^^^^^^^^^^^^^^^
  File "D:\APPS\Project\lumra\.venv\Lib\site-packages\django\contrib\auth\decorators.py", line 59, in _view_wrapper
    return view_func(request, *args, **kwargs)
           ^^^^^^^^^^^^^^^^^^^^^^^^^^^^^^^^^^^
  File "D:\APPS\Project\lumra\lumra_config\views\dashboard_views.py", line 463, in dashboard_view
    return render(request, "lumra_pages/sales_insight/dashboard.html", context)
           ^^^^^^^^^^^^^^^^^^^^^^^^^^^^^^^^^^^^^^^^^^^^^^^^^^^^^^^^^^^^^^^^^^^^
  File "D:\APPS\Project\lumra\.venv\Lib\site-packages\django\shortcuts.py", line 25, in render
    content = loader.render_to_string(template_name, context, request, using=using)
              ^^^^^^^^^^^^^^^^^^^^^^^^^^^^^^^^^^^^^^^^^^^^^^^^^^^^^^^^^^^^^^^^^^^^^
  File "D:\APPS\Project\lumra\.venv\Lib\site-packages\django\template\loader.py", line 62, in render_to_string
    return template.render(context, request)
           ^^^^^^^^^^^^^^^^^^^^^^^^^^^^^^^^^
  File "D:\APPS\Project\lumra\.venv\Lib\site-packages\django\template\backends\django.py", line 107, in render
    return self.template.render(context)
           ^^^^^^^^^^^^^^^^^^^^^^^^^^^^^
  File "D:\APPS\Project\lumra\.venv\Lib\site-packages\django\template\base.py", line 174, in render
    return self._render(context)
           ^^^^^^^^^^^^^^^^^^^^^
  File "D:\APPS\Project\lumra\.venv\Lib\site-packages\django\test\utils.py", line 114, in instrumented_test_render
    return self.nodelist.render(context)
           ^^^^^^^^^^^^^^^^^^^^^^^^^^^^^
  File "D:\APPS\Project\lumra\.venv\Lib\site-packages\django\template\base.py", line 1091, in render
    return SafeString("".join([node.render_annotated(context) for node in self]))
                               ^^^^^^^^^^^^^^^^^^^^^^^^^^^^^^
  File "D:\APPS\Project\lumra\.venv\Lib\site-packages\django\template\base.py", line 1052, in render_annotated
    return self.render(context)
           ^^^^^^^^^^^^^^^^^^^^
  File "D:\APPS\Project\lumra\.venv\Lib\site-packages\django\template\loader_tags.py", line 160, in render
    return compiled_parent._render(context)
           ^^^^^^^^^^^^^^^^^^^^^^^^^^^^^^^^
  File "D:\APPS\Project\lumra\.venv\Lib\site-packages\django\test\utils.py", line 114, in instrumented_test_render
    return self.nodelist.render(context)
           ^^^^^^^^^^^^^^^^^^^^^^^^^^^^^
  File "D:\APPS\Project\lumra\.venv\Lib\site-packages\django\template\base.py", line 1091, in render
    return SafeString("".join([node.render_annotated(context) for node in self]))
                               ^^^^^^^^^^^^^^^^^^^^^^^^^^^^^^
  File "D:\APPS\Project\lumra\.venv\Lib\site-packages\django\template\base.py", line 1052, in render_annotated
    return self.render(context)
           ^^^^^^^^^^^^^^^^^^^^
  File "D:\APPS\Project\lumra\.venv\Lib\site-packages\django\template\loader_tags.py", line 211, in render
    return template.render(context)
           ^^^^^^^^^^^^^^^^^^^^^^^^
  File "D:\APPS\Project\lumra\.venv\Lib\site-packages\django\template\base.py", line 176, in render
    return self._render(context)
           ^^^^^^^^^^^^^^^^^^^^^
  File "D:\APPS\Project\lumra\.venv\Lib\site-packages\django\test\utils.py", line 114, in instrumented_test_render
    return self.nodelist.render(context)
           ^^^^^^^^^^^^^^^^^^^^^^^^^^^^^
  File "D:\APPS\Project\lumra\.venv\Lib\site-packages\django\template\base.py", line 1091, in render
    return SafeString("".join([node.render_annotated(context) for node in self]))
                               ^^^^^^^^^^^^^^^^^^^^^^^^^^^^^^
  File "D:\APPS\Project\lumra\.venv\Lib\site-packages\django\template\base.py", line 1052, in render_annotated
    return self.render(context)
           ^^^^^^^^^^^^^^^^^^^^
  File "D:\APPS\Project\lumra\.venv\Lib\site-packages\django\template\defaulttags.py", line 511, in render
    url = reverse(view_name, args=args, kwargs=kwargs, current_app=current_app)
          ^^^^^^^^^^^^^^^^^^^^^^^^^^^^^^^^^^^^^^^^^^^^^^^^^^^^^^^^^^^^^^^^^^^^^
  File "D:\APPS\Project\lumra\.venv\Lib\site-packages\django\urls\base.py", line 98, in reverse
    resolved_url = resolver._reverse_with_prefix(view, prefix, *args, **kwargs)
                   ^^^^^^^^^^^^^^^^^^^^^^^^^^^^^^^^^^^^^^^^^^^^^^^^^^^^^^^^^^^^
  File "D:\APPS\Project\lumra\.venv\Lib\site-packages\django\urls\resolvers.py", line 842, in _reverse_with_prefix
    raise NoReverseMatch(msg)
django.urls.exceptions.NoReverseMatch: Reverse for 'vendor_list' not found. 'vendor_list' is not a valid view function or pattern name.
ERROR 2026-05-07 21:00:01,606 log 13172 5020 "GET / HTTP/1.1" 500 212840
WARNING 2026-05-07 21:00:02,527 log 13172 5020 Not Found: /favicon.ico
WARNING 2026-05-07 21:00:02,530 log 13172 5020 "GET /favicon.ico HTTP/1.1" 404 51446
INFO 2026-05-07 21:00:25,424 log 13172 5020 "GET / HTTP/1.1" 200 99077
INFO 2026-05-07 21:00:25,527 log 13172 5020 "GET /static/css/dist/styles.css?v=1778162425 HTTP/1.1" 200 401955
INFO 2026-05-07 21:00:27,492 log 13172 10188 "GET /static/img/default-avatar.png HTTP/1.1" 304 0
INFO 2026-05-07 21:03:01,638 log 13172 5020 "GET /api/dashboard/data/ HTTP/1.1" 200 1034
INFO 2026-05-07 21:03:01,644 log 13172 10188 "GET /api/dashboard/data/ HTTP/1.1" 200 1034
ERROR 2026-05-07 21:09:00,107 log 13172 20992 Internal Server Error: /
Traceback (most recent call last):
  File "D:\APPS\Project\lumra\.venv\Lib\site-packages\django\core\handlers\exception.py", line 55, in inner
    response = get_response(request)
               ^^^^^^^^^^^^^^^^^^^^^
  File "D:\APPS\Project\lumra\.venv\Lib\site-packages\django\core\handlers\base.py", line 198, in _get_response
    response = wrapped_callback(request, *callback_args, **callback_kwargs)
               ^^^^^^^^^^^^^^^^^^^^^^^^^^^^^^^^^^^^^^^^^^^^^^^^^^^^^^^^^^^^
  File "D:\APPS\Project\lumra\lumra_system\urls.py", line 19, in _callable
    return view(request, *args, **kwargs)
           ^^^^^^^^^^^^^^^^^^^^^^^^^^^^^^
  File "D:\APPS\Project\lumra\.venv\Lib\site-packages\django\contrib\auth\decorators.py", line 59, in _view_wrapper
    return view_func(request, *args, **kwargs)
           ^^^^^^^^^^^^^^^^^^^^^^^^^^^^^^^^^^^
  File "D:\APPS\Project\lumra\lumra_config\views\dashboard_views.py", line 463, in dashboard_view
    return render(request, "lumra_pages/sales_insight/dashboard.html", context)
           ^^^^^^^^^^^^^^^^^^^^^^^^^^^^^^^^^^^^^^^^^^^^^^^^^^^^^^^^^^^^^^^^^^^^
  File "D:\APPS\Project\lumra\.venv\Lib\site-packages\django\shortcuts.py", line 25, in render
    content = loader.render_to_string(template_name, context, request, using=using)
              ^^^^^^^^^^^^^^^^^^^^^^^^^^^^^^^^^^^^^^^^^^^^^^^^^^^^^^^^^^^^^^^^^^^^^
  File "D:\APPS\Project\lumra\.venv\Lib\site-packages\django\template\loader.py", line 62, in render_to_string
    return template.render(context, request)
           ^^^^^^^^^^^^^^^^^^^^^^^^^^^^^^^^^
  File "D:\APPS\Project\lumra\.venv\Lib\site-packages\django\template\backends\django.py", line 107, in render
    return self.template.render(context)
           ^^^^^^^^^^^^^^^^^^^^^^^^^^^^^
  File "D:\APPS\Project\lumra\.venv\Lib\site-packages\django\template\base.py", line 174, in render
    return self._render(context)
           ^^^^^^^^^^^^^^^^^^^^^
  File "D:\APPS\Project\lumra\.venv\Lib\site-packages\django\test\utils.py", line 114, in instrumented_test_render
    return self.nodelist.render(context)
           ^^^^^^^^^^^^^^^^^^^^^^^^^^^^^
  File "D:\APPS\Project\lumra\.venv\Lib\site-packages\django\template\base.py", line 1091, in render
    return SafeString("".join([node.render_annotated(context) for node in self]))
                               ^^^^^^^^^^^^^^^^^^^^^^^^^^^^^^
  File "D:\APPS\Project\lumra\.venv\Lib\site-packages\django\template\base.py", line 1052, in render_annotated
    return self.render(context)
           ^^^^^^^^^^^^^^^^^^^^
  File "D:\APPS\Project\lumra\.venv\Lib\site-packages\django\template\loader_tags.py", line 160, in render
    return compiled_parent._render(context)
           ^^^^^^^^^^^^^^^^^^^^^^^^^^^^^^^^
  File "D:\APPS\Project\lumra\.venv\Lib\site-packages\django\test\utils.py", line 114, in instrumented_test_render
    return self.nodelist.render(context)
           ^^^^^^^^^^^^^^^^^^^^^^^^^^^^^
  File "D:\APPS\Project\lumra\.venv\Lib\site-packages\django\template\base.py", line 1091, in render
    return SafeString("".join([node.render_annotated(context) for node in self]))
                               ^^^^^^^^^^^^^^^^^^^^^^^^^^^^^^
  File "D:\APPS\Project\lumra\.venv\Lib\site-packages\django\template\base.py", line 1052, in render_annotated
    return self.render(context)
           ^^^^^^^^^^^^^^^^^^^^
  File "D:\APPS\Project\lumra\.venv\Lib\site-packages\django\template\loader_tags.py", line 211, in render
    return template.render(context)
           ^^^^^^^^^^^^^^^^^^^^^^^^
  File "D:\APPS\Project\lumra\.venv\Lib\site-packages\django\template\base.py", line 176, in render
    return self._render(context)
           ^^^^^^^^^^^^^^^^^^^^^
  File "D:\APPS\Project\lumra\.venv\Lib\site-packages\django\test\utils.py", line 114, in instrumented_test_render
    return self.nodelist.render(context)
           ^^^^^^^^^^^^^^^^^^^^^^^^^^^^^
  File "D:\APPS\Project\lumra\.venv\Lib\site-packages\django\template\base.py", line 1091, in render
    return SafeString("".join([node.render_annotated(context) for node in self]))
                               ^^^^^^^^^^^^^^^^^^^^^^^^^^^^^^
  File "D:\APPS\Project\lumra\.venv\Lib\site-packages\django\template\base.py", line 1052, in render_annotated
    return self.render(context)
           ^^^^^^^^^^^^^^^^^^^^
  File "D:\APPS\Project\lumra\.venv\Lib\site-packages\django\template\defaulttags.py", line 511, in render
    url = reverse(view_name, args=args, kwargs=kwargs, current_app=current_app)
          ^^^^^^^^^^^^^^^^^^^^^^^^^^^^^^^^^^^^^^^^^^^^^^^^^^^^^^^^^^^^^^^^^^^^^
  File "D:\APPS\Project\lumra\.venv\Lib\site-packages\django\urls\base.py", line 98, in reverse
    resolved_url = resolver._reverse_with_prefix(view, prefix, *args, **kwargs)
                   ^^^^^^^^^^^^^^^^^^^^^^^^^^^^^^^^^^^^^^^^^^^^^^^^^^^^^^^^^^^^
  File "D:\APPS\Project\lumra\.venv\Lib\site-packages\django\urls\resolvers.py", line 842, in _reverse_with_prefix
    raise NoReverseMatch(msg)
django.urls.exceptions.NoReverseMatch: Reverse for 'cash_flow' not found. 'cash_flow' is not a valid view function or pattern name.
ERROR 2026-05-07 21:09:00,113 log 13172 20992 "GET / HTTP/1.1" 500 213175
ERROR 2026-05-07 21:10:30,552 log 13172 20992 Internal Server Error: /
Traceback (most recent call last):
  File "D:\APPS\Project\lumra\.venv\Lib\site-packages\django\core\handlers\exception.py", line 55, in inner
    response = get_response(request)
               ^^^^^^^^^^^^^^^^^^^^^
  File "D:\APPS\Project\lumra\.venv\Lib\site-packages\django\core\handlers\base.py", line 198, in _get_response
    response = wrapped_callback(request, *callback_args, **callback_kwargs)
               ^^^^^^^^^^^^^^^^^^^^^^^^^^^^^^^^^^^^^^^^^^^^^^^^^^^^^^^^^^^^
  File "D:\APPS\Project\lumra\lumra_system\urls.py", line 19, in _callable
    return view(request, *args, **kwargs)
           ^^^^^^^^^^^^^^^^^^^^^^^^^^^^^^
  File "D:\APPS\Project\lumra\.venv\Lib\site-packages\django\contrib\auth\decorators.py", line 59, in _view_wrapper
    return view_func(request, *args, **kwargs)
           ^^^^^^^^^^^^^^^^^^^^^^^^^^^^^^^^^^^
  File "D:\APPS\Project\lumra\lumra_config\views\dashboard_views.py", line 463, in dashboard_view
    return render(request, "lumra_pages/sales_insight/dashboard.html", context)
           ^^^^^^^^^^^^^^^^^^^^^^^^^^^^^^^^^^^^^^^^^^^^^^^^^^^^^^^^^^^^^^^^^^^^
  File "D:\APPS\Project\lumra\.venv\Lib\site-packages\django\shortcuts.py", line 25, in render
    content = loader.render_to_string(template_name, context, request, using=using)
              ^^^^^^^^^^^^^^^^^^^^^^^^^^^^^^^^^^^^^^^^^^^^^^^^^^^^^^^^^^^^^^^^^^^^^
  File "D:\APPS\Project\lumra\.venv\Lib\site-packages\django\template\loader.py", line 62, in render_to_string
    return template.render(context, request)
           ^^^^^^^^^^^^^^^^^^^^^^^^^^^^^^^^^
  File "D:\APPS\Project\lumra\.venv\Lib\site-packages\django\template\backends\django.py", line 107, in render
    return self.template.render(context)
           ^^^^^^^^^^^^^^^^^^^^^^^^^^^^^
  File "D:\APPS\Project\lumra\.venv\Lib\site-packages\django\template\base.py", line 174, in render
    return self._render(context)
           ^^^^^^^^^^^^^^^^^^^^^
  File "D:\APPS\Project\lumra\.venv\Lib\site-packages\django\test\utils.py", line 114, in instrumented_test_render
    return self.nodelist.render(context)
           ^^^^^^^^^^^^^^^^^^^^^^^^^^^^^
  File "D:\APPS\Project\lumra\.venv\Lib\site-packages\django\template\base.py", line 1091, in render
    return SafeString("".join([node.render_annotated(context) for node in self]))
                               ^^^^^^^^^^^^^^^^^^^^^^^^^^^^^^
  File "D:\APPS\Project\lumra\.venv\Lib\site-packages\django\template\base.py", line 1052, in render_annotated
    return self.render(context)
           ^^^^^^^^^^^^^^^^^^^^
  File "D:\APPS\Project\lumra\.venv\Lib\site-packages\django\template\loader_tags.py", line 160, in render
    return compiled_parent._render(context)
           ^^^^^^^^^^^^^^^^^^^^^^^^^^^^^^^^
  File "D:\APPS\Project\lumra\.venv\Lib\site-packages\django\test\utils.py", line 114, in instrumented_test_render
    return self.nodelist.render(context)
           ^^^^^^^^^^^^^^^^^^^^^^^^^^^^^
  File "D:\APPS\Project\lumra\.venv\Lib\site-packages\django\template\base.py", line 1091, in render
    return SafeString("".join([node.render_annotated(context) for node in self]))
                               ^^^^^^^^^^^^^^^^^^^^^^^^^^^^^^
  File "D:\APPS\Project\lumra\.venv\Lib\site-packages\django\template\base.py", line 1052, in render_annotated
    return self.render(context)
           ^^^^^^^^^^^^^^^^^^^^
  File "D:\APPS\Project\lumra\.venv\Lib\site-packages\django\template\loader_tags.py", line 211, in render
    return template.render(context)
           ^^^^^^^^^^^^^^^^^^^^^^^^
  File "D:\APPS\Project\lumra\.venv\Lib\site-packages\django\template\base.py", line 176, in render
    return self._render(context)
           ^^^^^^^^^^^^^^^^^^^^^
  File "D:\APPS\Project\lumra\.venv\Lib\site-packages\django\test\utils.py", line 114, in instrumented_test_render
    return self.nodelist.render(context)
           ^^^^^^^^^^^^^^^^^^^^^^^^^^^^^
  File "D:\APPS\Project\lumra\.venv\Lib\site-packages\django\template\base.py", line 1091, in render
    return SafeString("".join([node.render_annotated(context) for node in self]))
                               ^^^^^^^^^^^^^^^^^^^^^^^^^^^^^^
  File "D:\APPS\Project\lumra\.venv\Lib\site-packages\django\template\base.py", line 1052, in render_annotated
    return self.render(context)
           ^^^^^^^^^^^^^^^^^^^^
  File "D:\APPS\Project\lumra\.venv\Lib\site-packages\django\template\defaulttags.py", line 511, in render
    url = reverse(view_name, args=args, kwargs=kwargs, current_app=current_app)
          ^^^^^^^^^^^^^^^^^^^^^^^^^^^^^^^^^^^^^^^^^^^^^^^^^^^^^^^^^^^^^^^^^^^^^
  File "D:\APPS\Project\lumra\.venv\Lib\site-packages\django\urls\base.py", line 98, in reverse
    resolved_url = resolver._reverse_with_prefix(view, prefix, *args, **kwargs)
                   ^^^^^^^^^^^^^^^^^^^^^^^^^^^^^^^^^^^^^^^^^^^^^^^^^^^^^^^^^^^^
  File "D:\APPS\Project\lumra\.venv\Lib\site-packages\django\urls\resolvers.py", line 842, in _reverse_with_prefix
    raise NoReverseMatch(msg)
django.urls.exceptions.NoReverseMatch: Reverse for 'cash_flow' not found. 'cash_flow' is not a valid view function or pattern name.
ERROR 2026-05-07 21:10:30,669 log 13172 20992 "GET / HTTP/1.1" 500 213175
INFO 2026-05-07 21:12:16,900 log 13172 20992 "GET / HTTP/1.1" 200 127476
INFO 2026-05-07 21:12:17,031 log 13172 20992 "GET /static/css/dist/styles.css?v=1778163136 HTTP/1.1" 200 401955
INFO 2026-05-07 21:12:35,000 log 13172 10172 "GET /accounting/coa/ HTTP/1.1" 200 126336
INFO 2026-05-07 21:12:35,535 log 13172 10172 "GET /static/css/dist/styles.css?v=1778163154 HTTP/1.1" 200 401955
INFO 2026-05-07 21:13:00,094 log 13172 6372 "GET /sales/invoice/ HTTP/1.1" 200 125136
INFO 2026-05-07 21:13:00,230 log 13172 6372 "GET /static/css/dist/styles.css?v=1778163180 HTTP/1.1" 200 401955
INFO 2026-05-07 21:13:16,478 log 13172 21796 "GET /production/order/ HTTP/1.1" 200 122085
INFO 2026-05-07 21:13:17,581 log 13172 21796 "GET /static/css/dist/styles.css?v=1778163196 HTTP/1.1" 200 401955
INFO 2026-05-07 21:13:30,870 basehttp 13172 664 - Broken pipe from ('127.0.0.1', 23069)
INFO 2026-05-07 21:13:35,190 basehttp 13172 6372 - Broken pipe from ('127.0.0.1', 42371)
INFO 2026-05-07 22:34:34,973 autoreload 14624 20872 Watching for file changes with StatReloader
INFO 2026-05-07 22:34:55,479 basehttp 14624 18008 - Broken pipe from ('127.0.0.1', 48750)
INFO 2026-05-07 22:34:55,669 log 14624 14908 "GET / HTTP/1.1" 200 141464
INFO 2026-05-07 22:34:55,853 log 14624 14908 "GET /static/css/dist/styles.css?v=1778168095 HTTP/1.1" 200 401955
WARNING 2026-05-07 22:34:59,880 log 14624 428 Not Found: /favicon.ico
WARNING 2026-05-07 22:34:59,948 log 14624 428 "GET /favicon.ico HTTP/1.1" 404 51446
INFO 2026-05-08 20:47:18,186 autoreload 6420 5032 Watching for file changes with StatReloader
INFO 2026-05-08 20:47:24,847 log 6420 20980 "GET / HTTP/1.1" 200 134266
INFO 2026-05-08 20:47:25,054 log 6420 10920 "GET /static/css/dist/styles.css?v=1778248044 HTTP/1.1" 200 401559
WARNING 2026-05-08 20:47:26,463 log 6420 20980 Not Found: /favicon.ico
WARNING 2026-05-08 20:47:26,554 log 6420 20980 "GET /favicon.ico HTTP/1.1" 404 51446
INFO 2026-05-08 20:47:35,548 log 6420 20980 "GET / HTTP/1.1" 200 134266
INFO 2026-05-08 20:47:35,696 log 6420 20980 "GET /static/css/dist/styles.css?v=1778248055 HTTP/1.1" 200 401559
INFO 2026-05-08 20:47:42,244 log 6420 7068 "GET / HTTP/1.1" 200 141464
INFO 2026-05-08 20:47:42,457 log 6420 7068 "GET /static/css/dist/styles.css?v=1778248062 HTTP/1.1" 200 401559
INFO 2026-05-08 20:49:07,884 log 6420 3640 "GET /accounting/coa/ HTTP/1.1" 200 122783
INFO 2026-05-08 20:49:08,069 log 6420 3640 "GET /static/css/dist/styles.css?v=1778248147 HTTP/1.1" 200 401559
INFO 2026-05-08 20:49:22,800 log 6420 3640 "GET /production/order/ HTTP/1.1" 200 118532
INFO 2026-05-08 20:49:22,921 log 6420 3640 "GET /static/css/dist/styles.css?v=1778248162 HTTP/1.1" 200 401559
INFO 2026-05-08 20:53:14,059 basehttp 6420 7068 - Broken pipe from ('127.0.0.1', 37333)
INFO 2026-05-08 20:53:14,627 basehttp 6420 20980 - Broken pipe from ('127.0.0.1', 25817)
INFO 2026-05-08 20:53:14,802 basehttp 6420 18140 - Broken pipe from ('127.0.0.1', 12882)
INFO 2026-05-08 20:53:15,946 basehttp 6420 10920 - Broken pipe from ('127.0.0.1', 48337)
INFO 2026-05-08 21:13:58,873 log 6420 18768 "GET /production/order/ HTTP/1.1" 200 115574
INFO 2026-05-08 21:13:59,076 log 6420 18768 "GET /static/css/dist/styles.css?v=1778249638 HTTP/1.1" 200 401559
INFO 2026-05-08 21:14:02,545 log 6420 18768 "GET / HTTP/1.1" 200 138506
INFO 2026-05-08 21:14:02,675 log 6420 18768 "GET /static/css/dist/styles.css?v=1778249642 HTTP/1.1" 200 401559
INFO 2026-05-08 21:14:33,973 log 6420 7876 "GET / HTTP/1.1" 200 138506
INFO 2026-05-08 21:14:34,188 log 6420 7876 "GET /static/css/dist/styles.css?v=1778249673 HTTP/1.1" 200 401559
INFO 2026-05-08 21:14:54,153 log 6420 17320 "GET / HTTP/1.1" 200 138506
INFO 2026-05-08 21:14:54,326 log 6420 17320 "GET /static/css/dist/styles.css?v=1778249694 HTTP/1.1" 200 401559
INFO 2026-05-08 21:15:05,385 log 6420 14304 "GET / HTTP/1.1" 200 141464
INFO 2026-05-08 21:15:05,714 log 6420 14304 "GET /static/css/dist/styles.css?v=1778249704 HTTP/1.1" 200 401559
INFO 2026-05-08 21:15:19,386 log 6420 16176 "GET / HTTP/1.1" 200 138506
INFO 2026-05-08 21:15:19,775 log 6420 16176 "GET /static/css/dist/styles.css?v=1778249717 HTTP/1.1" 200 401559
INFO 2026-05-08 21:15:28,900 log 6420 11648 "GET / HTTP/1.1" 200 138506
INFO 2026-05-08 21:15:29,214 log 6420 11648 "GET /static/css/dist/styles.css?v=1778249728 HTTP/1.1" 200 401559
INFO 2026-05-08 21:15:43,368 log 6420 6140 "GET / HTTP/1.1" 200 138506
INFO 2026-05-08 21:15:43,782 log 6420 6140 "GET /static/css/dist/styles.css?v=1778249743 HTTP/1.1" 200 401559
INFO 2026-05-08 21:15:48,832 log 6420 8564 "GET / HTTP/1.1" 200 141464
INFO 2026-05-08 21:15:49,057 log 6420 8564 "GET /static/css/dist/styles.css?v=1778249748 HTTP/1.1" 200 401559
INFO 2026-05-08 21:21:10,933 basehttp 6420 14304 - Broken pipe from ('127.0.0.1', 45288)
INFO 2026-05-08 21:21:11,517 basehttp 6420 17320 - Broken pipe from ('127.0.0.1', 12936)
INFO 2026-05-08 21:21:11,817 basehttp 6420 18768 - Broken pipe from ('127.0.0.1', 34851)
INFO 2026-05-08 21:21:13,719 basehttp 6420 7876 - Broken pipe from ('127.0.0.1', 4227)
INFO 2026-05-08 21:21:18,771 log 6420 17728 "GET / HTTP/1.1" 200 141464
INFO 2026-05-08 21:21:19,187 log 6420 17728 "GET /static/css/dist/styles.css?v=1778250078 HTTP/1.1" 200 401559
INFO 2026-05-08 21:21:32,804 basehttp 6420 5180 - Broken pipe from ('127.0.0.1', 8906)
INFO 2026-05-08 21:21:33,218 basehttp 6420 8320 - Broken pipe from ('127.0.0.1', 61378)
INFO 2026-05-08 21:21:34,185 basehttp 6420 16176 - Broken pipe from ('127.0.0.1', 10555)
INFO 2026-05-08 21:21:35,500 basehttp 6420 6140 - Broken pipe from ('127.0.0.1', 1102)
INFO 2026-05-08 21:22:08,106 basehttp 6420 11648 - Broken pipe from ('127.0.0.1', 62883)
INFO 2026-05-08 21:22:10,937 basehttp 6420 8564 - Broken pipe from ('127.0.0.1', 24786)
INFO 2026-05-08 21:22:44,028 log 6420 1964 "GET / HTTP/1.1" 200 141752
INFO 2026-05-08 21:22:44,154 log 6420 1964 "GET /static/css/dist/styles.css?v=1778250163 HTTP/1.1" 200 401559
INFO 2026-05-08 21:23:26,023 log 6420 2864 "GET / HTTP/1.1" 200 141817
INFO 2026-05-08 21:23:26,136 log 6420 2864 "GET /static/css/dist/styles.css?v=1778250205 HTTP/1.1" 200 401559
INFO 2026-05-08 21:23:42,322 log 6420 20240 "GET / HTTP/1.1" 200 142262
INFO 2026-05-08 21:23:42,620 log 6420 20240 "GET /static/css/dist/styles.css?v=1778250221 HTTP/1.1" 200 401559
INFO 2026-05-08 21:25:12,642 log 6420 7860 "GET / HTTP/1.1" 200 143331
INFO 2026-05-08 21:25:12,776 log 6420 7860 "GET /static/css/dist/styles.css?v=1778250312 HTTP/1.1" 200 401559
INFO 2026-05-08 21:25:30,608 log 6420 13008 "GET / HTTP/1.1" 200 143331
INFO 2026-05-08 21:25:30,769 log 6420 13008 "GET /static/css/dist/styles.css?v=1778250330 HTTP/1.1" 200 401559
INFO 2026-05-08 21:26:38,338 log 6420 10356 "GET / HTTP/1.1" 200 143331
INFO 2026-05-08 21:26:38,498 log 6420 10356 "GET /static/css/dist/styles.css?v=1778250398 HTTP/1.1" 200 401559
INFO 2026-05-08 21:27:27,554 log 6420 4532 "GET / HTTP/1.1" 200 143331
INFO 2026-05-08 21:27:27,710 log 6420 16876 "GET /static/css/dist/styles.css?v=1778250447 HTTP/1.1" 200 401559
ERROR 2026-05-08 21:29:22,787 log 6420 17920 Internal Server Error: /purchasing/
Traceback (most recent call last):
  File "D:\APPS\Project\lumra\.venv\Lib\site-packages\django\core\handlers\exception.py", line 55, in inner
    response = get_response(request)
               ^^^^^^^^^^^^^^^^^^^^^
  File "D:\APPS\Project\lumra\.venv\Lib\site-packages\django\core\handlers\base.py", line 198, in _get_response
    response = wrapped_callback(request, *callback_args, **callback_kwargs)
               ^^^^^^^^^^^^^^^^^^^^^^^^^^^^^^^^^^^^^^^^^^^^^^^^^^^^^^^^^^^^
  File "D:\APPS\Project\lumra\lumra_system\urls.py", line 19, in _callable
    return view(request, *args, **kwargs)
           ^^^^^^^^^^^^^^^^^^^^^^^^^^^^^^
  File "D:\APPS\Project\lumra\.venv\Lib\site-packages\django\contrib\auth\decorators.py", line 59, in _view_wrapper
    return view_func(request, *args, **kwargs)
           ^^^^^^^^^^^^^^^^^^^^^^^^^^^^^^^^^^^
  File "D:\APPS\Project\lumra\lumra_config\views\misc_views.py", line 267, in purchasing_view
    return render(request, "lumra_pages/purchasing/purchasing.html", context)
           ^^^^^^^^^^^^^^^^^^^^^^^^^^^^^^^^^^^^^^^^^^^^^^^^^^^^^^^^^^^^^^^^^^
  File "D:\APPS\Project\lumra\.venv\Lib\site-packages\django\shortcuts.py", line 25, in render
    content = loader.render_to_string(template_name, context, request, using=using)
              ^^^^^^^^^^^^^^^^^^^^^^^^^^^^^^^^^^^^^^^^^^^^^^^^^^^^^^^^^^^^^^^^^^^^^
  File "D:\APPS\Project\lumra\.venv\Lib\site-packages\django\template\loader.py", line 61, in render_to_string
    template = get_template(template_name, using=using)
               ^^^^^^^^^^^^^^^^^^^^^^^^^^^^^^^^^^^^^^^^
  File "D:\APPS\Project\lumra\.venv\Lib\site-packages\django\template\loader.py", line 15, in get_template
    return engine.get_template(template_name)
           ^^^^^^^^^^^^^^^^^^^^^^^^^^^^^^^^^^
  File "D:\APPS\Project\lumra\.venv\Lib\site-packages\django\template\backends\django.py", line 79, in get_template
    return Template(self.engine.get_template(template_name), self)
                    ^^^^^^^^^^^^^^^^^^^^^^^^^^^^^^^^^^^^^^^
  File "D:\APPS\Project\lumra\.venv\Lib\site-packages\django\template\engine.py", line 186, in get_template
    template, origin = self.find_template(template_name)
                       ^^^^^^^^^^^^^^^^^^^^^^^^^^^^^^^^^
  File "D:\APPS\Project\lumra\.venv\Lib\site-packages\django\template\engine.py", line 159, in find_template
    template = loader.get_template(name, skip=skip)
               ^^^^^^^^^^^^^^^^^^^^^^^^^^^^^^^^^^^^
  File "D:\APPS\Project\lumra\.venv\Lib\site-packages\django\template\loaders\cached.py", line 57, in get_template
    template = super().get_template(template_name, skip)
               ^^^^^^^^^^^^^^^^^^^^^^^^^^^^^^^^^^^^^^^^^
  File "D:\APPS\Project\lumra\.venv\Lib\site-packages\django\template\loaders\base.py", line 28, in get_template
    return Template(
           ^^^^^^^^^
  File "D:\APPS\Project\lumra\.venv\Lib\site-packages\django\template\base.py", line 157, in __init__
    self.nodelist = self.compile_nodelist()
                    ^^^^^^^^^^^^^^^^^^^^^^^
  File "D:\APPS\Project\lumra\.venv\Lib\site-packages\django\template\base.py", line 199, in compile_nodelist
    nodelist = parser.parse()
               ^^^^^^^^^^^^^^
  File "D:\APPS\Project\lumra\.venv\Lib\site-packages\django\template\base.py", line 585, in parse
    raise self.error(token, e)
  File "D:\APPS\Project\lumra\.venv\Lib\site-packages\django\template\base.py", line 583, in parse
    compiled_result = compile_func(self, token)
                      ^^^^^^^^^^^^^^^^^^^^^^^^^
  File "D:\APPS\Project\lumra\.venv\Lib\site-packages\django\template\loader_tags.py", line 307, in do_extends
    nodelist = parser.parse()
               ^^^^^^^^^^^^^^
  File "D:\APPS\Project\lumra\.venv\Lib\site-packages\django\template\base.py", line 585, in parse
    raise self.error(token, e)
  File "D:\APPS\Project\lumra\.venv\Lib\site-packages\django\template\base.py", line 583, in parse
    compiled_result = compile_func(self, token)
                      ^^^^^^^^^^^^^^^^^^^^^^^^^
  File "D:\APPS\Project\lumra\.venv\Lib\site-packages\django\template\loader_tags.py", line 235, in do_block
    nodelist = parser.parse(("endblock",))
               ^^^^^^^^^^^^^^^^^^^^^^^^^^^
  File "D:\APPS\Project\lumra\.venv\Lib\site-packages\django\template\base.py", line 585, in parse
    raise self.error(token, e)
  File "D:\APPS\Project\lumra\.venv\Lib\site-packages\django\template\base.py", line 583, in parse
    compiled_result = compile_func(self, token)
                      ^^^^^^^^^^^^^^^^^^^^^^^^^
  File "D:\APPS\Project\lumra\.venv\Lib\site-packages\django\template\defaulttags.py", line 894, in do_for
    nodelist_loop = parser.parse(
                    ^^^^^^^^^^^^^
  File "D:\APPS\Project\lumra\.venv\Lib\site-packages\django\template\base.py", line 556, in parse
    raise self.error(token, e)
  File "D:\APPS\Project\lumra\.venv\Lib\site-packages\django\template\base.py", line 554, in parse
    filter_expression = self.compile_filter(token.contents)
                        ^^^^^^^^^^^^^^^^^^^^^^^^^^^^^^^^^^^
  File "D:\APPS\Project\lumra\.venv\Lib\site-packages\django\template\base.py", line 676, in compile_filter
    return FilterExpression(token, self)
           ^^^^^^^^^^^^^^^^^^^^^^^^^^^^^
  File "D:\APPS\Project\lumra\.venv\Lib\site-packages\django\template\base.py", line 771, in __init__
    filter_func = parser.find_filter(filter_name)
                  ^^^^^^^^^^^^^^^^^^^^^^^^^^^^^^^
  File "D:\APPS\Project\lumra\.venv\Lib\site-packages\django\template\base.py", line 682, in find_filter
    raise TemplateSyntaxError("Invalid filter: '%s'" % filter_name)
django.template.exceptions.TemplateSyntaxError: Template: D:\APPS\Project\lumra\lumra_config\templates\lumra_pages\purchasing\purchasing.html, Invalid filter: 'intcomma'
INFO 2026-05-08 21:29:22,826 basehttp 6420 17920 - Broken pipe from ('127.0.0.1', 20762)
INFO 2026-05-08 21:30:12,204 basehttp 6420 17728 - Broken pipe from ('127.0.0.1', 32216)
INFO 2026-05-08 21:30:12,376 basehttp 6420 1684 - Broken pipe from ('127.0.0.1', 19884)
INFO 2026-05-08 21:30:52,364 basehttp 6420 1888 - Broken pipe from ('127.0.0.1', 61658)
INFO 2026-05-08 21:30:52,773 basehttp 6420 2864 - Broken pipe from ('127.0.0.1', 43544)
INFO 2026-05-08 21:30:53,206 basehttp 6420 20240 - Broken pipe from ('127.0.0.1', 22431)
INFO 2026-05-08 21:30:59,262 basehttp 6420 1964 - Broken pipe from ('127.0.0.1', 62292)
INFO 2026-05-08 21:32:15,997 basehttp 6420 12192 - Broken pipe from ('127.0.0.1', 6121)
INFO 2026-05-08 21:32:41,941 basehttp 6420 7860 - Broken pipe from ('127.0.0.1', 18004)
INFO 2026-05-08 21:32:53,596 basehttp 6420 13008 - Broken pipe from ('127.0.0.1', 47423)
INFO 2026-05-08 21:33:02,035 basehttp 6420 12596 - Broken pipe from ('127.0.0.1', 1333)
INFO 2026-05-08 21:33:12,018 basehttp 6420 10356 - Broken pipe from ('127.0.0.1', 60070)
INFO 2026-05-08 21:33:18,376 basehttp 6420 17504 - Broken pipe from ('127.0.0.1', 10511)
INFO 2026-05-08 21:33:26,854 log 6420 16876 "GET /api/dashboard/data/?period=today HTTP/1.1" 200 1279
INFO 2026-05-08 21:33:30,388 log 6420 4532 "GET /api/dashboard/data/?period=today HTTP/1.1" 200 1279
INFO 2026-05-08 21:35:02,028 log 6420 12764 "GET / HTTP/1.1" 302 0
ERROR 2026-05-08 21:35:02,586 log 6420 12764 Internal Server Error: /auth/login/
Traceback (most recent call last):
  File "D:\APPS\Project\lumra\.venv\Lib\site-packages\django\core\handlers\exception.py", line 55, in inner
    response = get_response(request)
               ^^^^^^^^^^^^^^^^^^^^^
  File "D:\APPS\Project\lumra\.venv\Lib\site-packages\django\core\handlers\base.py", line 198, in _get_response
    response = wrapped_callback(request, *callback_args, **callback_kwargs)
               ^^^^^^^^^^^^^^^^^^^^^^^^^^^^^^^^^^^^^^^^^^^^^^^^^^^^^^^^^^^^
  File "D:\APPS\Project\lumra\lumra_system\urls.py", line 19, in _callable
    return view(request, *args, **kwargs)
           ^^^^^^^^^^^^^^^^^^^^^^^^^^^^^^
  File "D:\APPS\Project\lumra\lumra_config\views\auth_views.py", line 37, in login_view
    return render(request, "lumra_pages/auth/login.html")
           ^^^^^^^^^^^^^^^^^^^^^^^^^^^^^^^^^^^^^^^^^^^^^^
  File "D:\APPS\Project\lumra\.venv\Lib\site-packages\django\shortcuts.py", line 25, in render
    content = loader.render_to_string(template_name, context, request, using=using)
              ^^^^^^^^^^^^^^^^^^^^^^^^^^^^^^^^^^^^^^^^^^^^^^^^^^^^^^^^^^^^^^^^^^^^^
  File "D:\APPS\Project\lumra\.venv\Lib\site-packages\django\template\loader.py", line 62, in render_to_string
    return template.render(context, request)
           ^^^^^^^^^^^^^^^^^^^^^^^^^^^^^^^^^
  File "D:\APPS\Project\lumra\.venv\Lib\site-packages\django\template\backends\django.py", line 107, in render
    return self.template.render(context)
           ^^^^^^^^^^^^^^^^^^^^^^^^^^^^^
  File "D:\APPS\Project\lumra\.venv\Lib\site-packages\django\template\base.py", line 174, in render
    return self._render(context)
           ^^^^^^^^^^^^^^^^^^^^^
  File "D:\APPS\Project\lumra\.venv\Lib\site-packages\django\test\utils.py", line 114, in instrumented_test_render
    return self.nodelist.render(context)
           ^^^^^^^^^^^^^^^^^^^^^^^^^^^^^
  File "D:\APPS\Project\lumra\.venv\Lib\site-packages\django\template\base.py", line 1091, in render
    return SafeString("".join([node.render_annotated(context) for node in self]))
                               ^^^^^^^^^^^^^^^^^^^^^^^^^^^^^^
  File "D:\APPS\Project\lumra\.venv\Lib\site-packages\django\template\base.py", line 1052, in render_annotated
    return self.render(context)
           ^^^^^^^^^^^^^^^^^^^^
  File "D:\APPS\Project\lumra\.venv\Lib\site-packages\django\template\loader_tags.py", line 160, in render
    return compiled_parent._render(context)
           ^^^^^^^^^^^^^^^^^^^^^^^^^^^^^^^^
  File "D:\APPS\Project\lumra\.venv\Lib\site-packages\django\test\utils.py", line 114, in instrumented_test_render
    return self.nodelist.render(context)
           ^^^^^^^^^^^^^^^^^^^^^^^^^^^^^
  File "D:\APPS\Project\lumra\.venv\Lib\site-packages\django\template\base.py", line 1091, in render
    return SafeString("".join([node.render_annotated(context) for node in self]))
                               ^^^^^^^^^^^^^^^^^^^^^^^^^^^^^^
  File "D:\APPS\Project\lumra\.venv\Lib\site-packages\django\template\base.py", line 1052, in render_annotated
    return self.render(context)
           ^^^^^^^^^^^^^^^^^^^^
  File "D:\APPS\Project\lumra\.venv\Lib\site-packages\django\template\loader_tags.py", line 66, in render
    result = block.nodelist.render(context)
             ^^^^^^^^^^^^^^^^^^^^^^^^^^^^^^
  File "D:\APPS\Project\lumra\.venv\Lib\site-packages\django\template\base.py", line 1091, in render
    return SafeString("".join([node.render_annotated(context) for node in self]))
                               ^^^^^^^^^^^^^^^^^^^^^^^^^^^^^^
  File "D:\APPS\Project\lumra\.venv\Lib\site-packages\django\template\base.py", line 1052, in render_annotated
    return self.render(context)
           ^^^^^^^^^^^^^^^^^^^^
  File "D:\APPS\Project\lumra\.venv\Lib\site-packages\django\template\defaulttags.py", line 511, in render
    url = reverse(view_name, args=args, kwargs=kwargs, current_app=current_app)
          ^^^^^^^^^^^^^^^^^^^^^^^^^^^^^^^^^^^^^^^^^^^^^^^^^^^^^^^^^^^^^^^^^^^^^
  File "D:\APPS\Project\lumra\.venv\Lib\site-packages\django\urls\base.py", line 98, in reverse
    resolved_url = resolver._reverse_with_prefix(view, prefix, *args, **kwargs)
                   ^^^^^^^^^^^^^^^^^^^^^^^^^^^^^^^^^^^^^^^^^^^^^^^^^^^^^^^^^^^^
  File "D:\APPS\Project\lumra\.venv\Lib\site-packages\django\urls\resolvers.py", line 842, in _reverse_with_prefix
    raise NoReverseMatch(msg)
django.urls.exceptions.NoReverseMatch: Reverse for 'forgot_password' not found. 'forgot_password' is not a valid view function or pattern name.
ERROR 2026-05-08 21:35:02,600 log 6420 12764 "GET /auth/login/?next=/ HTTP/1.1" 500 174970
INFO 2026-05-08 21:35:03,183 log 6420 7804 "GET / HTTP/1.1" 302 0
ERROR 2026-05-08 21:35:03,329 log 6420 7804 Internal Server Error: /auth/login/
Traceback (most recent call last):
  File "D:\APPS\Project\lumra\.venv\Lib\site-packages\django\core\handlers\exception.py", line 55, in inner
    response = get_response(request)
               ^^^^^^^^^^^^^^^^^^^^^
  File "D:\APPS\Project\lumra\.venv\Lib\site-packages\django\core\handlers\base.py", line 198, in _get_response
    response = wrapped_callback(request, *callback_args, **callback_kwargs)
               ^^^^^^^^^^^^^^^^^^^^^^^^^^^^^^^^^^^^^^^^^^^^^^^^^^^^^^^^^^^^
  File "D:\APPS\Project\lumra\lumra_system\urls.py", line 19, in _callable
    return view(request, *args, **kwargs)
           ^^^^^^^^^^^^^^^^^^^^^^^^^^^^^^
  File "D:\APPS\Project\lumra\lumra_config\views\auth_views.py", line 37, in login_view
    return render(request, "lumra_pages/auth/login.html")
           ^^^^^^^^^^^^^^^^^^^^^^^^^^^^^^^^^^^^^^^^^^^^^^
  File "D:\APPS\Project\lumra\.venv\Lib\site-packages\django\shortcuts.py", line 25, in render
    content = loader.render_to_string(template_name, context, request, using=using)
              ^^^^^^^^^^^^^^^^^^^^^^^^^^^^^^^^^^^^^^^^^^^^^^^^^^^^^^^^^^^^^^^^^^^^^
  File "D:\APPS\Project\lumra\.venv\Lib\site-packages\django\template\loader.py", line 62, in render_to_string
    return template.render(context, request)
           ^^^^^^^^^^^^^^^^^^^^^^^^^^^^^^^^^
  File "D:\APPS\Project\lumra\.venv\Lib\site-packages\django\template\backends\django.py", line 107, in render
    return self.template.render(context)
           ^^^^^^^^^^^^^^^^^^^^^^^^^^^^^
  File "D:\APPS\Project\lumra\.venv\Lib\site-packages\django\template\base.py", line 174, in render
    return self._render(context)
           ^^^^^^^^^^^^^^^^^^^^^
  File "D:\APPS\Project\lumra\.venv\Lib\site-packages\django\test\utils.py", line 114, in instrumented_test_render
    return self.nodelist.render(context)
           ^^^^^^^^^^^^^^^^^^^^^^^^^^^^^
  File "D:\APPS\Project\lumra\.venv\Lib\site-packages\django\template\base.py", line 1091, in render
    return SafeString("".join([node.render_annotated(context) for node in self]))
                               ^^^^^^^^^^^^^^^^^^^^^^^^^^^^^^
  File "D:\APPS\Project\lumra\.venv\Lib\site-packages\django\template\base.py", line 1052, in render_annotated
    return self.render(context)
           ^^^^^^^^^^^^^^^^^^^^
  File "D:\APPS\Project\lumra\.venv\Lib\site-packages\django\template\loader_tags.py", line 160, in render
    return compiled_parent._render(context)
           ^^^^^^^^^^^^^^^^^^^^^^^^^^^^^^^^
  File "D:\APPS\Project\lumra\.venv\Lib\site-packages\django\test\utils.py", line 114, in instrumented_test_render
    return self.nodelist.render(context)
           ^^^^^^^^^^^^^^^^^^^^^^^^^^^^^
  File "D:\APPS\Project\lumra\.venv\Lib\site-packages\django\template\base.py", line 1091, in render
    return SafeString("".join([node.render_annotated(context) for node in self]))
                               ^^^^^^^^^^^^^^^^^^^^^^^^^^^^^^
  File "D:\APPS\Project\lumra\.venv\Lib\site-packages\django\template\base.py", line 1052, in render_annotated
    return self.render(context)
           ^^^^^^^^^^^^^^^^^^^^
  File "D:\APPS\Project\lumra\.venv\Lib\site-packages\django\template\loader_tags.py", line 66, in render
    result = block.nodelist.render(context)
             ^^^^^^^^^^^^^^^^^^^^^^^^^^^^^^
  File "D:\APPS\Project\lumra\.venv\Lib\site-packages\django\template\base.py", line 1091, in render
    return SafeString("".join([node.render_annotated(context) for node in self]))
                               ^^^^^^^^^^^^^^^^^^^^^^^^^^^^^^
  File "D:\APPS\Project\lumra\.venv\Lib\site-packages\django\template\base.py", line 1052, in render_annotated
    return self.render(context)
           ^^^^^^^^^^^^^^^^^^^^
  File "D:\APPS\Project\lumra\.venv\Lib\site-packages\django\template\defaulttags.py", line 511, in render
    url = reverse(view_name, args=args, kwargs=kwargs, current_app=current_app)
          ^^^^^^^^^^^^^^^^^^^^^^^^^^^^^^^^^^^^^^^^^^^^^^^^^^^^^^^^^^^^^^^^^^^^^
  File "D:\APPS\Project\lumra\.venv\Lib\site-packages\django\urls\base.py", line 98, in reverse
    resolved_url = resolver._reverse_with_prefix(view, prefix, *args, **kwargs)
                   ^^^^^^^^^^^^^^^^^^^^^^^^^^^^^^^^^^^^^^^^^^^^^^^^^^^^^^^^^^^^
  File "D:\APPS\Project\lumra\.venv\Lib\site-packages\django\urls\resolvers.py", line 842, in _reverse_with_prefix
    raise NoReverseMatch(msg)
django.urls.exceptions.NoReverseMatch: Reverse for 'forgot_password' not found. 'forgot_password' is not a valid view function or pattern name.
ERROR 2026-05-08 21:35:03,341 log 6420 7804 "GET /auth/login/?next=/ HTTP/1.1" 500 174826
WARNING 2026-05-08 21:35:04,371 log 6420 7804 Not Found: /favicon.ico
WARNING 2026-05-08 21:35:04,379 log 6420 7804 "GET /favicon.ico HTTP/1.1" 404 51446
ERROR 2026-05-08 21:35:16,889 log 6420 7804 Internal Server Error: /auth/login/
Traceback (most recent call last):
  File "D:\APPS\Project\lumra\.venv\Lib\site-packages\django\core\handlers\exception.py", line 55, in inner
    response = get_response(request)
               ^^^^^^^^^^^^^^^^^^^^^
  File "D:\APPS\Project\lumra\.venv\Lib\site-packages\django\core\handlers\base.py", line 198, in _get_response
    response = wrapped_callback(request, *callback_args, **callback_kwargs)
               ^^^^^^^^^^^^^^^^^^^^^^^^^^^^^^^^^^^^^^^^^^^^^^^^^^^^^^^^^^^^
  File "D:\APPS\Project\lumra\lumra_system\urls.py", line 19, in _callable
    return view(request, *args, **kwargs)
           ^^^^^^^^^^^^^^^^^^^^^^^^^^^^^^
  File "D:\APPS\Project\lumra\lumra_config\views\auth_views.py", line 37, in login_view
    return render(request, "lumra_pages/auth/login.html")
           ^^^^^^^^^^^^^^^^^^^^^^^^^^^^^^^^^^^^^^^^^^^^^^
  File "D:\APPS\Project\lumra\.venv\Lib\site-packages\django\shortcuts.py", line 25, in render
    content = loader.render_to_string(template_name, context, request, using=using)
              ^^^^^^^^^^^^^^^^^^^^^^^^^^^^^^^^^^^^^^^^^^^^^^^^^^^^^^^^^^^^^^^^^^^^^
  File "D:\APPS\Project\lumra\.venv\Lib\site-packages\django\template\loader.py", line 62, in render_to_string
    return template.render(context, request)
           ^^^^^^^^^^^^^^^^^^^^^^^^^^^^^^^^^
  File "D:\APPS\Project\lumra\.venv\Lib\site-packages\django\template\backends\django.py", line 107, in render
    return self.template.render(context)
           ^^^^^^^^^^^^^^^^^^^^^^^^^^^^^
  File "D:\APPS\Project\lumra\.venv\Lib\site-packages\django\template\base.py", line 174, in render
    return self._render(context)
           ^^^^^^^^^^^^^^^^^^^^^
  File "D:\APPS\Project\lumra\.venv\Lib\site-packages\django\test\utils.py", line 114, in instrumented_test_render
    return self.nodelist.render(context)
           ^^^^^^^^^^^^^^^^^^^^^^^^^^^^^
  File "D:\APPS\Project\lumra\.venv\Lib\site-packages\django\template\base.py", line 1091, in render
    return SafeString("".join([node.render_annotated(context) for node in self]))
                               ^^^^^^^^^^^^^^^^^^^^^^^^^^^^^^
  File "D:\APPS\Project\lumra\.venv\Lib\site-packages\django\template\base.py", line 1052, in render_annotated
    return self.render(context)
           ^^^^^^^^^^^^^^^^^^^^
  File "D:\APPS\Project\lumra\.venv\Lib\site-packages\django\template\loader_tags.py", line 160, in render
    return compiled_parent._render(context)
           ^^^^^^^^^^^^^^^^^^^^^^^^^^^^^^^^
  File "D:\APPS\Project\lumra\.venv\Lib\site-packages\django\test\utils.py", line 114, in instrumented_test_render
    return self.nodelist.render(context)
           ^^^^^^^^^^^^^^^^^^^^^^^^^^^^^
  File "D:\APPS\Project\lumra\.venv\Lib\site-packages\django\template\base.py", line 1091, in render
    return SafeString("".join([node.render_annotated(context) for node in self]))
                               ^^^^^^^^^^^^^^^^^^^^^^^^^^^^^^
  File "D:\APPS\Project\lumra\.venv\Lib\site-packages\django\template\base.py", line 1052, in render_annotated
    return self.render(context)
           ^^^^^^^^^^^^^^^^^^^^
  File "D:\APPS\Project\lumra\.venv\Lib\site-packages\django\template\loader_tags.py", line 66, in render
    result = block.nodelist.render(context)
             ^^^^^^^^^^^^^^^^^^^^^^^^^^^^^^
  File "D:\APPS\Project\lumra\.venv\Lib\site-packages\django\template\base.py", line 1091, in render
    return SafeString("".join([node.render_annotated(context) for node in self]))
                               ^^^^^^^^^^^^^^^^^^^^^^^^^^^^^^
  File "D:\APPS\Project\lumra\.venv\Lib\site-packages\django\template\base.py", line 1052, in render_annotated
    return self.render(context)
           ^^^^^^^^^^^^^^^^^^^^
  File "D:\APPS\Project\lumra\.venv\Lib\site-packages\django\template\defaulttags.py", line 511, in render
    url = reverse(view_name, args=args, kwargs=kwargs, current_app=current_app)
          ^^^^^^^^^^^^^^^^^^^^^^^^^^^^^^^^^^^^^^^^^^^^^^^^^^^^^^^^^^^^^^^^^^^^^
  File "D:\APPS\Project\lumra\.venv\Lib\site-packages\django\urls\base.py", line 98, in reverse
    resolved_url = resolver._reverse_with_prefix(view, prefix, *args, **kwargs)
                   ^^^^^^^^^^^^^^^^^^^^^^^^^^^^^^^^^^^^^^^^^^^^^^^^^^^^^^^^^^^^
  File "D:\APPS\Project\lumra\.venv\Lib\site-packages\django\urls\resolvers.py", line 842, in _reverse_with_prefix
    raise NoReverseMatch(msg)
django.urls.exceptions.NoReverseMatch: Reverse for 'forgot_password' not found. 'forgot_password' is not a valid view function or pattern name.
ERROR 2026-05-08 21:35:16,893 log 6420 7804 "GET /auth/login/?next=/ HTTP/1.1" 500 174963
ERROR 2026-05-08 21:35:18,002 log 6420 7804 Internal Server Error: /auth/login/
Traceback (most recent call last):
  File "D:\APPS\Project\lumra\.venv\Lib\site-packages\django\core\handlers\exception.py", line 55, in inner
    response = get_response(request)
               ^^^^^^^^^^^^^^^^^^^^^
  File "D:\APPS\Project\lumra\.venv\Lib\site-packages\django\core\handlers\base.py", line 198, in _get_response
    response = wrapped_callback(request, *callback_args, **callback_kwargs)
               ^^^^^^^^^^^^^^^^^^^^^^^^^^^^^^^^^^^^^^^^^^^^^^^^^^^^^^^^^^^^
  File "D:\APPS\Project\lumra\lumra_system\urls.py", line 19, in _callable
    return view(request, *args, **kwargs)
           ^^^^^^^^^^^^^^^^^^^^^^^^^^^^^^
  File "D:\APPS\Project\lumra\lumra_config\views\auth_views.py", line 37, in login_view
    return render(request, "lumra_pages/auth/login.html")
           ^^^^^^^^^^^^^^^^^^^^^^^^^^^^^^^^^^^^^^^^^^^^^^
  File "D:\APPS\Project\lumra\.venv\Lib\site-packages\django\shortcuts.py", line 25, in render
    content = loader.render_to_string(template_name, context, request, using=using)
              ^^^^^^^^^^^^^^^^^^^^^^^^^^^^^^^^^^^^^^^^^^^^^^^^^^^^^^^^^^^^^^^^^^^^^
  File "D:\APPS\Project\lumra\.venv\Lib\site-packages\django\template\loader.py", line 62, in render_to_string
    return template.render(context, request)
           ^^^^^^^^^^^^^^^^^^^^^^^^^^^^^^^^^
  File "D:\APPS\Project\lumra\.venv\Lib\site-packages\django\template\backends\django.py", line 107, in render
    return self.template.render(context)
           ^^^^^^^^^^^^^^^^^^^^^^^^^^^^^
  File "D:\APPS\Project\lumra\.venv\Lib\site-packages\django\template\base.py", line 174, in render
    return self._render(context)
           ^^^^^^^^^^^^^^^^^^^^^
  File "D:\APPS\Project\lumra\.venv\Lib\site-packages\django\test\utils.py", line 114, in instrumented_test_render
    return self.nodelist.render(context)
           ^^^^^^^^^^^^^^^^^^^^^^^^^^^^^
  File "D:\APPS\Project\lumra\.venv\Lib\site-packages\django\template\base.py", line 1091, in render
    return SafeString("".join([node.render_annotated(context) for node in self]))
                               ^^^^^^^^^^^^^^^^^^^^^^^^^^^^^^
  File "D:\APPS\Project\lumra\.venv\Lib\site-packages\django\template\base.py", line 1052, in render_annotated
    return self.render(context)
           ^^^^^^^^^^^^^^^^^^^^
  File "D:\APPS\Project\lumra\.venv\Lib\site-packages\django\template\loader_tags.py", line 160, in render
    return compiled_parent._render(context)
           ^^^^^^^^^^^^^^^^^^^^^^^^^^^^^^^^
  File "D:\APPS\Project\lumra\.venv\Lib\site-packages\django\test\utils.py", line 114, in instrumented_test_render
    return self.nodelist.render(context)
           ^^^^^^^^^^^^^^^^^^^^^^^^^^^^^
  File "D:\APPS\Project\lumra\.venv\Lib\site-packages\django\template\base.py", line 1091, in render
    return SafeString("".join([node.render_annotated(context) for node in self]))
                               ^^^^^^^^^^^^^^^^^^^^^^^^^^^^^^
  File "D:\APPS\Project\lumra\.venv\Lib\site-packages\django\template\base.py", line 1052, in render_annotated
    return self.render(context)
           ^^^^^^^^^^^^^^^^^^^^
  File "D:\APPS\Project\lumra\.venv\Lib\site-packages\django\template\loader_tags.py", line 66, in render
    result = block.nodelist.render(context)
             ^^^^^^^^^^^^^^^^^^^^^^^^^^^^^^
  File "D:\APPS\Project\lumra\.venv\Lib\site-packages\django\template\base.py", line 1091, in render
    return SafeString("".join([node.render_annotated(context) for node in self]))
                               ^^^^^^^^^^^^^^^^^^^^^^^^^^^^^^
  File "D:\APPS\Project\lumra\.venv\Lib\site-packages\django\template\base.py", line 1052, in render_annotated
    return self.render(context)
           ^^^^^^^^^^^^^^^^^^^^
  File "D:\APPS\Project\lumra\.venv\Lib\site-packages\django\template\defaulttags.py", line 511, in render
    url = reverse(view_name, args=args, kwargs=kwargs, current_app=current_app)
          ^^^^^^^^^^^^^^^^^^^^^^^^^^^^^^^^^^^^^^^^^^^^^^^^^^^^^^^^^^^^^^^^^^^^^
  File "D:\APPS\Project\lumra\.venv\Lib\site-packages\django\urls\base.py", line 98, in reverse
    resolved_url = resolver._reverse_with_prefix(view, prefix, *args, **kwargs)
                   ^^^^^^^^^^^^^^^^^^^^^^^^^^^^^^^^^^^^^^^^^^^^^^^^^^^^^^^^^^^^
  File "D:\APPS\Project\lumra\.venv\Lib\site-packages\django\urls\resolvers.py", line 842, in _reverse_with_prefix
    raise NoReverseMatch(msg)
django.urls.exceptions.NoReverseMatch: Reverse for 'forgot_password' not found. 'forgot_password' is not a valid view function or pattern name.
ERROR 2026-05-08 21:35:18,002 log 6420 7804 "GET /auth/login/?next=/ HTTP/1.1" 500 174963
ERROR 2026-05-08 21:35:40,603 log 6420 7804 Internal Server Error: /auth/login/
Traceback (most recent call last):
  File "D:\APPS\Project\lumra\.venv\Lib\site-packages\django\core\handlers\exception.py", line 55, in inner
    response = get_response(request)
               ^^^^^^^^^^^^^^^^^^^^^
  File "D:\APPS\Project\lumra\.venv\Lib\site-packages\django\core\handlers\base.py", line 198, in _get_response
    response = wrapped_callback(request, *callback_args, **callback_kwargs)
               ^^^^^^^^^^^^^^^^^^^^^^^^^^^^^^^^^^^^^^^^^^^^^^^^^^^^^^^^^^^^
  File "D:\APPS\Project\lumra\lumra_system\urls.py", line 19, in _callable
    return view(request, *args, **kwargs)
           ^^^^^^^^^^^^^^^^^^^^^^^^^^^^^^
  File "D:\APPS\Project\lumra\lumra_config\views\auth_views.py", line 37, in login_view
    return render(request, "lumra_pages/auth/login.html")
           ^^^^^^^^^^^^^^^^^^^^^^^^^^^^^^^^^^^^^^^^^^^^^^
  File "D:\APPS\Project\lumra\.venv\Lib\site-packages\django\shortcuts.py", line 25, in render
    content = loader.render_to_string(template_name, context, request, using=using)
              ^^^^^^^^^^^^^^^^^^^^^^^^^^^^^^^^^^^^^^^^^^^^^^^^^^^^^^^^^^^^^^^^^^^^^
  File "D:\APPS\Project\lumra\.venv\Lib\site-packages\django\template\loader.py", line 62, in render_to_string
    return template.render(context, request)
           ^^^^^^^^^^^^^^^^^^^^^^^^^^^^^^^^^
  File "D:\APPS\Project\lumra\.venv\Lib\site-packages\django\template\backends\django.py", line 107, in render
    return self.template.render(context)
           ^^^^^^^^^^^^^^^^^^^^^^^^^^^^^
  File "D:\APPS\Project\lumra\.venv\Lib\site-packages\django\template\base.py", line 174, in render
    return self._render(context)
           ^^^^^^^^^^^^^^^^^^^^^
  File "D:\APPS\Project\lumra\.venv\Lib\site-packages\django\test\utils.py", line 114, in instrumented_test_render
    return self.nodelist.render(context)
           ^^^^^^^^^^^^^^^^^^^^^^^^^^^^^
  File "D:\APPS\Project\lumra\.venv\Lib\site-packages\django\template\base.py", line 1091, in render
    return SafeString("".join([node.render_annotated(context) for node in self]))
                               ^^^^^^^^^^^^^^^^^^^^^^^^^^^^^^
  File "D:\APPS\Project\lumra\.venv\Lib\site-packages\django\template\base.py", line 1052, in render_annotated
    return self.render(context)
           ^^^^^^^^^^^^^^^^^^^^
  File "D:\APPS\Project\lumra\.venv\Lib\site-packages\django\template\loader_tags.py", line 160, in render
    return compiled_parent._render(context)
           ^^^^^^^^^^^^^^^^^^^^^^^^^^^^^^^^
  File "D:\APPS\Project\lumra\.venv\Lib\site-packages\django\test\utils.py", line 114, in instrumented_test_render
    return self.nodelist.render(context)
           ^^^^^^^^^^^^^^^^^^^^^^^^^^^^^
  File "D:\APPS\Project\lumra\.venv\Lib\site-packages\django\template\base.py", line 1091, in render
    return SafeString("".join([node.render_annotated(context) for node in self]))
                               ^^^^^^^^^^^^^^^^^^^^^^^^^^^^^^
  File "D:\APPS\Project\lumra\.venv\Lib\site-packages\django\template\base.py", line 1052, in render_annotated
    return self.render(context)
           ^^^^^^^^^^^^^^^^^^^^
  File "D:\APPS\Project\lumra\.venv\Lib\site-packages\django\template\loader_tags.py", line 66, in render
    result = block.nodelist.render(context)
             ^^^^^^^^^^^^^^^^^^^^^^^^^^^^^^
  File "D:\APPS\Project\lumra\.venv\Lib\site-packages\django\template\base.py", line 1091, in render
    return SafeString("".join([node.render_annotated(context) for node in self]))
                               ^^^^^^^^^^^^^^^^^^^^^^^^^^^^^^
  File "D:\APPS\Project\lumra\.venv\Lib\site-packages\django\template\base.py", line 1052, in render_annotated
    return self.render(context)
           ^^^^^^^^^^^^^^^^^^^^
  File "D:\APPS\Project\lumra\.venv\Lib\site-packages\django\template\defaulttags.py", line 511, in render
    url = reverse(view_name, args=args, kwargs=kwargs, current_app=current_app)
          ^^^^^^^^^^^^^^^^^^^^^^^^^^^^^^^^^^^^^^^^^^^^^^^^^^^^^^^^^^^^^^^^^^^^^
  File "D:\APPS\Project\lumra\.venv\Lib\site-packages\django\urls\base.py", line 98, in reverse
    resolved_url = resolver._reverse_with_prefix(view, prefix, *args, **kwargs)
                   ^^^^^^^^^^^^^^^^^^^^^^^^^^^^^^^^^^^^^^^^^^^^^^^^^^^^^^^^^^^^
  File "D:\APPS\Project\lumra\.venv\Lib\site-packages\django\urls\resolvers.py", line 842, in _reverse_with_prefix
    raise NoReverseMatch(msg)
django.urls.exceptions.NoReverseMatch: Reverse for 'forgot_password' not found. 'forgot_password' is not a valid view function or pattern name.
ERROR 2026-05-08 21:35:40,610 log 6420 7804 "GET /auth/login/?next=/ HTTP/1.1" 500 174963
ERROR 2026-05-08 21:38:35,445 log 6420 7804 Internal Server Error: /auth/login/
Traceback (most recent call last):
  File "D:\APPS\Project\lumra\.venv\Lib\site-packages\django\core\handlers\exception.py", line 55, in inner
    response = get_response(request)
               ^^^^^^^^^^^^^^^^^^^^^
  File "D:\APPS\Project\lumra\.venv\Lib\site-packages\django\core\handlers\base.py", line 198, in _get_response
    response = wrapped_callback(request, *callback_args, **callback_kwargs)
               ^^^^^^^^^^^^^^^^^^^^^^^^^^^^^^^^^^^^^^^^^^^^^^^^^^^^^^^^^^^^
  File "D:\APPS\Project\lumra\lumra_system\urls.py", line 19, in _callable
    return view(request, *args, **kwargs)
           ^^^^^^^^^^^^^^^^^^^^^^^^^^^^^^
  File "D:\APPS\Project\lumra\lumra_config\views\auth_views.py", line 37, in login_view
    return render(request, "lumra_pages/auth/login.html")
           ^^^^^^^^^^^^^^^^^^^^^^^^^^^^^^^^^^^^^^^^^^^^^^
  File "D:\APPS\Project\lumra\.venv\Lib\site-packages\django\shortcuts.py", line 25, in render
    content = loader.render_to_string(template_name, context, request, using=using)
              ^^^^^^^^^^^^^^^^^^^^^^^^^^^^^^^^^^^^^^^^^^^^^^^^^^^^^^^^^^^^^^^^^^^^^
  File "D:\APPS\Project\lumra\.venv\Lib\site-packages\django\template\loader.py", line 62, in render_to_string
    return template.render(context, request)
           ^^^^^^^^^^^^^^^^^^^^^^^^^^^^^^^^^
  File "D:\APPS\Project\lumra\.venv\Lib\site-packages\django\template\backends\django.py", line 107, in render
    return self.template.render(context)
           ^^^^^^^^^^^^^^^^^^^^^^^^^^^^^
  File "D:\APPS\Project\lumra\.venv\Lib\site-packages\django\template\base.py", line 174, in render
    return self._render(context)
           ^^^^^^^^^^^^^^^^^^^^^
  File "D:\APPS\Project\lumra\.venv\Lib\site-packages\django\test\utils.py", line 114, in instrumented_test_render
    return self.nodelist.render(context)
           ^^^^^^^^^^^^^^^^^^^^^^^^^^^^^
  File "D:\APPS\Project\lumra\.venv\Lib\site-packages\django\template\base.py", line 1091, in render
    return SafeString("".join([node.render_annotated(context) for node in self]))
                               ^^^^^^^^^^^^^^^^^^^^^^^^^^^^^^
  File "D:\APPS\Project\lumra\.venv\Lib\site-packages\django\template\base.py", line 1052, in render_annotated
    return self.render(context)
           ^^^^^^^^^^^^^^^^^^^^
  File "D:\APPS\Project\lumra\.venv\Lib\site-packages\django\template\loader_tags.py", line 160, in render
    return compiled_parent._render(context)
           ^^^^^^^^^^^^^^^^^^^^^^^^^^^^^^^^
  File "D:\APPS\Project\lumra\.venv\Lib\site-packages\django\test\utils.py", line 114, in instrumented_test_render
    return self.nodelist.render(context)
           ^^^^^^^^^^^^^^^^^^^^^^^^^^^^^
  File "D:\APPS\Project\lumra\.venv\Lib\site-packages\django\template\base.py", line 1091, in render
    return SafeString("".join([node.render_annotated(context) for node in self]))
                               ^^^^^^^^^^^^^^^^^^^^^^^^^^^^^^
  File "D:\APPS\Project\lumra\.venv\Lib\site-packages\django\template\base.py", line 1052, in render_annotated
    return self.render(context)
           ^^^^^^^^^^^^^^^^^^^^
  File "D:\APPS\Project\lumra\.venv\Lib\site-packages\django\template\loader_tags.py", line 66, in render
    result = block.nodelist.render(context)
             ^^^^^^^^^^^^^^^^^^^^^^^^^^^^^^
  File "D:\APPS\Project\lumra\.venv\Lib\site-packages\django\template\base.py", line 1091, in render
    return SafeString("".join([node.render_annotated(context) for node in self]))
                               ^^^^^^^^^^^^^^^^^^^^^^^^^^^^^^
  File "D:\APPS\Project\lumra\.venv\Lib\site-packages\django\template\base.py", line 1052, in render_annotated
    return self.render(context)
           ^^^^^^^^^^^^^^^^^^^^
  File "D:\APPS\Project\lumra\.venv\Lib\site-packages\django\template\defaulttags.py", line 511, in render
    url = reverse(view_name, args=args, kwargs=kwargs, current_app=current_app)
          ^^^^^^^^^^^^^^^^^^^^^^^^^^^^^^^^^^^^^^^^^^^^^^^^^^^^^^^^^^^^^^^^^^^^^
  File "D:\APPS\Project\lumra\.venv\Lib\site-packages\django\urls\base.py", line 98, in reverse
    resolved_url = resolver._reverse_with_prefix(view, prefix, *args, **kwargs)
                   ^^^^^^^^^^^^^^^^^^^^^^^^^^^^^^^^^^^^^^^^^^^^^^^^^^^^^^^^^^^^
  File "D:\APPS\Project\lumra\.venv\Lib\site-packages\django\urls\resolvers.py", line 842, in _reverse_with_prefix
    raise NoReverseMatch(msg)
django.urls.exceptions.NoReverseMatch: Reverse for 'forgot_password' not found. 'forgot_password' is not a valid view function or pattern name.
ERROR 2026-05-08 21:38:35,448 log 6420 7804 "GET /auth/login/?next=/ HTTP/1.1" 500 174963
ERROR 2026-05-08 21:38:36,616 log 6420 7804 Internal Server Error: /auth/login/
Traceback (most recent call last):
  File "D:\APPS\Project\lumra\.venv\Lib\site-packages\django\core\handlers\exception.py", line 55, in inner
    response = get_response(request)
               ^^^^^^^^^^^^^^^^^^^^^
  File "D:\APPS\Project\lumra\.venv\Lib\site-packages\django\core\handlers\base.py", line 198, in _get_response
    response = wrapped_callback(request, *callback_args, **callback_kwargs)
               ^^^^^^^^^^^^^^^^^^^^^^^^^^^^^^^^^^^^^^^^^^^^^^^^^^^^^^^^^^^^
  File "D:\APPS\Project\lumra\lumra_system\urls.py", line 19, in _callable
    return view(request, *args, **kwargs)
           ^^^^^^^^^^^^^^^^^^^^^^^^^^^^^^
  File "D:\APPS\Project\lumra\lumra_config\views\auth_views.py", line 37, in login_view
    return render(request, "lumra_pages/auth/login.html")
           ^^^^^^^^^^^^^^^^^^^^^^^^^^^^^^^^^^^^^^^^^^^^^^
  File "D:\APPS\Project\lumra\.venv\Lib\site-packages\django\shortcuts.py", line 25, in render
    content = loader.render_to_string(template_name, context, request, using=using)
              ^^^^^^^^^^^^^^^^^^^^^^^^^^^^^^^^^^^^^^^^^^^^^^^^^^^^^^^^^^^^^^^^^^^^^
  File "D:\APPS\Project\lumra\.venv\Lib\site-packages\django\template\loader.py", line 62, in render_to_string
    return template.render(context, request)
           ^^^^^^^^^^^^^^^^^^^^^^^^^^^^^^^^^
  File "D:\APPS\Project\lumra\.venv\Lib\site-packages\django\template\backends\django.py", line 107, in render
    return self.template.render(context)
           ^^^^^^^^^^^^^^^^^^^^^^^^^^^^^
  File "D:\APPS\Project\lumra\.venv\Lib\site-packages\django\template\base.py", line 174, in render
    return self._render(context)
           ^^^^^^^^^^^^^^^^^^^^^
  File "D:\APPS\Project\lumra\.venv\Lib\site-packages\django\test\utils.py", line 114, in instrumented_test_render
    return self.nodelist.render(context)
           ^^^^^^^^^^^^^^^^^^^^^^^^^^^^^
  File "D:\APPS\Project\lumra\.venv\Lib\site-packages\django\template\base.py", line 1091, in render
    return SafeString("".join([node.render_annotated(context) for node in self]))
                               ^^^^^^^^^^^^^^^^^^^^^^^^^^^^^^
  File "D:\APPS\Project\lumra\.venv\Lib\site-packages\django\template\base.py", line 1052, in render_annotated
    return self.render(context)
           ^^^^^^^^^^^^^^^^^^^^
  File "D:\APPS\Project\lumra\.venv\Lib\site-packages\django\template\loader_tags.py", line 160, in render
    return compiled_parent._render(context)
           ^^^^^^^^^^^^^^^^^^^^^^^^^^^^^^^^
  File "D:\APPS\Project\lumra\.venv\Lib\site-packages\django\test\utils.py", line 114, in instrumented_test_render
    return self.nodelist.render(context)
           ^^^^^^^^^^^^^^^^^^^^^^^^^^^^^
  File "D:\APPS\Project\lumra\.venv\Lib\site-packages\django\template\base.py", line 1091, in render
    return SafeString("".join([node.render_annotated(context) for node in self]))
                               ^^^^^^^^^^^^^^^^^^^^^^^^^^^^^^
  File "D:\APPS\Project\lumra\.venv\Lib\site-packages\django\template\base.py", line 1052, in render_annotated
    return self.render(context)
           ^^^^^^^^^^^^^^^^^^^^
  File "D:\APPS\Project\lumra\.venv\Lib\site-packages\django\template\loader_tags.py", line 66, in render
    result = block.nodelist.render(context)
             ^^^^^^^^^^^^^^^^^^^^^^^^^^^^^^
  File "D:\APPS\Project\lumra\.venv\Lib\site-packages\django\template\base.py", line 1091, in render
    return SafeString("".join([node.render_annotated(context) for node in self]))
                               ^^^^^^^^^^^^^^^^^^^^^^^^^^^^^^
  File "D:\APPS\Project\lumra\.venv\Lib\site-packages\django\template\base.py", line 1052, in render_annotated
    return self.render(context)
           ^^^^^^^^^^^^^^^^^^^^
  File "D:\APPS\Project\lumra\.venv\Lib\site-packages\django\template\defaulttags.py", line 511, in render
    url = reverse(view_name, args=args, kwargs=kwargs, current_app=current_app)
          ^^^^^^^^^^^^^^^^^^^^^^^^^^^^^^^^^^^^^^^^^^^^^^^^^^^^^^^^^^^^^^^^^^^^^
  File "D:\APPS\Project\lumra\.venv\Lib\site-packages\django\urls\base.py", line 98, in reverse
    resolved_url = resolver._reverse_with_prefix(view, prefix, *args, **kwargs)
                   ^^^^^^^^^^^^^^^^^^^^^^^^^^^^^^^^^^^^^^^^^^^^^^^^^^^^^^^^^^^^
  File "D:\APPS\Project\lumra\.venv\Lib\site-packages\django\urls\resolvers.py", line 842, in _reverse_with_prefix
    raise NoReverseMatch(msg)
django.urls.exceptions.NoReverseMatch: Reverse for 'forgot_password' not found. 'forgot_password' is not a valid view function or pattern name.
ERROR 2026-05-08 21:38:36,630 log 6420 7804 "GET /auth/login/?next=/ HTTP/1.1" 500 174963
INFO 2026-05-08 21:38:44,544 log 6420 16144 "GET / HTTP/1.1" 200 142343
INFO 2026-05-08 21:38:44,603 log 6420 16144 "GET /static/css/dist/styles.css?v=1778251124 HTTP/1.1" 200 401559
INFO 2026-05-08 21:39:11,919 log 6420 8944 "GET / HTTP/1.1" 200 142343
INFO 2026-05-08 21:39:12,044 log 6420 8944 "GET /static/css/dist/styles.css?v=1778251151 HTTP/1.1" 200 401559
INFO 2026-05-08 21:39:23,065 log 6420 13516 "GET /master/customers/ HTTP/1.1" 200 270487
INFO 2026-05-08 21:39:23,205 log 6420 13516 "GET /static/css/dist/styles.css?v=1778251162 HTTP/1.1" 200 401559
INFO 2026-05-08 21:39:38,888 log 6420 18824 "GET / HTTP/1.1" 200 142343
INFO 2026-05-08 21:39:39,006 log 6420 18824 "GET /static/css/dist/styles.css?v=1778251178 HTTP/1.1" 200 401559
INFO 2026-05-08 21:42:17,016 log 6420 8660 "GET /inventory/overview/ HTTP/1.1" 200 538577
INFO 2026-05-08 21:42:17,174 log 6420 8660 "GET /static/css/dist/styles.css?v=1778251336 HTTP/1.1" 200 401559
INFO 2026-05-08 21:42:38,071 log 6420 8660 "GET /locations/ HTTP/1.1" 200 147019
INFO 2026-05-08 21:42:38,221 log 6420 8660 "GET /static/css/dist/styles.css?v=1778251358 HTTP/1.1" 200 401559
INFO 2026-05-08 21:42:56,772 log 6420 8660 "GET / HTTP/1.1" 200 142343
INFO 2026-05-08 21:42:57,279 log 6420 8660 "GET /static/css/dist/styles.css?v=1778251376 HTTP/1.1" 200 401559
INFO 2026-05-08 21:43:17,178 log 6420 18824 "GET /api/dashboard/data/?period=today HTTP/1.1" 200 1279
INFO 2026-05-08 21:43:17,254 basehttp 6420 17876 - Broken pipe from ('127.0.0.1', 33212)
INFO 2026-05-08 21:43:17,401 basehttp 6420 8944 - Broken pipe from ('127.0.0.1', 6646)
INFO 2026-05-08 21:43:21,399 log 6420 19300 "GET /api/dashboard/data/?period=today HTTP/1.1" 200 1279
INFO 2026-05-08 21:43:31,245 basehttp 6420 13516 - Broken pipe from ('127.0.0.1', 56351)
INFO 2026-05-08 21:43:33,417 log 6420 19300 "GET /locations/ HTTP/1.1" 200 147019
INFO 2026-05-08 21:43:33,584 log 6420 11308 "GET /static/css/dist/styles.css?v=1778251413 HTTP/1.1" 200 401559
INFO 2026-05-08 21:43:36,949 basehttp 6420 16144 - Broken pipe from ('127.0.0.1', 42133)
INFO 2026-05-08 21:44:17,972 basehttp 6420 2496 - Broken pipe from ('127.0.0.1', 63493)
INFO 2026-05-08 21:44:18,013 basehttp 6420 8512 - Broken pipe from ('127.0.0.1', 12810)
INFO 2026-05-08 21:45:21,719 basehttp 6420 8660 - Broken pipe from ('127.0.0.1', 62223)
INFO 2026-05-08 21:45:21,919 basehttp 6420 18824 - Broken pipe from ('127.0.0.1', 21242)
INFO 2026-05-08 21:48:06,895 log 6420 2068 "GET / HTTP/1.1" 200 142343
INFO 2026-05-08 21:48:07,484 log 6420 2068 "GET /static/css/dist/styles.css?v=1778251686 HTTP/1.1" 200 401559
INFO 2026-05-08 21:54:15,765 log 6420 1232 "GET / HTTP/1.1" 200 143014
INFO 2026-05-08 21:54:16,491 log 6420 1232 "GET /static/css/dist/styles.css?v=1778252055 HTTP/1.1" 200 401559
INFO 2026-05-08 21:55:02,112 log 6420 15844 "GET / HTTP/1.1" 200 144254
INFO 2026-05-08 21:55:03,111 log 6420 15844 "GET /static/css/dist/styles.css?v=1778252100 HTTP/1.1" 200 401559
WARNING 2026-05-08 21:55:06,243 log 6420 15844 Not Found: /api/locations/
WARNING 2026-05-08 21:55:06,294 log 6420 15844 "GET /api/locations/?format=json HTTP/1.1" 404 51467
WARNING 2026-05-08 21:55:07,411 log 6420 15844 Not Found: /api/locations/
WARNING 2026-05-08 21:55:07,574 log 6420 15844 "GET /api/locations/?format=json HTTP/1.1" 404 51467
INFO 2026-05-08 21:56:30,507 log 6420 15904 "GET /locations/ HTTP/1.1" 200 147019
INFO 2026-05-08 21:56:34,163 log 6420 15904 "GET /static/css/dist/styles.css?v=1778252180 HTTP/1.1" 200 401559
ERROR 2026-05-08 21:56:48,957 log 6420 11236 Internal Server Error: /sales/order/
Traceback (most recent call last):
  File "D:\APPS\Project\lumra\.venv\Lib\site-packages\django\urls\base.py", line 81, in reverse
    extra, resolver = resolver.namespace_dict[ns]
                      ~~~~~~~~~~~~~~~~~~~~~~~^^^^
KeyError: 'sales'

During handling of the above exception, another exception occurred:

Traceback (most recent call last):
  File "D:\APPS\Project\lumra\.venv\Lib\site-packages\django\core\handlers\exception.py", line 55, in inner
    response = get_response(request)
               ^^^^^^^^^^^^^^^^^^^^^
  File "D:\APPS\Project\lumra\.venv\Lib\site-packages\django\core\handlers\base.py", line 198, in _get_response
    response = wrapped_callback(request, *callback_args, **callback_kwargs)
               ^^^^^^^^^^^^^^^^^^^^^^^^^^^^^^^^^^^^^^^^^^^^^^^^^^^^^^^^^^^^
  File "D:\APPS\Project\lumra\lumra_system\urls.py", line 19, in _callable
    return view(request, *args, **kwargs)
           ^^^^^^^^^^^^^^^^^^^^^^^^^^^^^^
  File "D:\APPS\Project\lumra\.venv\Lib\site-packages\django\contrib\auth\decorators.py", line 59, in _view_wrapper
    return view_func(request, *args, **kwargs)
           ^^^^^^^^^^^^^^^^^^^^^^^^^^^^^^^^^^^
  File "D:\APPS\Project\lumra\lumra_config\views\sales_views.py", line 188, in sales_order_list
    return render(request, 'lumra_pages/sales/salesorder_and_quotation/sales_order_list.html', context)
           ^^^^^^^^^^^^^^^^^^^^^^^^^^^^^^^^^^^^^^^^^^^^^^^^^^^^^^^^^^^^^^^^^^^^^^^^^^^^^^^^^^^^^^^^^^^^
  File "D:\APPS\Project\lumra\.venv\Lib\site-packages\django\shortcuts.py", line 25, in render
    content = loader.render_to_string(template_name, context, request, using=using)
              ^^^^^^^^^^^^^^^^^^^^^^^^^^^^^^^^^^^^^^^^^^^^^^^^^^^^^^^^^^^^^^^^^^^^^
  File "D:\APPS\Project\lumra\.venv\Lib\site-packages\django\template\loader.py", line 62, in render_to_string
    return template.render(context, request)
           ^^^^^^^^^^^^^^^^^^^^^^^^^^^^^^^^^
  File "D:\APPS\Project\lumra\.venv\Lib\site-packages\django\template\backends\django.py", line 107, in render
    return self.template.render(context)
           ^^^^^^^^^^^^^^^^^^^^^^^^^^^^^
  File "D:\APPS\Project\lumra\.venv\Lib\site-packages\django\template\base.py", line 174, in render
    return self._render(context)
           ^^^^^^^^^^^^^^^^^^^^^
  File "D:\APPS\Project\lumra\.venv\Lib\site-packages\django\test\utils.py", line 114, in instrumented_test_render
    return self.nodelist.render(context)
           ^^^^^^^^^^^^^^^^^^^^^^^^^^^^^
  File "D:\APPS\Project\lumra\.venv\Lib\site-packages\django\template\base.py", line 1091, in render
    return SafeString("".join([node.render_annotated(context) for node in self]))
                               ^^^^^^^^^^^^^^^^^^^^^^^^^^^^^^
  File "D:\APPS\Project\lumra\.venv\Lib\site-packages\django\template\base.py", line 1052, in render_annotated
    return self.render(context)
           ^^^^^^^^^^^^^^^^^^^^
  File "D:\APPS\Project\lumra\.venv\Lib\site-packages\django\template\loader_tags.py", line 160, in render
    return compiled_parent._render(context)
           ^^^^^^^^^^^^^^^^^^^^^^^^^^^^^^^^
  File "D:\APPS\Project\lumra\.venv\Lib\site-packages\django\test\utils.py", line 114, in instrumented_test_render
    return self.nodelist.render(context)
           ^^^^^^^^^^^^^^^^^^^^^^^^^^^^^
  File "D:\APPS\Project\lumra\.venv\Lib\site-packages\django\template\base.py", line 1091, in render
    return SafeString("".join([node.render_annotated(context) for node in self]))
                               ^^^^^^^^^^^^^^^^^^^^^^^^^^^^^^
  File "D:\APPS\Project\lumra\.venv\Lib\site-packages\django\template\base.py", line 1052, in render_annotated
    return self.render(context)
           ^^^^^^^^^^^^^^^^^^^^
  File "D:\APPS\Project\lumra\.venv\Lib\site-packages\django\template\loader_tags.py", line 66, in render
    result = block.nodelist.render(context)
             ^^^^^^^^^^^^^^^^^^^^^^^^^^^^^^
  File "D:\APPS\Project\lumra\.venv\Lib\site-packages\django\template\base.py", line 1091, in render
    return SafeString("".join([node.render_annotated(context) for node in self]))
                               ^^^^^^^^^^^^^^^^^^^^^^^^^^^^^^
  File "D:\APPS\Project\lumra\.venv\Lib\site-packages\django\template\base.py", line 1052, in render_annotated
    return self.render(context)
           ^^^^^^^^^^^^^^^^^^^^
  File "D:\APPS\Project\lumra\.venv\Lib\site-packages\django\template\defaulttags.py", line 511, in render
    url = reverse(view_name, args=args, kwargs=kwargs, current_app=current_app)
          ^^^^^^^^^^^^^^^^^^^^^^^^^^^^^^^^^^^^^^^^^^^^^^^^^^^^^^^^^^^^^^^^^^^^^
  File "D:\APPS\Project\lumra\.venv\Lib\site-packages\django\urls\base.py", line 92, in reverse
    raise NoReverseMatch("%s is not a registered namespace" % key)
django.urls.exceptions.NoReverseMatch: 'sales' is not a registered namespace
INFO 2026-05-08 21:56:49,085 basehttp 6420 11236 - Broken pipe from ('127.0.0.1', 28978)
INFO 2026-05-08 21:57:18,824 basehttp 6420 2068 - Broken pipe from ('127.0.0.1', 39431)
INFO 2026-05-08 21:57:19,206 basehttp 6420 12252 - Broken pipe from ('127.0.0.1', 57047)
INFO 2026-05-08 22:00:53,054 basehttp 6420 1232 - Broken pipe from ('127.0.0.1', 45277)
INFO 2026-05-08 22:00:53,082 log 6420 15844 "GET /api/dashboard/data/?period=today HTTP/1.1" 200 1279
INFO 2026-05-08 22:00:54,244 basehttp 6420 1620 - Broken pipe from ('127.0.0.1', 24201)
INFO 2026-05-08 22:00:54,314 log 6420 11552 "GET /api/dashboard/data/?period=today HTTP/1.1" 200 1279
INFO 2026-05-08 22:07:57,753 log 6420 11600 "GET /locations/ HTTP/1.1" 200 156930
INFO 2026-05-08 22:07:57,936 log 6420 11600 "GET /static/css/dist/styles.css?v=1778252877 HTTP/1.1" 200 401559
WARNING 2026-05-08 22:07:58,206 log 6420 11600 Not Found: /api/locations/
WARNING 2026-05-08 22:07:58,218 log 6420 11600 "GET /api/locations/?format=json&page_size=1000 HTTP/1.1" 404 51486
WARNING 2026-05-08 22:07:58,415 log 6420 7300 Not Found: /api/locations/
WARNING 2026-05-08 22:07:58,419 log 6420 7300 "GET /api/locations/?format=json&page_size=1000 HTTP/1.1" 404 51486
WARNING 2026-05-08 22:08:15,983 log 6420 7300 Not Found: /api/locations/
WARNING 2026-05-08 22:08:15,983 log 6420 7300 "GET /api/locations/?format=json&page_size=1000 HTTP/1.1" 404 51486
WARNING 2026-05-08 22:08:16,886 log 6420 7300 Not Found: /api/locations/
WARNING 2026-05-08 22:08:16,886 log 6420 7300 "GET /api/locations/?format=json&page_size=1000 HTTP/1.1" 404 51486
INFO 2026-05-08 22:08:23,263 log 6420 7300 "GET /locations/ HTTP/1.1" 200 156930
INFO 2026-05-08 22:08:23,359 log 6420 7300 "GET /static/css/dist/styles.css?v=1778252903 HTTP/1.1" 200 401559
WARNING 2026-05-08 22:08:23,474 log 6420 7300 Not Found: /api/locations/
WARNING 2026-05-08 22:08:23,477 log 6420 7300 "GET /api/locations/?format=json&page_size=1000 HTTP/1.1" 404 51486
WARNING 2026-05-08 22:08:23,552 log 6420 11600 Not Found: /api/locations/
WARNING 2026-05-08 22:08:23,554 log 6420 11600 "GET /api/locations/?format=json&page_size=1000 HTTP/1.1" 404 51486
ERROR 2026-05-08 22:08:45,893 log 6420 11600 Internal Server Error: /purchasing/
Traceback (most recent call last):
  File "D:\APPS\Project\lumra\.venv\Lib\site-packages\django\core\handlers\exception.py", line 55, in inner
    response = get_response(request)
               ^^^^^^^^^^^^^^^^^^^^^
  File "D:\APPS\Project\lumra\.venv\Lib\site-packages\django\core\handlers\base.py", line 198, in _get_response
    response = wrapped_callback(request, *callback_args, **callback_kwargs)
               ^^^^^^^^^^^^^^^^^^^^^^^^^^^^^^^^^^^^^^^^^^^^^^^^^^^^^^^^^^^^
  File "D:\APPS\Project\lumra\lumra_system\urls.py", line 19, in _callable
    return view(request, *args, **kwargs)
           ^^^^^^^^^^^^^^^^^^^^^^^^^^^^^^
  File "D:\APPS\Project\lumra\.venv\Lib\site-packages\django\contrib\auth\decorators.py", line 59, in _view_wrapper
    return view_func(request, *args, **kwargs)
           ^^^^^^^^^^^^^^^^^^^^^^^^^^^^^^^^^^^
  File "D:\APPS\Project\lumra\lumra_config\views\misc_views.py", line 267, in purchasing_view
    return render(request, "lumra_pages/purchasing/purchasing.html", context)
           ^^^^^^^^^^^^^^^^^^^^^^^^^^^^^^^^^^^^^^^^^^^^^^^^^^^^^^^^^^^^^^^^^^
  File "D:\APPS\Project\lumra\.venv\Lib\site-packages\django\shortcuts.py", line 25, in render
    content = loader.render_to_string(template_name, context, request, using=using)
              ^^^^^^^^^^^^^^^^^^^^^^^^^^^^^^^^^^^^^^^^^^^^^^^^^^^^^^^^^^^^^^^^^^^^^
  File "D:\APPS\Project\lumra\.venv\Lib\site-packages\django\template\loader.py", line 61, in render_to_string
    template = get_template(template_name, using=using)
               ^^^^^^^^^^^^^^^^^^^^^^^^^^^^^^^^^^^^^^^^
  File "D:\APPS\Project\lumra\.venv\Lib\site-packages\django\template\loader.py", line 15, in get_template
    return engine.get_template(template_name)
           ^^^^^^^^^^^^^^^^^^^^^^^^^^^^^^^^^^
  File "D:\APPS\Project\lumra\.venv\Lib\site-packages\django\template\backends\django.py", line 79, in get_template
    return Template(self.engine.get_template(template_name), self)
                    ^^^^^^^^^^^^^^^^^^^^^^^^^^^^^^^^^^^^^^^
  File "D:\APPS\Project\lumra\.venv\Lib\site-packages\django\template\engine.py", line 186, in get_template
    template, origin = self.find_template(template_name)
                       ^^^^^^^^^^^^^^^^^^^^^^^^^^^^^^^^^
  File "D:\APPS\Project\lumra\.venv\Lib\site-packages\django\template\engine.py", line 159, in find_template
    template = loader.get_template(name, skip=skip)
               ^^^^^^^^^^^^^^^^^^^^^^^^^^^^^^^^^^^^
  File "D:\APPS\Project\lumra\.venv\Lib\site-packages\django\template\loaders\cached.py", line 57, in get_template
    template = super().get_template(template_name, skip)
               ^^^^^^^^^^^^^^^^^^^^^^^^^^^^^^^^^^^^^^^^^
  File "D:\APPS\Project\lumra\.venv\Lib\site-packages\django\template\loaders\base.py", line 28, in get_template
    return Template(
           ^^^^^^^^^
  File "D:\APPS\Project\lumra\.venv\Lib\site-packages\django\template\base.py", line 157, in __init__
    self.nodelist = self.compile_nodelist()
                    ^^^^^^^^^^^^^^^^^^^^^^^
  File "D:\APPS\Project\lumra\.venv\Lib\site-packages\django\template\base.py", line 199, in compile_nodelist
    nodelist = parser.parse()
               ^^^^^^^^^^^^^^
  File "D:\APPS\Project\lumra\.venv\Lib\site-packages\django\template\base.py", line 585, in parse
    raise self.error(token, e)
  File "D:\APPS\Project\lumra\.venv\Lib\site-packages\django\template\base.py", line 583, in parse
    compiled_result = compile_func(self, token)
                      ^^^^^^^^^^^^^^^^^^^^^^^^^
  File "D:\APPS\Project\lumra\.venv\Lib\site-packages\django\template\loader_tags.py", line 307, in do_extends
    nodelist = parser.parse()
               ^^^^^^^^^^^^^^
  File "D:\APPS\Project\lumra\.venv\Lib\site-packages\django\template\base.py", line 585, in parse
    raise self.error(token, e)
  File "D:\APPS\Project\lumra\.venv\Lib\site-packages\django\template\base.py", line 583, in parse
    compiled_result = compile_func(self, token)
                      ^^^^^^^^^^^^^^^^^^^^^^^^^
  File "D:\APPS\Project\lumra\.venv\Lib\site-packages\django\template\loader_tags.py", line 235, in do_block
    nodelist = parser.parse(("endblock",))
               ^^^^^^^^^^^^^^^^^^^^^^^^^^^
  File "D:\APPS\Project\lumra\.venv\Lib\site-packages\django\template\base.py", line 585, in parse
    raise self.error(token, e)
  File "D:\APPS\Project\lumra\.venv\Lib\site-packages\django\template\base.py", line 583, in parse
    compiled_result = compile_func(self, token)
                      ^^^^^^^^^^^^^^^^^^^^^^^^^
  File "D:\APPS\Project\lumra\.venv\Lib\site-packages\django\template\defaulttags.py", line 894, in do_for
    nodelist_loop = parser.parse(
                    ^^^^^^^^^^^^^
  File "D:\APPS\Project\lumra\.venv\Lib\site-packages\django\template\base.py", line 556, in parse
    raise self.error(token, e)
  File "D:\APPS\Project\lumra\.venv\Lib\site-packages\django\template\base.py", line 554, in parse
    filter_expression = self.compile_filter(token.contents)
                        ^^^^^^^^^^^^^^^^^^^^^^^^^^^^^^^^^^^
  File "D:\APPS\Project\lumra\.venv\Lib\site-packages\django\template\base.py", line 676, in compile_filter
    return FilterExpression(token, self)
           ^^^^^^^^^^^^^^^^^^^^^^^^^^^^^
  File "D:\APPS\Project\lumra\.venv\Lib\site-packages\django\template\base.py", line 771, in __init__
    filter_func = parser.find_filter(filter_name)
                  ^^^^^^^^^^^^^^^^^^^^^^^^^^^^^^^
  File "D:\APPS\Project\lumra\.venv\Lib\site-packages\django\template\base.py", line 682, in find_filter
    raise TemplateSyntaxError("Invalid filter: '%s'" % filter_name)
django.template.exceptions.TemplateSyntaxError: Template: D:\APPS\Project\lumra\lumra_config\templates\lumra_pages\purchasing\purchasing.html, Invalid filter: 'intcomma'
ERROR 2026-05-08 22:08:45,893 log 6420 11600 "GET /purchasing/ HTTP/1.1" 500 291138
INFO 2026-05-08 22:09:15,776 log 6420 11600 "GET /warehouse/zones/ HTTP/1.1" 200 528392
INFO 2026-05-08 22:09:15,897 log 6420 11600 "GET /static/css/dist/styles.css?v=1778252955 HTTP/1.1" 200 401559
INFO 2026-05-08 22:09:21,064 log 6420 11600 "GET /locations/ HTTP/1.1" 200 156930
INFO 2026-05-08 22:09:21,159 log 6420 11600 "GET /static/css/dist/styles.css?v=1778252961 HTTP/1.1" 200 401559
WARNING 2026-05-08 22:09:21,307 log 6420 11600 Not Found: /api/locations/
WARNING 2026-05-08 22:09:21,311 log 6420 11600 "GET /api/locations/?format=json&page_size=1000 HTTP/1.1" 404 51486
WARNING 2026-05-08 22:09:21,427 log 6420 7300 Not Found: /api/locations/
WARNING 2026-05-08 22:09:21,430 log 6420 7300 "GET /api/locations/?format=json&page_size=1000 HTTP/1.1" 404 51486
INFO 2026-05-08 22:09:36,672 log 6420 7300 "GET /locations/ HTTP/1.1" 200 156930
INFO 2026-05-08 22:09:36,747 log 6420 7300 "GET /static/css/dist/styles.css?v=1778252976 HTTP/1.1" 200 401559
WARNING 2026-05-08 22:09:36,871 log 6420 7300 Not Found: /api/locations/
WARNING 2026-05-08 22:09:36,876 log 6420 7300 "GET /api/locations/?format=json&page_size=1000 HTTP/1.1" 404 51486
WARNING 2026-05-08 22:09:36,946 log 6420 11600 Not Found: /api/locations/
WARNING 2026-05-08 22:09:36,947 log 6420 11600 "GET /api/locations/?format=json&page_size=1000 HTTP/1.1" 404 51486
INFO 2026-05-08 22:10:16,384 log 6420 11600 "GET /locations/ HTTP/1.1" 200 134564
INFO 2026-05-08 22:10:16,476 log 6420 11600 "GET /static/css/dist/styles.css?v=1778253016 HTTP/1.1" 200 401559
INFO 2026-05-08 22:10:22,467 log 6420 11600 "GET /locations/ HTTP/1.1" 200 156930
INFO 2026-05-08 22:10:22,556 log 6420 11600 "GET /static/css/dist/styles.css?v=1778253022 HTTP/1.1" 200 401559
WARNING 2026-05-08 22:10:22,692 log 6420 11600 Not Found: /api/locations/
WARNING 2026-05-08 22:10:22,701 log 6420 11600 "GET /api/locations/?format=json&page_size=1000 HTTP/1.1" 404 51486
WARNING 2026-05-08 22:10:22,744 log 6420 7300 Not Found: /api/locations/
WARNING 2026-05-08 22:10:22,751 log 6420 7300 "GET /api/locations/?format=json&page_size=1000 HTTP/1.1" 404 51486
ERROR 2026-05-08 22:10:30,374 log 6420 7300 Internal Server Error: /locations/
Traceback (most recent call last):
  File "D:\APPS\Project\lumra\.venv\Lib\site-packages\django\core\handlers\exception.py", line 55, in inner
    response = get_response(request)
               ^^^^^^^^^^^^^^^^^^^^^
  File "D:\APPS\Project\lumra\.venv\Lib\site-packages\django\core\handlers\base.py", line 198, in _get_response
    response = wrapped_callback(request, *callback_args, **callback_kwargs)
               ^^^^^^^^^^^^^^^^^^^^^^^^^^^^^^^^^^^^^^^^^^^^^^^^^^^^^^^^^^^^
  File "D:\APPS\Project\lumra\lumra_system\urls.py", line 19, in _callable
    return view(request, *args, **kwargs)
           ^^^^^^^^^^^^^^^^^^^^^^^^^^^^^^
  File "D:\APPS\Project\lumra\.venv\Lib\site-packages\django\contrib\auth\decorators.py", line 59, in _view_wrapper
    return view_func(request, *args, **kwargs)
           ^^^^^^^^^^^^^^^^^^^^^^^^^^^^^^^^^^^
  File "D:\APPS\Project\lumra\lumra_config\views\inventory_views.py", line 962, in locations_view
    return render(request, "lumra_pages/master_data/locations.html", context)
           ^^^^^^^^^^^^^^^^^^^^^^^^^^^^^^^^^^^^^^^^^^^^^^^^^^^^^^^^^^^^^^^^^^
  File "D:\APPS\Project\lumra\.venv\Lib\site-packages\django\shortcuts.py", line 25, in render
    content = loader.render_to_string(template_name, context, request, using=using)
              ^^^^^^^^^^^^^^^^^^^^^^^^^^^^^^^^^^^^^^^^^^^^^^^^^^^^^^^^^^^^^^^^^^^^^
  File "D:\APPS\Project\lumra\.venv\Lib\site-packages\django\template\loader.py", line 62, in render_to_string
    return template.render(context, request)
           ^^^^^^^^^^^^^^^^^^^^^^^^^^^^^^^^^
  File "D:\APPS\Project\lumra\.venv\Lib\site-packages\django\template\backends\django.py", line 107, in render
    return self.template.render(context)
           ^^^^^^^^^^^^^^^^^^^^^^^^^^^^^
  File "D:\APPS\Project\lumra\.venv\Lib\site-packages\django\template\base.py", line 174, in render
    return self._render(context)
           ^^^^^^^^^^^^^^^^^^^^^
  File "D:\APPS\Project\lumra\.venv\Lib\site-packages\django\test\utils.py", line 114, in instrumented_test_render
    return self.nodelist.render(context)
           ^^^^^^^^^^^^^^^^^^^^^^^^^^^^^
  File "D:\APPS\Project\lumra\.venv\Lib\site-packages\django\template\base.py", line 1091, in render
    return SafeString("".join([node.render_annotated(context) for node in self]))
                               ^^^^^^^^^^^^^^^^^^^^^^^^^^^^^^
  File "D:\APPS\Project\lumra\.venv\Lib\site-packages\django\template\base.py", line 1052, in render_annotated
    return self.render(context)
           ^^^^^^^^^^^^^^^^^^^^
  File "D:\APPS\Project\lumra\.venv\Lib\site-packages\django\template\loader_tags.py", line 160, in render
    return compiled_parent._render(context)
           ^^^^^^^^^^^^^^^^^^^^^^^^^^^^^^^^
  File "D:\APPS\Project\lumra\.venv\Lib\site-packages\django\test\utils.py", line 114, in instrumented_test_render
    return self.nodelist.render(context)
           ^^^^^^^^^^^^^^^^^^^^^^^^^^^^^
  File "D:\APPS\Project\lumra\.venv\Lib\site-packages\django\template\base.py", line 1091, in render
    return SafeString("".join([node.render_annotated(context) for node in self]))
                               ^^^^^^^^^^^^^^^^^^^^^^^^^^^^^^
  File "D:\APPS\Project\lumra\.venv\Lib\site-packages\django\template\base.py", line 1052, in render_annotated
    return self.render(context)
           ^^^^^^^^^^^^^^^^^^^^
  File "D:\APPS\Project\lumra\.venv\Lib\site-packages\django\template\loader_tags.py", line 66, in render
    result = block.nodelist.render(context)
             ^^^^^^^^^^^^^^^^^^^^^^^^^^^^^^
  File "D:\APPS\Project\lumra\.venv\Lib\site-packages\django\template\base.py", line 1091, in render
    return SafeString("".join([node.render_annotated(context) for node in self]))
                               ^^^^^^^^^^^^^^^^^^^^^^^^^^^^^^
  File "D:\APPS\Project\lumra\.venv\Lib\site-packages\django\template\base.py", line 1052, in render_annotated
    return self.render(context)
           ^^^^^^^^^^^^^^^^^^^^
  File "D:\APPS\Project\lumra\.venv\Lib\site-packages\django\template\base.py", line 1150, in render
    output = self.filter_expression.resolve(context)
             ^^^^^^^^^^^^^^^^^^^^^^^^^^^^^^^^^^^^^^^
  File "D:\APPS\Project\lumra\.venv\Lib\site-packages\django\template\base.py", line 815, in resolve
    new_obj = func(obj, *arg_vals)
              ^^^^^^^^^^^^^^^^^^^^
  File "D:\APPS\Project\lumra\.venv\Lib\site-packages\django\template\defaultfilters.py", line 91, in json_script
    return _json_script(value, element_id)
           ^^^^^^^^^^^^^^^^^^^^^^^^^^^^^^^
  File "D:\APPS\Project\lumra\.venv\Lib\site-packages\django\utils\html.py", line 103, in json_script
    json_str = json.dumps(value, cls=encoder or DjangoJSONEncoder).translate(
               ^^^^^^^^^^^^^^^^^^^^^^^^^^^^^^^^^^^^^^^^^^^^^^^^^^^
  File "D:\APPS\Python\Lib\json\__init__.py", line 238, in dumps
    **kw).encode(obj)
          ^^^^^^^^^^^
  File "D:\APPS\Python\Lib\json\encoder.py", line 200, in encode
    chunks = self.iterencode(o, _one_shot=True)
             ^^^^^^^^^^^^^^^^^^^^^^^^^^^^^^^^^^
  File "D:\APPS\Python\Lib\json\encoder.py", line 258, in iterencode
    return _iterencode(o, 0)
           ^^^^^^^^^^^^^^^^^
  File "D:\APPS\Project\lumra\.venv\Lib\site-packages\django\core\serializers\json.py", line 113, in default
    return super().default(o)
           ^^^^^^^^^^^^^^^^^^
  File "D:\APPS\Python\Lib\json\encoder.py", line 180, in default
    raise TypeError(f'Object of type {o.__class__.__name__} '
TypeError: Object of type QuerySet is not JSON serializable
ERROR 2026-05-08 22:10:30,381 log 6420 7300 "GET /locations/ HTTP/1.1" 500 334439
INFO 2026-05-08 22:10:38,267 log 6420 7300 "GET /locations/ HTTP/1.1" 200 156930
INFO 2026-05-08 22:10:38,330 log 6420 7300 "GET /static/css/dist/styles.css?v=1778253038 HTTP/1.1" 200 401559
WARNING 2026-05-08 22:10:38,448 log 6420 7300 Not Found: /api/locations/
WARNING 2026-05-08 22:10:38,450 log 6420 7300 "GET /api/locations/?format=json&page_size=1000 HTTP/1.1" 404 51486
WARNING 2026-05-08 22:10:38,536 log 6420 11600 Not Found: /api/locations/
WARNING 2026-05-08 22:10:38,548 log 6420 11600 "GET /api/locations/?format=json&page_size=1000 HTTP/1.1" 404 51486
INFO 2026-05-08 22:10:42,028 log 6420 11600 "GET / HTTP/1.1" 200 144254
INFO 2026-05-08 22:10:42,107 log 6420 11600 "GET /static/css/dist/styles.css?v=1778253042 HTTP/1.1" 200 401559
WARNING 2026-05-08 22:10:42,334 log 6420 7300 Not Found: /api/locations/
WARNING 2026-05-08 22:10:42,368 log 6420 7300 "GET /api/locations/?format=json HTTP/1.1" 404 51467
WARNING 2026-05-08 22:10:42,772 log 6420 7300 Not Found: /api/locations/
WARNING 2026-05-08 22:10:42,857 log 6420 7300 "GET /api/locations/?format=json HTTP/1.1" 404 51467
INFO 2026-05-09 05:31:22,465 autoreload 15616 7400 Watching for file changes with StatReloader
INFO 2026-05-09 05:31:27,618 log 15616 20164 "GET / HTTP/1.1" 200 144254
INFO 2026-05-09 05:31:27,740 log 15616 696 "GET /static/css/dist/styles.css?v=1778279487 HTTP/1.1" 200 401559
WARNING 2026-05-09 05:31:28,513 log 15616 20164 Not Found: /api/locations/
WARNING 2026-05-09 05:31:28,818 log 15616 20164 "GET /api/locations/?format=json HTTP/1.1" 404 51467
WARNING 2026-05-09 05:31:30,655 log 15616 20164 Not Found: /favicon.ico
WARNING 2026-05-09 05:31:30,957 log 15616 11992 Not Found: /api/locations/
WARNING 2026-05-09 05:31:30,984 log 15616 20164 "GET /favicon.ico HTTP/1.1" 404 51446
WARNING 2026-05-09 05:31:30,985 log 15616 11992 "GET /api/locations/?format=json HTTP/1.1" 404 51467
ERROR 2026-05-09 05:32:23,993 log 15616 9780 Internal Server Error: /marketing/campaigns/
Traceback (most recent call last):
  File "D:\APPS\Project\lumra\.venv\Lib\site-packages\django\urls\base.py", line 81, in reverse
    extra, resolver = resolver.namespace_dict[ns]
                      ~~~~~~~~~~~~~~~~~~~~~~~^^^^
KeyError: 'marketing'

During handling of the above exception, another exception occurred:

Traceback (most recent call last):
  File "D:\APPS\Project\lumra\.venv\Lib\site-packages\django\core\handlers\exception.py", line 55, in inner
    response = get_response(request)
               ^^^^^^^^^^^^^^^^^^^^^
  File "D:\APPS\Project\lumra\.venv\Lib\site-packages\django\core\handlers\base.py", line 198, in _get_response
    response = wrapped_callback(request, *callback_args, **callback_kwargs)
               ^^^^^^^^^^^^^^^^^^^^^^^^^^^^^^^^^^^^^^^^^^^^^^^^^^^^^^^^^^^^
  File "D:\APPS\Project\lumra\lumra_system\urls.py", line 19, in _callable
    return view(request, *args, **kwargs)
           ^^^^^^^^^^^^^^^^^^^^^^^^^^^^^^
  File "D:\APPS\Project\lumra\.venv\Lib\site-packages\django\contrib\auth\decorators.py", line 59, in _view_wrapper
    return view_func(request, *args, **kwargs)
           ^^^^^^^^^^^^^^^^^^^^^^^^^^^^^^^^^^^
  File "D:\APPS\Project\lumra\lumra_config\views\misc_views.py", line 896, in campaign_list_view
    return render(request, "lumra_pages/marketing/campaign_list.html", context)
           ^^^^^^^^^^^^^^^^^^^^^^^^^^^^^^^^^^^^^^^^^^^^^^^^^^^^^^^^^^^^^^^^^^^^
  File "D:\APPS\Project\lumra\.venv\Lib\site-packages\django\shortcuts.py", line 25, in render
    content = loader.render_to_string(template_name, context, request, using=using)
              ^^^^^^^^^^^^^^^^^^^^^^^^^^^^^^^^^^^^^^^^^^^^^^^^^^^^^^^^^^^^^^^^^^^^^
  File "D:\APPS\Project\lumra\.venv\Lib\site-packages\django\template\loader.py", line 62, in render_to_string
    return template.render(context, request)
           ^^^^^^^^^^^^^^^^^^^^^^^^^^^^^^^^^
  File "D:\APPS\Project\lumra\.venv\Lib\site-packages\django\template\backends\django.py", line 107, in render
    return self.template.render(context)
           ^^^^^^^^^^^^^^^^^^^^^^^^^^^^^
  File "D:\APPS\Project\lumra\.venv\Lib\site-packages\django\template\base.py", line 174, in render
    return self._render(context)
           ^^^^^^^^^^^^^^^^^^^^^
  File "D:\APPS\Project\lumra\.venv\Lib\site-packages\django\test\utils.py", line 114, in instrumented_test_render
    return self.nodelist.render(context)
           ^^^^^^^^^^^^^^^^^^^^^^^^^^^^^
  File "D:\APPS\Project\lumra\.venv\Lib\site-packages\django\template\base.py", line 1091, in render
    return SafeString("".join([node.render_annotated(context) for node in self]))
                               ^^^^^^^^^^^^^^^^^^^^^^^^^^^^^^
  File "D:\APPS\Project\lumra\.venv\Lib\site-packages\django\template\base.py", line 1052, in render_annotated
    return self.render(context)
           ^^^^^^^^^^^^^^^^^^^^
  File "D:\APPS\Project\lumra\.venv\Lib\site-packages\django\template\loader_tags.py", line 160, in render
    return compiled_parent._render(context)
           ^^^^^^^^^^^^^^^^^^^^^^^^^^^^^^^^
  File "D:\APPS\Project\lumra\.venv\Lib\site-packages\django\test\utils.py", line 114, in instrumented_test_render
    return self.nodelist.render(context)
           ^^^^^^^^^^^^^^^^^^^^^^^^^^^^^
  File "D:\APPS\Project\lumra\.venv\Lib\site-packages\django\template\base.py", line 1091, in render
    return SafeString("".join([node.render_annotated(context) for node in self]))
                               ^^^^^^^^^^^^^^^^^^^^^^^^^^^^^^
  File "D:\APPS\Project\lumra\.venv\Lib\site-packages\django\template\base.py", line 1052, in render_annotated
    return self.render(context)
           ^^^^^^^^^^^^^^^^^^^^
  File "D:\APPS\Project\lumra\.venv\Lib\site-packages\django\template\loader_tags.py", line 66, in render
    result = block.nodelist.render(context)
             ^^^^^^^^^^^^^^^^^^^^^^^^^^^^^^
  File "D:\APPS\Project\lumra\.venv\Lib\site-packages\django\template\base.py", line 1091, in render
    return SafeString("".join([node.render_annotated(context) for node in self]))
                               ^^^^^^^^^^^^^^^^^^^^^^^^^^^^^^
  File "D:\APPS\Project\lumra\.venv\Lib\site-packages\django\template\base.py", line 1052, in render_annotated
    return self.render(context)
           ^^^^^^^^^^^^^^^^^^^^
  File "D:\APPS\Project\lumra\.venv\Lib\site-packages\django\template\defaulttags.py", line 511, in render
    url = reverse(view_name, args=args, kwargs=kwargs, current_app=current_app)
          ^^^^^^^^^^^^^^^^^^^^^^^^^^^^^^^^^^^^^^^^^^^^^^^^^^^^^^^^^^^^^^^^^^^^^
  File "D:\APPS\Project\lumra\.venv\Lib\site-packages\django\urls\base.py", line 92, in reverse
    raise NoReverseMatch("%s is not a registered namespace" % key)
django.urls.exceptions.NoReverseMatch: 'marketing' is not a registered namespace
ERROR 2026-05-09 05:32:24,034 log 15616 9780 "GET /marketing/campaigns/ HTTP/1.1" 500 283641
ERROR 2026-05-09 05:32:34,286 log 15616 1960 Internal Server Error: /marketing/discounts/
Traceback (most recent call last):
  File "D:\APPS\Project\lumra\.venv\Lib\site-packages\django\core\handlers\exception.py", line 55, in inner
    response = get_response(request)
               ^^^^^^^^^^^^^^^^^^^^^
  File "D:\APPS\Project\lumra\.venv\Lib\site-packages\django\core\handlers\base.py", line 198, in _get_response
    response = wrapped_callback(request, *callback_args, **callback_kwargs)
               ^^^^^^^^^^^^^^^^^^^^^^^^^^^^^^^^^^^^^^^^^^^^^^^^^^^^^^^^^^^^
  File "D:\APPS\Project\lumra\lumra_system\urls.py", line 19, in _callable
    return view(request, *args, **kwargs)
           ^^^^^^^^^^^^^^^^^^^^^^^^^^^^^^
  File "D:\APPS\Project\lumra\.venv\Lib\site-packages\django\contrib\auth\decorators.py", line 59, in _view_wrapper
    return view_func(request, *args, **kwargs)
           ^^^^^^^^^^^^^^^^^^^^^^^^^^^^^^^^^^^
  File "D:\APPS\Project\lumra\lumra_config\views\misc_views.py", line 955, in discount_list_view
    return render(request, "lumra_pages/marketing/discount.html", context)
           ^^^^^^^^^^^^^^^^^^^^^^^^^^^^^^^^^^^^^^^^^^^^^^^^^^^^^^^^^^^^^^^
  File "D:\APPS\Project\lumra\.venv\Lib\site-packages\django\shortcuts.py", line 25, in render
    content = loader.render_to_string(template_name, context, request, using=using)
              ^^^^^^^^^^^^^^^^^^^^^^^^^^^^^^^^^^^^^^^^^^^^^^^^^^^^^^^^^^^^^^^^^^^^^
  File "D:\APPS\Project\lumra\.venv\Lib\site-packages\django\template\loader.py", line 61, in render_to_string
    template = get_template(template_name, using=using)
               ^^^^^^^^^^^^^^^^^^^^^^^^^^^^^^^^^^^^^^^^
  File "D:\APPS\Project\lumra\.venv\Lib\site-packages\django\template\loader.py", line 19, in get_template
    raise TemplateDoesNotExist(template_name, chain=chain)
django.template.exceptions.TemplateDoesNotExist: lumra_pages/marketing/discount.html
ERROR 2026-05-09 05:32:34,343 log 15616 1960 "GET /marketing/discounts/ HTTP/1.1" 500 117711
INFO 2026-05-09 05:32:35,896 log 15616 20164 "GET /inventory/overview/ HTTP/1.1" 200 538577
INFO 2026-05-09 05:32:42,225 log 15616 1960 "GET /static/css/dist/styles.css?v=1778279555 HTTP/1.1" 200 401208
INFO 2026-05-09 05:37:36,285 autoreload 18004 10788 Watching for file changes with StatReloader
INFO 2026-05-09 05:38:45,640 log 18004 17052 "GET /inventory/overview/ HTTP/1.1" 200 538577
INFO 2026-05-09 05:38:45,749 log 18004 17052 "GET /static/css/dist/styles.css?v=1778279925 HTTP/1.1" 200 401208
WARNING 2026-05-09 05:39:19,761 log 18004 15684 Not Found: /inventory/inventory_planner
WARNING 2026-05-09 05:39:19,770 log 18004 15684 "GET /inventory/inventory_planner HTTP/1.1" 404 51494
INFO 2026-05-09 05:39:49,134 log 18004 15684 "GET /inventory/overview/ HTTP/1.1" 200 538577
INFO 2026-05-09 05:39:49,254 log 18004 15684 "GET /static/css/dist/styles.css?v=1778279989 HTTP/1.1" 200 401208
INFO 2026-05-09 05:39:49,581 log 18004 13128 "GET / HTTP/1.1" 200 144254
WARNING 2026-05-09 05:39:50,001 log 18004 15684 Not Found: /api/locations/
WARNING 2026-05-09 05:39:50,019 log 18004 15684 "GET /api/locations/?format=json HTTP/1.1" 404 51467
WARNING 2026-05-09 05:39:50,380 log 18004 6184 Not Found: /api/locations/
WARNING 2026-05-09 05:39:50,391 log 18004 6184 "GET /api/locations/?format=json HTTP/1.1" 404 51467
INFO 2026-05-09 05:39:56,521 log 18004 6184 "GET /inventory/planning HTTP/1.1" 301 0
INFO 2026-05-09 05:41:09,529 log 18004 20776 "GET /inventory/overview/ HTTP/1.1" 200 538577
INFO 2026-05-09 05:41:09,664 log 18004 20776 "GET /static/css/dist/styles.css?v=1778280069 HTTP/1.1" 200 401208
INFO 2026-05-09 05:41:10,710 log 18004 20776 "GET /static/img/default-avatar.png HTTP/1.1" 200 166
WARNING 2026-05-09 05:41:11,445 log 18004 20776 Not Found: /favicon.ico
WARNING 2026-05-09 05:41:11,449 log 18004 20776 "GET /favicon.ico HTTP/1.1" 404 51446
INFO 2026-05-09 05:41:29,771 log 18004 20776 "GET /inventory/overview/ HTTP/1.1" 200 538577
INFO 2026-05-09 05:41:29,897 log 18004 20776 "GET /static/css/dist/styles.css?v=1778280089 HTTP/1.1" 200 401208
INFO 2026-05-11 10:39:39,949 autoreload 22732 14208 Watching for file changes with StatReloader
INFO 2026-05-11 10:41:44,133 log 22732 13100 "GET / HTTP/1.1" 302 0
ERROR 2026-05-11 10:41:45,128 log 22732 13100 Internal Server Error: /auth/login/
Traceback (most recent call last):
  File "D:\APPS\Project\lumra\.venv\Lib\site-packages\django\core\handlers\exception.py", line 55, in inner
    response = get_response(request)
               ^^^^^^^^^^^^^^^^^^^^^
  File "D:\APPS\Project\lumra\.venv\Lib\site-packages\django\core\handlers\base.py", line 198, in _get_response
    response = wrapped_callback(request, *callback_args, **callback_kwargs)
               ^^^^^^^^^^^^^^^^^^^^^^^^^^^^^^^^^^^^^^^^^^^^^^^^^^^^^^^^^^^^
  File "D:\APPS\Project\lumra\lumra_system\urls.py", line 19, in _callable
    return view(request, *args, **kwargs)
           ^^^^^^^^^^^^^^^^^^^^^^^^^^^^^^
  File "D:\APPS\Project\lumra\lumra_config\views\auth_views.py", line 37, in login_view
    return render(request, "lumra_pages/auth/login.html")
           ^^^^^^^^^^^^^^^^^^^^^^^^^^^^^^^^^^^^^^^^^^^^^^
  File "D:\APPS\Project\lumra\.venv\Lib\site-packages\django\shortcuts.py", line 25, in render
    content = loader.render_to_string(template_name, context, request, using=using)
              ^^^^^^^^^^^^^^^^^^^^^^^^^^^^^^^^^^^^^^^^^^^^^^^^^^^^^^^^^^^^^^^^^^^^^
  File "D:\APPS\Project\lumra\.venv\Lib\site-packages\django\template\loader.py", line 62, in render_to_string
    return template.render(context, request)
           ^^^^^^^^^^^^^^^^^^^^^^^^^^^^^^^^^
  File "D:\APPS\Project\lumra\.venv\Lib\site-packages\django\template\backends\django.py", line 107, in render
    return self.template.render(context)
           ^^^^^^^^^^^^^^^^^^^^^^^^^^^^^
  File "D:\APPS\Project\lumra\.venv\Lib\site-packages\django\template\base.py", line 174, in render
    return self._render(context)
           ^^^^^^^^^^^^^^^^^^^^^
  File "D:\APPS\Project\lumra\.venv\Lib\site-packages\django\test\utils.py", line 114, in instrumented_test_render
    return self.nodelist.render(context)
           ^^^^^^^^^^^^^^^^^^^^^^^^^^^^^
  File "D:\APPS\Project\lumra\.venv\Lib\site-packages\django\template\base.py", line 1091, in render
    return SafeString("".join([node.render_annotated(context) for node in self]))
                               ^^^^^^^^^^^^^^^^^^^^^^^^^^^^^^
  File "D:\APPS\Project\lumra\.venv\Lib\site-packages\django\template\base.py", line 1052, in render_annotated
    return self.render(context)
           ^^^^^^^^^^^^^^^^^^^^
  File "D:\APPS\Project\lumra\.venv\Lib\site-packages\django\template\loader_tags.py", line 160, in render
    return compiled_parent._render(context)
           ^^^^^^^^^^^^^^^^^^^^^^^^^^^^^^^^
  File "D:\APPS\Project\lumra\.venv\Lib\site-packages\django\test\utils.py", line 114, in instrumented_test_render
    return self.nodelist.render(context)
           ^^^^^^^^^^^^^^^^^^^^^^^^^^^^^
  File "D:\APPS\Project\lumra\.venv\Lib\site-packages\django\template\base.py", line 1091, in render
    return SafeString("".join([node.render_annotated(context) for node in self]))
                               ^^^^^^^^^^^^^^^^^^^^^^^^^^^^^^
  File "D:\APPS\Project\lumra\.venv\Lib\site-packages\django\template\base.py", line 1052, in render_annotated
    return self.render(context)
           ^^^^^^^^^^^^^^^^^^^^
  File "D:\APPS\Project\lumra\.venv\Lib\site-packages\django\template\loader_tags.py", line 66, in render
    result = block.nodelist.render(context)
             ^^^^^^^^^^^^^^^^^^^^^^^^^^^^^^
  File "D:\APPS\Project\lumra\.venv\Lib\site-packages\django\template\base.py", line 1091, in render
    return SafeString("".join([node.render_annotated(context) for node in self]))
                               ^^^^^^^^^^^^^^^^^^^^^^^^^^^^^^
  File "D:\APPS\Project\lumra\.venv\Lib\site-packages\django\template\base.py", line 1052, in render_annotated
    return self.render(context)
           ^^^^^^^^^^^^^^^^^^^^
  File "D:\APPS\Project\lumra\.venv\Lib\site-packages\django\template\defaulttags.py", line 511, in render
    url = reverse(view_name, args=args, kwargs=kwargs, current_app=current_app)
          ^^^^^^^^^^^^^^^^^^^^^^^^^^^^^^^^^^^^^^^^^^^^^^^^^^^^^^^^^^^^^^^^^^^^^
  File "D:\APPS\Project\lumra\.venv\Lib\site-packages\django\urls\base.py", line 98, in reverse
    resolved_url = resolver._reverse_with_prefix(view, prefix, *args, **kwargs)
                   ^^^^^^^^^^^^^^^^^^^^^^^^^^^^^^^^^^^^^^^^^^^^^^^^^^^^^^^^^^^^
  File "D:\APPS\Project\lumra\.venv\Lib\site-packages\django\urls\resolvers.py", line 842, in _reverse_with_prefix
    raise NoReverseMatch(msg)
django.urls.exceptions.NoReverseMatch: Reverse for 'forgot_password' not found. 'forgot_password' is not a valid view function or pattern name.
ERROR 2026-05-11 10:41:45,148 log 22732 13100 "GET /auth/login/?next=/ HTTP/1.1" 500 174822
INFO 2026-05-11 10:41:46,367 log 22732 6668 "GET / HTTP/1.1" 200 144254
INFO 2026-05-11 10:41:46,626 log 22732 6668 "GET /static/css/dist/styles.css?v=1778470906 HTTP/1.1" 200 401208
WARNING 2026-05-11 10:41:47,586 log 22732 6668 Not Found: /api/locations/
WARNING 2026-05-11 10:41:47,605 log 22732 6668 "GET /api/locations/?format=json HTTP/1.1" 404 51467
WARNING 2026-05-11 10:41:47,681 log 22732 6668 Not Found: /api/locations/
WARNING 2026-05-11 10:41:47,682 log 22732 6668 "GET /api/locations/?format=json HTTP/1.1" 404 51467
INFO 2026-05-11 10:41:49,221 log 22732 6668 "GET /static/img/default-avatar.png HTTP/1.1" 200 166
WARNING 2026-05-11 10:41:50,643 log 22732 6668 Not Found: /favicon.ico
WARNING 2026-05-11 10:41:50,649 log 22732 6668 "GET /favicon.ico HTTP/1.1" 404 51446
WARNING 2026-05-11 10:42:09,859 log 22732 1784 Not Found: /production/rnd
WARNING 2026-05-11 10:42:09,866 log 22732 1784 "GET /production/rnd HTTP/1.1" 404 51455
INFO 2026-05-11 10:43:01,091 log 22732 1784 "GET /rnd HTTP/1.1" 301 0
INFO 2026-05-11 10:43:01,249 log 22732 1784 "GET /rnd/ HTTP/1.1" 200 119279
INFO 2026-05-11 10:43:01,388 log 22732 1784 "GET /static/css/dist/styles.css?v=1778470981 HTTP/1.1" 200 401208
INFO 2026-05-11 10:43:45,461 log 22732 6668 "GET /api/dashboard/data/?period=today HTTP/1.1" 200 1279
INFO 2026-05-11 10:43:45,511 log 22732 8340 "GET /api/dashboard/data/?period=today HTTP/1.1" 200 1279
INFO 2026-05-11 10:43:50,433 log 22732 8340 "GET /rnd/form/ HTTP/1.1" 200 126946
INFO 2026-05-11 10:43:50,521 log 22732 8340 "GET /static/css/dist/styles.css?v=1778471030 HTTP/1.1" 200 401208
INFO 2026-05-11 10:44:16,929 log 22732 8340 "GET /rnd/ HTTP/1.1" 200 119279
INFO 2026-05-11 10:44:17,202 log 22732 8340 "GET /static/css/dist/styles.css?v=1778471056 HTTP/1.1" 200 401208
INFO 2026-05-11 10:44:40,377 log 22732 8340 "GET /rnd/form/ HTTP/1.1" 200 555772
INFO 2026-05-11 10:44:40,475 log 22732 8340 "GET /static/css/dist/styles.css?v=1778471080 HTTP/1.1" 200 401208
INFO 2026-05-11 10:45:07,953 log 22732 8340 "GET /rnd/form/ HTTP/1.1" 200 555772
INFO 2026-05-11 10:45:08,029 log 22732 8340 "GET /static/css/dist/styles.css?v=1778471107 HTTP/1.1" 200 401208
INFO 2026-05-11 10:45:10,758 log 22732 8340 "GET /rnd/ HTTP/1.1" 200 141552
INFO 2026-05-11 10:45:10,890 log 22732 6668 "GET /static/css/dist/styles.css?v=1778471110 HTTP/1.1" 200 401208
INFO 2026-05-11 10:45:14,406 log 22732 6668 "GET /rnd/ HTTP/1.1" 200 141552
INFO 2026-05-11 10:45:14,477 log 22732 6668 "GET /static/css/dist/styles.css?v=1778471114 HTTP/1.1" 200 401208
INFO 2026-05-11 10:47:30,650 log 22732 6668 "GET /production/bom/ HTTP/1.1" 200 118394
INFO 2026-05-11 10:47:30,752 log 22732 6668 "GET /static/css/dist/styles.css?v=1778471250 HTTP/1.1" 200 401208
INFO 2026-05-11 10:56:01,040 log 22732 17928 "GET /production/bom/ HTTP/1.1" 200 260289
INFO 2026-05-11 10:56:01,163 log 22732 17928 "GET /static/css/dist/styles.css?v=1778471760 HTTP/1.1" 200 401208
INFO 2026-05-11 10:56:10,843 log 22732 17928 "GET /production/bom/add/ HTTP/1.1" 200 517901
INFO 2026-05-11 10:56:10,934 log 22732 17928 "GET /static/css/dist/styles.css?v=1778471770 HTTP/1.1" 200 401208
INFO 2026-05-11 10:56:35,386 log 22732 17928 "GET /production/bom/add/ HTTP/1.1" 200 544556
INFO 2026-05-11 10:56:35,452 log 22732 13652 "GET /static/css/dist/styles.css?v=1778471795 HTTP/1.1" 200 401208
INFO 2026-05-11 10:57:03,082 log 22732 13652 "GET /production/bom/ HTTP/1.1" 200 260289
INFO 2026-05-11 10:57:03,173 log 22732 13652 "GET /static/css/dist/styles.css?v=1778471823 HTTP/1.1" 200 401208
INFO 2026-05-11 10:57:05,442 log 22732 13652 "GET /production/bom/328958/ HTTP/1.1" 200 123809
INFO 2026-05-11 10:57:05,506 log 22732 13652 "GET /static/css/dist/styles.css?v=1778471825 HTTP/1.1" 200 401208
WARNING 2026-05-11 10:57:12,647 log 22732 13652 Not Found: /production/bom/328958/edit/edit/
WARNING 2026-05-11 10:57:12,649 log 22732 13652 "GET /production/bom/328958/edit/edit/ HTTP/1.1" 404 51509
INFO 2026-05-11 10:57:15,800 log 22732 13652 "GET /production/bom/328958/ HTTP/1.1" 200 123809
INFO 2026-05-11 10:57:15,876 log 22732 13652 "GET /static/css/dist/styles.css?v=1778471835 HTTP/1.1" 200 401208
INFO 2026-05-11 10:57:25,633 log 22732 13652 "GET /production/bom/328958/ HTTP/1.1" 200 142616
INFO 2026-05-11 10:57:25,719 log 22732 13652 "GET /static/css/dist/styles.css?v=1778471845 HTTP/1.1" 200 401208
INFO 2026-05-11 10:57:36,348 log 22732 13652 "GET /production/bom/ HTTP/1.1" 200 260289
INFO 2026-05-11 10:57:36,437 log 22732 13652 "GET /static/css/dist/styles.css?v=1778471856 HTTP/1.1" 200 401208
INFO 2026-05-11 10:58:38,277 log 22732 17928 "GET /production/bom/ HTTP/1.1" 200 260289
INFO 2026-05-11 10:58:39,112 log 22732 17928 "GET /static/css/dist/styles.css?v=1778471918 HTTP/1.1" 200 401208
INFO 2026-05-11 10:58:46,011 log 22732 17928 "GET /production/bom/328949/ HTTP/1.1" 200 142612
INFO 2026-05-11 10:58:46,656 log 22732 17928 "GET /static/css/dist/styles.css?v=1778471925 HTTP/1.1" 200 401208
WARNING 2026-05-11 10:59:28,042 log 22732 17928 Not Found: /production/bom/328949/edit/edit/
WARNING 2026-05-11 10:59:28,215 log 22732 17928 "GET /production/bom/328949/edit/edit/ HTTP/1.1" 404 51509
INFO 2026-05-11 10:59:34,063 log 22732 17928 "GET /production/order/ HTTP/1.1" 200 119411
INFO 2026-05-11 10:59:35,049 log 22732 17928 "GET /static/css/dist/styles.css?v=1778471973 HTTP/1.1" 200 401208
INFO 2026-05-11 10:59:39,561 log 22732 17928 "GET /production/order/ HTTP/1.1" 200 119411
INFO 2026-05-11 10:59:40,628 log 22732 17928 "GET /static/css/dist/styles.css?v=1778471979 HTTP/1.1" 200 401208
INFO 2026-05-11 11:02:22,841 log 22732 17928 "GET / HTTP/1.1" 200 144254
INFO 2026-05-11 11:02:25,071 log 22732 17928 "GET /static/css/dist/styles.css?v=1778472141 HTTP/1.1" 200 401208
WARNING 2026-05-11 11:02:26,776 log 22732 17928 Not Found: /api/locations/
WARNING 2026-05-11 11:02:26,976 log 22732 17928 "GET /api/locations/?format=json HTTP/1.1" 404 51467
WARNING 2026-05-11 11:02:30,290 log 22732 17928 Not Found: /api/locations/
WARNING 2026-05-11 11:02:30,441 log 22732 17928 "GET /api/locations/?format=json HTTP/1.1" 404 51467
INFO 2026-05-11 11:16:08,621 basehttp 22732 17928 - Broken pipe from ('127.0.0.1', 15142)
INFO 2026-05-11 11:16:08,629 basehttp 22732 21676 - Broken pipe from ('127.0.0.1', 13301)
INFO 2026-05-11 14:31:28,630 autoreload 9828 15052 Watching for file changes with StatReloader
INFO 2026-05-11 15:52:12,171 log 9828 20280 "GET / HTTP/1.1" 200 144254
INFO 2026-05-11 15:52:13,248 log 9828 20280 "GET / HTTP/1.1" 200 144254
INFO 2026-05-11 15:52:13,626 log 9828 20280 "GET /static/css/dist/styles.css?v=1778489533 HTTP/1.1" 200 399530
WARNING 2026-05-11 15:52:15,690 log 9828 20280 Not Found: /api/locations/
WARNING 2026-05-11 15:52:15,884 log 9828 20280 "GET /api/locations/?format=json HTTP/1.1" 404 51467
WARNING 2026-05-11 15:52:16,536 log 9828 20280 Not Found: /api/locations/
WARNING 2026-05-11 15:52:16,591 log 9828 20280 "GET /api/locations/?format=json HTTP/1.1" 404 51467
INFO 2026-05-11 15:52:18,646 log 9828 20280 "GET /static/img/default-avatar.png HTTP/1.1" 200 166
INFO 2026-05-11 15:54:02,625 log 9828 4908 "GET /production/bom/ HTTP/1.1" 200 260289
INFO 2026-05-11 15:54:02,816 log 9828 4908 "GET /static/css/dist/styles.css?v=1778489642 HTTP/1.1" 200 399530
INFO 2026-05-11 15:55:00,277 log 9828 12908 "GET /production/scheduling/ HTTP/1.1" 200 191287
INFO 2026-05-11 15:55:00,745 log 9828 12908 "GET /static/css/dist/styles.css?v=1778489700 HTTP/1.1" 200 399530
INFO 2026-05-15 11:23:58,485 autoreload 11176 6256 Watching for file changes with StatReloader
INFO 2026-05-15 11:24:10,639 log 11176 20168 "GET / HTTP/1.1" 200 144254
INFO 2026-05-15 11:24:10,974 log 11176 8244 "GET /static/css/dist/styles.css?v=1778819049 HTTP/1.1" 200 399530
INFO 2026-05-15 11:24:11,600 log 11176 12512 "GET /static/img/default-avatar.png HTTP/1.1" 200 166
WARNING 2026-05-15 11:24:14,272 log 11176 8244 Not Found: /api/locations/
WARNING 2026-05-15 11:24:14,409 log 11176 8244 "GET /api/locations/?format=json HTTP/1.1" 404 51467
WARNING 2026-05-15 11:24:17,036 log 11176 8244 Not Found: /api/locations/
WARNING 2026-05-15 11:24:17,626 log 11176 12512 Not Found: /favicon.ico
WARNING 2026-05-15 11:24:17,649 log 11176 8244 "GET /api/locations/?format=json HTTP/1.1" 404 51467
WARNING 2026-05-15 11:24:17,816 log 11176 12512 "GET /favicon.ico HTTP/1.1" 404 51446
INFO 2026-05-15 11:34:46,636 basehttp 11176 12512 - Broken pipe from ('127.0.0.1', 5942)
INFO 2026-05-15 11:34:47,143 basehttp 11176 20168 - Broken pipe from ('127.0.0.1', 61371)
ERROR 2026-05-15 12:18:49,179 log 11176 10640 Internal Server Error: /production/recipes/
Traceback (most recent call last):
  File "D:\APPS\Project\lumra\.venv\Lib\site-packages\django\db\backends\utils.py", line 105, in _execute
    return self.cursor.execute(sql, params)
           ^^^^^^^^^^^^^^^^^^^^^^^^^^^^^^^^
  File "D:\APPS\Project\lumra\.venv\Lib\site-packages\psycopg\cursor.py", line 117, in execute
    raise ex.with_traceback(None)
psycopg.errors.OutOfMemory: out of memory
DETAIL:  Failed on request of size 2097152 in memory context "ErrorContext".

The above exception was the direct cause of the following exception:

Traceback (most recent call last):
  File "D:\APPS\Project\lumra\.venv\Lib\site-packages\django\core\handlers\exception.py", line 55, in inner
    response = get_response(request)
               ^^^^^^^^^^^^^^^^^^^^^
  File "D:\APPS\Project\lumra\.venv\Lib\site-packages\django\core\handlers\base.py", line 198, in _get_response
    response = wrapped_callback(request, *callback_args, **callback_kwargs)
               ^^^^^^^^^^^^^^^^^^^^^^^^^^^^^^^^^^^^^^^^^^^^^^^^^^^^^^^^^^^^
  File "D:\APPS\Project\lumra\lumra_system\urls.py", line 19, in _callable
    return view(request, *args, **kwargs)
           ^^^^^^^^^^^^^^^^^^^^^^^^^^^^^^
  File "D:\APPS\Project\lumra\.venv\Lib\site-packages\django\contrib\auth\decorators.py", line 59, in _view_wrapper
    return view_func(request, *args, **kwargs)
           ^^^^^^^^^^^^^^^^^^^^^^^^^^^^^^^^^^^
  File "D:\APPS\Project\lumra\lumra_config\views\production_views.py", line 86, in recipe_list
    recipes_json = _serialize_recipes(recipes)
                   ^^^^^^^^^^^^^^^^^^^^^^^^^^^
  File "D:\APPS\Project\lumra\lumra_config\views\production_views.py", line 25, in _serialize_recipes
    for r in queryset:
  File "D:\APPS\Project\lumra\.venv\Lib\site-packages\django\db\models\query.py", line 390, in __iter__
    self._fetch_all()
  File "D:\APPS\Project\lumra\.venv\Lib\site-packages\django\db\models\query.py", line 2002, in _fetch_all
    self._prefetch_related_objects()
  File "D:\APPS\Project\lumra\.venv\Lib\site-packages\django\db\models\query.py", line 1369, in _prefetch_related_objects
    prefetch_related_objects(self._result_cache, *self._prefetch_related_lookups)
  File "D:\APPS\Project\lumra\.venv\Lib\site-packages\django\db\models\query.py", line 2451, in prefetch_related_objects
    obj_list, additional_lookups = prefetch_one_level(
                                   ^^^^^^^^^^^^^^^^^^^
  File "D:\APPS\Project\lumra\.venv\Lib\site-packages\django\db\models\query.py", line 2607, in prefetch_one_level
    ) = prefetcher.get_prefetch_querysets(
        ^^^^^^^^^^^^^^^^^^^^^^^^^^^^^^^^^^
  File "D:\APPS\Project\lumra\.venv\Lib\site-packages\django\db\models\fields\related_descriptors.py", line 777, in get_prefetch_querysets
    for rel_obj in queryset:
  File "D:\APPS\Project\lumra\.venv\Lib\site-packages\django\db\models\query.py", line 390, in __iter__
    self._fetch_all()
  File "D:\APPS\Project\lumra\.venv\Lib\site-packages\django\db\models\query.py", line 2000, in _fetch_all
    self._result_cache = list(self._iterable_class(self))
                         ^^^^^^^^^^^^^^^^^^^^^^^^^^^^^^^^
  File "D:\APPS\Project\lumra\.venv\Lib\site-packages\django\db\models\query.py", line 95, in __iter__
    results = compiler.execute_sql(
              ^^^^^^^^^^^^^^^^^^^^^
  File "D:\APPS\Project\lumra\.venv\Lib\site-packages\django\db\models\sql\compiler.py", line 1624, in execute_sql
    cursor.execute(sql, params)
  File "D:\APPS\Project\lumra\.venv\Lib\site-packages\django\db\backends\utils.py", line 122, in execute
    return super().execute(sql, params)
           ^^^^^^^^^^^^^^^^^^^^^^^^^^^^
  File "D:\APPS\Project\lumra\.venv\Lib\site-packages\django\db\backends\utils.py", line 79, in execute
    return self._execute_with_wrappers(
           ^^^^^^^^^^^^^^^^^^^^^^^^^^^^
  File "D:\APPS\Project\lumra\.venv\Lib\site-packages\django\db\backends\utils.py", line 92, in _execute_with_wrappers
    return executor(sql, params, many, context)
           ^^^^^^^^^^^^^^^^^^^^^^^^^^^^^^^^^^^^
  File "D:\APPS\Project\lumra\.venv\Lib\site-packages\django\db\backends\utils.py", line 100, in _execute
    with self.db.wrap_database_errors:
  File "D:\APPS\Project\lumra\.venv\Lib\site-packages\django\db\utils.py", line 94, in __exit__
    raise dj_exc_value.with_traceback(traceback) from exc_value
  File "D:\APPS\Project\lumra\.venv\Lib\site-packages\django\db\backends\utils.py", line 105, in _execute
    return self.cursor.execute(sql, params)
           ^^^^^^^^^^^^^^^^^^^^^^^^^^^^^^^^
  File "D:\APPS\Project\lumra\.venv\Lib\site-packages\psycopg\cursor.py", line 117, in execute
    raise ex.with_traceback(None)
django.db.utils.OperationalError: out of memory
DETAIL:  Failed on request of size 2097152 in memory context "ErrorContext".
ERROR 2026-05-15 12:18:49,324 log 11176 8244 Internal Server Error: /production/recipes/
Traceback (most recent call last):
  File "D:\APPS\Project\lumra\.venv\Lib\site-packages\django\db\backends\utils.py", line 105, in _execute
    return self.cursor.execute(sql, params)
           ^^^^^^^^^^^^^^^^^^^^^^^^^^^^^^^^
  File "D:\APPS\Project\lumra\.venv\Lib\site-packages\psycopg\cursor.py", line 117, in execute
    raise ex.with_traceback(None)
psycopg.errors.OutOfMemory: out of memory
DETAIL:  Failed on request of size 2097152 in memory context "ErrorContext".

The above exception was the direct cause of the following exception:

Traceback (most recent call last):
  File "D:\APPS\Project\lumra\.venv\Lib\site-packages\django\core\handlers\exception.py", line 55, in inner
    response = get_response(request)
               ^^^^^^^^^^^^^^^^^^^^^
  File "D:\APPS\Project\lumra\.venv\Lib\site-packages\django\core\handlers\base.py", line 198, in _get_response
    response = wrapped_callback(request, *callback_args, **callback_kwargs)
               ^^^^^^^^^^^^^^^^^^^^^^^^^^^^^^^^^^^^^^^^^^^^^^^^^^^^^^^^^^^^
  File "D:\APPS\Project\lumra\lumra_system\urls.py", line 19, in _callable
    return view(request, *args, **kwargs)
           ^^^^^^^^^^^^^^^^^^^^^^^^^^^^^^
  File "D:\APPS\Project\lumra\.venv\Lib\site-packages\django\contrib\auth\decorators.py", line 59, in _view_wrapper
    return view_func(request, *args, **kwargs)
           ^^^^^^^^^^^^^^^^^^^^^^^^^^^^^^^^^^^
  File "D:\APPS\Project\lumra\lumra_config\views\production_views.py", line 86, in recipe_list
    recipes_json = _serialize_recipes(recipes)
                   ^^^^^^^^^^^^^^^^^^^^^^^^^^^
  File "D:\APPS\Project\lumra\lumra_config\views\production_views.py", line 25, in _serialize_recipes
    for r in queryset:
  File "D:\APPS\Project\lumra\.venv\Lib\site-packages\django\db\models\query.py", line 390, in __iter__
    self._fetch_all()
  File "D:\APPS\Project\lumra\.venv\Lib\site-packages\django\db\models\query.py", line 2002, in _fetch_all
    self._prefetch_related_objects()
  File "D:\APPS\Project\lumra\.venv\Lib\site-packages\django\db\models\query.py", line 1369, in _prefetch_related_objects
    prefetch_related_objects(self._result_cache, *self._prefetch_related_lookups)
  File "D:\APPS\Project\lumra\.venv\Lib\site-packages\django\db\models\query.py", line 2451, in prefetch_related_objects
    obj_list, additional_lookups = prefetch_one_level(
                                   ^^^^^^^^^^^^^^^^^^^
  File "D:\APPS\Project\lumra\.venv\Lib\site-packages\django\db\models\query.py", line 2607, in prefetch_one_level
    ) = prefetcher.get_prefetch_querysets(
        ^^^^^^^^^^^^^^^^^^^^^^^^^^^^^^^^^^
  File "D:\APPS\Project\lumra\.venv\Lib\site-packages\django\db\models\fields\related_descriptors.py", line 777, in get_prefetch_querysets
    for rel_obj in queryset:
  File "D:\APPS\Project\lumra\.venv\Lib\site-packages\django\db\models\query.py", line 390, in __iter__
    self._fetch_all()
  File "D:\APPS\Project\lumra\.venv\Lib\site-packages\django\db\models\query.py", line 2000, in _fetch_all
    self._result_cache = list(self._iterable_class(self))
                         ^^^^^^^^^^^^^^^^^^^^^^^^^^^^^^^^
  File "D:\APPS\Project\lumra\.venv\Lib\site-packages\django\db\models\query.py", line 95, in __iter__
    results = compiler.execute_sql(
              ^^^^^^^^^^^^^^^^^^^^^
  File "D:\APPS\Project\lumra\.venv\Lib\site-packages\django\db\models\sql\compiler.py", line 1624, in execute_sql
    cursor.execute(sql, params)
  File "D:\APPS\Project\lumra\.venv\Lib\site-packages\django\db\backends\utils.py", line 122, in execute
    return super().execute(sql, params)
           ^^^^^^^^^^^^^^^^^^^^^^^^^^^^
  File "D:\APPS\Project\lumra\.venv\Lib\site-packages\django\db\backends\utils.py", line 79, in execute
    return self._execute_with_wrappers(
           ^^^^^^^^^^^^^^^^^^^^^^^^^^^^
  File "D:\APPS\Project\lumra\.venv\Lib\site-packages\django\db\backends\utils.py", line 92, in _execute_with_wrappers
    return executor(sql, params, many, context)
           ^^^^^^^^^^^^^^^^^^^^^^^^^^^^^^^^^^^^
  File "D:\APPS\Project\lumra\.venv\Lib\site-packages\django\db\backends\utils.py", line 100, in _execute
    with self.db.wrap_database_errors:
  File "D:\APPS\Project\lumra\.venv\Lib\site-packages\django\db\utils.py", line 94, in __exit__
    raise dj_exc_value.with_traceback(traceback) from exc_value
  File "D:\APPS\Project\lumra\.venv\Lib\site-packages\django\db\backends\utils.py", line 105, in _execute
    return self.cursor.execute(sql, params)
           ^^^^^^^^^^^^^^^^^^^^^^^^^^^^^^^^
  File "D:\APPS\Project\lumra\.venv\Lib\site-packages\psycopg\cursor.py", line 117, in execute
    raise ex.with_traceback(None)
django.db.utils.OperationalError: out of memory
DETAIL:  Failed on request of size 2097152 in memory context "ErrorContext".
ERROR 2026-05-15 12:18:49,386 log 11176 8244 "GET /production/recipes/ HTTP/1.1" 500 304386
INFO 2026-05-15 12:18:49,401 basehttp 11176 10640 - Broken pipe from ('127.0.0.1', 28527)
ERROR 2026-05-15 13:05:43,182 log 11176 20476 Internal Server Error: /production/recipes/
Traceback (most recent call last):
  File "D:\APPS\Project\lumra\.venv\Lib\site-packages\django\db\backends\utils.py", line 105, in _execute
    return self.cursor.execute(sql, params)
           ^^^^^^^^^^^^^^^^^^^^^^^^^^^^^^^^
  File "D:\APPS\Project\lumra\.venv\Lib\site-packages\psycopg\cursor.py", line 117, in execute
    raise ex.with_traceback(None)
psycopg.errors.InternalError_: could not read blocks 3852..3852 in file "base/17667/18931": Invalid argument

The above exception was the direct cause of the following exception:

Traceback (most recent call last):
  File "D:\APPS\Project\lumra\.venv\Lib\site-packages\django\core\handlers\exception.py", line 55, in inner
    response = get_response(request)
               ^^^^^^^^^^^^^^^^^^^^^
  File "D:\APPS\Project\lumra\.venv\Lib\site-packages\django\core\handlers\base.py", line 198, in _get_response
    response = wrapped_callback(request, *callback_args, **callback_kwargs)
               ^^^^^^^^^^^^^^^^^^^^^^^^^^^^^^^^^^^^^^^^^^^^^^^^^^^^^^^^^^^^
  File "D:\APPS\Project\lumra\lumra_system\urls.py", line 19, in _callable
    return view(request, *args, **kwargs)
           ^^^^^^^^^^^^^^^^^^^^^^^^^^^^^^
  File "D:\APPS\Project\lumra\.venv\Lib\site-packages\django\contrib\auth\decorators.py", line 59, in _view_wrapper
    return view_func(request, *args, **kwargs)
           ^^^^^^^^^^^^^^^^^^^^^^^^^^^^^^^^^^^
  File "D:\APPS\Project\lumra\lumra_config\views\production_views.py", line 86, in recipe_list
    recipes_json = _serialize_recipes(recipes)
                   ^^^^^^^^^^^^^^^^^^^^^^^^^^^
  File "D:\APPS\Project\lumra\lumra_config\views\production_views.py", line 25, in _serialize_recipes
    for r in queryset:
  File "D:\APPS\Project\lumra\.venv\Lib\site-packages\django\db\models\query.py", line 390, in __iter__
    self._fetch_all()
  File "D:\APPS\Project\lumra\.venv\Lib\site-packages\django\db\models\query.py", line 2000, in _fetch_all
    self._result_cache = list(self._iterable_class(self))
                         ^^^^^^^^^^^^^^^^^^^^^^^^^^^^^^^^
  File "D:\APPS\Project\lumra\.venv\Lib\site-packages\django\db\models\query.py", line 95, in __iter__
    results = compiler.execute_sql(
              ^^^^^^^^^^^^^^^^^^^^^
  File "D:\APPS\Project\lumra\.venv\Lib\site-packages\django\db\models\sql\compiler.py", line 1624, in execute_sql
    cursor.execute(sql, params)
  File "D:\APPS\Project\lumra\.venv\Lib\site-packages\django\db\backends\utils.py", line 122, in execute
    return super().execute(sql, params)
           ^^^^^^^^^^^^^^^^^^^^^^^^^^^^
  File "D:\APPS\Project\lumra\.venv\Lib\site-packages\django\db\backends\utils.py", line 79, in execute
    return self._execute_with_wrappers(
           ^^^^^^^^^^^^^^^^^^^^^^^^^^^^
  File "D:\APPS\Project\lumra\.venv\Lib\site-packages\django\db\backends\utils.py", line 92, in _execute_with_wrappers
    return executor(sql, params, many, context)
           ^^^^^^^^^^^^^^^^^^^^^^^^^^^^^^^^^^^^
  File "D:\APPS\Project\lumra\.venv\Lib\site-packages\django\db\backends\utils.py", line 100, in _execute
    with self.db.wrap_database_errors:
  File "D:\APPS\Project\lumra\.venv\Lib\site-packages\django\db\utils.py", line 94, in __exit__
    raise dj_exc_value.with_traceback(traceback) from exc_value
  File "D:\APPS\Project\lumra\.venv\Lib\site-packages\django\db\backends\utils.py", line 105, in _execute
    return self.cursor.execute(sql, params)
           ^^^^^^^^^^^^^^^^^^^^^^^^^^^^^^^^
  File "D:\APPS\Project\lumra\.venv\Lib\site-packages\psycopg\cursor.py", line 117, in execute
    raise ex.with_traceback(None)
django.db.utils.InternalError: could not read blocks 3852..3852 in file "base/17667/18931": Invalid argument
ERROR 2026-05-15 13:05:43,228 log 11176 20476 "GET /production/recipes/ HTTP/1.1" 500 180792
