sku,season,kategori,nama_blend,komposisi_biji,dominant_roast,deskripsi,texture,resep_gramasi,rekomendasi_penyajian
S-WIN-001,Winter,Seasonal Blend,Highland Winter Crest,Java Temanggung Light WetHulled 60% | Java Garut Dark Anaerobic 25% | Java Ijen Raung Light Wine 15%,Light,"Rasa tebal dan mengenyangkan, blend warming ini memadukan biji-biji terbaik dari Java Temanggung dan Java Garut dan Java Ijen Raung. Diproses dengan metode Wine & WetHulled, menghadirkan profil rasa lime, plum, green pepper yang kompleks namun harmonis. Sebuah perpaduan yang dirancang untuk memuaskan selera pecinta kopi sejati.",Clean,Java Temanggung (Light / WetHulled): 600g (60%) | Java Garut (Dark / Anaerobic): 250g (25%) | Java Ijen Raung (Light / Wine): 150g (15%) | total: 1000g,Pour Over Recommended
S-WIN-002,Winter,Seasonal Blend,Highland Winter Series,Wanoja Kamojang Medium Natural 40% | Java Puntang Dark WetHulled 35% | Flores Manggarai Medium Honey 25%,Medium,"Cocok dinikmati di malam dingin, blend intense ini memadukan biji-biji terbaik dari Wanoja Kamojang dan Java Puntang dan Flores Manggarai. Diproses dengan metode Honey & WetHulled, menghadirkan profil rasa dried apricot, dark tobacco, dark chocolate yang kompleks namun harmonis. Sebuah perpaduan yang dirancang untuk memuaskan selera pecinta kopi sejati.",Velvety,Wanoja Kamojang (Medium / Natural): 400g (40%) | Java Puntang (Dark / WetHulled): 350g (35%) | Flores Manggarai (Medium / Honey): 250g (25%) | total: 1000g,Best for Moka Pot
S-WIN-003,Winter,Seasonal Blend,Sacred Winter Blend,Sembalun Rinjani Light SemiWashed 60% | Java Ciwidey Dark Honey 25% | Arjuno Light SemiWashed 15%,Light,"Blend musim dingin yang menghangatkan jiwa, blend spiced ini memadukan biji-biji terbaik dari Sembalun Rinjani dan Java Ciwidey dan Arjuno. Diproses dengan metode SemiWashed & Honey, menghadirkan profil rasa dark sugar, light caramel, toffee yang kompleks namun harmonis. Sebuah perpaduan yang dirancang untuk memuaskan selera pecinta kopi sejati.",Tea-like,Sembalun Rinjani (Light / SemiWashed): 600g (60%) | Java Ciwidey (Dark / Honey): 250g (25%) | Arjuno (Light / SemiWashed): 150g (15%) | total: 1000g,Ideal for Chemex
S-WIN-004,Winter,Seasonal Blend,Copper Winter Estate,Temanggung Medium Honey 55% | Mandheling Dark Wine 30% | Bukit Barisan Dark SemiWashed 15%,Medium,"Cocok dinikmati di malam dingin, blend spiced ini memadukan biji-biji terbaik dari Temanggung dan Mandheling dan Bukit Barisan. Diproses dengan metode SemiWashed & Honey, menghadirkan profil rasa honey, dark caramel, walnut yang kompleks namun harmonis. Sebuah perpaduan yang dirancang untuk memuaskan selera pecinta kopi sejati.",Smooth,Temanggung (Medium / Honey): 550g (55%) | Mandheling (Dark / Wine): 300g (30%) | Bukit Barisan (Dark / SemiWashed): 150g (15%) | total: 1000g,Best for Moka Pot
S-WIN-005,Winter,Seasonal Blend,Sunrise Winter Ridge,Toraja Kalosi Light Natural 65% | Java Ijen Raung Light SemiWashed 35%,Light,"Blend musim dingin yang menghangatkan jiwa, blend comforting ini memadukan biji-biji terbaik dari Toraja Kalosi dan Java Ijen Raung. Diproses dengan metode SemiWashed & Natural, menghadirkan profil rasa tropical fruit, strawberry, blueberry yang kompleks namun harmonis. Sebuah perpaduan yang dirancang untuk memuaskan selera pecinta kopi sejati.",Clean,Toraja Kalosi (Light / Natural): 650g (65%) | Java Ijen Raung (Light / SemiWashed): 350g (35%) | total: 1000g,Pour Over Recommended
S-WIN-006,Winter,Seasonal Blend,Mystic Winter Story,Mandheling Medium Wine 60% | Java Ciwidey Light SemiWashed 25% | Papua Wamena Dark SemiWashed 15%,Medium,"Blend musim dingin yang menghangatkan jiwa, blend intense ini memadukan biji-biji terbaik dari Mandheling dan Java Ciwidey dan Papua Wamena. Diproses dengan metode SemiWashed & Wine, menghadirkan profil rasa espresso, walnut, oolong tea yang kompleks namun harmonis. Sebuah perpaduan yang dirancang untuk memuaskan selera pecinta kopi sejati.",Round,Mandheling (Medium / Wine): 600g (60%) | Java Ciwidey (Light / SemiWashed): 250g (25%) | Papua Wamena (Dark / SemiWashed): 150g (15%) | total: 1000g,Versatile for Espresso & Filter
S-WIN-007,Winter,Seasonal Blend,Midnight Winter Signature,Bali Kintamani Light Honey 55% | Toraja Kalosi Medium SemiWashed 30% | Java Garut Light Washed 15%,Light,"Cocok dinikmati di malam dingin, blend intense ini memadukan biji-biji terbaik dari Bali Kintamani dan Toraja Kalosi dan Java Garut. Diproses dengan metode SemiWashed & Washed, menghadirkan profil rasa peach, floral, nectarine yang kompleks namun harmonis. Sebuah perpaduan yang dirancang untuk memuaskan selera pecinta kopi sejati.",Clean,Bali Kintamani (Light / Honey): 550g (55%) | Toraja Kalosi (Medium / SemiWashed): 300g (30%) | Java Garut (Light / Washed): 150g (15%) | total: 1000g,Cocok untuk AeroPress
S-WIN-008,Winter,Seasonal Blend,Highland Winter Signature,Flores Bajawa Medium Wine 60% | Java Ciwidey Dark SemiWashed 25% | Lampung Robusta Premium Dark Wine 15%,Medium,"Rasa tebal dan mengenyangkan, blend warming ini memadukan biji-biji terbaik dari Flores Bajawa dan Java Ciwidey dan Lampung Robusta Premium. Diproses dengan metode SemiWashed & Wine, menghadirkan profil rasa roasted grape, dark espresso, roasted grain yang kompleks namun harmonis. Sebuah perpaduan yang dirancang untuk memuaskan selera pecinta kopi sejati.",Balanced,Flores Bajawa (Medium / Wine): 600g (60%) | Java Ciwidey (Dark / SemiWashed): 250g (25%) | Lampung Robusta Premium (Dark / Wine): 150g (15%) | total: 1000g,Cocok untuk French Press & Espresso
S-WIN-009,Winter,Seasonal Blend,Celestial Winter Ridge,Solok Radjo Light Natural 55% | Bengkulu Dark SemiWashed 30% | Mandheling Medium Wine 15%,Medium,"Cocok dinikmati di malam dingin, blend comforting ini memadukan biji-biji terbaik dari Solok Radjo dan Bengkulu dan Mandheling. Diproses dengan metode SemiWashed & Wine, menghadirkan profil rasa dark caramel, port wine, watermelon yang kompleks namun harmonis. Sebuah perpaduan yang dirancang untuk memuaskan selera pecinta kopi sejati.",Medium Body,Solok Radjo (Light / Natural): 550g (55%) | Bengkulu (Dark / SemiWashed): 300g (30%) | Mandheling (Medium / Wine): 150g (15%) | total: 1000g,Cocok untuk French Press & Espresso
S-WIN-010,Winter,Seasonal Blend,Primal Winter Origin,Mandheling Light Natural 70% | Java Ciwidey Medium Washed 30%,Light,"Rasa tebal dan mengenyangkan, blend warming ini memadukan biji-biji terbaik dari Mandheling dan Java Ciwidey. Diproses dengan metode Washed & Natural, menghadirkan profil rasa watermelon, blueberry, hazelnut yang kompleks namun harmonis. Sebuah perpaduan yang dirancang untuk memuaskan selera pecinta kopi sejati.",Clean,Mandheling (Light / Natural): 700g (70%) | Java Ciwidey (Medium / Washed): 300g (30%) | total: 1000g,Pour Over Recommended
S-WIN-011,Winter,Seasonal Blend,Summit Winter Select,Kerinci Kayu Aro Dark WetHulled 55% | Flores Manggarai Medium Honey 30% | Flores Manggarai Light WetHulled 15%,Medium,"Menemani hari hujan dengan sempurna, blend dark ini memadukan biji-biji terbaik dari Kerinci Kayu Aro dan Flores Manggarai dan Flores Manggarai. Diproses dengan metode Honey & WetHulled, menghadirkan profil rasa maple syrup, intense earth, cedar yang kompleks namun harmonis. Sebuah perpaduan yang dirancang untuk memuaskan selera pecinta kopi sejati.",Velvety,Kerinci Kayu Aro (Dark / WetHulled): 550g (55%) | Flores Manggarai (Medium / Honey): 300g (30%) | Flores Manggarai (Light / WetHulled): 150g (15%) | total: 1000g,Versatile for Espresso & Filter
S-WIN-012,Winter,Seasonal Blend,Harvest Winter Journey,Arjuno Medium SemiWashed 55% | Lintong Onan Medium SemiWashed 45%,Medium,"Rasa tebal dan mengenyangkan, blend warming ini memadukan biji-biji terbaik dari Arjuno dan Lintong Onan. Diproses dengan metode SemiWashed, menghadirkan profil rasa apricot jam, roasted nut, milk caramel yang kompleks namun harmonis. Sebuah perpaduan yang dirancang untuk memuaskan selera pecinta kopi sejati.",Velvety,Arjuno (Medium / SemiWashed): 550g (55%) | Lintong Onan (Medium / SemiWashed): 450g (45%) | total: 1000g,Best for Moka Pot
S-WIN-013,Winter,Seasonal Blend,Primal Winter Spring,Java Preanger Medium Washed 45% | Aceh Gayo Dark Wine 35% | Wanoja Kamojang Medium Honey 20%,Medium,"Cocok dinikmati di malam dingin, blend intense ini memadukan biji-biji terbaik dari Java Preanger dan Aceh Gayo dan Wanoja Kamojang. Diproses dengan metode Washed & Wine, menghadirkan profil rasa milk chocolate, toffee, brown sugar yang kompleks namun harmonis. Sebuah perpaduan yang dirancang untuk memuaskan selera pecinta kopi sejati.",Medium Body,Java Preanger (Medium / Washed): 450g (45%) | Aceh Gayo (Dark / Wine): 350g (35%) | Wanoja Kamojang (Medium / Honey): 200g (20%) | total: 1000g,Best for Moka Pot
S-WIN-014,Winter,Seasonal Blend,Mystic Winter Collection,Solok Radjo Medium Anaerobic 50% | Java Puntang Medium SemiWashed 25% | Sidikalang Dark WetHulled 25%,Medium,"Blend musim dingin yang menghangatkan jiwa, blend spiced ini memadukan biji-biji terbaik dari Solok Radjo dan Java Puntang dan Sidikalang. Diproses dengan metode SemiWashed & WetHulled, menghadirkan profil rasa roasted nut, vanilla, clove yang kompleks namun harmonis. Sebuah perpaduan yang dirancang untuk memuaskan selera pecinta kopi sejati.",Velvety,Solok Radjo (Medium / Anaerobic): 500g (50%) | Java Puntang (Medium / SemiWashed): 250g (25%) | Sidikalang (Dark / WetHulled): 250g (25%) | total: 1000g,Versatile for Espresso & Filter
S-WIN-015,Winter,Seasonal Blend,Whisper Winter Valley,Bengkulu Medium Natural 45% | Java Ijen Raung Dark Honey 35% | Semeru Light Wine 20%,Medium,"Blend musim dingin yang menghangatkan jiwa, blend bold ini memadukan biji-biji terbaik dari Bengkulu dan Java Ijen Raung dan Semeru. Diproses dengan metode Honey & Wine, menghadirkan profil rasa wine, plum, dark sugar yang kompleks namun harmonis. Sebuah perpaduan yang dirancang untuk memuaskan selera pecinta kopi sejati.",Smooth,Bengkulu (Medium / Natural): 450g (45%) | Java Ijen Raung (Dark / Honey): 350g (35%) | Semeru (Light / Wine): 200g (20%) | total: 1000g,Versatile for Espresso & Filter
S-WIN-016,Winter,Seasonal Blend,Silk Winter Series,Java Puntang Dark SemiWashed 70% | Flores Bajawa Light Anaerobic 30%,Medium,"Blend musim dingin yang menghangatkan jiwa, blend bold ini memadukan biji-biji terbaik dari Java Puntang dan Flores Bajawa. Diproses dengan metode SemiWashed & Anaerobic, menghadirkan profil rasa intense spice, dark caramel, walnut yang kompleks namun harmonis. Sebuah perpaduan yang dirancang untuk memuaskan selera pecinta kopi sejati.",Smooth,Java Puntang (Dark / SemiWashed): 700g (70%) | Flores Bajawa (Light / Anaerobic): 300g (30%) | total: 1000g,Versatile for Espresso & Filter
S-WIN-017,Winter,Seasonal Blend,Timeless Winter Edition,Java Puntang Light Honey 50% | Java Garut Dark WetHulled 25% | Bukit Barisan Medium WetHulled 25%,Medium,"Menemani hari hujan dengan sempurna, blend comforting ini memadukan biji-biji terbaik dari Java Puntang dan Java Garut dan Bukit Barisan. Diproses dengan metode Honey & WetHulled, menghadirkan profil rasa honeysuckle, tobacco, mushroom yang kompleks namun harmonis. Sebuah perpaduan yang dirancang untuk memuaskan selera pecinta kopi sejati.",Balanced,Java Puntang (Light / Honey): 500g (50%) | Java Garut (Dark / WetHulled): 250g (25%) | Bukit Barisan (Medium / WetHulled): 250g (25%) | total: 1000g,Best for Moka Pot
S-WIN-018,Winter,Seasonal Blend,Velvet Winter Blend,Flores Manggarai Dark Natural 50% | Papua Dogiyai Dark Natural 30% | Wanoja Kamojang Medium Wine 20%,Dark,"Menemani hari hujan dengan sempurna, blend comforting ini memadukan biji-biji terbaik dari Flores Manggarai dan Papua Dogiyai dan Wanoja Kamojang. Diproses dengan metode Wine & Natural, menghadirkan profil rasa espresso, licorice, tar yang kompleks namun harmonis. Sebuah perpaduan yang dirancang untuk memuaskan selera pecinta kopi sejati.",Bold,Flores Manggarai (Dark / Natural): 500g (50%) | Papua Dogiyai (Dark / Natural): 300g (30%) | Wanoja Kamojang (Medium / Wine): 200g (20%) | total: 1000g,Best for Espresso
S-WIN-019,Winter,Seasonal Blend,Amber Winter Journey,Papua Dogiyai Light Natural 60% | Lintong Onan Medium Natural 40%,Light,"Blend musim dingin yang menghangatkan jiwa, blend warming ini memadukan biji-biji terbaik dari Papua Dogiyai dan Lintong Onan. Diproses dengan metode Natural, menghadirkan profil rasa dried fig, dark chocolate, watermelon yang kompleks namun harmonis. Sebuah perpaduan yang dirancang untuk memuaskan selera pecinta kopi sejati.",Tea-like,Papua Dogiyai (Light / Natural): 600g (60%) | Lintong Onan (Medium / Natural): 400g (40%) | total: 1000g,Best for V60
S-WIN-020,Winter,Seasonal Blend,Twilight Winter Spring,Java Ciwidey Medium Anaerobic 45% | Dampit Malang Light Wine 55%,Light,"Cocok dinikmati di malam dingin, blend spiced ini memadukan biji-biji terbaik dari Java Ciwidey dan Dampit Malang. Diproses dengan metode Wine & Anaerobic, menghadirkan profil rasa plum, blackcurrant, fermented fruit yang kompleks namun harmonis. Sebuah perpaduan yang dirancang untuk memuaskan selera pecinta kopi sejati.",Silky,Java Ciwidey (Medium / Anaerobic): 450g (45%) | Dampit Malang (Light / Wine): 550g (55%) | total: 1000g,Cocok untuk AeroPress
S-WIN-021,Winter,Seasonal Blend,Dawn Winter Legacy,Mandheling Dark Wine 50% | Toraja Kalosi Light SemiWashed 30% | Wanoja Kamojang Light SemiWashed 20%,Medium,"Cocok dinikmati di malam dingin, blend dark ini memadukan biji-biji terbaik dari Mandheling dan Toraja Kalosi dan Wanoja Kamojang. Diproses dengan metode SemiWashed & Wine, menghadirkan profil rasa light caramel, papaya, oolong tea yang kompleks namun harmonis. Sebuah perpaduan yang dirancang untuk memuaskan selera pecinta kopi sejati.",Round,Mandheling (Dark / Wine): 500g (50%) | Toraja Kalosi (Light / SemiWashed): 300g (30%) | Wanoja Kamojang (Light / SemiWashed): 200g (20%) | total: 1000g,Cocok untuk French Press & Espresso
S-WIN-022,Winter,Seasonal Blend,Serenity Winter Series,Aceh Gayo Light SemiWashed 40% | Flores Bajawa Dark WetHulled 60%,Medium,"Blend musim dingin yang menghangatkan jiwa, blend comforting ini memadukan biji-biji terbaik dari Aceh Gayo dan Flores Bajawa. Diproses dengan metode SemiWashed & WetHulled, menghadirkan profil rasa peat, oolong tea, bark yang kompleks namun harmonis. Sebuah perpaduan yang dirancang untuk memuaskan selera pecinta kopi sejati.",Balanced,Aceh Gayo (Light / SemiWashed): 400g (40%) | Flores Bajawa (Dark / WetHulled): 600g (60%) | total: 1000g,Best for Moka Pot
S-WIN-023,Winter,Seasonal Blend,Heritage Winter Peak,Sembalun Rinjani Dark Anaerobic 45% | Papua Dogiyai Medium Washed 55%,Medium,"Rasa tebal dan mengenyangkan, blend intense ini memadukan biji-biji terbaik dari Sembalun Rinjani dan Papua Dogiyai. Diproses dengan metode Washed & Anaerobic, menghadirkan profil rasa milk chocolate, black cherry, brown sugar yang kompleks namun harmonis. Sebuah perpaduan yang dirancang untuk memuaskan selera pecinta kopi sejati.",Smooth,Sembalun Rinjani (Dark / Anaerobic): 450g (45%) | Papua Dogiyai (Medium / Washed): 550g (55%) | total: 1000g,Cocok untuk French Press & Espresso
S-WIN-024,Winter,Seasonal Blend,Serenity Winter Peak,Dampit Malang Medium SemiWashed 55% | Bali Kintamani Medium Washed 30% | Bali Kintamani Dark Washed 15%,Medium,"Menemani hari hujan dengan sempurna, blend warming ini memadukan biji-biji terbaik dari Dampit Malang dan Bali Kintamani dan Bali Kintamani. Diproses dengan metode SemiWashed & Washed, menghadirkan profil rasa bitter chocolate, molasses, milk caramel yang kompleks namun harmonis. Sebuah perpaduan yang dirancang untuk memuaskan selera pecinta kopi sejati.",Smooth,Dampit Malang (Medium / SemiWashed): 550g (55%) | Bali Kintamani (Medium / Washed): 300g (30%) | Bali Kintamani (Dark / Washed): 150g (15%) | total: 1000g,Versatile for Espresso & Filter
S-WIN-025,Winter,Seasonal Blend,Horizon Winter Fusion,Gunung Halu Medium SemiWashed 70% | Bukit Barisan Light Natural 30%,Medium,"Menemani hari hujan dengan sempurna, blend comforting ini memadukan biji-biji terbaik dari Gunung Halu dan Bukit Barisan. Diproses dengan metode SemiWashed & Natural, menghadirkan profil rasa milk caramel, tropical fruit, roasted nut yang kompleks namun harmonis. Sebuah perpaduan yang dirancang untuk memuaskan selera pecinta kopi sejati.",Smooth,Gunung Halu (Medium / SemiWashed): 700g (70%) | Bukit Barisan (Light / Natural): 300g (30%) | total: 1000g,Cocok untuk French Press & Espresso
S-WIN-026,Winter,Seasonal Blend,Amber Winter Story,Flores Bajawa Dark SemiWashed 45% | Flores Manggarai Light WetHulled 55%,Medium,"Blend musim dingin yang menghangatkan jiwa, blend dark ini memadukan biji-biji terbaik dari Flores Bajawa dan Flores Manggarai. Diproses dengan metode SemiWashed & WetHulled, menghadirkan profil rasa green pepper, intense spice, cedar yang kompleks namun harmonis. Sebuah perpaduan yang dirancang untuk memuaskan selera pecinta kopi sejati.",Round,Flores Bajawa (Dark / SemiWashed): 450g (45%) | Flores Manggarai (Light / WetHulled): 550g (55%) | total: 1000g,Cocok untuk French Press & Espresso
S-WIN-027,Winter,Seasonal Blend,Equator Winter Peak,Java Manglayang Medium Honey 45% | Flores Manggarai Light Natural 35% | Papua Wamena Light WetHulled 20%,Light,"Blend musim dingin yang menghangatkan jiwa, blend spiced ini memadukan biji-biji terbaik dari Java Manglayang dan Flores Manggarai dan Papua Wamena. Diproses dengan metode Honey & WetHulled, menghadirkan profil rasa honey, lime, blueberry yang kompleks namun harmonis. Sebuah perpaduan yang dirancang untuk memuaskan selera pecinta kopi sejati.",Tea-like,Java Manglayang (Medium / Honey): 450g (45%) | Flores Manggarai (Light / Natural): 350g (35%) | Papua Wamena (Light / WetHulled): 200g (20%) | total: 1000g,Cocok untuk AeroPress
S-WIN-028,Winter,Seasonal Blend,Twilight Winter Origin,Lintong Onan Light Wine 60% | Dampit Malang Medium WetHulled 25% | Gunung Halu Dark Natural 15%,Light,"Rasa tebal dan mengenyangkan, blend dark ini memadukan biji-biji terbaik dari Lintong Onan dan Dampit Malang dan Gunung Halu. Diproses dengan metode Wine & WetHulled, menghadirkan profil rasa tar, mushroom, woody yang kompleks namun harmonis. Sebuah perpaduan yang dirancang untuk memuaskan selera pecinta kopi sejati.",Light Body,Lintong Onan (Light / Wine): 600g (60%) | Dampit Malang (Medium / WetHulled): 250g (25%) | Gunung Halu (Dark / Natural): 150g (15%) | total: 1000g,Best for V60
S-WIN-029,Winter,Seasonal Blend,Primal Winter Signature,Lampung Robusta Premium Dark Washed 50% | Mandheling Light Washed 25% | Toraja Sapan Light Wine 25%,Medium,"Menemani hari hujan dengan sempurna, blend intense ini memadukan biji-biji terbaik dari Lampung Robusta Premium dan Mandheling dan Toraja Sapan. Diproses dengan metode Washed & Wine, menghadirkan profil rasa grape must, bitter chocolate, smoky caramel yang kompleks namun harmonis. Sebuah perpaduan yang dirancang untuk memuaskan selera pecinta kopi sejati.",Velvety,Lampung Robusta Premium (Dark / Washed): 500g (50%) | Mandheling (Light / Washed): 250g (25%) | Toraja Sapan (Light / Wine): 250g (25%) | total: 1000g,Cocok untuk French Press & Espresso
S-WIN-030,Winter,Seasonal Blend,Ancient Winter Fusion,Mandheling Dark SemiWashed 60% | Semeru Light Anaerobic 40%,Medium,"Menemani hari hujan dengan sempurna, blend dark ini memadukan biji-biji terbaik dari Mandheling dan Semeru. Diproses dengan metode SemiWashed & Anaerobic, menghadirkan profil rasa passion fruit, walnut, cola yang kompleks namun harmonis. Sebuah perpaduan yang dirancang untuk memuaskan selera pecinta kopi sejati.",Balanced,Mandheling (Dark / SemiWashed): 600g (60%) | Semeru (Light / Anaerobic): 400g (40%) | total: 1000g,Best for Moka Pot
S-WIN-031,Winter,Seasonal Blend,Ritual Winter Ridge,Aceh Gayo Dark Wine 70% | Bukit Barisan Dark Washed 30%,Dark,"Cocok dinikmati di malam dingin, blend bold ini memadukan biji-biji terbaik dari Aceh Gayo dan Bukit Barisan. Diproses dengan metode Washed & Wine, menghadirkan profil rasa tobacco, dark roast, molasses yang kompleks namun harmonis. Sebuah perpaduan yang dirancang untuk memuaskan selera pecinta kopi sejati.",Heavy Body,Aceh Gayo (Dark / Wine): 700g (70%) | Bukit Barisan (Dark / Washed): 300g (30%) | total: 1000g,Ideal untuk Ristretto
S-WIN-032,Winter,Seasonal Blend,Midnight Winter Blend,Java Sindoro Dark Wine 45% | Sembalun Rinjani Light Natural 55%,Medium,"Cocok dinikmati di malam dingin, blend warming ini memadukan biji-biji terbaik dari Java Sindoro dan Sembalun Rinjani. Diproses dengan metode Wine & Natural, menghadirkan profil rasa blueberry, hibiscus, tropical fruit yang kompleks namun harmonis. Sebuah perpaduan yang dirancang untuk memuaskan selera pecinta kopi sejati.",Smooth,Java Sindoro (Dark / Wine): 450g (45%) | Sembalun Rinjani (Light / Natural): 550g (55%) | total: 1000g,Best for Moka Pot
S-WIN-033,Winter,Seasonal Blend,Bronze Winter Legacy,Java Temanggung Medium WetHulled 60% | Bengkulu Dark SemiWashed 40%,Medium,"Cocok dinikmati di malam dingin, blend spiced ini memadukan biji-biji terbaik dari Java Temanggung dan Bengkulu. Diproses dengan metode SemiWashed & WetHulled, menghadirkan profil rasa dark caramel, mushroom, spice yang kompleks namun harmonis. Sebuah perpaduan yang dirancang untuk memuaskan selera pecinta kopi sejati.",Medium Body,Java Temanggung (Medium / WetHulled): 600g (60%) | Bengkulu (Dark / SemiWashed): 400g (40%) | total: 1000g,Cocok untuk French Press & Espresso
S-WIN-034,Winter,Seasonal Blend,Sacred Winter Story,Aceh Gayo Dark Washed 60% | Mandheling Light Anaerobic 40%,Medium,"Rasa tebal dan mengenyangkan, blend warming ini memadukan biji-biji terbaik dari Aceh Gayo dan Mandheling. Diproses dengan metode Washed & Anaerobic, menghadirkan profil rasa passion fruit, bitter chocolate, smoky caramel yang kompleks namun harmonis. Sebuah perpaduan yang dirancang untuk memuaskan selera pecinta kopi sejati.",Smooth,Aceh Gayo (Dark / Washed): 600g (60%) | Mandheling (Light / Anaerobic): 400g (40%) | total: 1000g,Cocok untuk French Press & Espresso
S-WIN-035,Winter,Seasonal Blend,Midnight Winter Story,Temanggung Light WetHulled 50% | Java Garut Medium SemiWashed 25% | Sembalun Rinjani Medium Washed 25%,Light,"Rasa tebal dan mengenyangkan, blend spiced ini memadukan biji-biji terbaik dari Temanggung dan Java Garut dan Sembalun Rinjani. Diproses dengan metode SemiWashed & Washed, menghadirkan profil rasa lime, apricot jam, caramel yang kompleks namun harmonis. Sebuah perpaduan yang dirancang untuk memuaskan selera pecinta kopi sejati.",Clean,Temanggung (Light / WetHulled): 500g (50%) | Java Garut (Medium / SemiWashed): 250g (25%) | Sembalun Rinjani (Medium / Washed): 250g (25%) | total: 1000g,Best for V60
S-WIN-036,Winter,Seasonal Blend,Horizon Winter Select,Temanggung Dark Natural 60% | Java Manglayang Light Anaerobic 25% | Java Puntang Dark WetHulled 15%,Dark,"Rasa tebal dan mengenyangkan, blend comforting ini memadukan biji-biji terbaik dari Temanggung dan Java Manglayang dan Java Puntang. Diproses dengan metode WetHulled & Natural, menghadirkan profil rasa lychee, charcoal, tar yang kompleks namun harmonis. Sebuah perpaduan yang dirancang untuk memuaskan selera pecinta kopi sejati.",Bold,Temanggung (Dark / Natural): 600g (60%) | Java Manglayang (Light / Anaerobic): 250g (25%) | Java Puntang (Dark / WetHulled): 150g (15%) | total: 1000g,Best for Batch Brew
S-WIN-037,Winter,Seasonal Blend,Dawn Winter Select,Java Sindoro Dark Natural 50% | Flores Manggarai Medium Washed 50%,Dark,"Blend musim dingin yang menghangatkan jiwa, blend comforting ini memadukan biji-biji terbaik dari Java Sindoro dan Flores Manggarai. Diproses dengan metode Washed & Natural, menghadirkan profil rasa dark berry, caramel, espresso yang kompleks namun harmonis. Sebuah perpaduan yang dirancang untuk memuaskan selera pecinta kopi sejati.",Full Body,Java Sindoro (Dark / Natural): 500g (50%) | Flores Manggarai (Medium / Washed): 500g (50%) | total: 1000g,Best for Batch Brew
S-WIN-038,Winter,Seasonal Blend,Volcano Winter Crest,Arjuno Medium WetHulled 40% | Papua Dogiyai Medium WetHulled 60%,Medium,"Menemani hari hujan dengan sempurna, blend spiced ini memadukan biji-biji terbaik dari Arjuno dan Papua Dogiyai. Diproses dengan metode WetHulled, menghadirkan profil rasa earthy, woody, leather yang kompleks namun harmonis. Sebuah perpaduan yang dirancang untuk memuaskan selera pecinta kopi sejati.",Balanced,Arjuno (Medium / WetHulled): 400g (40%) | Papua Dogiyai (Medium / WetHulled): 600g (60%) | total: 1000g,Versatile for Espresso & Filter
S-WIN-039,Winter,Seasonal Blend,Celestial Winter Peak,Toraja Kalosi Medium Washed 50% | Bali Ulian Medium SemiWashed 50%,Medium,"Rasa tebal dan mengenyangkan, blend dark ini memadukan biji-biji terbaik dari Toraja Kalosi dan Bali Ulian. Diproses dengan metode SemiWashed & Washed, menghadirkan profil rasa vanilla, milk caramel, roasted nut yang kompleks namun harmonis. Sebuah perpaduan yang dirancang untuk memuaskan selera pecinta kopi sejati.",Velvety,Toraja Kalosi (Medium / Washed): 500g (50%) | Bali Ulian (Medium / SemiWashed): 500g (50%) | total: 1000g,Best for Moka Pot
S-WIN-040,Winter,Seasonal Blend,Amber Winter Origin,Sidikalang Light Washed 70% | Arjuno Medium Natural 30%,Light,"Cocok dinikmati di malam dingin, blend warming ini memadukan biji-biji terbaik dari Sidikalang dan Arjuno. Diproses dengan metode Washed & Natural, menghadirkan profil rasa dried fig, peach, prune yang kompleks namun harmonis. Sebuah perpaduan yang dirancang untuk memuaskan selera pecinta kopi sejati.",Silky,Sidikalang (Light / Washed): 700g (70%) | Arjuno (Medium / Natural): 300g (30%) | total: 1000g,Best for V60
S-WIN-041,Winter,Seasonal Blend,Mystic Winter Series,Toraja Sapan Light Natural 50% | Bukit Barisan Dark Washed 25% | Java Garut Dark Washed 25%,Medium,"Menemani hari hujan dengan sempurna, blend spiced ini memadukan biji-biji terbaik dari Toraja Sapan dan Bukit Barisan dan Java Garut. Diproses dengan metode Washed & Natural, menghadirkan profil rasa strawberry, blueberry, dark roast yang kompleks namun harmonis. Sebuah perpaduan yang dirancang untuk memuaskan selera pecinta kopi sejati.",Smooth,Toraja Sapan (Light / Natural): 500g (50%) | Bukit Barisan (Dark / Washed): 250g (25%) | Java Garut (Dark / Washed): 250g (25%) | total: 1000g,Cocok untuk French Press & Espresso
S-WIN-042,Winter,Seasonal Blend,Golden Winter Peak,Java Ijen Raung Dark SemiWashed 60% | Java Preanger Medium Wine 40%,Dark,"Rasa tebal dan mengenyangkan, blend bold ini memadukan biji-biji terbaik dari Java Ijen Raung dan Java Preanger. Diproses dengan metode SemiWashed & Wine, menghadirkan profil rasa balsamic, roasted grape, espresso yang kompleks namun harmonis. Sebuah perpaduan yang dirancang untuk memuaskan selera pecinta kopi sejati.",Full Body,Java Ijen Raung (Dark / SemiWashed): 600g (60%) | Java Preanger (Medium / Wine): 400g (40%) | total: 1000g,Ideal untuk Ristretto
S-WIN-043,Winter,Seasonal Blend,Ember Winter Series,Sembalun Rinjani Dark Wine 45% | Semeru Medium WetHulled 35% | Solok Radjo Light SemiWashed 20%,Medium,"Blend musim dingin yang menghangatkan jiwa, blend comforting ini memadukan biji-biji terbaik dari Sembalun Rinjani dan Semeru dan Solok Radjo. Diproses dengan metode SemiWashed & Wine, menghadirkan profil rasa tobacco, light caramel, oolong tea yang kompleks namun harmonis. Sebuah perpaduan yang dirancang untuk memuaskan selera pecinta kopi sejati.",Velvety,Sembalun Rinjani (Dark / Wine): 450g (45%) | Semeru (Medium / WetHulled): 350g (35%) | Solok Radjo (Light / SemiWashed): 200g (20%) | total: 1000g,Best for Moka Pot
S-WIN-044,Winter,Seasonal Blend,Celestial Winter Estate,Java Preanger Medium Anaerobic 45% | Toraja Kalosi Medium Natural 35% | Java Preanger Light Honey 20%,Medium,"Rasa tebal dan mengenyangkan, blend intense ini memadukan biji-biji terbaik dari Java Preanger dan Toraja Kalosi dan Java Preanger. Diproses dengan metode Honey & Natural, menghadirkan profil rasa tamarind, honeysuckle, cacao nib yang kompleks namun harmonis. Sebuah perpaduan yang dirancang untuk memuaskan selera pecinta kopi sejati.",Smooth,Java Preanger (Medium / Anaerobic): 450g (45%) | Toraja Kalosi (Medium / Natural): 350g (35%) | Java Preanger (Light / Honey): 200g (20%) | total: 1000g,Cocok untuk French Press & Espresso
S-WIN-045,Winter,Seasonal Blend,Bronze Winter Signature,Bukit Barisan Dark Washed 60% | Java Manglayang Dark Natural 40%,Dark,"Rasa tebal dan mengenyangkan, blend comforting ini memadukan biji-biji terbaik dari Bukit Barisan dan Java Manglayang. Diproses dengan metode Washed & Natural, menghadirkan profil rasa licorice, dark berry, smoky caramel yang kompleks namun harmonis. Sebuah perpaduan yang dirancang untuk memuaskan selera pecinta kopi sejati.",Full Body,Bukit Barisan (Dark / Washed): 600g (60%) | Java Manglayang (Dark / Natural): 400g (40%) | total: 1000g,Best for Batch Brew
S-WIN-046,Winter,Seasonal Blend,Serenity Winter Select,Lintong Onan Medium Washed 40% | Papua Wamena Medium Natural 60%,Medium,"Rasa tebal dan mengenyangkan, blend bold ini memadukan biji-biji terbaik dari Lintong Onan dan Papua Wamena. Diproses dengan metode Washed & Natural, menghadirkan profil rasa molasses, almond, prune yang kompleks namun harmonis. Sebuah perpaduan yang dirancang untuk memuaskan selera pecinta kopi sejati.",Velvety,Lintong Onan (Medium / Washed): 400g (40%) | Papua Wamena (Medium / Natural): 600g (60%) | total: 1000g,Versatile for Espresso & Filter
S-WIN-047,Winter,Seasonal Blend,Elysian Winter Signature,Sembalun Rinjani Light Anaerobic 45% | Java Preanger Light Natural 35% | Sembalun Rinjani Dark Wine 20%,Light,"Cocok dinikmati di malam dingin, blend intense ini memadukan biji-biji terbaik dari Sembalun Rinjani dan Java Preanger dan Sembalun Rinjani. Diproses dengan metode Wine & Natural, menghadirkan profil rasa lychee, watermelon, tropical fruit yang kompleks namun harmonis. Sebuah perpaduan yang dirancang untuk memuaskan selera pecinta kopi sejati.",Silky,Sembalun Rinjani (Light / Anaerobic): 450g (45%) | Java Preanger (Light / Natural): 350g (35%) | Sembalun Rinjani (Dark / Wine): 200g (20%) | total: 1000g,Pour Over Recommended
S-WIN-048,Winter,Seasonal Blend,Golden Winter Story,Bali Kintamani Medium Washed 40% | Dampit Malang Light Washed 60%,Light,"Menemani hari hujan dengan sempurna, blend dark ini memadukan biji-biji terbaik dari Bali Kintamani dan Dampit Malang. Diproses dengan metode Washed, menghadirkan profil rasa brown sugar, jasmine, hazelnut yang kompleks namun harmonis. Sebuah perpaduan yang dirancang untuk memuaskan selera pecinta kopi sejati.",Clean,Bali Kintamani (Medium / Washed): 400g (40%) | Dampit Malang (Light / Washed): 600g (60%) | total: 1000g,Ideal for Chemex
S-WIN-049,Winter,Seasonal Blend,Highland Winter Chapter,Java Manglayang Dark WetHulled 40% | Dampit Malang Light SemiWashed 35% | Mandheling Medium Anaerobic 25%,Medium,"Blend musim dingin yang menghangatkan jiwa, blend intense ini memadukan biji-biji terbaik dari Java Manglayang dan Dampit Malang dan Mandheling. Diproses dengan metode SemiWashed & WetHulled, menghadirkan profil rasa fermented fruit, bark, light caramel yang kompleks namun harmonis. Sebuah perpaduan yang dirancang untuk memuaskan selera pecinta kopi sejati.",Balanced,Java Manglayang (Dark / WetHulled): 400g (40%) | Dampit Malang (Light / SemiWashed): 350g (35%) | Mandheling (Medium / Anaerobic): 250g (25%) | total: 1000g,Cocok untuk French Press & Espresso
S-WIN-050,Winter,Seasonal Blend,Primal Winter Chapter,Temanggung Dark SemiWashed 65% | Kerinci Kayu Aro Dark SemiWashed 35%,Dark,"Rasa tebal dan mengenyangkan, blend comforting ini memadukan biji-biji terbaik dari Temanggung dan Kerinci Kayu Aro. Diproses dengan metode SemiWashed, menghadirkan profil rasa walnut, roasted grain, dark caramel yang kompleks namun harmonis. Sebuah perpaduan yang dirancang untuk memuaskan selera pecinta kopi sejati.",Thick,Temanggung (Dark / SemiWashed): 650g (65%) | Kerinci Kayu Aro (Dark / SemiWashed): 350g (35%) | total: 1000g,Ideal untuk Ristretto
S-WIN-051,Winter,Seasonal Blend,Equator Winter Chapter,Java Ciwidey Light Natural 50% | Bali Ulian Light SemiWashed 25% | Java Preanger Dark Wine 25%,Light,"Blend musim dingin yang menghangatkan jiwa, blend intense ini memadukan biji-biji terbaik dari Java Ciwidey dan Bali Ulian dan Java Preanger. Diproses dengan metode SemiWashed & Wine, menghadirkan profil rasa watermelon, oolong tea, tropical fruit yang kompleks namun harmonis. Sebuah perpaduan yang dirancang untuk memuaskan selera pecinta kopi sejati.",Silky,Java Ciwidey (Light / Natural): 500g (50%) | Bali Ulian (Light / SemiWashed): 250g (25%) | Java Preanger (Dark / Wine): 250g (25%) | total: 1000g,Pour Over Recommended
S-WIN-052,Winter,Seasonal Blend,Velvet Winter Reserve,Wanoja Kamojang Light Washed 40% | Toraja Kalosi Light Washed 35% | Sidikalang Medium Washed 25%,Light,"Blend musim dingin yang menghangatkan jiwa, blend bold ini memadukan biji-biji terbaik dari Wanoja Kamojang dan Toraja Kalosi dan Sidikalang. Diproses dengan metode Washed, menghadirkan profil rasa peach, jasmine, caramel yang kompleks namun harmonis. Sebuah perpaduan yang dirancang untuk memuaskan selera pecinta kopi sejati.",Light Body,Wanoja Kamojang (Light / Washed): 400g (40%) | Toraja Kalosi (Light / Washed): 350g (35%) | Sidikalang (Medium / Washed): 250g (25%) | total: 1000g,Cocok untuk AeroPress
S-WIN-053,Winter,Seasonal Blend,Horizon Winter Origin,Flores Bajawa Light Washed 45% | Gunung Halu Medium Honey 55%,Light,"Menemani hari hujan dengan sempurna, blend dark ini memadukan biji-biji terbaik dari Flores Bajawa dan Gunung Halu. Diproses dengan metode Washed & Honey, menghadirkan profil rasa maple syrup, green tea, toffee yang kompleks namun harmonis. Sebuah perpaduan yang dirancang untuk memuaskan selera pecinta kopi sejati.",Tea-like,Flores Bajawa (Light / Washed): 450g (45%) | Gunung Halu (Medium / Honey): 550g (55%) | total: 1000g,Cocok untuk AeroPress
S-WIN-054,Winter,Seasonal Blend,Bronze Winter Chapter,Wanoja Kamojang Medium Wine 55% | Dampit Malang Medium SemiWashed 30% | Sembalun Rinjani Medium Washed 15%,Medium,"Menemani hari hujan dengan sempurna, blend dark ini memadukan biji-biji terbaik dari Wanoja Kamojang dan Dampit Malang dan Sembalun Rinjani. Diproses dengan metode SemiWashed & Washed, menghadirkan profil rasa almond, caramel, port wine yang kompleks namun harmonis. Sebuah perpaduan yang dirancang untuk memuaskan selera pecinta kopi sejati.",Medium Body,Wanoja Kamojang (Medium / Wine): 550g (55%) | Dampit Malang (Medium / SemiWashed): 300g (30%) | Sembalun Rinjani (Medium / Washed): 150g (15%) | total: 1000g,Cocok untuk French Press & Espresso
S-WIN-055,Winter,Seasonal Blend,Copper Winter Peak,Sembalun Rinjani Dark Anaerobic 40% | Sembalun Rinjani Medium Anaerobic 60%,Medium,"Blend musim dingin yang menghangatkan jiwa, blend warming ini memadukan biji-biji terbaik dari Sembalun Rinjani dan Sembalun Rinjani. Diproses dengan metode Anaerobic, menghadirkan profil rasa fermented cocoa, smoke, tamarind yang kompleks namun harmonis. Sebuah perpaduan yang dirancang untuk memuaskan selera pecinta kopi sejati.",Smooth,Sembalun Rinjani (Dark / Anaerobic): 400g (40%) | Sembalun Rinjani (Medium / Anaerobic): 600g (60%) | total: 1000g,Cocok untuk French Press & Espresso
S-WIN-056,Winter,Seasonal Blend,Timeless Winter Journey,Arjuno Light WetHulled 65% | Dampit Malang Medium SemiWashed 35%,Light,"Menemani hari hujan dengan sempurna, blend warming ini memadukan biji-biji terbaik dari Arjuno dan Dampit Malang. Diproses dengan metode SemiWashed & WetHulled, menghadirkan profil rasa apricot jam, green pepper, milk caramel yang kompleks namun harmonis. Sebuah perpaduan yang dirancang untuk memuaskan selera pecinta kopi sejati.",Tea-like,Arjuno (Light / WetHulled): 650g (65%) | Dampit Malang (Medium / SemiWashed): 350g (35%) | total: 1000g,Cocok untuk AeroPress
S-WIN-057,Winter,Seasonal Blend,Archipelago Winter Valley,Java Garut Light Natural 45% | Java Preanger Light Washed 35% | Semeru Medium Washed 20%,Light,"Cocok dinikmati di malam dingin, blend dark ini memadukan biji-biji terbaik dari Java Garut dan Java Preanger dan Semeru. Diproses dengan metode Washed & Natural, menghadirkan profil rasa watermelon, almond, blueberry yang kompleks namun harmonis. Sebuah perpaduan yang dirancang untuk memuaskan selera pecinta kopi sejati.",Clean,Java Garut (Light / Natural): 450g (45%) | Java Preanger (Light / Washed): 350g (35%) | Semeru (Medium / Washed): 200g (20%) | total: 1000g,Cocok untuk AeroPress
S-WIN-058,Winter,Seasonal Blend,Volcano Winter Edition,Semeru Dark WetHulled 55% | Semeru Light Washed 30% | Sidikalang Light Honey 15%,Medium,"Cocok dinikmati di malam dingin, blend spiced ini memadukan biji-biji terbaik dari Semeru dan Semeru dan Sidikalang. Diproses dengan metode Washed & Honey, menghadirkan profil rasa jasmine, bark, intense earth yang kompleks namun harmonis. Sebuah perpaduan yang dirancang untuk memuaskan selera pecinta kopi sejati.",Medium Body,Semeru (Dark / WetHulled): 550g (55%) | Semeru (Light / Washed): 300g (30%) | Sidikalang (Light / Honey): 150g (15%) | total: 1000g,Best for Moka Pot
S-WIN-059,Winter,Seasonal Blend,Velvet Winter Journey,Papua Dogiyai Light Wine 45% | Toraja Kalosi Dark SemiWashed 55%,Medium,"Rasa tebal dan mengenyangkan, blend intense ini memadukan biji-biji terbaik dari Papua Dogiyai dan Toraja Kalosi. Diproses dengan metode SemiWashed & Wine, menghadirkan profil rasa blackcurrant, wine, intense spice yang kompleks namun harmonis. Sebuah perpaduan yang dirancang untuk memuaskan selera pecinta kopi sejati.",Medium Body,Papua Dogiyai (Light / Wine): 450g (45%) | Toraja Kalosi (Dark / SemiWashed): 550g (55%) | total: 1000g,Best for Moka Pot
S-WIN-060,Winter,Seasonal Blend,Summit Winter Series,Bukit Barisan Dark Honey 60% | Java Ciwidey Medium Honey 25% | Aceh Gayo Dark Washed 15%,Dark,"Cocok dinikmati di malam dingin, blend comforting ini memadukan biji-biji terbaik dari Bukit Barisan dan Java Ciwidey dan Aceh Gayo. Diproses dengan metode Washed & Honey, menghadirkan profil rasa smoky caramel, dried apricot, macadamia yang kompleks namun harmonis. Sebuah perpaduan yang dirancang untuk memuaskan selera pecinta kopi sejati.",Thick,Bukit Barisan (Dark / Honey): 600g (60%) | Java Ciwidey (Medium / Honey): 250g (25%) | Aceh Gayo (Dark / Washed): 150g (15%) | total: 1000g,Ideal untuk Ristretto
S-WIN-061,Winter,Seasonal Blend,Ancient Winter Edition,Java Garut Medium Honey 40% | Java Temanggung Medium Washed 35% | Aceh Gayo Medium Wine 25%,Medium,"Blend musim dingin yang menghangatkan jiwa, blend warming ini memadukan biji-biji terbaik dari Java Garut dan Java Temanggung dan Aceh Gayo. Diproses dengan metode Washed & Honey, menghadirkan profil rasa hazelnut, caramel, honey yang kompleks namun harmonis. Sebuah perpaduan yang dirancang untuk memuaskan selera pecinta kopi sejati.",Smooth,Java Garut (Medium / Honey): 400g (40%) | Java Temanggung (Medium / Washed): 350g (35%) | Aceh Gayo (Medium / Wine): 250g (25%) | total: 1000g,Versatile for Espresso & Filter
S-WIN-062,Winter,Seasonal Blend,Horizon Winter Story,Java Temanggung Medium WetHulled 40% | Bali Ulian Dark Anaerobic 35% | Java Sindoro Light WetHulled 25%,Medium,"Cocok dinikmati di malam dingin, blend dark ini memadukan biji-biji terbaik dari Java Temanggung dan Bali Ulian dan Java Sindoro. Diproses dengan metode WetHulled & Anaerobic, menghadirkan profil rasa herb, smoke, dark rum yang kompleks namun harmonis. Sebuah perpaduan yang dirancang untuk memuaskan selera pecinta kopi sejati.",Balanced,Java Temanggung (Medium / WetHulled): 400g (40%) | Bali Ulian (Dark / Anaerobic): 350g (35%) | Java Sindoro (Light / WetHulled): 250g (25%) | total: 1000g,Cocok untuk French Press & Espresso
S-WIN-063,Winter,Seasonal Blend,Dawn Winter Series,Bukit Barisan Dark Wine 65% | Aceh Gayo Medium Honey 35%,Dark,"Rasa tebal dan mengenyangkan, blend bold ini memadukan biji-biji terbaik dari Bukit Barisan dan Aceh Gayo. Diproses dengan metode Wine & Honey, menghadirkan profil rasa dried apricot, dark espresso, tobacco yang kompleks namun harmonis. Sebuah perpaduan yang dirancang untuk memuaskan selera pecinta kopi sejati.",Thick,Bukit Barisan (Dark / Wine): 650g (65%) | Aceh Gayo (Medium / Honey): 350g (35%) | total: 1000g,Best for Espresso
S-WIN-064,Winter,Seasonal Blend,Volcano Winter Series,Gunung Halu Light WetHulled 45% | Mandheling Dark SemiWashed 55%,Medium,"Menemani hari hujan dengan sempurna, blend dark ini memadukan biji-biji terbaik dari Gunung Halu dan Mandheling. Diproses dengan metode SemiWashed & WetHulled, menghadirkan profil rasa herb, dark caramel, cedar yang kompleks namun harmonis. Sebuah perpaduan yang dirancang untuk memuaskan selera pecinta kopi sejati.",Round,Gunung Halu (Light / WetHulled): 450g (45%) | Mandheling (Dark / SemiWashed): 550g (55%) | total: 1000g,Best for Moka Pot
S-WIN-065,Winter,Seasonal Blend,Equator Winter Journey,Toraja Sapan Medium SemiWashed 45% | Java Sindoro Medium Washed 35% | Bali Ulian Medium Honey 20%,Medium,"Blend musim dingin yang menghangatkan jiwa, blend warming ini memadukan biji-biji terbaik dari Toraja Sapan dan Java Sindoro dan Bali Ulian. Diproses dengan metode SemiWashed & Washed, menghadirkan profil rasa almond, honey, milk chocolate yang kompleks namun harmonis. Sebuah perpaduan yang dirancang untuk memuaskan selera pecinta kopi sejati.",Medium Body,Toraja Sapan (Medium / SemiWashed): 450g (45%) | Java Sindoro (Medium / Washed): 350g (35%) | Bali Ulian (Medium / Honey): 200g (20%) | total: 1000g,Cocok untuk French Press & Espresso
S-WIN-066,Winter,Seasonal Blend,Ritual Winter Series,Papua Dogiyai Medium Anaerobic 65% | Wanoja Kamojang Light Honey 35%,Light,"Menemani hari hujan dengan sempurna, blend warming ini memadukan biji-biji terbaik dari Papua Dogiyai dan Wanoja Kamojang. Diproses dengan metode Honey & Anaerobic, menghadirkan profil rasa apricot, cacao nib, nectarine yang kompleks namun harmonis. Sebuah perpaduan yang dirancang untuk memuaskan selera pecinta kopi sejati.",Clean,Papua Dogiyai (Medium / Anaerobic): 650g (65%) | Wanoja Kamojang (Light / Honey): 350g (35%) | total: 1000g,Pour Over Recommended
S-WIN-067,Winter,Seasonal Blend,Archipelago Winter Signature,Flores Bajawa Dark WetHulled 70% | Java Temanggung Light Honey 30%,Medium,"Blend musim dingin yang menghangatkan jiwa, blend spiced ini memadukan biji-biji terbaik dari Flores Bajawa dan Java Temanggung. Diproses dengan metode Honey & WetHulled, menghadirkan profil rasa honeysuckle, pear, dark tobacco yang kompleks namun harmonis. Sebuah perpaduan yang dirancang untuk memuaskan selera pecinta kopi sejati.",Balanced,Flores Bajawa (Dark / WetHulled): 700g (70%) | Java Temanggung (Light / Honey): 300g (30%) | total: 1000g,Best for Moka Pot
S-WIN-068,Winter,Seasonal Blend,Twilight Winter Journey,Dampit Malang Dark Wine 65% | Java Ijen Raung Medium Honey 35%,Dark,"Blend musim dingin yang menghangatkan jiwa, blend warming ini memadukan biji-biji terbaik dari Dampit Malang dan Java Ijen Raung. Diproses dengan metode Wine & Honey, menghadirkan profil rasa macadamia, smoked plum, dark espresso yang kompleks namun harmonis. Sebuah perpaduan yang dirancang untuk memuaskan selera pecinta kopi sejati.",Thick,Dampit Malang (Dark / Wine): 650g (65%) | Java Ijen Raung (Medium / Honey): 350g (35%) | total: 1000g,Cocok untuk Cold Brew
S-WIN-069,Winter,Seasonal Blend,Ancient Winter Story,Temanggung Medium Natural 60% | Java Ijen Raung Medium SemiWashed 40%,Medium,"Rasa tebal dan mengenyangkan, blend intense ini memadukan biji-biji terbaik dari Temanggung dan Java Ijen Raung. Diproses dengan metode SemiWashed & Natural, menghadirkan profil rasa milk caramel, molasses, dried fig yang kompleks namun harmonis. Sebuah perpaduan yang dirancang untuk memuaskan selera pecinta kopi sejati.",Velvety,Temanggung (Medium / Natural): 600g (60%) | Java Ijen Raung (Medium / SemiWashed): 400g (40%) | total: 1000g,Best for Moka Pot
S-WIN-070,Winter,Seasonal Blend,Nusantara Winter Ridge,Papua Wamena Light Washed 40% | Java Manglayang Dark Wine 60%,Medium,"Cocok dinikmati di malam dingin, blend bold ini memadukan biji-biji terbaik dari Papua Wamena dan Java Manglayang. Diproses dengan metode Washed & Wine, menghadirkan profil rasa citrus, tobacco, dark espresso yang kompleks namun harmonis. Sebuah perpaduan yang dirancang untuk memuaskan selera pecinta kopi sejati.",Velvety,Papua Wamena (Light / Washed): 400g (40%) | Java Manglayang (Dark / Wine): 600g (60%) | total: 1000g,Versatile for Espresso & Filter
S-WIN-071,Winter,Seasonal Blend,Harvest Winter Edition,Toraja Kalosi Light Natural 70% | Dampit Malang Dark SemiWashed 30%,Light,"Menemani hari hujan dengan sempurna, blend intense ini memadukan biji-biji terbaik dari Toraja Kalosi dan Dampit Malang. Diproses dengan metode SemiWashed & Natural, menghadirkan profil rasa walnut, strawberry, dark caramel yang kompleks namun harmonis. Sebuah perpaduan yang dirancang untuk memuaskan selera pecinta kopi sejati.",Delicate,Toraja Kalosi (Light / Natural): 700g (70%) | Dampit Malang (Dark / SemiWashed): 300g (30%) | total: 1000g,Cocok untuk AeroPress
S-WIN-072,Winter,Seasonal Blend,Elysian Winter Journey,Aceh Gayo Dark Washed 40% | Flores Bajawa Dark WetHulled 60%,Dark,"Cocok dinikmati di malam dingin, blend dark ini memadukan biji-biji terbaik dari Aceh Gayo dan Flores Bajawa. Diproses dengan metode Washed & WetHulled, menghadirkan profil rasa dark roast, intense earth, bark yang kompleks namun harmonis. Sebuah perpaduan yang dirancang untuk memuaskan selera pecinta kopi sejati.",Full Body,Aceh Gayo (Dark / Washed): 400g (40%) | Flores Bajawa (Dark / WetHulled): 600g (60%) | total: 1000g,Best for Espresso
S-WIN-073,Winter,Seasonal Blend,Golden Winter Spring,Java Preanger Light Anaerobic 55% | Sembalun Rinjani Dark Honey 30% | Bali Ulian Light Wine 15%,Light,"Cocok dinikmati di malam dingin, blend intense ini memadukan biji-biji terbaik dari Java Preanger dan Sembalun Rinjani dan Bali Ulian. Diproses dengan metode Honey & Wine, menghadirkan profil rasa plum, blackcurrant, smoked almond yang kompleks namun harmonis. Sebuah perpaduan yang dirancang untuk memuaskan selera pecinta kopi sejati.",Tea-like,Java Preanger (Light / Anaerobic): 550g (55%) | Sembalun Rinjani (Dark / Honey): 300g (30%) | Bali Ulian (Light / Wine): 150g (15%) | total: 1000g,Best for V60
S-WIN-074,Winter,Seasonal Blend,Harvest Winter Chapter,Kerinci Kayu Aro Medium Wine 55% | Java Temanggung Medium Washed 30% | Java Temanggung Dark Honey 15%,Medium,"Rasa tebal dan mengenyangkan, blend comforting ini memadukan biji-biji terbaik dari Kerinci Kayu Aro dan Java Temanggung dan Java Temanggung. Diproses dengan metode Washed & Wine, menghadirkan profil rasa smoked almond, port wine, milk chocolate yang kompleks namun harmonis. Sebuah perpaduan yang dirancang untuk memuaskan selera pecinta kopi sejati.",Velvety,Kerinci Kayu Aro (Medium / Wine): 550g (55%) | Java Temanggung (Medium / Washed): 300g (30%) | Java Temanggung (Dark / Honey): 150g (15%) | total: 1000g,Cocok untuk French Press & Espresso
S-WIN-075,Winter,Seasonal Blend,Nusantara Winter Blend,Sembalun Rinjani Medium Wine 40% | Temanggung Medium WetHulled 35% | Lampung Robusta Premium Light Honey 25%,Medium,"Cocok dinikmati di malam dingin, blend comforting ini memadukan biji-biji terbaik dari Sembalun Rinjani dan Temanggung dan Lampung Robusta Premium. Diproses dengan metode Wine & WetHulled, menghadirkan profil rasa tobacco, honeysuckle, pear yang kompleks namun harmonis. Sebuah perpaduan yang dirancang untuk memuaskan selera pecinta kopi sejati.",Balanced,Sembalun Rinjani (Medium / Wine): 400g (40%) | Temanggung (Medium / WetHulled): 350g (35%) | Lampung Robusta Premium (Light / Honey): 250g (25%) | total: 1000g,Versatile for Espresso & Filter
S-WIN-076,Winter,Seasonal Blend,Volcano Winter Spring,Java Manglayang Light WetHulled 50% | Sidikalang Medium WetHulled 25% | Dampit Malang Dark Washed 25%,Medium,"Menemani hari hujan dengan sempurna, blend bold ini memadukan biji-biji terbaik dari Java Manglayang dan Sidikalang dan Dampit Malang. Diproses dengan metode Washed & WetHulled, menghadirkan profil rasa tobacco leaf, mushroom, bitter chocolate yang kompleks namun harmonis. Sebuah perpaduan yang dirancang untuk memuaskan selera pecinta kopi sejati.",Medium Body,Java Manglayang (Light / WetHulled): 500g (50%) | Sidikalang (Medium / WetHulled): 250g (25%) | Dampit Malang (Dark / Washed): 250g (25%) | total: 1000g,Versatile for Espresso & Filter
S-WIN-077,Winter,Seasonal Blend,Equator Winter Spring,Flores Bajawa Dark Anaerobic 50% | Solok Radjo Dark Washed 25% | Kerinci Kayu Aro Dark Wine 25%,Dark,"Rasa tebal dan mengenyangkan, blend spiced ini memadukan biji-biji terbaik dari Flores Bajawa dan Solok Radjo dan Kerinci Kayu Aro. Diproses dengan metode Washed & Wine, menghadirkan profil rasa molasses, smoke, tobacco yang kompleks namun harmonis. Sebuah perpaduan yang dirancang untuk memuaskan selera pecinta kopi sejati.",Heavy Body,Flores Bajawa (Dark / Anaerobic): 500g (50%) | Solok Radjo (Dark / Washed): 250g (25%) | Kerinci Kayu Aro (Dark / Wine): 250g (25%) | total: 1000g,Cocok untuk Cold Brew
S-WIN-078,Winter,Seasonal Blend,Sacred Winter Journey,Java Garut Medium Anaerobic 50% | Gunung Halu Medium Natural 30% | Wanoja Kamojang Medium WetHulled 20%,Medium,"Blend musim dingin yang menghangatkan jiwa, blend bold ini memadukan biji-biji terbaik dari Java Garut dan Gunung Halu dan Wanoja Kamojang. Diproses dengan metode WetHulled & Natural, menghadirkan profil rasa molasses, spice, fermented fruit yang kompleks namun harmonis. Sebuah perpaduan yang dirancang untuk memuaskan selera pecinta kopi sejati.",Round,Java Garut (Medium / Anaerobic): 500g (50%) | Gunung Halu (Medium / Natural): 300g (30%) | Wanoja Kamojang (Medium / WetHulled): 200g (20%) | total: 1000g,Best for Moka Pot
S-WIN-079,Winter,Seasonal Blend,Whisper Winter Select,Toraja Kalosi Light Wine 70% | Java Sindoro Light SemiWashed 30%,Light,"Cocok dinikmati di malam dingin, blend comforting ini memadukan biji-biji terbaik dari Toraja Kalosi dan Java Sindoro. Diproses dengan metode SemiWashed & Wine, menghadirkan profil rasa dark cherry, papaya, plum yang kompleks namun harmonis. Sebuah perpaduan yang dirancang untuk memuaskan selera pecinta kopi sejati.",Clean,Toraja Kalosi (Light / Wine): 700g (70%) | Java Sindoro (Light / SemiWashed): 300g (30%) | total: 1000g,Cocok untuk AeroPress
S-WIN-080,Winter,Seasonal Blend,Golden Winter Select,Sembalun Rinjani Dark Honey 45% | Bali Ulian Medium Anaerobic 35% | Java Garut Dark Honey 20%,Dark,"Blend musim dingin yang menghangatkan jiwa, blend dark ini memadukan biji-biji terbaik dari Sembalun Rinjani dan Bali Ulian dan Java Garut. Diproses dengan metode Honey & Anaerobic, menghadirkan profil rasa cacao nib, fermented fruit, tropical punch yang kompleks namun harmonis. Sebuah perpaduan yang dirancang untuk memuaskan selera pecinta kopi sejati.",Bold,Sembalun Rinjani (Dark / Honey): 450g (45%) | Bali Ulian (Medium / Anaerobic): 350g (35%) | Java Garut (Dark / Honey): 200g (20%) | total: 1000g,Ideal untuk Ristretto
S-WIN-081,Winter,Seasonal Blend,Bronze Winter Valley,Java Ijen Raung Medium Natural 55% | Flores Bajawa Dark Wine 45%,Medium,"Rasa tebal dan mengenyangkan, blend spiced ini memadukan biji-biji terbaik dari Java Ijen Raung dan Flores Bajawa. Diproses dengan metode Wine & Natural, menghadirkan profil rasa aged wine, dried fig, dark chocolate yang kompleks namun harmonis. Sebuah perpaduan yang dirancang untuk memuaskan selera pecinta kopi sejati.",Medium Body,Java Ijen Raung (Medium / Natural): 550g (55%) | Flores Bajawa (Dark / Wine): 450g (45%) | total: 1000g,Cocok untuk French Press & Espresso
S-WIN-082,Winter,Seasonal Blend,Nusantara Winter Fusion,Kerinci Kayu Aro Light SemiWashed 50% | Bali Ulian Light Honey 30% | Bukit Barisan Medium Anaerobic 20%,Light,"Blend musim dingin yang menghangatkan jiwa, blend warming ini memadukan biji-biji terbaik dari Kerinci Kayu Aro dan Bali Ulian dan Bukit Barisan. Diproses dengan metode SemiWashed & Honey, menghadirkan profil rasa tropical punch, honeysuckle, fermented fruit yang kompleks namun harmonis. Sebuah perpaduan yang dirancang untuk memuaskan selera pecinta kopi sejati.",Clean,Kerinci Kayu Aro (Light / SemiWashed): 500g (50%) | Bali Ulian (Light / Honey): 300g (30%) | Bukit Barisan (Medium / Anaerobic): 200g (20%) | total: 1000g,Pour Over Recommended
S-WIN-083,Winter,Seasonal Blend,Velvet Winter Collection,Aceh Gayo Dark WetHulled 40% | Papua Wamena Light Wine 35% | Java Temanggung Light Anaerobic 25%,Medium,"Blend musim dingin yang menghangatkan jiwa, blend warming ini memadukan biji-biji terbaik dari Aceh Gayo dan Papua Wamena dan Java Temanggung. Diproses dengan metode Wine & WetHulled, menghadirkan profil rasa blackcurrant, dark cherry, intense earth yang kompleks namun harmonis. Sebuah perpaduan yang dirancang untuk memuaskan selera pecinta kopi sejati.",Medium Body,Aceh Gayo (Dark / WetHulled): 400g (40%) | Papua Wamena (Light / Wine): 350g (35%) | Java Temanggung (Light / Anaerobic): 250g (25%) | total: 1000g,Versatile for Espresso & Filter
S-WIN-084,Winter,Seasonal Blend,Copper Winter Chapter,Bukit Barisan Medium SemiWashed 50% | Solok Radjo Light WetHulled 30% | Flores Manggarai Dark Honey 20%,Medium,"Cocok dinikmati di malam dingin, blend comforting ini memadukan biji-biji terbaik dari Bukit Barisan dan Solok Radjo dan Flores Manggarai. Diproses dengan metode SemiWashed & Honey, menghadirkan profil rasa tobacco leaf, roasted nut, lime yang kompleks namun harmonis. Sebuah perpaduan yang dirancang untuk memuaskan selera pecinta kopi sejati.",Round,Bukit Barisan (Medium / SemiWashed): 500g (50%) | Solok Radjo (Light / WetHulled): 300g (30%) | Flores Manggarai (Dark / Honey): 200g (20%) | total: 1000g,Cocok untuk French Press & Espresso
S-WIN-085,Winter,Seasonal Blend,Ritual Winter Valley,Gunung Halu Light Washed 50% | Sembalun Rinjani Dark SemiWashed 30% | Flores Manggarai Light Wine 20%,Light,"Blend musim dingin yang menghangatkan jiwa, blend bold ini memadukan biji-biji terbaik dari Gunung Halu dan Sembalun Rinjani dan Flores Manggarai. Diproses dengan metode SemiWashed & Washed, menghadirkan profil rasa dark cherry, blackcurrant, walnut yang kompleks namun harmonis. Sebuah perpaduan yang dirancang untuk memuaskan selera pecinta kopi sejati.",Light Body,Gunung Halu (Light / Washed): 500g (50%) | Sembalun Rinjani (Dark / SemiWashed): 300g (30%) | Flores Manggarai (Light / Wine): 200g (20%) | total: 1000g,Cocok untuk AeroPress
S-WIN-086,Winter,Seasonal Blend,Copper Winter Story,Lampung Robusta Premium Dark Honey 70% | Flores Bajawa Dark Washed 30%,Dark,"Menemani hari hujan dengan sempurna, blend warming ini memadukan biji-biji terbaik dari Lampung Robusta Premium dan Flores Bajawa. Diproses dengan metode Washed & Honey, menghadirkan profil rasa bitter chocolate, molasses, dark sugar yang kompleks namun harmonis. Sebuah perpaduan yang dirancang untuk memuaskan selera pecinta kopi sejati.",Thick,Lampung Robusta Premium (Dark / Honey): 700g (70%) | Flores Bajawa (Dark / Washed): 300g (30%) | total: 1000g,Best for Espresso
S-WIN-087,Winter,Seasonal Blend,Heritage Winter Blend,Bali Ulian Medium Natural 60% | Java Ciwidey Light Natural 25% | Sembalun Rinjani Light Natural 15%,Light,"Blend musim dingin yang menghangatkan jiwa, blend spiced ini memadukan biji-biji terbaik dari Bali Ulian dan Java Ciwidey dan Sembalun Rinjani. Diproses dengan metode Natural, menghadirkan profil rasa berry jam, blueberry, strawberry yang kompleks namun harmonis. Sebuah perpaduan yang dirancang untuk memuaskan selera pecinta kopi sejati.",Light Body,Bali Ulian (Medium / Natural): 600g (60%) | Java Ciwidey (Light / Natural): 250g (25%) | Sembalun Rinjani (Light / Natural): 150g (15%) | total: 1000g,Best for V60
S-WIN-088,Winter,Seasonal Blend,Highland Winter Peak,Flores Bajawa Light Natural 45% | Lintong Onan Light Washed 35% | Flores Bajawa Light Wine 20%,Light,"Cocok dinikmati di malam dingin, blend bold ini memadukan biji-biji terbaik dari Flores Bajawa dan Lintong Onan dan Flores Bajawa. Diproses dengan metode Washed & Wine, menghadirkan profil rasa blackcurrant, bergamot, grape must yang kompleks namun harmonis. Sebuah perpaduan yang dirancang untuk memuaskan selera pecinta kopi sejati.",Silky,Flores Bajawa (Light / Natural): 450g (45%) | Lintong Onan (Light / Washed): 350g (35%) | Flores Bajawa (Light / Wine): 200g (20%) | total: 1000g,Cocok untuk AeroPress
S-WIN-089,Winter,Seasonal Blend,Ritual Winter Craft,Lampung Robusta Premium Light Wine 55% | Bali Kintamani Medium WetHulled 30% | Java Garut Medium Anaerobic 15%,Light,"Cocok dinikmati di malam dingin, blend warming ini memadukan biji-biji terbaik dari Lampung Robusta Premium dan Bali Kintamani dan Java Garut. Diproses dengan metode Wine & WetHulled, menghadirkan profil rasa tamarind, blackcurrant, leather yang kompleks namun harmonis. Sebuah perpaduan yang dirancang untuk memuaskan selera pecinta kopi sejati.",Tea-like,Lampung Robusta Premium (Light / Wine): 550g (55%) | Bali Kintamani (Medium / WetHulled): 300g (30%) | Java Garut (Medium / Anaerobic): 150g (15%) | total: 1000g,Pour Over Recommended
S-WIN-090,Winter,Seasonal Blend,Ritual Winter Blend,Mandheling Dark WetHulled 70% | Java Ijen Raung Light Washed 30%,Medium,"Cocok dinikmati di malam dingin, blend intense ini memadukan biji-biji terbaik dari Mandheling dan Java Ijen Raung. Diproses dengan metode Washed & WetHulled, menghadirkan profil rasa lemon zest, clove, dark tobacco yang kompleks namun harmonis. Sebuah perpaduan yang dirancang untuk memuaskan selera pecinta kopi sejati.",Velvety,Mandheling (Dark / WetHulled): 700g (70%) | Java Ijen Raung (Light / Washed): 300g (30%) | total: 1000g,Versatile for Espresso & Filter
S-WIN-091,Winter,Seasonal Blend,Summit Winter Legacy,Mandheling Dark Anaerobic 40% | Bengkulu Medium Natural 35% | Temanggung Medium SemiWashed 25%,Medium,"Rasa tebal dan mengenyangkan, blend warming ini memadukan biji-biji terbaik dari Mandheling dan Bengkulu dan Temanggung. Diproses dengan metode SemiWashed & Natural, menghadirkan profil rasa berry jam, roasted nut, apricot jam yang kompleks namun harmonis. Sebuah perpaduan yang dirancang untuk memuaskan selera pecinta kopi sejati.",Balanced,Mandheling (Dark / Anaerobic): 400g (40%) | Bengkulu (Medium / Natural): 350g (35%) | Temanggung (Medium / SemiWashed): 250g (25%) | total: 1000g,Versatile for Espresso & Filter
S-WIN-092,Winter,Seasonal Blend,Amber Winter Blend,Lintong Onan Medium Honey 45% | Bali Ulian Medium Washed 55%,Medium,"Menemani hari hujan dengan sempurna, blend bold ini memadukan biji-biji terbaik dari Lintong Onan dan Bali Ulian. Diproses dengan metode Washed & Honey, menghadirkan profil rasa maple syrup, macadamia, milk chocolate yang kompleks namun harmonis. Sebuah perpaduan yang dirancang untuk memuaskan selera pecinta kopi sejati.",Round,Lintong Onan (Medium / Honey): 450g (45%) | Bali Ulian (Medium / Washed): 550g (55%) | total: 1000g,Versatile for Espresso & Filter
S-WIN-093,Winter,Seasonal Blend,Sunrise Winter Spring,Java Ijen Raung Medium Washed 40% | Java Preanger Light Honey 35% | Java Temanggung Dark WetHulled 25%,Medium,"Rasa tebal dan mengenyangkan, blend dark ini memadukan biji-biji terbaik dari Java Ijen Raung dan Java Preanger dan Java Temanggung. Diproses dengan metode Washed & Honey, menghadirkan profil rasa intense earth, brown sugar, dark tobacco yang kompleks namun harmonis. Sebuah perpaduan yang dirancang untuk memuaskan selera pecinta kopi sejati.",Medium Body,Java Ijen Raung (Medium / Washed): 400g (40%) | Java Preanger (Light / Honey): 350g (35%) | Java Temanggung (Dark / WetHulled): 250g (25%) | total: 1000g,Cocok untuk French Press & Espresso
S-WIN-094,Winter,Seasonal Blend,Silk Winter Ridge,Bali Ulian Medium WetHulled 50% | Papua Wamena Medium Anaerobic 25% | Bengkulu Dark SemiWashed 25%,Medium,"Blend musim dingin yang menghangatkan jiwa, blend bold ini memadukan biji-biji terbaik dari Bali Ulian dan Papua Wamena dan Bengkulu. Diproses dengan metode SemiWashed & WetHulled, menghadirkan profil rasa roasted grain, woody, tamarind yang kompleks namun harmonis. Sebuah perpaduan yang dirancang untuk memuaskan selera pecinta kopi sejati.",Balanced,Bali Ulian (Medium / WetHulled): 500g (50%) | Papua Wamena (Medium / Anaerobic): 250g (25%) | Bengkulu (Dark / SemiWashed): 250g (25%) | total: 1000g,Best for Moka Pot
S-WIN-095,Winter,Seasonal Blend,Copper Winter Origin,Papua Wamena Light Anaerobic 45% | Java Garut Medium Anaerobic 55%,Light,"Cocok dinikmati di malam dingin, blend bold ini memadukan biji-biji terbaik dari Papua Wamena dan Java Garut. Diproses dengan metode Anaerobic, menghadirkan profil rasa raspberry, rum raisin, passion fruit yang kompleks namun harmonis. Sebuah perpaduan yang dirancang untuk memuaskan selera pecinta kopi sejati.",Light Body,Papua Wamena (Light / Anaerobic): 450g (45%) | Java Garut (Medium / Anaerobic): 550g (55%) | total: 1000g,Best for V60
S-WIN-096,Winter,Seasonal Blend,Heritage Winter Story,Arjuno Dark Honey 60% | Semeru Dark Anaerobic 25% | Temanggung Medium WetHulled 15%,Dark,"Cocok dinikmati di malam dingin, blend warming ini memadukan biji-biji terbaik dari Arjuno dan Semeru dan Temanggung. Diproses dengan metode Honey & WetHulled, menghadirkan profil rasa spice, earthy, woody yang kompleks namun harmonis. Sebuah perpaduan yang dirancang untuk memuaskan selera pecinta kopi sejati.",Heavy Body,Arjuno (Dark / Honey): 600g (60%) | Semeru (Dark / Anaerobic): 250g (25%) | Temanggung (Medium / WetHulled): 150g (15%) | total: 1000g,Best for Batch Brew
S-WIN-097,Winter,Seasonal Blend,Volcano Winter Valley,Dampit Malang Light SemiWashed 50% | Solok Radjo Light Wine 50%,Light,"Menemani hari hujan dengan sempurna, blend warming ini memadukan biji-biji terbaik dari Dampit Malang dan Solok Radjo. Diproses dengan metode SemiWashed & Wine, menghadirkan profil rasa papaya, mandarin, oolong tea yang kompleks namun harmonis. Sebuah perpaduan yang dirancang untuk memuaskan selera pecinta kopi sejati.",Delicate,Dampit Malang (Light / SemiWashed): 500g (50%) | Solok Radjo (Light / Wine): 500g (50%) | total: 1000g,Best for V60
S-WIN-098,Winter,Seasonal Blend,Horizon Winter Reserve,Sidikalang Light WetHulled 55% | Sembalun Rinjani Light Washed 45%,Light,"Rasa tebal dan mengenyangkan, blend intense ini memadukan biji-biji terbaik dari Sidikalang dan Sembalun Rinjani. Diproses dengan metode Washed & WetHulled, menghadirkan profil rasa herb, bergamot, peach yang kompleks namun harmonis. Sebuah perpaduan yang dirancang untuk memuaskan selera pecinta kopi sejati.",Light Body,Sidikalang (Light / WetHulled): 550g (55%) | Sembalun Rinjani (Light / Washed): 450g (45%) | total: 1000g,Pour Over Recommended
S-WIN-099,Winter,Seasonal Blend,Primal Winter Blend,Toraja Kalosi Dark Wine 50% | Arjuno Light Wine 30% | Java Temanggung Dark SemiWashed 20%,Medium,"Blend musim dingin yang menghangatkan jiwa, blend bold ini memadukan biji-biji terbaik dari Toraja Kalosi dan Arjuno dan Java Temanggung. Diproses dengan metode SemiWashed & Wine, menghadirkan profil rasa dark espresso, tobacco, dark cherry yang kompleks namun harmonis. Sebuah perpaduan yang dirancang untuk memuaskan selera pecinta kopi sejati.",Velvety,Toraja Kalosi (Dark / Wine): 500g (50%) | Arjuno (Light / Wine): 300g (30%) | Java Temanggung (Dark / SemiWashed): 200g (20%) | total: 1000g,Best for Moka Pot
S-WIN-100,Winter,Seasonal Blend,Copper Winter Legacy,Papua Dogiyai Medium Anaerobic 50% | Kerinci Kayu Aro Dark Wine 50%,Dark,"Cocok dinikmati di malam dingin, blend warming ini memadukan biji-biji terbaik dari Papua Dogiyai dan Kerinci Kayu Aro. Diproses dengan metode Wine & Anaerobic, menghadirkan profil rasa dark espresso, tropical punch, cacao nib yang kompleks namun harmonis. Sebuah perpaduan yang dirancang untuk memuaskan selera pecinta kopi sejati.",Syrupy,Papua Dogiyai (Medium / Anaerobic): 500g (50%) | Kerinci Kayu Aro (Dark / Wine): 500g (50%) | total: 1000g,Best for Espresso
S-WIN-101,Winter,Seasonal Blend,Amber Winter Chapter,Java Sindoro Medium Washed 50% | Papua Dogiyai Dark SemiWashed 50%,Dark,"Rasa tebal dan mengenyangkan, blend warming ini memadukan biji-biji terbaik dari Java Sindoro dan Papua Dogiyai. Diproses dengan metode SemiWashed & Washed, menghadirkan profil rasa hazelnut, intense spice, roasted grain yang kompleks namun harmonis. Sebuah perpaduan yang dirancang untuk memuaskan selera pecinta kopi sejati.",Syrupy,Java Sindoro (Medium / Washed): 500g (50%) | Papua Dogiyai (Dark / SemiWashed): 500g (50%) | total: 1000g,Ideal untuk Ristretto
S-WIN-102,Winter,Seasonal Blend,Ritual Winter Spring,Bukit Barisan Medium Anaerobic 45% | Temanggung Medium Washed 55%,Medium,"Rasa tebal dan mengenyangkan, blend intense ini memadukan biji-biji terbaik dari Bukit Barisan dan Temanggung. Diproses dengan metode Washed & Anaerobic, menghadirkan profil rasa fermented fruit, tropical punch, hazelnut yang kompleks namun harmonis. Sebuah perpaduan yang dirancang untuk memuaskan selera pecinta kopi sejati.",Medium Body,Bukit Barisan (Medium / Anaerobic): 450g (45%) | Temanggung (Medium / Washed): 550g (55%) | total: 1000g,Best for Moka Pot
S-WIN-103,Winter,Seasonal Blend,Nusantara Winter Origin,Lampung Robusta Premium Medium SemiWashed 45% | Java Temanggung Light Natural 35% | Java Garut Medium Honey 20%,Light,"Menemani hari hujan dengan sempurna, blend bold ini memadukan biji-biji terbaik dari Lampung Robusta Premium dan Java Temanggung dan Java Garut. Diproses dengan metode SemiWashed & Honey, menghadirkan profil rasa tropical fruit, roasted nut, watermelon yang kompleks namun harmonis. Sebuah perpaduan yang dirancang untuk memuaskan selera pecinta kopi sejati.",Light Body,Lampung Robusta Premium (Medium / SemiWashed): 450g (45%) | Java Temanggung (Light / Natural): 350g (35%) | Java Garut (Medium / Honey): 200g (20%) | total: 1000g,Pour Over Recommended
S-WIN-104,Winter,Seasonal Blend,Elysian Winter Edition,Gunung Halu Medium Anaerobic 65% | Toraja Sapan Dark Honey 35%,Medium,"Menemani hari hujan dengan sempurna, blend intense ini memadukan biji-biji terbaik dari Gunung Halu dan Toraja Sapan. Diproses dengan metode Honey & Anaerobic, menghadirkan profil rasa tropical punch, fermented fruit, cacao nib yang kompleks namun harmonis. Sebuah perpaduan yang dirancang untuk memuaskan selera pecinta kopi sejati.",Round,Gunung Halu (Medium / Anaerobic): 650g (65%) | Toraja Sapan (Dark / Honey): 350g (35%) | total: 1000g,Best for Moka Pot
S-WIN-105,Winter,Seasonal Blend,Midnight Winter Peak,Gunung Halu Medium Natural 40% | Solok Radjo Dark Honey 35% | Aceh Gayo Light Anaerobic 25%,Medium,"Rasa tebal dan mengenyangkan, blend spiced ini memadukan biji-biji terbaik dari Gunung Halu dan Solok Radjo dan Aceh Gayo. Diproses dengan metode Honey & Natural, menghadirkan profil rasa dark chocolate, cola, passion fruit yang kompleks namun harmonis. Sebuah perpaduan yang dirancang untuk memuaskan selera pecinta kopi sejati.",Smooth,Gunung Halu (Medium / Natural): 400g (40%) | Solok Radjo (Dark / Honey): 350g (35%) | Aceh Gayo (Light / Anaerobic): 250g (25%) | total: 1000g,Best for Moka Pot
S-WIN-106,Winter,Seasonal Blend,Elysian Winter Collection,Java Garut Dark Natural 40% | Sembalun Rinjani Medium Washed 60%,Medium,"Rasa tebal dan mengenyangkan, blend comforting ini memadukan biji-biji terbaik dari Java Garut dan Sembalun Rinjani. Diproses dengan metode Washed & Natural, menghadirkan profil rasa caramel, licorice, dark berry yang kompleks namun harmonis. Sebuah perpaduan yang dirancang untuk memuaskan selera pecinta kopi sejati.",Balanced,Java Garut (Dark / Natural): 400g (40%) | Sembalun Rinjani (Medium / Washed): 600g (60%) | total: 1000g,Best for Moka Pot
S-WIN-107,Winter,Seasonal Blend,Nusantara Winter Series,Toraja Kalosi Light Wine 40% | Solok Radjo Dark Natural 35% | Toraja Kalosi Dark WetHulled 25%,Medium,"Blend musim dingin yang menghangatkan jiwa, blend comforting ini memadukan biji-biji terbaik dari Toraja Kalosi dan Solok Radjo dan Toraja Kalosi. Diproses dengan metode Wine & WetHulled, menghadirkan profil rasa tar, espresso, peat yang kompleks namun harmonis. Sebuah perpaduan yang dirancang untuk memuaskan selera pecinta kopi sejati.",Velvety,Toraja Kalosi (Light / Wine): 400g (40%) | Solok Radjo (Dark / Natural): 350g (35%) | Toraja Kalosi (Dark / WetHulled): 250g (25%) | total: 1000g,Best for Moka Pot
S-WIN-108,Winter,Seasonal Blend,Sacred Winter Estate,Dampit Malang Dark SemiWashed 60% | Wanoja Kamojang Medium WetHulled 40%,Dark,"Menemani hari hujan dengan sempurna, blend intense ini memadukan biji-biji terbaik dari Dampit Malang dan Wanoja Kamojang. Diproses dengan metode SemiWashed & WetHulled, menghadirkan profil rasa roasted grain, leather, earthy yang kompleks namun harmonis. Sebuah perpaduan yang dirancang untuk memuaskan selera pecinta kopi sejati.",Heavy Body,Dampit Malang (Dark / SemiWashed): 600g (60%) | Wanoja Kamojang (Medium / WetHulled): 400g (40%) | total: 1000g,Best for Espresso
S-WIN-109,Winter,Seasonal Blend,Sacred Winter Select,Java Manglayang Medium Washed 50% | Toraja Sapan Light Anaerobic 30% | Java Manglayang Light Honey 20%,Light,"Rasa tebal dan mengenyangkan, blend warming ini memadukan biji-biji terbaik dari Java Manglayang dan Toraja Sapan dan Java Manglayang. Diproses dengan metode Washed & Honey, menghadirkan profil rasa passion fruit, milk chocolate, hazelnut yang kompleks namun harmonis. Sebuah perpaduan yang dirancang untuk memuaskan selera pecinta kopi sejati.",Clean,Java Manglayang (Medium / Washed): 500g (50%) | Toraja Sapan (Light / Anaerobic): 300g (30%) | Java Manglayang (Light / Honey): 200g (20%) | total: 1000g,Pour Over Recommended
S-WIN-110,Winter,Seasonal Blend,Amber Winter Peak,Flores Bajawa Dark Wine 45% | Wanoja Kamojang Dark Honey 55%,Dark,"Menemani hari hujan dengan sempurna, blend warming ini memadukan biji-biji terbaik dari Flores Bajawa dan Wanoja Kamojang. Diproses dengan metode Wine & Honey, menghadirkan profil rasa smoked plum, burnt caramel, smoked almond yang kompleks namun harmonis. Sebuah perpaduan yang dirancang untuk memuaskan selera pecinta kopi sejati.",Syrupy,Flores Bajawa (Dark / Wine): 450g (45%) | Wanoja Kamojang (Dark / Honey): 550g (55%) | total: 1000g,Best for Batch Brew
S-WIN-111,Winter,Seasonal Blend,Midnight Winter Valley,Kerinci Kayu Aro Dark Honey 45% | Temanggung Dark Wine 35% | Toraja Sapan Light WetHulled 20%,Dark,"Blend musim dingin yang menghangatkan jiwa, blend intense ini memadukan biji-biji terbaik dari Kerinci Kayu Aro dan Temanggung dan Toraja Sapan. Diproses dengan metode WetHulled & Honey, menghadirkan profil rasa aged wine, dark espresso, herb yang kompleks namun harmonis. Sebuah perpaduan yang dirancang untuk memuaskan selera pecinta kopi sejati.",Full Body,Kerinci Kayu Aro (Dark / Honey): 450g (45%) | Temanggung (Dark / Wine): 350g (35%) | Toraja Sapan (Light / WetHulled): 200g (20%) | total: 1000g,Best for Espresso
S-WIN-112,Winter,Seasonal Blend,Sacred Winter Peak,Java Ciwidey Medium Washed 40% | Java Ijen Raung Light Washed 60%,Light,"Menemani hari hujan dengan sempurna, blend warming ini memadukan biji-biji terbaik dari Java Ciwidey dan Java Ijen Raung. Diproses dengan metode Washed, menghadirkan profil rasa jasmine, brown sugar, citrus yang kompleks namun harmonis. Sebuah perpaduan yang dirancang untuk memuaskan selera pecinta kopi sejati.",Silky,Java Ciwidey (Medium / Washed): 400g (40%) | Java Ijen Raung (Light / Washed): 600g (60%) | total: 1000g,Ideal for Chemex
S-WIN-113,Winter,Seasonal Blend,Nusantara Winter Select,Bali Ulian Medium SemiWashed 45% | Bukit Barisan Medium Washed 35% | Aceh Gayo Light WetHulled 20%,Medium,"Menemani hari hujan dengan sempurna, blend intense ini memadukan biji-biji terbaik dari Bali Ulian dan Bukit Barisan dan Aceh Gayo. Diproses dengan metode SemiWashed & Washed, menghadirkan profil rasa green pepper, hazelnut, milk caramel yang kompleks namun harmonis. Sebuah perpaduan yang dirancang untuk memuaskan selera pecinta kopi sejati.",Round,Bali Ulian (Medium / SemiWashed): 450g (45%) | Bukit Barisan (Medium / Washed): 350g (35%) | Aceh Gayo (Light / WetHulled): 200g (20%) | total: 1000g,Cocok untuk French Press & Espresso
S-WIN-114,Winter,Seasonal Blend,Amber Winter Estate,Temanggung Dark Wine 55% | Kerinci Kayu Aro Light Anaerobic 45%,Medium,"Menemani hari hujan dengan sempurna, blend intense ini memadukan biji-biji terbaik dari Temanggung dan Kerinci Kayu Aro. Diproses dengan metode Wine & Anaerobic, menghadirkan profil rasa raspberry, cola, dark espresso yang kompleks namun harmonis. Sebuah perpaduan yang dirancang untuk memuaskan selera pecinta kopi sejati.",Velvety,Temanggung (Dark / Wine): 550g (55%) | Kerinci Kayu Aro (Light / Anaerobic): 450g (45%) | total: 1000g,Best for Moka Pot
S-WIN-115,Winter,Seasonal Blend,Nusantara Winter Peak,Sidikalang Medium Natural 55% | Papua Dogiyai Medium WetHulled 30% | Dampit Malang Medium Washed 15%,Medium,"Menemani hari hujan dengan sempurna, blend warming ini memadukan biji-biji terbaik dari Sidikalang dan Papua Dogiyai dan Dampit Malang. Diproses dengan metode Washed & WetHulled, menghadirkan profil rasa earthy, woody, hazelnut yang kompleks namun harmonis. Sebuah perpaduan yang dirancang untuk memuaskan selera pecinta kopi sejati.",Velvety,Sidikalang (Medium / Natural): 550g (55%) | Papua Dogiyai (Medium / WetHulled): 300g (30%) | Dampit Malang (Medium / Washed): 150g (15%) | total: 1000g,Cocok untuk French Press & Espresso
S-WIN-116,Winter,Seasonal Blend,Primal Winter Ridge,Bengkulu Dark Wine 45% | Toraja Sapan Dark Wine 35% | Aceh Gayo Medium WetHulled 20%,Dark,"Cocok dinikmati di malam dingin, blend spiced ini memadukan biji-biji terbaik dari Bengkulu dan Toraja Sapan dan Aceh Gayo. Diproses dengan metode Wine & WetHulled, menghadirkan profil rasa mushroom, woody, tobacco yang kompleks namun harmonis. Sebuah perpaduan yang dirancang untuk memuaskan selera pecinta kopi sejati.",Heavy Body,Bengkulu (Dark / Wine): 450g (45%) | Toraja Sapan (Dark / Wine): 350g (35%) | Aceh Gayo (Medium / WetHulled): 200g (20%) | total: 1000g,Best for Batch Brew
S-WIN-117,Winter,Seasonal Blend,Mystic Winter Reserve,Papua Wamena Dark Washed 45% | Flores Manggarai Medium SemiWashed 35% | Solok Radjo Light Wine 20%,Medium,"Menemani hari hujan dengan sempurna, blend bold ini memadukan biji-biji terbaik dari Papua Wamena dan Flores Manggarai dan Solok Radjo. Diproses dengan metode SemiWashed & Washed, menghadirkan profil rasa grape must, roasted nut, wine yang kompleks namun harmonis. Sebuah perpaduan yang dirancang untuk memuaskan selera pecinta kopi sejati.",Smooth,Papua Wamena (Dark / Washed): 450g (45%) | Flores Manggarai (Medium / SemiWashed): 350g (35%) | Solok Radjo (Light / Wine): 200g (20%) | total: 1000g,Versatile for Espresso & Filter
S-WIN-118,Winter,Seasonal Blend,Celestial Winter Legacy,Bali Kintamani Dark WetHulled 60% | Java Garut Light SemiWashed 25% | Aceh Gayo Light Anaerobic 15%,Medium,"Menemani hari hujan dengan sempurna, blend spiced ini memadukan biji-biji terbaik dari Bali Kintamani dan Java Garut dan Aceh Gayo. Diproses dengan metode SemiWashed & WetHulled, menghadirkan profil rasa lychee, intense earth, mandarin yang kompleks namun harmonis. Sebuah perpaduan yang dirancang untuk memuaskan selera pecinta kopi sejati.",Balanced,Bali Kintamani (Dark / WetHulled): 600g (60%) | Java Garut (Light / SemiWashed): 250g (25%) | Aceh Gayo (Light / Anaerobic): 150g (15%) | total: 1000g,Versatile for Espresso & Filter
S-WIN-119,Winter,Seasonal Blend,Amber Winter Craft,Kerinci Kayu Aro Dark Anaerobic 40% | Papua Wamena Dark WetHulled 35% | Toraja Sapan Light SemiWashed 25%,Dark,"Rasa tebal dan mengenyangkan, blend dark ini memadukan biji-biji terbaik dari Kerinci Kayu Aro dan Papua Wamena dan Toraja Sapan. Diproses dengan metode SemiWashed & WetHulled, menghadirkan profil rasa clove, smoke, bark yang kompleks namun harmonis. Sebuah perpaduan yang dirancang untuk memuaskan selera pecinta kopi sejati.",Full Body,Kerinci Kayu Aro (Dark / Anaerobic): 400g (40%) | Papua Wamena (Dark / WetHulled): 350g (35%) | Toraja Sapan (Light / SemiWashed): 250g (25%) | total: 1000g,Ideal untuk Ristretto
S-WIN-120,Winter,Seasonal Blend,Whisper Winter Edition,Java Manglayang Medium Wine 55% | Toraja Kalosi Light WetHulled 45%,Light,"Menemani hari hujan dengan sempurna, blend spiced ini memadukan biji-biji terbaik dari Java Manglayang dan Toraja Kalosi. Diproses dengan metode Wine & WetHulled, menghadirkan profil rasa roasted grape, tobacco leaf, port wine yang kompleks namun harmonis. Sebuah perpaduan yang dirancang untuk memuaskan selera pecinta kopi sejati.",Delicate,Java Manglayang (Medium / Wine): 550g (55%) | Toraja Kalosi (Light / WetHulled): 450g (45%) | total: 1000g,Ideal for Chemex
S-WIN-121,Winter,Seasonal Blend,Primal Winter Select,Lintong Onan Dark Natural 70% | Bali Kintamani Light Wine 30%,Medium,"Rasa tebal dan mengenyangkan, blend warming ini memadukan biji-biji terbaik dari Lintong Onan dan Bali Kintamani. Diproses dengan metode Wine & Natural, menghadirkan profil rasa grape must, plum, licorice yang kompleks namun harmonis. Sebuah perpaduan yang dirancang untuk memuaskan selera pecinta kopi sejati.",Smooth,Lintong Onan (Dark / Natural): 700g (70%) | Bali Kintamani (Light / Wine): 300g (30%) | total: 1000g,Best for Moka Pot
S-WIN-122,Winter,Seasonal Blend,Ember Winter Select,Java Sindoro Medium WetHulled 45% | Toraja Kalosi Medium Natural 55%,Medium,"Blend musim dingin yang menghangatkan jiwa, blend spiced ini memadukan biji-biji terbaik dari Java Sindoro dan Toraja Kalosi. Diproses dengan metode WetHulled & Natural, menghadirkan profil rasa earthy, dark chocolate, mushroom yang kompleks namun harmonis. Sebuah perpaduan yang dirancang untuk memuaskan selera pecinta kopi sejati.",Balanced,Java Sindoro (Medium / WetHulled): 450g (45%) | Toraja Kalosi (Medium / Natural): 550g (55%) | total: 1000g,Best for Moka Pot
S-WIN-123,Winter,Seasonal Blend,Heritage Winter Edition,Java Preanger Medium WetHulled 55% | Dampit Malang Light WetHulled 30% | Flores Manggarai Light Natural 15%,Light,"Blend musim dingin yang menghangatkan jiwa, blend warming ini memadukan biji-biji terbaik dari Java Preanger dan Dampit Malang dan Flores Manggarai. Diproses dengan metode WetHulled & Natural, menghadirkan profil rasa blueberry, spice, tobacco leaf yang kompleks namun harmonis. Sebuah perpaduan yang dirancang untuk memuaskan selera pecinta kopi sejati.",Tea-like,Java Preanger (Medium / WetHulled): 550g (55%) | Dampit Malang (Light / WetHulled): 300g (30%) | Flores Manggarai (Light / Natural): 150g (15%) | total: 1000g,Pour Over Recommended
S-WIN-124,Winter,Seasonal Blend,Harvest Winter Select,Java Ijen Raung Dark Wine 55% | Java Preanger Dark Natural 30% | Papua Wamena Dark Natural 15%,Dark,"Cocok dinikmati di malam dingin, blend bold ini memadukan biji-biji terbaik dari Java Ijen Raung dan Java Preanger dan Papua Wamena. Diproses dengan metode Wine & Natural, menghadirkan profil rasa aged wine, smoked plum, tar yang kompleks namun harmonis. Sebuah perpaduan yang dirancang untuk memuaskan selera pecinta kopi sejati.",Heavy Body,Java Ijen Raung (Dark / Wine): 550g (55%) | Java Preanger (Dark / Natural): 300g (30%) | Papua Wamena (Dark / Natural): 150g (15%) | total: 1000g,Best for Espresso
S-WIN-125,Winter,Seasonal Blend,Archipelago Winter Reserve,Toraja Sapan Medium Honey 60% | Dampit Malang Dark SemiWashed 25% | Lampung Robusta Premium Medium WetHulled 15%,Medium,"Rasa tebal dan mengenyangkan, blend bold ini memadukan biji-biji terbaik dari Toraja Sapan dan Dampit Malang dan Lampung Robusta Premium. Diproses dengan metode SemiWashed & Honey, menghadirkan profil rasa dark caramel, mushroom, woody yang kompleks namun harmonis. Sebuah perpaduan yang dirancang untuk memuaskan selera pecinta kopi sejati.",Round,Toraja Sapan (Medium / Honey): 600g (60%) | Dampit Malang (Dark / SemiWashed): 250g (25%) | Lampung Robusta Premium (Medium / WetHulled): 150g (15%) | total: 1000g,Versatile for Espresso & Filter
S-WIN-126,Winter,Seasonal Blend,Copper Winter Blend,Java Garut Medium Anaerobic 50% | Toraja Kalosi Dark Honey 30% | Bukit Barisan Dark Wine 20%,Dark,"Rasa tebal dan mengenyangkan, blend bold ini memadukan biji-biji terbaik dari Java Garut dan Toraja Kalosi dan Bukit Barisan. Diproses dengan metode Honey & Wine, menghadirkan profil rasa smoked plum, tamarind, tobacco yang kompleks namun harmonis. Sebuah perpaduan yang dirancang untuk memuaskan selera pecinta kopi sejati.",Full Body,Java Garut (Medium / Anaerobic): 500g (50%) | Toraja Kalosi (Dark / Honey): 300g (30%) | Bukit Barisan (Dark / Wine): 200g (20%) | total: 1000g,Cocok untuk Cold Brew
S-WIN-127,Winter,Seasonal Blend,Bronze Winter Journey,Bali Ulian Medium Anaerobic 55% | Java Ijen Raung Dark Washed 30% | Java Ijen Raung Light Anaerobic 15%,Medium,"Cocok dinikmati di malam dingin, blend intense ini memadukan biji-biji terbaik dari Bali Ulian dan Java Ijen Raung dan Java Ijen Raung. Diproses dengan metode Washed & Anaerobic, menghadirkan profil rasa molasses, cacao nib, passion fruit yang kompleks namun harmonis. Sebuah perpaduan yang dirancang untuk memuaskan selera pecinta kopi sejati.",Balanced,Bali Ulian (Medium / Anaerobic): 550g (55%) | Java Ijen Raung (Dark / Washed): 300g (30%) | Java Ijen Raung (Light / Anaerobic): 150g (15%) | total: 1000g,Versatile for Espresso & Filter
S-WIN-128,Winter,Seasonal Blend,Archipelago Winter Crest,Java Ijen Raung Dark Honey 50% | Gunung Halu Medium SemiWashed 50%,Dark,"Menemani hari hujan dengan sempurna, blend comforting ini memadukan biji-biji terbaik dari Java Ijen Raung dan Gunung Halu. Diproses dengan metode SemiWashed & Honey, menghadirkan profil rasa milk caramel, toffee, dark sugar yang kompleks namun harmonis. Sebuah perpaduan yang dirancang untuk memuaskan selera pecinta kopi sejati.",Syrupy,Java Ijen Raung (Dark / Honey): 500g (50%) | Gunung Halu (Medium / SemiWashed): 500g (50%) | total: 1000g,Best for Batch Brew
S-WIN-129,Winter,Seasonal Blend,Dawn Winter Ridge,Lampung Robusta Premium Light Honey 60% | Java Puntang Dark Anaerobic 25% | Papua Dogiyai Dark Wine 15%,Medium,"Blend musim dingin yang menghangatkan jiwa, blend intense ini memadukan biji-biji terbaik dari Lampung Robusta Premium dan Java Puntang dan Papua Dogiyai. Diproses dengan metode Honey & Wine, menghadirkan profil rasa honeysuckle, floral, pear yang kompleks namun harmonis. Sebuah perpaduan yang dirancang untuk memuaskan selera pecinta kopi sejati.",Medium Body,Lampung Robusta Premium (Light / Honey): 600g (60%) | Java Puntang (Dark / Anaerobic): 250g (25%) | Papua Dogiyai (Dark / Wine): 150g (15%) | total: 1000g,Cocok untuk French Press & Espresso
S-WIN-130,Winter,Seasonal Blend,Amber Winter Ridge,Mandheling Dark Natural 55% | Temanggung Dark Anaerobic 30% | Java Temanggung Light Wine 15%,Dark,"Cocok dinikmati di malam dingin, blend spiced ini memadukan biji-biji terbaik dari Mandheling dan Temanggung dan Java Temanggung. Diproses dengan metode Wine & Natural, menghadirkan profil rasa tar, fermented cocoa, dark berry yang kompleks namun harmonis. Sebuah perpaduan yang dirancang untuk memuaskan selera pecinta kopi sejati.",Heavy Body,Mandheling (Dark / Natural): 550g (55%) | Temanggung (Dark / Anaerobic): 300g (30%) | Java Temanggung (Light / Wine): 150g (15%) | total: 1000g,Ideal untuk Ristretto
S-WIN-131,Winter,Seasonal Blend,Equator Winter Signature,Lampung Robusta Premium Dark Anaerobic 65% | Java Puntang Light Washed 35%,Medium,"Rasa tebal dan mengenyangkan, blend intense ini memadukan biji-biji terbaik dari Lampung Robusta Premium dan Java Puntang. Diproses dengan metode Washed & Anaerobic, menghadirkan profil rasa citrus, fermented cocoa, smoke yang kompleks namun harmonis. Sebuah perpaduan yang dirancang untuk memuaskan selera pecinta kopi sejati.",Velvety,Lampung Robusta Premium (Dark / Anaerobic): 650g (65%) | Java Puntang (Light / Washed): 350g (35%) | total: 1000g,Cocok untuk French Press & Espresso
S-WIN-132,Winter,Seasonal Blend,Serenity Winter Fusion,Flores Bajawa Medium Washed 40% | Java Temanggung Dark WetHulled 35% | Toraja Sapan Light Anaerobic 25%,Medium,"Menemani hari hujan dengan sempurna, blend spiced ini memadukan biji-biji terbaik dari Flores Bajawa dan Java Temanggung dan Toraja Sapan. Diproses dengan metode Washed & WetHulled, menghadirkan profil rasa passion fruit, dark tobacco, caramel yang kompleks namun harmonis. Sebuah perpaduan yang dirancang untuk memuaskan selera pecinta kopi sejati.",Smooth,Flores Bajawa (Medium / Washed): 400g (40%) | Java Temanggung (Dark / WetHulled): 350g (35%) | Toraja Sapan (Light / Anaerobic): 250g (25%) | total: 1000g,Best for Moka Pot
S-WIN-133,Winter,Seasonal Blend,Mystic Winter Legacy,Gunung Halu Medium Honey 45% | Mandheling Light Honey 55%,Light,"Rasa tebal dan mengenyangkan, blend bold ini memadukan biji-biji terbaik dari Gunung Halu dan Mandheling. Diproses dengan metode Honey, menghadirkan profil rasa floral, toffee, apricot yang kompleks namun harmonis. Sebuah perpaduan yang dirancang untuk memuaskan selera pecinta kopi sejati.",Tea-like,Gunung Halu (Medium / Honey): 450g (45%) | Mandheling (Light / Honey): 550g (55%) | total: 1000g,Ideal for Chemex
S-WIN-134,Winter,Seasonal Blend,Mystic Winter Crest,Mandheling Light Natural 70% | Wanoja Kamojang Dark SemiWashed 30%,Light,"Blend musim dingin yang menghangatkan jiwa, blend warming ini memadukan biji-biji terbaik dari Mandheling dan Wanoja Kamojang. Diproses dengan metode SemiWashed & Natural, menghadirkan profil rasa blueberry, walnut, watermelon yang kompleks namun harmonis. Sebuah perpaduan yang dirancang untuk memuaskan selera pecinta kopi sejati.",Delicate,Mandheling (Light / Natural): 700g (70%) | Wanoja Kamojang (Dark / SemiWashed): 300g (30%) | total: 1000g,Pour Over Recommended
S-WIN-135,Winter,Seasonal Blend,Primal Winter Story,Sembalun Rinjani Dark SemiWashed 50% | Lampung Robusta Premium Light Anaerobic 25% | Java Puntang Light Wine 25%,Medium,"Rasa tebal dan mengenyangkan, blend spiced ini memadukan biji-biji terbaik dari Sembalun Rinjani dan Lampung Robusta Premium dan Java Puntang. Diproses dengan metode SemiWashed & Wine, menghadirkan profil rasa plum, cola, walnut yang kompleks namun harmonis. Sebuah perpaduan yang dirancang untuk memuaskan selera pecinta kopi sejati.",Smooth,Sembalun Rinjani (Dark / SemiWashed): 500g (50%) | Lampung Robusta Premium (Light / Anaerobic): 250g (25%) | Java Puntang (Light / Wine): 250g (25%) | total: 1000g,Cocok untuk French Press & Espresso
S-WIN-136,Winter,Seasonal Blend,Mystic Winter Chapter,Lintong Onan Light Wine 45% | Java Preanger Dark Natural 55%,Medium,"Rasa tebal dan mengenyangkan, blend intense ini memadukan biji-biji terbaik dari Lintong Onan dan Java Preanger. Diproses dengan metode Wine & Natural, menghadirkan profil rasa dark cherry, espresso, wine yang kompleks namun harmonis. Sebuah perpaduan yang dirancang untuk memuaskan selera pecinta kopi sejati.",Round,Lintong Onan (Light / Wine): 450g (45%) | Java Preanger (Dark / Natural): 550g (55%) | total: 1000g,Cocok untuk French Press & Espresso
S-WIN-137,Winter,Seasonal Blend,Celestial Winter Fusion,Toraja Sapan Medium Anaerobic 40% | Papua Wamena Light Washed 35% | Java Ciwidey Light Natural 25%,Light,"Rasa tebal dan mengenyangkan, blend bold ini memadukan biji-biji terbaik dari Toraja Sapan dan Papua Wamena dan Java Ciwidey. Diproses dengan metode Washed & Natural, menghadirkan profil rasa lemon zest, fermented fruit, citrus yang kompleks namun harmonis. Sebuah perpaduan yang dirancang untuk memuaskan selera pecinta kopi sejati.",Silky,Toraja Sapan (Medium / Anaerobic): 400g (40%) | Papua Wamena (Light / Washed): 350g (35%) | Java Ciwidey (Light / Natural): 250g (25%) | total: 1000g,Best for V60
S-WIN-138,Winter,Seasonal Blend,Ritual Winter Reserve,Papua Wamena Medium Natural 65% | Java Manglayang Medium Anaerobic 35%,Medium,"Cocok dinikmati di malam dingin, blend spiced ini memadukan biji-biji terbaik dari Papua Wamena dan Java Manglayang. Diproses dengan metode Natural & Anaerobic, menghadirkan profil rasa berry jam, dark chocolate, fermented fruit yang kompleks namun harmonis. Sebuah perpaduan yang dirancang untuk memuaskan selera pecinta kopi sejati.",Velvety,Papua Wamena (Medium / Natural): 650g (65%) | Java Manglayang (Medium / Anaerobic): 350g (35%) | total: 1000g,Best for Moka Pot
S-WIN-139,Winter,Seasonal Blend,Timeless Winter Collection,Toraja Sapan Medium SemiWashed 40% | Bali Kintamani Light SemiWashed 35% | Dampit Malang Dark Anaerobic 25%,Medium,"Cocok dinikmati di malam dingin, blend comforting ini memadukan biji-biji terbaik dari Toraja Sapan dan Bali Kintamani dan Dampit Malang. Diproses dengan metode SemiWashed & Anaerobic, menghadirkan profil rasa fermented cocoa, vanilla, light caramel yang kompleks namun harmonis. Sebuah perpaduan yang dirancang untuk memuaskan selera pecinta kopi sejati.",Balanced,Toraja Sapan (Medium / SemiWashed): 400g (40%) | Bali Kintamani (Light / SemiWashed): 350g (35%) | Dampit Malang (Dark / Anaerobic): 250g (25%) | total: 1000g,Versatile for Espresso & Filter
S-WIN-140,Winter,Seasonal Blend,Amber Winter Fusion,Java Sindoro Light WetHulled 40% | Temanggung Medium Honey 60%,Light,"Menemani hari hujan dengan sempurna, blend comforting ini memadukan biji-biji terbaik dari Java Sindoro dan Temanggung. Diproses dengan metode Honey & WetHulled, menghadirkan profil rasa toffee, herb, honey yang kompleks namun harmonis. Sebuah perpaduan yang dirancang untuk memuaskan selera pecinta kopi sejati.",Tea-like,Java Sindoro (Light / WetHulled): 400g (40%) | Temanggung (Medium / Honey): 600g (60%) | total: 1000g,Pour Over Recommended
S-WIN-141,Winter,Seasonal Blend,Celestial Winter Series,Bukit Barisan Light Wine 55% | Solok Radjo Dark Honey 45%,Medium,"Menemani hari hujan dengan sempurna, blend spiced ini memadukan biji-biji terbaik dari Bukit Barisan dan Solok Radjo. Diproses dengan metode Wine & Honey, menghadirkan profil rasa dark cherry, smoked almond, grape must yang kompleks namun harmonis. Sebuah perpaduan yang dirancang untuk memuaskan selera pecinta kopi sejati.",Round,Bukit Barisan (Light / Wine): 550g (55%) | Solok Radjo (Dark / Honey): 450g (45%) | total: 1000g,Best for Moka Pot
S-WIN-142,Winter,Seasonal Blend,Bronze Winter Story,Bali Kintamani Dark Washed 65% | Semeru Light Natural 35%,Medium,"Menemani hari hujan dengan sempurna, blend comforting ini memadukan biji-biji terbaik dari Bali Kintamani dan Semeru. Diproses dengan metode Washed & Natural, menghadirkan profil rasa smoky caramel, dark roast, bitter chocolate yang kompleks namun harmonis. Sebuah perpaduan yang dirancang untuk memuaskan selera pecinta kopi sejati.",Round,Bali Kintamani (Dark / Washed): 650g (65%) | Semeru (Light / Natural): 350g (35%) | total: 1000g,Cocok untuk French Press & Espresso
S-WIN-143,Winter,Seasonal Blend,Dawn Winter Signature,Bukit Barisan Medium Wine 55% | Semeru Dark WetHulled 30% | Toraja Sapan Dark Honey 15%,Medium,"Menemani hari hujan dengan sempurna, blend intense ini memadukan biji-biji terbaik dari Bukit Barisan dan Semeru dan Toraja Sapan. Diproses dengan metode Wine & WetHulled, menghadirkan profil rasa bark, port wine, intense earth yang kompleks namun harmonis. Sebuah perpaduan yang dirancang untuk memuaskan selera pecinta kopi sejati.",Velvety,Bukit Barisan (Medium / Wine): 550g (55%) | Semeru (Dark / WetHulled): 300g (30%) | Toraja Sapan (Dark / Honey): 150g (15%) | total: 1000g,Versatile for Espresso & Filter
S-WIN-144,Winter,Seasonal Blend,Dawn Winter Story,Dampit Malang Dark Natural 45% | Kerinci Kayu Aro Dark Honey 35% | Bengkulu Dark Natural 20%,Dark,"Menemani hari hujan dengan sempurna, blend bold ini memadukan biji-biji terbaik dari Dampit Malang dan Kerinci Kayu Aro dan Bengkulu. Diproses dengan metode Honey & Natural, menghadirkan profil rasa espresso, dark sugar, tar yang kompleks namun harmonis. Sebuah perpaduan yang dirancang untuk memuaskan selera pecinta kopi sejati.",Thick,Dampit Malang (Dark / Natural): 450g (45%) | Kerinci Kayu Aro (Dark / Honey): 350g (35%) | Bengkulu (Dark / Natural): 200g (20%) | total: 1000g,Best for Espresso
S-WIN-145,Winter,Seasonal Blend,Heritage Winter Estate,Papua Wamena Medium WetHulled 40% | Sembalun Rinjani Medium WetHulled 35% | Java Ciwidey Light Honey 25%,Medium,"Blend musim dingin yang menghangatkan jiwa, blend spiced ini memadukan biji-biji terbaik dari Papua Wamena dan Sembalun Rinjani dan Java Ciwidey. Diproses dengan metode Honey & WetHulled, menghadirkan profil rasa leather, floral, woody yang kompleks namun harmonis. Sebuah perpaduan yang dirancang untuk memuaskan selera pecinta kopi sejati.",Velvety,Papua Wamena (Medium / WetHulled): 400g (40%) | Sembalun Rinjani (Medium / WetHulled): 350g (35%) | Java Ciwidey (Light / Honey): 250g (25%) | total: 1000g,Versatile for Espresso & Filter
S-WIN-146,Winter,Seasonal Blend,Celestial Winter Blend,Bali Kintamani Light WetHulled 45% | Java Ijen Raung Dark Washed 55%,Medium,"Blend musim dingin yang menghangatkan jiwa, blend intense ini memadukan biji-biji terbaik dari Bali Kintamani dan Java Ijen Raung. Diproses dengan metode Washed & WetHulled, menghadirkan profil rasa lime, tobacco leaf, herb yang kompleks namun harmonis. Sebuah perpaduan yang dirancang untuk memuaskan selera pecinta kopi sejati.",Round,Bali Kintamani (Light / WetHulled): 450g (45%) | Java Ijen Raung (Dark / Washed): 550g (55%) | total: 1000g,Cocok untuk French Press & Espresso
S-WIN-147,Winter,Seasonal Blend,Golden Winter Edition,Sembalun Rinjani Dark WetHulled 60% | Sembalun Rinjani Medium Honey 40%,Dark,"Menemani hari hujan dengan sempurna, blend comforting ini memadukan biji-biji terbaik dari Sembalun Rinjani dan Sembalun Rinjani. Diproses dengan metode Honey & WetHulled, menghadirkan profil rasa toffee, macadamia, honey yang kompleks namun harmonis. Sebuah perpaduan yang dirancang untuk memuaskan selera pecinta kopi sejati.",Full Body,Sembalun Rinjani (Dark / WetHulled): 600g (60%) | Sembalun Rinjani (Medium / Honey): 400g (40%) | total: 1000g,Best for Batch Brew
S-WIN-148,Winter,Seasonal Blend,Bronze Winter Collection,Arjuno Light SemiWashed 55% | Lampung Robusta Premium Dark Natural 30% | Java Garut Medium Honey 15%,Medium,"Blend musim dingin yang menghangatkan jiwa, blend bold ini memadukan biji-biji terbaik dari Arjuno dan Lampung Robusta Premium dan Java Garut. Diproses dengan metode SemiWashed & Honey, menghadirkan profil rasa licorice, mandarin, honey yang kompleks namun harmonis. Sebuah perpaduan yang dirancang untuk memuaskan selera pecinta kopi sejati.",Velvety,Arjuno (Light / SemiWashed): 550g (55%) | Lampung Robusta Premium (Dark / Natural): 300g (30%) | Java Garut (Medium / Honey): 150g (15%) | total: 1000g,Cocok untuk French Press & Espresso
S-WIN-149,Winter,Seasonal Blend,Amber Winter Spring,Flores Manggarai Light Wine 55% | Toraja Kalosi Medium Natural 45%,Light,"Cocok dinikmati di malam dingin, blend bold ini memadukan biji-biji terbaik dari Flores Manggarai dan Toraja Kalosi. Diproses dengan metode Wine & Natural, menghadirkan profil rasa wine, grape must, berry jam yang kompleks namun harmonis. Sebuah perpaduan yang dirancang untuk memuaskan selera pecinta kopi sejati.",Light Body,Flores Manggarai (Light / Wine): 550g (55%) | Toraja Kalosi (Medium / Natural): 450g (45%) | total: 1000g,Pour Over Recommended
S-WIN-150,Winter,Seasonal Blend,Ancient Winter Collection,Java Puntang Dark SemiWashed 55% | Bali Kintamani Light Washed 45%,Medium,"Menemani hari hujan dengan sempurna, blend bold ini memadukan biji-biji terbaik dari Java Puntang dan Bali Kintamani. Diproses dengan metode SemiWashed & Washed, menghadirkan profil rasa citrus, green tea, lemon zest yang kompleks namun harmonis. Sebuah perpaduan yang dirancang untuk memuaskan selera pecinta kopi sejati.",Balanced,Java Puntang (Dark / SemiWashed): 550g (55%) | Bali Kintamani (Light / Washed): 450g (45%) | total: 1000g,Best for Moka Pot
S-WIN-151,Winter,Seasonal Blend,Elysian Winter Spring,Papua Dogiyai Dark Anaerobic 50% | Flores Manggarai Light Wine 30% | Temanggung Medium Wine 20%,Medium,"Rasa tebal dan mengenyangkan, blend comforting ini memadukan biji-biji terbaik dari Papua Dogiyai dan Flores Manggarai dan Temanggung. Diproses dengan metode Wine & Anaerobic, menghadirkan profil rasa blackcurrant, port wine, espresso yang kompleks namun harmonis. Sebuah perpaduan yang dirancang untuk memuaskan selera pecinta kopi sejati.",Medium Body,Papua Dogiyai (Dark / Anaerobic): 500g (50%) | Flores Manggarai (Light / Wine): 300g (30%) | Temanggung (Medium / Wine): 200g (20%) | total: 1000g,Versatile for Espresso & Filter
S-WIN-152,Winter,Seasonal Blend,Mystic Winter Signature,Papua Dogiyai Light SemiWashed 55% | Sidikalang Medium SemiWashed 30% | Toraja Sapan Dark Natural 15%,Light,"Blend musim dingin yang menghangatkan jiwa, blend comforting ini memadukan biji-biji terbaik dari Papua Dogiyai dan Sidikalang dan Toraja Sapan. Diproses dengan metode SemiWashed & Natural, menghadirkan profil rasa dark berry, light caramel, mandarin yang kompleks namun harmonis. Sebuah perpaduan yang dirancang untuk memuaskan selera pecinta kopi sejati.",Delicate,Papua Dogiyai (Light / SemiWashed): 550g (55%) | Sidikalang (Medium / SemiWashed): 300g (30%) | Toraja Sapan (Dark / Natural): 150g (15%) | total: 1000g,Ideal for Chemex
S-WIN-153,Winter,Seasonal Blend,Sacred Winter Collection,Gunung Halu Medium Anaerobic 55% | Toraja Sapan Light Honey 30% | Sembalun Rinjani Medium Washed 15%,Medium,"Blend musim dingin yang menghangatkan jiwa, blend comforting ini memadukan biji-biji terbaik dari Gunung Halu dan Toraja Sapan dan Sembalun Rinjani. Diproses dengan metode Washed & Honey, menghadirkan profil rasa apricot, honeysuckle, fermented fruit yang kompleks namun harmonis. Sebuah perpaduan yang dirancang untuk memuaskan selera pecinta kopi sejati.",Smooth,Gunung Halu (Medium / Anaerobic): 550g (55%) | Toraja Sapan (Light / Honey): 300g (30%) | Sembalun Rinjani (Medium / Washed): 150g (15%) | total: 1000g,Versatile for Espresso & Filter
S-WIN-154,Winter,Seasonal Blend,Sunrise Winter Fusion,Lampung Robusta Premium Dark SemiWashed 50% | Toraja Kalosi Light Washed 25% | Kerinci Kayu Aro Medium WetHulled 25%,Medium,"Rasa tebal dan mengenyangkan, blend spiced ini memadukan biji-biji terbaik dari Lampung Robusta Premium dan Toraja Kalosi dan Kerinci Kayu Aro. Diproses dengan metode SemiWashed & Washed, menghadirkan profil rasa jasmine, spice, walnut yang kompleks namun harmonis. Sebuah perpaduan yang dirancang untuk memuaskan selera pecinta kopi sejati.",Round,Lampung Robusta Premium (Dark / SemiWashed): 500g (50%) | Toraja Kalosi (Light / Washed): 250g (25%) | Kerinci Kayu Aro (Medium / WetHulled): 250g (25%) | total: 1000g,Cocok untuk French Press & Espresso
S-WIN-155,Winter,Seasonal Blend,Equator Winter Select,Dampit Malang Medium Wine 50% | Lintong Onan Dark Washed 25% | Java Sindoro Medium Natural 25%,Medium,"Menemani hari hujan dengan sempurna, blend spiced ini memadukan biji-biji terbaik dari Dampit Malang dan Lintong Onan dan Java Sindoro. Diproses dengan metode Washed & Wine, menghadirkan profil rasa molasses, dark roast, prune yang kompleks namun harmonis. Sebuah perpaduan yang dirancang untuk memuaskan selera pecinta kopi sejati.",Round,Dampit Malang (Medium / Wine): 500g (50%) | Lintong Onan (Dark / Washed): 250g (25%) | Java Sindoro (Medium / Natural): 250g (25%) | total: 1000g,Versatile for Espresso & Filter
S-WIN-156,Winter,Seasonal Blend,Volcano Winter Story,Java Manglayang Light Wine 70% | Solok Radjo Dark Anaerobic 30%,Light,"Cocok dinikmati di malam dingin, blend spiced ini memadukan biji-biji terbaik dari Java Manglayang dan Solok Radjo. Diproses dengan metode Wine & Anaerobic, menghadirkan profil rasa dark rum, blackcurrant, smoke yang kompleks namun harmonis. Sebuah perpaduan yang dirancang untuk memuaskan selera pecinta kopi sejati.",Clean,Java Manglayang (Light / Wine): 700g (70%) | Solok Radjo (Dark / Anaerobic): 300g (30%) | total: 1000g,Ideal for Chemex
S-WIN-157,Winter,Seasonal Blend,Sunrise Winter Valley,Dampit Malang Dark SemiWashed 45% | Java Sindoro Dark Washed 55%,Dark,"Cocok dinikmati di malam dingin, blend spiced ini memadukan biji-biji terbaik dari Dampit Malang dan Java Sindoro. Diproses dengan metode SemiWashed & Washed, menghadirkan profil rasa intense spice, dark caramel, roasted grain yang kompleks namun harmonis. Sebuah perpaduan yang dirancang untuk memuaskan selera pecinta kopi sejati.",Heavy Body,Dampit Malang (Dark / SemiWashed): 450g (45%) | Java Sindoro (Dark / Washed): 550g (55%) | total: 1000g,Best for Batch Brew
S-WIN-158,Winter,Seasonal Blend,Ritual Winter Signature,Mandheling Medium Honey 65% | Semeru Medium Natural 35%,Medium,"Cocok dinikmati di malam dingin, blend intense ini memadukan biji-biji terbaik dari Mandheling dan Semeru. Diproses dengan metode Honey & Natural, menghadirkan profil rasa dark chocolate, berry jam, molasses yang kompleks namun harmonis. Sebuah perpaduan yang dirancang untuk memuaskan selera pecinta kopi sejati.",Balanced,Mandheling (Medium / Honey): 650g (65%) | Semeru (Medium / Natural): 350g (35%) | total: 1000g,Cocok untuk French Press & Espresso
S-WIN-159,Winter,Seasonal Blend,Golden Winter Journey,Papua Dogiyai Dark Honey 50% | Java Manglayang Medium Natural 30% | Wanoja Kamojang Dark Honey 20%,Dark,"Blend musim dingin yang menghangatkan jiwa, blend bold ini memadukan biji-biji terbaik dari Papua Dogiyai dan Java Manglayang dan Wanoja Kamojang. Diproses dengan metode Honey & Natural, menghadirkan profil rasa smoked almond, prune, dark chocolate yang kompleks namun harmonis. Sebuah perpaduan yang dirancang untuk memuaskan selera pecinta kopi sejati.",Full Body,Papua Dogiyai (Dark / Honey): 500g (50%) | Java Manglayang (Medium / Natural): 300g (30%) | Wanoja Kamojang (Dark / Honey): 200g (20%) | total: 1000g,Cocok untuk Cold Brew
S-WIN-160,Winter,Seasonal Blend,Highland Winter Story,Sidikalang Dark Washed 45% | Java Manglayang Medium WetHulled 55%,Medium,"Blend musim dingin yang menghangatkan jiwa, blend warming ini memadukan biji-biji terbaik dari Sidikalang dan Java Manglayang. Diproses dengan metode Washed & WetHulled, menghadirkan profil rasa tobacco, woody, smoky caramel yang kompleks namun harmonis. Sebuah perpaduan yang dirancang untuk memuaskan selera pecinta kopi sejati.",Medium Body,Sidikalang (Dark / Washed): 450g (45%) | Java Manglayang (Medium / WetHulled): 550g (55%) | total: 1000g,Best for Moka Pot
S-WIN-161,Winter,Seasonal Blend,Timeless Winter Reserve,Lampung Robusta Premium Medium Natural 45% | Sembalun Rinjani Light Anaerobic 35% | Java Ijen Raung Medium Natural 20%,Light,"Blend musim dingin yang menghangatkan jiwa, blend bold ini memadukan biji-biji terbaik dari Lampung Robusta Premium dan Sembalun Rinjani dan Java Ijen Raung. Diproses dengan metode Natural & Anaerobic, menghadirkan profil rasa prune, lychee, dark chocolate yang kompleks namun harmonis. Sebuah perpaduan yang dirancang untuk memuaskan selera pecinta kopi sejati.",Delicate,Lampung Robusta Premium (Medium / Natural): 450g (45%) | Sembalun Rinjani (Light / Anaerobic): 350g (35%) | Java Ijen Raung (Medium / Natural): 200g (20%) | total: 1000g,Ideal for Chemex
S-WIN-162,Winter,Seasonal Blend,Sacred Winter Fusion,Java Ijen Raung Medium Honey 50% | Toraja Sapan Medium Wine 30% | Java Puntang Dark Wine 20%,Medium,"Cocok dinikmati di malam dingin, blend dark ini memadukan biji-biji terbaik dari Java Ijen Raung dan Toraja Sapan dan Java Puntang. Diproses dengan metode Honey & Wine, menghadirkan profil rasa aged wine, dark espresso, roasted grape yang kompleks namun harmonis. Sebuah perpaduan yang dirancang untuk memuaskan selera pecinta kopi sejati.",Medium Body,Java Ijen Raung (Medium / Honey): 500g (50%) | Toraja Sapan (Medium / Wine): 300g (30%) | Java Puntang (Dark / Wine): 200g (20%) | total: 1000g,Cocok untuk French Press & Espresso
S-WIN-163,Winter,Seasonal Blend,Sunrise Winter Series,Java Ijen Raung Medium Washed 40% | Sembalun Rinjani Light WetHulled 35% | Semeru Light WetHulled 25%,Light,"Rasa tebal dan mengenyangkan, blend dark ini memadukan biji-biji terbaik dari Java Ijen Raung dan Sembalun Rinjani dan Semeru. Diproses dengan metode Washed & WetHulled, menghadirkan profil rasa milk chocolate, green pepper, caramel yang kompleks namun harmonis. Sebuah perpaduan yang dirancang untuk memuaskan selera pecinta kopi sejati.",Tea-like,Java Ijen Raung (Medium / Washed): 400g (40%) | Sembalun Rinjani (Light / WetHulled): 350g (35%) | Semeru (Light / WetHulled): 250g (25%) | total: 1000g,Cocok untuk AeroPress
S-WIN-164,Winter,Seasonal Blend,Nusantara Winter Crest,Toraja Kalosi Dark Honey 70% | Java Temanggung Medium Wine 30%,Dark,"Menemani hari hujan dengan sempurna, blend bold ini memadukan biji-biji terbaik dari Toraja Kalosi dan Java Temanggung. Diproses dengan metode Honey & Wine, menghadirkan profil rasa toffee, port wine, dark plum yang kompleks namun harmonis. Sebuah perpaduan yang dirancang untuk memuaskan selera pecinta kopi sejati.",Full Body,Toraja Kalosi (Dark / Honey): 700g (70%) | Java Temanggung (Medium / Wine): 300g (30%) | total: 1000g,Ideal untuk Ristretto
S-WIN-165,Winter,Seasonal Blend,Sunrise Winter Crest,Mandheling Medium Natural 55% | Kerinci Kayu Aro Medium Washed 30% | Aceh Gayo Medium Anaerobic 15%,Medium,"Blend musim dingin yang menghangatkan jiwa, blend comforting ini memadukan biji-biji terbaik dari Mandheling dan Kerinci Kayu Aro dan Aceh Gayo. Diproses dengan metode Washed & Natural, menghadirkan profil rasa brown sugar, tropical punch, cacao nib yang kompleks namun harmonis. Sebuah perpaduan yang dirancang untuk memuaskan selera pecinta kopi sejati.",Velvety,Mandheling (Medium / Natural): 550g (55%) | Kerinci Kayu Aro (Medium / Washed): 300g (30%) | Aceh Gayo (Medium / Anaerobic): 150g (15%) | total: 1000g,Cocok untuk French Press & Espresso
S-WIN-166,Winter,Seasonal Blend,Harvest Winter Origin,Toraja Sapan Medium Honey 40% | Arjuno Medium Anaerobic 35% | Semeru Light Honey 25%,Medium,"Rasa tebal dan mengenyangkan, blend dark ini memadukan biji-biji terbaik dari Toraja Sapan dan Arjuno dan Semeru. Diproses dengan metode Honey & Anaerobic, menghadirkan profil rasa fermented fruit, apricot, honeysuckle yang kompleks namun harmonis. Sebuah perpaduan yang dirancang untuk memuaskan selera pecinta kopi sejati.",Velvety,Toraja Sapan (Medium / Honey): 400g (40%) | Arjuno (Medium / Anaerobic): 350g (35%) | Semeru (Light / Honey): 250g (25%) | total: 1000g,Versatile for Espresso & Filter
S-WIN-167,Winter,Seasonal Blend,Horizon Winter Journey,Flores Manggarai Light Natural 50% | Java Preanger Dark Anaerobic 50%,Medium,"Rasa tebal dan mengenyangkan, blend bold ini memadukan biji-biji terbaik dari Flores Manggarai dan Java Preanger. Diproses dengan metode Natural & Anaerobic, menghadirkan profil rasa watermelon, black cherry, blueberry yang kompleks namun harmonis. Sebuah perpaduan yang dirancang untuk memuaskan selera pecinta kopi sejati.",Round,Flores Manggarai (Light / Natural): 500g (50%) | Java Preanger (Dark / Anaerobic): 500g (50%) | total: 1000g,Versatile for Espresso & Filter
S-WIN-168,Winter,Seasonal Blend,Ritual Winter Origin,Dampit Malang Dark SemiWashed 45% | Toraja Sapan Light Wine 55%,Medium,"Blend musim dingin yang menghangatkan jiwa, blend dark ini memadukan biji-biji terbaik dari Dampit Malang dan Toraja Sapan. Diproses dengan metode SemiWashed & Wine, menghadirkan profil rasa dark cherry, dark caramel, walnut yang kompleks namun harmonis. Sebuah perpaduan yang dirancang untuk memuaskan selera pecinta kopi sejati.",Round,Dampit Malang (Dark / SemiWashed): 450g (45%) | Toraja Sapan (Light / Wine): 550g (55%) | total: 1000g,Best for Moka Pot
S-WIN-169,Winter,Seasonal Blend,Harvest Winter Series,Temanggung Dark Washed 45% | Java Garut Medium Honey 55%,Medium,"Menemani hari hujan dengan sempurna, blend spiced ini memadukan biji-biji terbaik dari Temanggung dan Java Garut. Diproses dengan metode Washed & Honey, menghadirkan profil rasa smoky caramel, dried apricot, toffee yang kompleks namun harmonis. Sebuah perpaduan yang dirancang untuk memuaskan selera pecinta kopi sejati.",Smooth,Temanggung (Dark / Washed): 450g (45%) | Java Garut (Medium / Honey): 550g (55%) | total: 1000g,Cocok untuk French Press & Espresso
S-WIN-170,Winter,Seasonal Blend,Nusantara Winter Collection,Sidikalang Light WetHulled 45% | Papua Wamena Dark SemiWashed 35% | Arjuno Light Honey 20%,Medium,"Menemani hari hujan dengan sempurna, blend intense ini memadukan biji-biji terbaik dari Sidikalang dan Papua Wamena dan Arjuno. Diproses dengan metode SemiWashed & Honey, menghadirkan profil rasa honeysuckle, walnut, dark caramel yang kompleks namun harmonis. Sebuah perpaduan yang dirancang untuk memuaskan selera pecinta kopi sejati.",Medium Body,Sidikalang (Light / WetHulled): 450g (45%) | Papua Wamena (Dark / SemiWashed): 350g (35%) | Arjuno (Light / Honey): 200g (20%) | total: 1000g,Versatile for Espresso & Filter
S-WIN-171,Winter,Seasonal Blend,Sunrise Winter Origin,Gunung Halu Light Natural 50% | Wanoja Kamojang Medium Washed 50%,Light,"Cocok dinikmati di malam dingin, blend intense ini memadukan biji-biji terbaik dari Gunung Halu dan Wanoja Kamojang. Diproses dengan metode Washed & Natural, menghadirkan profil rasa watermelon, milk chocolate, blueberry yang kompleks namun harmonis. Sebuah perpaduan yang dirancang untuk memuaskan selera pecinta kopi sejati.",Tea-like,Gunung Halu (Light / Natural): 500g (50%) | Wanoja Kamojang (Medium / Washed): 500g (50%) | total: 1000g,Cocok untuk AeroPress
S-WIN-172,Winter,Seasonal Blend,Twilight Winter Peak,Aceh Gayo Light WetHulled 50% | Mandheling Light Natural 30% | Semeru Light Honey 20%,Light,"Menemani hari hujan dengan sempurna, blend warming ini memadukan biji-biji terbaik dari Aceh Gayo dan Mandheling dan Semeru. Diproses dengan metode Honey & WetHulled, menghadirkan profil rasa cedar, lime, herb yang kompleks namun harmonis. Sebuah perpaduan yang dirancang untuk memuaskan selera pecinta kopi sejati.",Silky,Aceh Gayo (Light / WetHulled): 500g (50%) | Mandheling (Light / Natural): 300g (30%) | Semeru (Light / Honey): 200g (20%) | total: 1000g,Best for V60
S-WIN-173,Winter,Seasonal Blend,Harvest Winter Collection,Java Ijen Raung Light Wine 50% | Mandheling Light Honey 30% | Java Ijen Raung Medium SemiWashed 20%,Light,"Rasa tebal dan mengenyangkan, blend bold ini memadukan biji-biji terbaik dari Java Ijen Raung dan Mandheling dan Java Ijen Raung. Diproses dengan metode SemiWashed & Wine, menghadirkan profil rasa plum, vanilla, nectarine yang kompleks namun harmonis. Sebuah perpaduan yang dirancang untuk memuaskan selera pecinta kopi sejati.",Silky,Java Ijen Raung (Light / Wine): 500g (50%) | Mandheling (Light / Honey): 300g (30%) | Java Ijen Raung (Medium / SemiWashed): 200g (20%) | total: 1000g,Cocok untuk AeroPress
S-WIN-174,Winter,Seasonal Blend,Velvet Winter Fusion,Mandheling Light Natural 50% | Java Temanggung Light Honey 50%,Light,"Rasa tebal dan mengenyangkan, blend bold ini memadukan biji-biji terbaik dari Mandheling dan Java Temanggung. Diproses dengan metode Honey & Natural, menghadirkan profil rasa floral, tropical fruit, watermelon yang kompleks namun harmonis. Sebuah perpaduan yang dirancang untuk memuaskan selera pecinta kopi sejati.",Silky,Mandheling (Light / Natural): 500g (50%) | Java Temanggung (Light / Honey): 500g (50%) | total: 1000g,Pour Over Recommended
S-WIN-175,Winter,Seasonal Blend,Primal Winter Collection,Arjuno Medium SemiWashed 60% | Temanggung Medium WetHulled 25% | Papua Wamena Dark Wine 15%,Medium,"Cocok dinikmati di malam dingin, blend spiced ini memadukan biji-biji terbaik dari Arjuno dan Temanggung dan Papua Wamena. Diproses dengan metode SemiWashed & Wine, menghadirkan profil rasa smoked plum, leather, apricot jam yang kompleks namun harmonis. Sebuah perpaduan yang dirancang untuk memuaskan selera pecinta kopi sejati.",Round,Arjuno (Medium / SemiWashed): 600g (60%) | Temanggung (Medium / WetHulled): 250g (25%) | Papua Wamena (Dark / Wine): 150g (15%) | total: 1000g,Cocok untuk French Press & Espresso
S-WIN-176,Winter,Seasonal Blend,Heritage Winter Ridge,Java Puntang Medium Washed 55% | Java Ciwidey Light Washed 30% | Flores Bajawa Medium Washed 15%,Medium,"Cocok dinikmati di malam dingin, blend dark ini memadukan biji-biji terbaik dari Java Puntang dan Java Ciwidey dan Flores Bajawa. Diproses dengan metode Washed, menghadirkan profil rasa brown sugar, green tea, caramel yang kompleks namun harmonis. Sebuah perpaduan yang dirancang untuk memuaskan selera pecinta kopi sejati.",Medium Body,Java Puntang (Medium / Washed): 550g (55%) | Java Ciwidey (Light / Washed): 300g (30%) | Flores Bajawa (Medium / Washed): 150g (15%) | total: 1000g,Cocok untuk French Press & Espresso
S-WIN-177,Winter,Seasonal Blend,Bronze Winter Series,Java Puntang Light Wine 40% | Gunung Halu Dark Wine 35% | Sidikalang Light SemiWashed 25%,Medium,"Rasa tebal dan mengenyangkan, blend dark ini memadukan biji-biji terbaik dari Java Puntang dan Gunung Halu dan Sidikalang. Diproses dengan metode SemiWashed & Wine, menghadirkan profil rasa aged wine, smoked plum, dark cherry yang kompleks namun harmonis. Sebuah perpaduan yang dirancang untuk memuaskan selera pecinta kopi sejati.",Balanced,Java Puntang (Light / Wine): 400g (40%) | Gunung Halu (Dark / Wine): 350g (35%) | Sidikalang (Light / SemiWashed): 250g (25%) | total: 1000g,Best for Moka Pot
S-WIN-178,Winter,Seasonal Blend,Copper Winter Valley,Semeru Dark Anaerobic 50% | Toraja Sapan Light Wine 25% | Bengkulu Light Natural 25%,Medium,"Cocok dinikmati di malam dingin, blend warming ini memadukan biji-biji terbaik dari Semeru dan Toraja Sapan dan Bengkulu. Diproses dengan metode Wine & Natural, menghadirkan profil rasa blueberry, strawberry, smoke yang kompleks namun harmonis. Sebuah perpaduan yang dirancang untuk memuaskan selera pecinta kopi sejati.",Round,Semeru (Dark / Anaerobic): 500g (50%) | Toraja Sapan (Light / Wine): 250g (25%) | Bengkulu (Light / Natural): 250g (25%) | total: 1000g,Cocok untuk French Press & Espresso
S-WIN-179,Winter,Seasonal Blend,Horizon Winter Peak,Toraja Sapan Medium SemiWashed 45% | Java Sindoro Dark WetHulled 35% | Toraja Kalosi Medium Anaerobic 20%,Medium,"Rasa tebal dan mengenyangkan, blend comforting ini memadukan biji-biji terbaik dari Toraja Sapan dan Java Sindoro dan Toraja Kalosi. Diproses dengan metode SemiWashed & WetHulled, menghadirkan profil rasa vanilla, cacao nib, roasted nut yang kompleks namun harmonis. Sebuah perpaduan yang dirancang untuk memuaskan selera pecinta kopi sejati.",Medium Body,Toraja Sapan (Medium / SemiWashed): 450g (45%) | Java Sindoro (Dark / WetHulled): 350g (35%) | Toraja Kalosi (Medium / Anaerobic): 200g (20%) | total: 1000g,Versatile for Espresso & Filter
S-WIN-180,Winter,Seasonal Blend,Ancient Winter Spring,Kerinci Kayu Aro Dark SemiWashed 60% | Java Ijen Raung Light Anaerobic 25% | Sembalun Rinjani Medium WetHulled 15%,Medium,"Cocok dinikmati di malam dingin, blend dark ini memadukan biji-biji terbaik dari Kerinci Kayu Aro dan Java Ijen Raung dan Sembalun Rinjani. Diproses dengan metode SemiWashed & WetHulled, menghadirkan profil rasa mushroom, leather, passion fruit yang kompleks namun harmonis. Sebuah perpaduan yang dirancang untuk memuaskan selera pecinta kopi sejati.",Medium Body,Kerinci Kayu Aro (Dark / SemiWashed): 600g (60%) | Java Ijen Raung (Light / Anaerobic): 250g (25%) | Sembalun Rinjani (Medium / WetHulled): 150g (15%) | total: 1000g,Cocok untuk French Press & Espresso
S-WIN-181,Winter,Seasonal Blend,Sunrise Winter Edition,Temanggung Medium Anaerobic 60% | Java Garut Medium Wine 40%,Medium,"Cocok dinikmati di malam dingin, blend bold ini memadukan biji-biji terbaik dari Temanggung dan Java Garut. Diproses dengan metode Wine & Anaerobic, menghadirkan profil rasa cacao nib, tropical punch, espresso yang kompleks namun harmonis. Sebuah perpaduan yang dirancang untuk memuaskan selera pecinta kopi sejati.",Round,Temanggung (Medium / Anaerobic): 600g (60%) | Java Garut (Medium / Wine): 400g (40%) | total: 1000g,Cocok untuk French Press & Espresso
S-WIN-182,Winter,Seasonal Blend,Velvet Winter Spring,Bukit Barisan Light Wine 45% | Toraja Kalosi Medium Honey 35% | Java Sindoro Dark WetHulled 20%,Medium,"Cocok dinikmati di malam dingin, blend comforting ini memadukan biji-biji terbaik dari Bukit Barisan dan Toraja Kalosi dan Java Sindoro. Diproses dengan metode Wine & WetHulled, menghadirkan profil rasa maple syrup, intense earth, honey yang kompleks namun harmonis. Sebuah perpaduan yang dirancang untuk memuaskan selera pecinta kopi sejati.",Smooth,Bukit Barisan (Light / Wine): 450g (45%) | Toraja Kalosi (Medium / Honey): 350g (35%) | Java Sindoro (Dark / WetHulled): 200g (20%) | total: 1000g,Best for Moka Pot
S-WIN-183,Winter,Seasonal Blend,Summit Winter Story,Aceh Gayo Light SemiWashed 40% | Java Sindoro Dark Wine 35% | Wanoja Kamojang Medium Wine 25%,Medium,"Rasa tebal dan mengenyangkan, blend comforting ini memadukan biji-biji terbaik dari Aceh Gayo dan Java Sindoro dan Wanoja Kamojang. Diproses dengan metode SemiWashed & Wine, menghadirkan profil rasa mandarin, balsamic, dark plum yang kompleks namun harmonis. Sebuah perpaduan yang dirancang untuk memuaskan selera pecinta kopi sejati.",Smooth,Aceh Gayo (Light / SemiWashed): 400g (40%) | Java Sindoro (Dark / Wine): 350g (35%) | Wanoja Kamojang (Medium / Wine): 250g (25%) | total: 1000g,Best for Moka Pot
S-WIN-184,Winter,Seasonal Blend,Ember Winter Estate,Aceh Gayo Light WetHulled 60% | Sidikalang Medium WetHulled 25% | Kerinci Kayu Aro Dark Honey 15%,Light,"Menemani hari hujan dengan sempurna, blend spiced ini memadukan biji-biji terbaik dari Aceh Gayo dan Sidikalang dan Kerinci Kayu Aro. Diproses dengan metode Honey & WetHulled, menghadirkan profil rasa smoked almond, leather, lime yang kompleks namun harmonis. Sebuah perpaduan yang dirancang untuk memuaskan selera pecinta kopi sejati.",Silky,Aceh Gayo (Light / WetHulled): 600g (60%) | Sidikalang (Medium / WetHulled): 250g (25%) | Kerinci Kayu Aro (Dark / Honey): 150g (15%) | total: 1000g,Cocok untuk AeroPress
S-WIN-185,Winter,Seasonal Blend,Heritage Winter Reserve,Java Manglayang Dark Honey 50% | Mandheling Dark Natural 30% | Lampung Robusta Premium Dark Wine 20%,Dark,"Cocok dinikmati di malam dingin, blend warming ini memadukan biji-biji terbaik dari Java Manglayang dan Mandheling dan Lampung Robusta Premium. Diproses dengan metode Honey & Wine, menghadirkan profil rasa aged wine, dark espresso, tar yang kompleks namun harmonis. Sebuah perpaduan yang dirancang untuk memuaskan selera pecinta kopi sejati.",Thick,Java Manglayang (Dark / Honey): 500g (50%) | Mandheling (Dark / Natural): 300g (30%) | Lampung Robusta Premium (Dark / Wine): 200g (20%) | total: 1000g,Ideal untuk Ristretto
S-WIN-186,Winter,Seasonal Blend,Mystic Winter Peak,Temanggung Dark Washed 40% | Papua Wamena Dark Wine 35% | Toraja Kalosi Light Honey 25%,Dark,"Rasa tebal dan mengenyangkan, blend dark ini memadukan biji-biji terbaik dari Temanggung dan Papua Wamena dan Toraja Kalosi. Diproses dengan metode Washed & Wine, menghadirkan profil rasa floral, pear, molasses yang kompleks namun harmonis. Sebuah perpaduan yang dirancang untuk memuaskan selera pecinta kopi sejati.",Full Body,Temanggung (Dark / Washed): 400g (40%) | Papua Wamena (Dark / Wine): 350g (35%) | Toraja Kalosi (Light / Honey): 250g (25%) | total: 1000g,Cocok untuk Cold Brew
S-WIN-187,Winter,Seasonal Blend,Horizon Winter Collection,Papua Wamena Dark Honey 55% | Dampit Malang Medium WetHulled 30% | Lampung Robusta Premium Light WetHulled 15%,Medium,"Blend musim dingin yang menghangatkan jiwa, blend comforting ini memadukan biji-biji terbaik dari Papua Wamena dan Dampit Malang dan Lampung Robusta Premium. Diproses dengan metode Honey & WetHulled, menghadirkan profil rasa dark sugar, green pepper, herb yang kompleks namun harmonis. Sebuah perpaduan yang dirancang untuk memuaskan selera pecinta kopi sejati.",Balanced,Papua Wamena (Dark / Honey): 550g (55%) | Dampit Malang (Medium / WetHulled): 300g (30%) | Lampung Robusta Premium (Light / WetHulled): 150g (15%) | total: 1000g,Best for Moka Pot
S-WIN-188,Winter,Seasonal Blend,Silk Winter Journey,Semeru Light WetHulled 40% | Temanggung Dark Wine 35% | Temanggung Dark WetHulled 25%,Medium,"Rasa tebal dan mengenyangkan, blend comforting ini memadukan biji-biji terbaik dari Semeru dan Temanggung dan Temanggung. Diproses dengan metode Wine & WetHulled, menghadirkan profil rasa green pepper, clove, dark tobacco yang kompleks namun harmonis. Sebuah perpaduan yang dirancang untuk memuaskan selera pecinta kopi sejati.",Velvety,Semeru (Light / WetHulled): 400g (40%) | Temanggung (Dark / Wine): 350g (35%) | Temanggung (Dark / WetHulled): 250g (25%) | total: 1000g,Versatile for Espresso & Filter
S-WIN-189,Winter,Seasonal Blend,Horizon Winter Edition,Java Ijen Raung Medium Anaerobic 55% | Kerinci Kayu Aro Medium WetHulled 30% | Java Sindoro Light WetHulled 15%,Medium,"Menemani hari hujan dengan sempurna, blend comforting ini memadukan biji-biji terbaik dari Java Ijen Raung dan Kerinci Kayu Aro dan Java Sindoro. Diproses dengan metode WetHulled & Anaerobic, menghadirkan profil rasa cacao nib, fermented fruit, lime yang kompleks namun harmonis. Sebuah perpaduan yang dirancang untuk memuaskan selera pecinta kopi sejati.",Balanced,Java Ijen Raung (Medium / Anaerobic): 550g (55%) | Kerinci Kayu Aro (Medium / WetHulled): 300g (30%) | Java Sindoro (Light / WetHulled): 150g (15%) | total: 1000g,Best for Moka Pot
S-WIN-190,Winter,Seasonal Blend,Horizon Winter Crest,Papua Wamena Dark Natural 55% | Java Temanggung Medium Natural 30% | Papua Wamena Medium Anaerobic 15%,Dark,"Cocok dinikmati di malam dingin, blend comforting ini memadukan biji-biji terbaik dari Papua Wamena dan Java Temanggung dan Papua Wamena. Diproses dengan metode Natural & Anaerobic, menghadirkan profil rasa espresso, dried fig, tar yang kompleks namun harmonis. Sebuah perpaduan yang dirancang untuk memuaskan selera pecinta kopi sejati.",Syrupy,Papua Wamena (Dark / Natural): 550g (55%) | Java Temanggung (Medium / Natural): 300g (30%) | Papua Wamena (Medium / Anaerobic): 150g (15%) | total: 1000g,Best for Batch Brew
S-WIN-191,Winter,Seasonal Blend,Sacred Winter Signature,Toraja Sapan Light SemiWashed 60% | Sidikalang Dark Honey 25% | Gunung Halu Dark Natural 15%,Medium,"Cocok dinikmati di malam dingin, blend bold ini memadukan biji-biji terbaik dari Toraja Sapan dan Sidikalang dan Gunung Halu. Diproses dengan metode SemiWashed & Honey, menghadirkan profil rasa licorice, tar, burnt caramel yang kompleks namun harmonis. Sebuah perpaduan yang dirancang untuk memuaskan selera pecinta kopi sejati.",Balanced,Toraja Sapan (Light / SemiWashed): 600g (60%) | Sidikalang (Dark / Honey): 250g (25%) | Gunung Halu (Dark / Natural): 150g (15%) | total: 1000g,Best for Moka Pot
S-WIN-192,Winter,Seasonal Blend,Archipelago Winter Estate,Java Preanger Light WetHulled 70% | Arjuno Medium Honey 30%,Light,"Menemani hari hujan dengan sempurna, blend comforting ini memadukan biji-biji terbaik dari Java Preanger dan Arjuno. Diproses dengan metode Honey & WetHulled, menghadirkan profil rasa herb, macadamia, toffee yang kompleks namun harmonis. Sebuah perpaduan yang dirancang untuk memuaskan selera pecinta kopi sejati.",Clean,Java Preanger (Light / WetHulled): 700g (70%) | Arjuno (Medium / Honey): 300g (30%) | total: 1000g,Cocok untuk AeroPress
S-WIN-193,Winter,Seasonal Blend,Ember Winter Craft,Temanggung Dark SemiWashed 50% | Solok Radjo Medium Anaerobic 30% | Kerinci Kayu Aro Light Natural 20%,Medium,"Blend musim dingin yang menghangatkan jiwa, blend dark ini memadukan biji-biji terbaik dari Temanggung dan Solok Radjo dan Kerinci Kayu Aro. Diproses dengan metode SemiWashed & Natural, menghadirkan profil rasa fermented fruit, tamarind, cacao nib yang kompleks namun harmonis. Sebuah perpaduan yang dirancang untuk memuaskan selera pecinta kopi sejati.",Round,Temanggung (Dark / SemiWashed): 500g (50%) | Solok Radjo (Medium / Anaerobic): 300g (30%) | Kerinci Kayu Aro (Light / Natural): 200g (20%) | total: 1000g,Cocok untuk French Press & Espresso
S-WIN-194,Winter,Seasonal Blend,Elysian Winter Estate,Java Sindoro Dark SemiWashed 60% | Java Puntang Medium Anaerobic 25% | Java Ciwidey Light Washed 15%,Medium,"Blend musim dingin yang menghangatkan jiwa, blend intense ini memadukan biji-biji terbaik dari Java Sindoro dan Java Puntang dan Java Ciwidey. Diproses dengan metode SemiWashed & Washed, menghadirkan profil rasa tamarind, citrus, fermented fruit yang kompleks namun harmonis. Sebuah perpaduan yang dirancang untuk memuaskan selera pecinta kopi sejati.",Velvety,Java Sindoro (Dark / SemiWashed): 600g (60%) | Java Puntang (Medium / Anaerobic): 250g (25%) | Java Ciwidey (Light / Washed): 150g (15%) | total: 1000g,Cocok untuk French Press & Espresso
S-WIN-195,Winter,Seasonal Blend,Summit Winter Reserve,Aceh Gayo Dark Natural 65% | Flores Bajawa Dark WetHulled 35%,Dark,"Rasa tebal dan mengenyangkan, blend comforting ini memadukan biji-biji terbaik dari Aceh Gayo dan Flores Bajawa. Diproses dengan metode WetHulled & Natural, menghadirkan profil rasa licorice, dark tobacco, tar yang kompleks namun harmonis. Sebuah perpaduan yang dirancang untuk memuaskan selera pecinta kopi sejati.",Full Body,Aceh Gayo (Dark / Natural): 650g (65%) | Flores Bajawa (Dark / WetHulled): 350g (35%) | total: 1000g,Best for Espresso
S-WIN-196,Winter,Seasonal Blend,Copper Winter Craft,Java Garut Light SemiWashed 55% | Sembalun Rinjani Light Anaerobic 30% | Bukit Barisan Medium Washed 15%,Light,"Blend musim dingin yang menghangatkan jiwa, blend comforting ini memadukan biji-biji terbaik dari Java Garut dan Sembalun Rinjani dan Bukit Barisan. Diproses dengan metode SemiWashed & Washed, menghadirkan profil rasa rum raisin, lychee, almond yang kompleks namun harmonis. Sebuah perpaduan yang dirancang untuk memuaskan selera pecinta kopi sejati.",Tea-like,Java Garut (Light / SemiWashed): 550g (55%) | Sembalun Rinjani (Light / Anaerobic): 300g (30%) | Bukit Barisan (Medium / Washed): 150g (15%) | total: 1000g,Pour Over Recommended
S-WIN-197,Winter,Seasonal Blend,Serenity Winter Chapter,Java Ciwidey Dark Anaerobic 55% | Papua Wamena Light WetHulled 45%,Medium,"Cocok dinikmati di malam dingin, blend intense ini memadukan biji-biji terbaik dari Java Ciwidey dan Papua Wamena. Diproses dengan metode WetHulled & Anaerobic, menghadirkan profil rasa cedar, green pepper, tobacco leaf yang kompleks namun harmonis. Sebuah perpaduan yang dirancang untuk memuaskan selera pecinta kopi sejati.",Smooth,Java Ciwidey (Dark / Anaerobic): 550g (55%) | Papua Wamena (Light / WetHulled): 450g (45%) | total: 1000g,Versatile for Espresso & Filter
S-WIN-198,Winter,Seasonal Blend,Volcano Winter Estate,Flores Manggarai Light Wine 60% | Arjuno Dark Wine 25% | Bengkulu Dark Anaerobic 15%,Medium,"Menemani hari hujan dengan sempurna, blend comforting ini memadukan biji-biji terbaik dari Flores Manggarai dan Arjuno dan Bengkulu. Diproses dengan metode Wine & Anaerobic, menghadirkan profil rasa smoke, grape must, aged wine yang kompleks namun harmonis. Sebuah perpaduan yang dirancang untuk memuaskan selera pecinta kopi sejati.",Medium Body,Flores Manggarai (Light / Wine): 600g (60%) | Arjuno (Dark / Wine): 250g (25%) | Bengkulu (Dark / Anaerobic): 150g (15%) | total: 1000g,Cocok untuk French Press & Espresso
S-WIN-199,Winter,Seasonal Blend,Ember Winter Valley,Java Temanggung Light Wine 60% | Flores Bajawa Dark Natural 40%,Medium,"Rasa tebal dan mengenyangkan, blend dark ini memadukan biji-biji terbaik dari Java Temanggung dan Flores Bajawa. Diproses dengan metode Wine & Natural, menghadirkan profil rasa grape must, tar, licorice yang kompleks namun harmonis. Sebuah perpaduan yang dirancang untuk memuaskan selera pecinta kopi sejati.",Velvety,Java Temanggung (Light / Wine): 600g (60%) | Flores Bajawa (Dark / Natural): 400g (40%) | total: 1000g,Cocok untuk French Press & Espresso
S-WIN-200,Winter,Seasonal Blend,Bronze Winter Edition,Java Preanger Dark Honey 55% | Bali Kintamani Light Washed 30% | Bali Ulian Medium Wine 15%,Medium,"Rasa tebal dan mengenyangkan, blend bold ini memadukan biji-biji terbaik dari Java Preanger dan Bali Kintamani dan Bali Ulian. Diproses dengan metode Washed & Honey, menghadirkan profil rasa port wine, balsamic, jasmine yang kompleks namun harmonis. Sebuah perpaduan yang dirancang untuk memuaskan selera pecinta kopi sejati.",Velvety,Java Preanger (Dark / Honey): 550g (55%) | Bali Kintamani (Light / Washed): 300g (30%) | Bali Ulian (Medium / Wine): 150g (15%) | total: 1000g,Best for Moka Pot
S-WIN-201,Winter,Speciality Blend,Sovereign Winter Blend,Lintong Onan Medium Natural 65% | Lampung Robusta Premium Light Wine 35%,Light,"Menemani hari hujan dengan sempurna, blend intense ini memadukan biji-biji terbaik dari Lintong Onan dan Lampung Robusta Premium. Diproses dengan metode Wine & Natural, menghadirkan profil rasa blackcurrant, dark cherry, berry jam yang kompleks namun harmonis. Sebuah perpaduan yang dirancang untuk memuaskan selera pecinta kopi sejati.",Delicate,Lintong Onan (Medium / Natural): 650g (65%) | Lampung Robusta Premium (Light / Wine): 350g (35%) | total: 1000g,Best for V60
S-WIN-202,Winter,Speciality Blend,Pinnacle Winter Valley,Java Manglayang Medium Wine 70% | Semeru Medium Anaerobic 30%,Medium,"Menemani hari hujan dengan sempurna, blend intense ini memadukan biji-biji terbaik dari Java Manglayang dan Semeru. Diproses dengan metode Wine & Anaerobic, menghadirkan profil rasa roasted grape, espresso, fermented fruit yang kompleks namun harmonis. Sebuah perpaduan yang dirancang untuk memuaskan selera pecinta kopi sejati.",Medium Body,Java Manglayang (Medium / Wine): 700g (70%) | Semeru (Medium / Anaerobic): 300g (30%) | total: 1000g,Cocok untuk French Press & Espresso
S-WIN-203,Winter,Speciality Blend,Paragon Winter Reserve,Java Garut Light Wine 55% | Toraja Sapan Dark Wine 45%,Medium,"Rasa tebal dan mengenyangkan, blend dark ini memadukan biji-biji terbaik dari Java Garut dan Toraja Sapan. Diproses dengan metode Wine, menghadirkan profil rasa plum, blackcurrant, tobacco yang kompleks namun harmonis. Sebuah perpaduan yang dirancang untuk memuaskan selera pecinta kopi sejati.",Medium Body,Java Garut (Light / Wine): 550g (55%) | Toraja Sapan (Dark / Wine): 450g (45%) | total: 1000g,Versatile for Espresso & Filter
S-WIN-204,Winter,Speciality Blend,Pinnacle Winter Blend,Wanoja Kamojang Light Natural 50% | Flores Bajawa Light Anaerobic 25% | Java Temanggung Dark Anaerobic 25%,Light,"Cocok dinikmati di malam dingin, blend bold ini memadukan biji-biji terbaik dari Wanoja Kamojang dan Flores Bajawa dan Java Temanggung. Diproses dengan metode Natural & Anaerobic, menghadirkan profil rasa cola, tropical fruit, watermelon yang kompleks namun harmonis. Sebuah perpaduan yang dirancang untuk memuaskan selera pecinta kopi sejati.",Delicate,Wanoja Kamojang (Light / Natural): 500g (50%) | Flores Bajawa (Light / Anaerobic): 250g (25%) | Java Temanggung (Dark / Anaerobic): 250g (25%) | total: 1000g,Ideal for Chemex
S-WIN-205,Winter,Speciality Blend,Luxe Winter Valley,Toraja Sapan Light Anaerobic 60% | Java Sindoro Medium Natural 40%,Light,"Menemani hari hujan dengan sempurna, blend warming ini memadukan biji-biji terbaik dari Toraja Sapan dan Java Sindoro. Diproses dengan metode Natural & Anaerobic, menghadirkan profil rasa berry jam, cola, raspberry yang kompleks namun harmonis. Sebuah perpaduan yang dirancang untuk memuaskan selera pecinta kopi sejati.",Clean,Toraja Sapan (Light / Anaerobic): 600g (60%) | Java Sindoro (Medium / Natural): 400g (40%) | total: 1000g,Best for V60
S-WIN-206,Winter,Speciality Blend,Quintessential Winter Estate,Bali Ulian Light Wine 60% | Arjuno Medium Anaerobic 25% | Toraja Kalosi Light Natural 15%,Light,"Rasa tebal dan mengenyangkan, blend intense ini memadukan biji-biji terbaik dari Bali Ulian dan Arjuno dan Toraja Kalosi. Diproses dengan metode Wine & Natural, menghadirkan profil rasa dark cherry, blueberry, strawberry yang kompleks namun harmonis. Sebuah perpaduan yang dirancang untuk memuaskan selera pecinta kopi sejati.",Clean,Bali Ulian (Light / Wine): 600g (60%) | Arjuno (Medium / Anaerobic): 250g (25%) | Toraja Kalosi (Light / Natural): 150g (15%) | total: 1000g,Pour Over Recommended
S-WIN-207,Winter,Speciality Blend,Exclusive Winter Story,Toraja Kalosi Medium Natural 50% | Solok Radjo Light Wine 30% | Gunung Halu Dark Anaerobic 20%,Medium,"Menemani hari hujan dengan sempurna, blend dark ini memadukan biji-biji terbaik dari Toraja Kalosi dan Solok Radjo dan Gunung Halu. Diproses dengan metode Wine & Natural, menghadirkan profil rasa dark chocolate, dark cherry, dark rum yang kompleks namun harmonis. Sebuah perpaduan yang dirancang untuk memuaskan selera pecinta kopi sejati.",Smooth,Toraja Kalosi (Medium / Natural): 500g (50%) | Solok Radjo (Light / Wine): 300g (30%) | Gunung Halu (Dark / Anaerobic): 200g (20%) | total: 1000g,Cocok untuk French Press & Espresso
S-WIN-208,Winter,Speciality Blend,Luxe Winter Blend,Java Garut Dark Natural 40% | Java Temanggung Light Natural 35% | Bengkulu Dark Natural 25%,Medium,"Rasa tebal dan mengenyangkan, blend intense ini memadukan biji-biji terbaik dari Java Garut dan Java Temanggung dan Bengkulu. Diproses dengan metode Natural, menghadirkan profil rasa dark berry, tar, strawberry yang kompleks namun harmonis. Sebuah perpaduan yang dirancang untuk memuaskan selera pecinta kopi sejati.",Round,Java Garut (Dark / Natural): 400g (40%) | Java Temanggung (Light / Natural): 350g (35%) | Bengkulu (Dark / Natural): 250g (25%) | total: 1000g,Cocok untuk French Press & Espresso
S-WIN-209,Winter,Speciality Blend,Exclusive Winter Valley,Java Puntang Medium Anaerobic 45% | Sembalun Rinjani Light Wine 35% | Wanoja Kamojang Medium Anaerobic 20%,Light,"Cocok dinikmati di malam dingin, blend comforting ini memadukan biji-biji terbaik dari Java Puntang dan Sembalun Rinjani dan Wanoja Kamojang. Diproses dengan metode Wine & Anaerobic, menghadirkan profil rasa cacao nib, wine, tamarind yang kompleks namun harmonis. Sebuah perpaduan yang dirancang untuk memuaskan selera pecinta kopi sejati.",Tea-like,Java Puntang (Medium / Anaerobic): 450g (45%) | Sembalun Rinjani (Light / Wine): 350g (35%) | Wanoja Kamojang (Medium / Anaerobic): 200g (20%) | total: 1000g,Cocok untuk AeroPress
S-WIN-210,Winter,Speciality Blend,Exceptional Winter Craft,Lampung Robusta Premium Dark Anaerobic 50% | Java Ciwidey Light Wine 50%,Medium,"Cocok dinikmati di malam dingin, blend dark ini memadukan biji-biji terbaik dari Lampung Robusta Premium dan Java Ciwidey. Diproses dengan metode Wine & Anaerobic, menghadirkan profil rasa black cherry, fermented cocoa, dark rum yang kompleks namun harmonis. Sebuah perpaduan yang dirancang untuk memuaskan selera pecinta kopi sejati.",Balanced,Lampung Robusta Premium (Dark / Anaerobic): 500g (50%) | Java Ciwidey (Light / Wine): 500g (50%) | total: 1000g,Best for Moka Pot
S-WIN-211,Winter,Speciality Blend,Hallmark Winter Select,Java Ciwidey Dark Anaerobic 40% | Bengkulu Medium Wine 60%,Medium,"Menemani hari hujan dengan sempurna, blend comforting ini memadukan biji-biji terbaik dari Java Ciwidey dan Bengkulu. Diproses dengan metode Wine & Anaerobic, menghadirkan profil rasa espresso, dark plum, dark rum yang kompleks namun harmonis. Sebuah perpaduan yang dirancang untuk memuaskan selera pecinta kopi sejati.",Round,Java Ciwidey (Dark / Anaerobic): 400g (40%) | Bengkulu (Medium / Wine): 600g (60%) | total: 1000g,Versatile for Espresso & Filter
S-WIN-212,Winter,Speciality Blend,Elite Winter Signature,Toraja Kalosi Medium Natural 45% | Toraja Sapan Medium Anaerobic 55%,Medium,"Blend musim dingin yang menghangatkan jiwa, blend bold ini memadukan biji-biji terbaik dari Toraja Kalosi dan Toraja Sapan. Diproses dengan metode Natural & Anaerobic, menghadirkan profil rasa fermented fruit, cacao nib, prune yang kompleks namun harmonis. Sebuah perpaduan yang dirancang untuk memuaskan selera pecinta kopi sejati.",Round,Toraja Kalosi (Medium / Natural): 450g (45%) | Toraja Sapan (Medium / Anaerobic): 550g (55%) | total: 1000g,Best for Moka Pot
S-WIN-213,Winter,Speciality Blend,Quintessential Winter Ridge,Java Manglayang Dark Anaerobic 40% | Aceh Gayo Medium Anaerobic 35% | Java Manglayang Medium Anaerobic 25%,Medium,"Cocok dinikmati di malam dingin, blend intense ini memadukan biji-biji terbaik dari Java Manglayang dan Aceh Gayo dan Java Manglayang. Diproses dengan metode Anaerobic, menghadirkan profil rasa fermented cocoa, smoke, cacao nib yang kompleks namun harmonis. Sebuah perpaduan yang dirancang untuk memuaskan selera pecinta kopi sejati.",Smooth,Java Manglayang (Dark / Anaerobic): 400g (40%) | Aceh Gayo (Medium / Anaerobic): 350g (35%) | Java Manglayang (Medium / Anaerobic): 250g (25%) | total: 1000g,Versatile for Espresso & Filter
S-WIN-214,Winter,Speciality Blend,Rare Winter Legacy,Lampung Robusta Premium Light Natural 40% | Dampit Malang Dark Wine 60%,Medium,"Rasa tebal dan mengenyangkan, blend intense ini memadukan biji-biji terbaik dari Lampung Robusta Premium dan Dampit Malang. Diproses dengan metode Wine & Natural, menghadirkan profil rasa blueberry, dark espresso, tobacco yang kompleks namun harmonis. Sebuah perpaduan yang dirancang untuk memuaskan selera pecinta kopi sejati.",Round,Lampung Robusta Premium (Light / Natural): 400g (40%) | Dampit Malang (Dark / Wine): 600g (60%) | total: 1000g,Cocok untuk French Press & Espresso
S-WIN-215,Winter,Speciality Blend,Benchmark Winter Peak,Lintong Onan Light Anaerobic 45% | Kerinci Kayu Aro Light Wine 55%,Light,"Blend musim dingin yang menghangatkan jiwa, blend intense ini memadukan biji-biji terbaik dari Lintong Onan dan Kerinci Kayu Aro. Diproses dengan metode Wine & Anaerobic, menghadirkan profil rasa cola, blackcurrant, lychee yang kompleks namun harmonis. Sebuah perpaduan yang dirancang untuk memuaskan selera pecinta kopi sejati.",Light Body,Lintong Onan (Light / Anaerobic): 450g (45%) | Kerinci Kayu Aro (Light / Wine): 550g (55%) | total: 1000g,Pour Over Recommended
S-WIN-216,Winter,Speciality Blend,Luxe Winter Crest,Java Sindoro Light Wine 50% | Papua Wamena Dark Wine 25% | Aceh Gayo Medium Anaerobic 25%,Medium,"Rasa tebal dan mengenyangkan, blend comforting ini memadukan biji-biji terbaik dari Java Sindoro dan Papua Wamena dan Aceh Gayo. Diproses dengan metode Wine & Anaerobic, menghadirkan profil rasa tobacco, grape must, tropical punch yang kompleks namun harmonis. Sebuah perpaduan yang dirancang untuk memuaskan selera pecinta kopi sejati.",Round,Java Sindoro (Light / Wine): 500g (50%) | Papua Wamena (Dark / Wine): 250g (25%) | Aceh Gayo (Medium / Anaerobic): 250g (25%) | total: 1000g,Versatile for Espresso & Filter
S-WIN-217,Winter,Speciality Blend,Crown Winter Story,Java Manglayang Medium Anaerobic 55% | Java Temanggung Light Wine 30% | Toraja Kalosi Dark Natural 15%,Medium,"Rasa tebal dan mengenyangkan, blend spiced ini memadukan biji-biji terbaik dari Java Manglayang dan Java Temanggung dan Toraja Kalosi. Diproses dengan metode Wine & Natural, menghadirkan profil rasa licorice, plum, tamarind yang kompleks namun harmonis. Sebuah perpaduan yang dirancang untuk memuaskan selera pecinta kopi sejati.",Velvety,Java Manglayang (Medium / Anaerobic): 550g (55%) | Java Temanggung (Light / Wine): 300g (30%) | Toraja Kalosi (Dark / Natural): 150g (15%) | total: 1000g,Versatile for Espresso & Filter
S-WIN-218,Winter,Speciality Blend,Masterwork Winter Collection,Dampit Malang Medium Anaerobic 40% | Sembalun Rinjani Medium Wine 60%,Medium,"Rasa tebal dan mengenyangkan, blend dark ini memadukan biji-biji terbaik dari Dampit Malang dan Sembalun Rinjani. Diproses dengan metode Wine & Anaerobic, menghadirkan profil rasa tamarind, port wine, espresso yang kompleks namun harmonis. Sebuah perpaduan yang dirancang untuk memuaskan selera pecinta kopi sejati.",Balanced,Dampit Malang (Medium / Anaerobic): 400g (40%) | Sembalun Rinjani (Medium / Wine): 600g (60%) | total: 1000g,Best for Moka Pot
S-WIN-219,Winter,Speciality Blend,Luxe Winter Estate,Java Ciwidey Medium Anaerobic 50% | Papua Wamena Dark Wine 25% | Java Manglayang Medium Wine 25%,Medium,"Rasa tebal dan mengenyangkan, blend intense ini memadukan biji-biji terbaik dari Java Ciwidey dan Papua Wamena dan Java Manglayang. Diproses dengan metode Wine & Anaerobic, menghadirkan profil rasa tropical punch, espresso, dark plum yang kompleks namun harmonis. Sebuah perpaduan yang dirancang untuk memuaskan selera pecinta kopi sejati.",Medium Body,Java Ciwidey (Medium / Anaerobic): 500g (50%) | Papua Wamena (Dark / Wine): 250g (25%) | Java Manglayang (Medium / Wine): 250g (25%) | total: 1000g,Cocok untuk French Press & Espresso
S-WIN-220,Winter,Speciality Blend,Benchmark Winter Story,Java Temanggung Light Wine 60% | Java Ijen Raung Dark Wine 25% | Lintong Onan Medium Natural 15%,Light,"Cocok dinikmati di malam dingin, blend spiced ini memadukan biji-biji terbaik dari Java Temanggung dan Java Ijen Raung dan Lintong Onan. Diproses dengan metode Wine & Natural, menghadirkan profil rasa prune, aged wine, dark espresso yang kompleks namun harmonis. Sebuah perpaduan yang dirancang untuk memuaskan selera pecinta kopi sejati.",Clean,Java Temanggung (Light / Wine): 600g (60%) | Java Ijen Raung (Dark / Wine): 250g (25%) | Lintong Onan (Medium / Natural): 150g (15%) | total: 1000g,Best for V60
S-WIN-221,Winter,Speciality Blend,Rare Winter Spring,Papua Dogiyai Medium Anaerobic 50% | Java Ijen Raung Light Anaerobic 50%,Light,"Rasa tebal dan mengenyangkan, blend spiced ini memadukan biji-biji terbaik dari Papua Dogiyai dan Java Ijen Raung. Diproses dengan metode Anaerobic, menghadirkan profil rasa rum raisin, tamarind, passion fruit yang kompleks namun harmonis. Sebuah perpaduan yang dirancang untuk memuaskan selera pecinta kopi sejati.",Delicate,Papua Dogiyai (Medium / Anaerobic): 500g (50%) | Java Ijen Raung (Light / Anaerobic): 500g (50%) | total: 1000g,Cocok untuk AeroPress
S-WIN-222,Winter,Speciality Blend,Opulent Winter Blend,Java Manglayang Light Anaerobic 45% | Flores Manggarai Medium Anaerobic 35% | Java Ciwidey Dark Wine 20%,Medium,"Rasa tebal dan mengenyangkan, blend intense ini memadukan biji-biji terbaik dari Java Manglayang dan Flores Manggarai dan Java Ciwidey. Diproses dengan metode Wine & Anaerobic, menghadirkan profil rasa dark espresso, tamarind, cola yang kompleks namun harmonis. Sebuah perpaduan yang dirancang untuk memuaskan selera pecinta kopi sejati.",Balanced,Java Manglayang (Light / Anaerobic): 450g (45%) | Flores Manggarai (Medium / Anaerobic): 350g (35%) | Java Ciwidey (Dark / Wine): 200g (20%) | total: 1000g,Versatile for Espresso & Filter
S-WIN-223,Winter,Speciality Blend,Hallmark Winter Origin,Flores Manggarai Dark Natural 70% | Temanggung Dark Wine 30%,Dark,"Menemani hari hujan dengan sempurna, blend bold ini memadukan biji-biji terbaik dari Flores Manggarai dan Temanggung. Diproses dengan metode Wine & Natural, menghadirkan profil rasa espresso, tobacco, dark espresso yang kompleks namun harmonis. Sebuah perpaduan yang dirancang untuk memuaskan selera pecinta kopi sejati.",Thick,Flores Manggarai (Dark / Natural): 700g (70%) | Temanggung (Dark / Wine): 300g (30%) | total: 1000g,Cocok untuk Cold Brew
S-WIN-224,Winter,Speciality Blend,Masterwork Winter Signature,Lampung Robusta Premium Light Anaerobic 40% | Papua Wamena Light Wine 35% | Java Preanger Dark Wine 25%,Light,"Menemani hari hujan dengan sempurna, blend dark ini memadukan biji-biji terbaik dari Lampung Robusta Premium dan Papua Wamena dan Java Preanger. Diproses dengan metode Wine & Anaerobic, menghadirkan profil rasa grape must, smoked plum, wine yang kompleks namun harmonis. Sebuah perpaduan yang dirancang untuk memuaskan selera pecinta kopi sejati.",Clean,Lampung Robusta Premium (Light / Anaerobic): 400g (40%) | Papua Wamena (Light / Wine): 350g (35%) | Java Preanger (Dark / Wine): 250g (25%) | total: 1000g,Ideal for Chemex
S-WIN-225,Winter,Speciality Blend,Exceptional Winter Estate,Java Preanger Dark Anaerobic 50% | Java Ijen Raung Light Natural 50%,Medium,"Blend musim dingin yang menghangatkan jiwa, blend dark ini memadukan biji-biji terbaik dari Java Preanger dan Java Ijen Raung. Diproses dengan metode Natural & Anaerobic, menghadirkan profil rasa strawberry, dark rum, blueberry yang kompleks namun harmonis. Sebuah perpaduan yang dirancang untuk memuaskan selera pecinta kopi sejati.",Smooth,Java Preanger (Dark / Anaerobic): 500g (50%) | Java Ijen Raung (Light / Natural): 500g (50%) | total: 1000g,Best for Moka Pot
S-WIN-226,Winter,Speciality Blend,Quintessential Winter Valley,Sidikalang Dark Natural 50% | Aceh Gayo Medium Anaerobic 30% | Aceh Gayo Medium Wine 20%,Dark,"Menemani hari hujan dengan sempurna, blend intense ini memadukan biji-biji terbaik dari Sidikalang dan Aceh Gayo dan Aceh Gayo. Diproses dengan metode Wine & Natural, menghadirkan profil rasa espresso, dark berry, port wine yang kompleks namun harmonis. Sebuah perpaduan yang dirancang untuk memuaskan selera pecinta kopi sejati.",Thick,Sidikalang (Dark / Natural): 500g (50%) | Aceh Gayo (Medium / Anaerobic): 300g (30%) | Aceh Gayo (Medium / Wine): 200g (20%) | total: 1000g,Best for Batch Brew
S-WIN-227,Winter,Speciality Blend,Rare Winter Edition,Lintong Onan Dark Natural 70% | Java Ijen Raung Light Anaerobic 30%,Medium,"Menemani hari hujan dengan sempurna, blend spiced ini memadukan biji-biji terbaik dari Lintong Onan dan Java Ijen Raung. Diproses dengan metode Natural & Anaerobic, menghadirkan profil rasa lychee, licorice, cola yang kompleks namun harmonis. Sebuah perpaduan yang dirancang untuk memuaskan selera pecinta kopi sejati.",Smooth,Lintong Onan (Dark / Natural): 700g (70%) | Java Ijen Raung (Light / Anaerobic): 300g (30%) | total: 1000g,Cocok untuk French Press & Espresso
S-WIN-228,Winter,Speciality Blend,Elite Winter Origin,Dampit Malang Medium Anaerobic 40% | Java Garut Medium Natural 35% | Java Puntang Medium Natural 25%,Medium,"Menemani hari hujan dengan sempurna, blend warming ini memadukan biji-biji terbaik dari Dampit Malang dan Java Garut dan Java Puntang. Diproses dengan metode Natural & Anaerobic, menghadirkan profil rasa berry jam, cacao nib, dried fig yang kompleks namun harmonis. Sebuah perpaduan yang dirancang untuk memuaskan selera pecinta kopi sejati.",Round,Dampit Malang (Medium / Anaerobic): 400g (40%) | Java Garut (Medium / Natural): 350g (35%) | Java Puntang (Medium / Natural): 250g (25%) | total: 1000g,Cocok untuk French Press & Espresso
S-WIN-229,Winter,Speciality Blend,Exceptional Winter Journey,Java Preanger Light Wine 40% | Mandheling Light Anaerobic 35% | Kerinci Kayu Aro Dark Wine 25%,Light,"Menemani hari hujan dengan sempurna, blend intense ini memadukan biji-biji terbaik dari Java Preanger dan Mandheling dan Kerinci Kayu Aro. Diproses dengan metode Wine & Anaerobic, menghadirkan profil rasa smoked plum, tobacco, passion fruit yang kompleks namun harmonis. Sebuah perpaduan yang dirancang untuk memuaskan selera pecinta kopi sejati.",Clean,Java Preanger (Light / Wine): 400g (40%) | Mandheling (Light / Anaerobic): 350g (35%) | Kerinci Kayu Aro (Dark / Wine): 250g (25%) | total: 1000g,Ideal for Chemex
S-WIN-230,Winter,Speciality Blend,Elite Winter Legacy,Java Garut Medium Natural 55% | Bengkulu Light Natural 30% | Solok Radjo Light Natural 15%,Light,"Menemani hari hujan dengan sempurna, blend dark ini memadukan biji-biji terbaik dari Java Garut dan Bengkulu dan Solok Radjo. Diproses dengan metode Natural, menghadirkan profil rasa dried fig, hibiscus, tropical fruit yang kompleks namun harmonis. Sebuah perpaduan yang dirancang untuk memuaskan selera pecinta kopi sejati.",Light Body,Java Garut (Medium / Natural): 550g (55%) | Bengkulu (Light / Natural): 300g (30%) | Solok Radjo (Light / Natural): 150g (15%) | total: 1000g,Best for V60
S-WIN-231,Winter,Speciality Blend,Exceptional Winter Chapter,Sembalun Rinjani Medium Anaerobic 50% | Semeru Dark Natural 30% | Dampit Malang Light Anaerobic 20%,Medium,"Blend musim dingin yang menghangatkan jiwa, blend intense ini memadukan biji-biji terbaik dari Sembalun Rinjani dan Semeru dan Dampit Malang. Diproses dengan metode Natural & Anaerobic, menghadirkan profil rasa espresso, tropical punch, cola yang kompleks namun harmonis. Sebuah perpaduan yang dirancang untuk memuaskan selera pecinta kopi sejati.",Velvety,Sembalun Rinjani (Medium / Anaerobic): 500g (50%) | Semeru (Dark / Natural): 300g (30%) | Dampit Malang (Light / Anaerobic): 200g (20%) | total: 1000g,Cocok untuk French Press & Espresso
S-WIN-232,Winter,Speciality Blend,Quintessential Winter Reserve,Bali Kintamani Medium Natural 40% | Java Preanger Light Anaerobic 35% | Java Puntang Dark Natural 25%,Medium,"Menemani hari hujan dengan sempurna, blend comforting ini memadukan biji-biji terbaik dari Bali Kintamani dan Java Preanger dan Java Puntang. Diproses dengan metode Natural & Anaerobic, menghadirkan profil rasa passion fruit, charcoal, licorice yang kompleks namun harmonis. Sebuah perpaduan yang dirancang untuk memuaskan selera pecinta kopi sejati.",Velvety,Bali Kintamani (Medium / Natural): 400g (40%) | Java Preanger (Light / Anaerobic): 350g (35%) | Java Puntang (Dark / Natural): 250g (25%) | total: 1000g,Best for Moka Pot
S-WIN-233,Winter,Speciality Blend,Pinnacle Winter Fusion,Bali Ulian Medium Natural 55% | Java Manglayang Dark Anaerobic 45%,Medium,"Rasa tebal dan mengenyangkan, blend intense ini memadukan biji-biji terbaik dari Bali Ulian dan Java Manglayang. Diproses dengan metode Natural & Anaerobic, menghadirkan profil rasa dark chocolate, berry jam, black cherry yang kompleks namun harmonis. Sebuah perpaduan yang dirancang untuk memuaskan selera pecinta kopi sejati.",Smooth,Bali Ulian (Medium / Natural): 550g (55%) | Java Manglayang (Dark / Anaerobic): 450g (45%) | total: 1000g,Cocok untuk French Press & Espresso
S-WIN-234,Winter,Speciality Blend,Quintessential Winter Fusion,Flores Bajawa Medium Natural 45% | Temanggung Dark Anaerobic 35% | Temanggung Medium Natural 20%,Medium,"Cocok dinikmati di malam dingin, blend warming ini memadukan biji-biji terbaik dari Flores Bajawa dan Temanggung dan Temanggung. Diproses dengan metode Natural & Anaerobic, menghadirkan profil rasa molasses, fermented cocoa, dark chocolate yang kompleks namun harmonis. Sebuah perpaduan yang dirancang untuk memuaskan selera pecinta kopi sejati.",Balanced,Flores Bajawa (Medium / Natural): 450g (45%) | Temanggung (Dark / Anaerobic): 350g (35%) | Temanggung (Medium / Natural): 200g (20%) | total: 1000g,Best for Moka Pot
S-WIN-235,Winter,Speciality Blend,Crown Winter Legacy,Wanoja Kamojang Dark Anaerobic 45% | Flores Bajawa Light Anaerobic 35% | Java Preanger Medium Anaerobic 20%,Medium,"Blend musim dingin yang menghangatkan jiwa, blend comforting ini memadukan biji-biji terbaik dari Wanoja Kamojang dan Flores Bajawa dan Java Preanger. Diproses dengan metode Anaerobic, menghadirkan profil rasa rum raisin, tamarind, cacao nib yang kompleks namun harmonis. Sebuah perpaduan yang dirancang untuk memuaskan selera pecinta kopi sejati.",Round,Wanoja Kamojang (Dark / Anaerobic): 450g (45%) | Flores Bajawa (Light / Anaerobic): 350g (35%) | Java Preanger (Medium / Anaerobic): 200g (20%) | total: 1000g,Cocok untuk French Press & Espresso
S-WIN-236,Winter,Speciality Blend,Masterwork Winter Craft,Solok Radjo Dark Wine 55% | Arjuno Dark Natural 45%,Dark,"Menemani hari hujan dengan sempurna, blend intense ini memadukan biji-biji terbaik dari Solok Radjo dan Arjuno. Diproses dengan metode Wine & Natural, menghadirkan profil rasa tobacco, charcoal, licorice yang kompleks namun harmonis. Sebuah perpaduan yang dirancang untuk memuaskan selera pecinta kopi sejati.",Syrupy,Solok Radjo (Dark / Wine): 550g (55%) | Arjuno (Dark / Natural): 450g (45%) | total: 1000g,Ideal untuk Ristretto
S-WIN-237,Winter,Speciality Blend,Benchmark Winter Origin,Toraja Sapan Dark Wine 60% | Bukit Barisan Medium Natural 25% | Wanoja Kamojang Light Natural 15%,Medium,"Blend musim dingin yang menghangatkan jiwa, blend spiced ini memadukan biji-biji terbaik dari Toraja Sapan dan Bukit Barisan dan Wanoja Kamojang. Diproses dengan metode Wine & Natural, menghadirkan profil rasa molasses, watermelon, dark espresso yang kompleks namun harmonis. Sebuah perpaduan yang dirancang untuk memuaskan selera pecinta kopi sejati.",Balanced,Toraja Sapan (Dark / Wine): 600g (60%) | Bukit Barisan (Medium / Natural): 250g (25%) | Wanoja Kamojang (Light / Natural): 150g (15%) | total: 1000g,Versatile for Espresso & Filter
S-WIN-238,Winter,Speciality Blend,Distinguished Winter Story,Papua Dogiyai Medium Natural 50% | Solok Radjo Light Wine 25% | Dampit Malang Dark Wine 25%,Medium,"Rasa tebal dan mengenyangkan, blend warming ini memadukan biji-biji terbaik dari Papua Dogiyai dan Solok Radjo dan Dampit Malang. Diproses dengan metode Wine & Natural, menghadirkan profil rasa molasses, dark cherry, aged wine yang kompleks namun harmonis. Sebuah perpaduan yang dirancang untuk memuaskan selera pecinta kopi sejati.",Velvety,Papua Dogiyai (Medium / Natural): 500g (50%) | Solok Radjo (Light / Wine): 250g (25%) | Dampit Malang (Dark / Wine): 250g (25%) | total: 1000g,Best for Moka Pot
S-WIN-239,Winter,Speciality Blend,Exceptional Winter Peak,Toraja Kalosi Medium Natural 45% | Toraja Kalosi Light Anaerobic 35% | Java Ciwidey Medium Natural 20%,Light,"Rasa tebal dan mengenyangkan, blend comforting ini memadukan biji-biji terbaik dari Toraja Kalosi dan Toraja Kalosi dan Java Ciwidey. Diproses dengan metode Natural & Anaerobic, menghadirkan profil rasa berry jam, dried fig, raspberry yang kompleks namun harmonis. Sebuah perpaduan yang dirancang untuk memuaskan selera pecinta kopi sejati.",Light Body,Toraja Kalosi (Medium / Natural): 450g (45%) | Toraja Kalosi (Light / Anaerobic): 350g (35%) | Java Ciwidey (Medium / Natural): 200g (20%) | total: 1000g,Cocok untuk AeroPress
S-WIN-240,Winter,Speciality Blend,Exceptional Winter Ridge,Toraja Kalosi Dark Natural 50% | Papua Dogiyai Medium Natural 50%,Dark,"Menemani hari hujan dengan sempurna, blend warming ini memadukan biji-biji terbaik dari Toraja Kalosi dan Papua Dogiyai. Diproses dengan metode Natural, menghadirkan profil rasa dried fig, dark berry, tar yang kompleks namun harmonis. Sebuah perpaduan yang dirancang untuk memuaskan selera pecinta kopi sejati.",Full Body,Toraja Kalosi (Dark / Natural): 500g (50%) | Papua Dogiyai (Medium / Natural): 500g (50%) | total: 1000g,Ideal untuk Ristretto
S-WIN-241,Winter,Speciality Blend,Sovereign Winter Signature,Toraja Sapan Medium Anaerobic 50% | Java Manglayang Light Wine 30% | Bali Ulian Medium Natural 20%,Medium,"Blend musim dingin yang menghangatkan jiwa, blend dark ini memadukan biji-biji terbaik dari Toraja Sapan dan Java Manglayang dan Bali Ulian. Diproses dengan metode Wine & Natural, menghadirkan profil rasa dried fig, blackcurrant, prune yang kompleks namun harmonis. Sebuah perpaduan yang dirancang untuk memuaskan selera pecinta kopi sejati.",Round,Toraja Sapan (Medium / Anaerobic): 500g (50%) | Java Manglayang (Light / Wine): 300g (30%) | Bali Ulian (Medium / Natural): 200g (20%) | total: 1000g,Versatile for Espresso & Filter
S-WIN-242,Winter,Speciality Blend,Grand Winter Crest,Gunung Halu Dark Anaerobic 45% | Mandheling Medium Natural 35% | Bukit Barisan Medium Wine 20%,Medium,"Cocok dinikmati di malam dingin, blend spiced ini memadukan biji-biji terbaik dari Gunung Halu dan Mandheling dan Bukit Barisan. Diproses dengan metode Wine & Natural, menghadirkan profil rasa espresso, port wine, smoke yang kompleks namun harmonis. Sebuah perpaduan yang dirancang untuk memuaskan selera pecinta kopi sejati.",Velvety,Gunung Halu (Dark / Anaerobic): 450g (45%) | Mandheling (Medium / Natural): 350g (35%) | Bukit Barisan (Medium / Wine): 200g (20%) | total: 1000g,Best for Moka Pot
S-WIN-243,Winter,Speciality Blend,Apex Winter Fusion,Lampung Robusta Premium Medium Anaerobic 40% | Papua Wamena Dark Natural 35% | Bengkulu Light Anaerobic 25%,Medium,"Rasa tebal dan mengenyangkan, blend warming ini memadukan biji-biji terbaik dari Lampung Robusta Premium dan Papua Wamena dan Bengkulu. Diproses dengan metode Natural & Anaerobic, menghadirkan profil rasa fermented fruit, rum raisin, raspberry yang kompleks namun harmonis. Sebuah perpaduan yang dirancang untuk memuaskan selera pecinta kopi sejati.",Balanced,Lampung Robusta Premium (Medium / Anaerobic): 400g (40%) | Papua Wamena (Dark / Natural): 350g (35%) | Bengkulu (Light / Anaerobic): 250g (25%) | total: 1000g,Cocok untuk French Press & Espresso
S-WIN-244,Winter,Speciality Blend,Sovereign Winter Reserve,Java Garut Light Natural 65% | Bali Kintamani Light Anaerobic 35%,Light,"Rasa tebal dan mengenyangkan, blend dark ini memadukan biji-biji terbaik dari Java Garut dan Bali Kintamani. Diproses dengan metode Natural & Anaerobic, menghadirkan profil rasa passion fruit, blueberry, tropical fruit yang kompleks namun harmonis. Sebuah perpaduan yang dirancang untuk memuaskan selera pecinta kopi sejati.",Tea-like,Java Garut (Light / Natural): 650g (65%) | Bali Kintamani (Light / Anaerobic): 350g (35%) | total: 1000g,Ideal for Chemex
S-WIN-245,Winter,Speciality Blend,Paragon Winter Series,Java Garut Medium Wine 45% | Sembalun Rinjani Light Wine 35% | Java Ciwidey Dark Wine 20%,Medium,"Blend musim dingin yang menghangatkan jiwa, blend spiced ini memadukan biji-biji terbaik dari Java Garut dan Sembalun Rinjani dan Java Ciwidey. Diproses dengan metode Wine, menghadirkan profil rasa dark espresso, roasted grape, balsamic yang kompleks namun harmonis. Sebuah perpaduan yang dirancang untuk memuaskan selera pecinta kopi sejati.",Velvety,Java Garut (Medium / Wine): 450g (45%) | Sembalun Rinjani (Light / Wine): 350g (35%) | Java Ciwidey (Dark / Wine): 200g (20%) | total: 1000g,Best for Moka Pot
S-WIN-246,Winter,Speciality Blend,Exclusive Winter Blend,Temanggung Light Anaerobic 50% | Lampung Robusta Premium Dark Natural 50%,Medium,"Rasa tebal dan mengenyangkan, blend comforting ini memadukan biji-biji terbaik dari Temanggung dan Lampung Robusta Premium. Diproses dengan metode Natural & Anaerobic, menghadirkan profil rasa rum raisin, licorice, charcoal yang kompleks namun harmonis. Sebuah perpaduan yang dirancang untuk memuaskan selera pecinta kopi sejati.",Balanced,Temanggung (Light / Anaerobic): 500g (50%) | Lampung Robusta Premium (Dark / Natural): 500g (50%) | total: 1000g,Best for Moka Pot
S-WIN-247,Winter,Speciality Blend,Paragon Winter Peak,Bali Kintamani Light Anaerobic 55% | Wanoja Kamojang Dark Anaerobic 30% | Toraja Kalosi Light Wine 15%,Light,"Rasa tebal dan mengenyangkan, blend spiced ini memadukan biji-biji terbaik dari Bali Kintamani dan Wanoja Kamojang dan Toraja Kalosi. Diproses dengan metode Wine & Anaerobic, menghadirkan profil rasa fermented cocoa, cola, rum raisin yang kompleks namun harmonis. Sebuah perpaduan yang dirancang untuk memuaskan selera pecinta kopi sejati.",Silky,Bali Kintamani (Light / Anaerobic): 550g (55%) | Wanoja Kamojang (Dark / Anaerobic): 300g (30%) | Toraja Kalosi (Light / Wine): 150g (15%) | total: 1000g,Pour Over Recommended
S-WIN-248,Winter,Speciality Blend,Benchmark Winter Estate,Flores Manggarai Dark Natural 45% | Bukit Barisan Dark Natural 35% | Solok Radjo Dark Natural 20%,Dark,"Rasa tebal dan mengenyangkan, blend intense ini memadukan biji-biji terbaik dari Flores Manggarai dan Bukit Barisan dan Solok Radjo. Diproses dengan metode Natural, menghadirkan profil rasa espresso, dark berry, licorice yang kompleks namun harmonis. Sebuah perpaduan yang dirancang untuk memuaskan selera pecinta kopi sejati.",Heavy Body,Flores Manggarai (Dark / Natural): 450g (45%) | Bukit Barisan (Dark / Natural): 350g (35%) | Solok Radjo (Dark / Natural): 200g (20%) | total: 1000g,Best for Espresso
S-WIN-249,Winter,Speciality Blend,Elite Winter Craft,Java Manglayang Light Wine 65% | Flores Manggarai Dark Anaerobic 35%,Medium,"Cocok dinikmati di malam dingin, blend bold ini memadukan biji-biji terbaik dari Java Manglayang dan Flores Manggarai. Diproses dengan metode Wine & Anaerobic, menghadirkan profil rasa black cherry, wine, dark rum yang kompleks namun harmonis. Sebuah perpaduan yang dirancang untuk memuaskan selera pecinta kopi sejati.",Smooth,Java Manglayang (Light / Wine): 650g (65%) | Flores Manggarai (Dark / Anaerobic): 350g (35%) | total: 1000g,Cocok untuk French Press & Espresso
S-WIN-250,Winter,Speciality Blend,Paragon Winter Origin,Sidikalang Light Natural 55% | Papua Dogiyai Medium Natural 45%,Light,"Blend musim dingin yang menghangatkan jiwa, blend spiced ini memadukan biji-biji terbaik dari Sidikalang dan Papua Dogiyai. Diproses dengan metode Natural, menghadirkan profil rasa blueberry, hibiscus, tropical fruit yang kompleks namun harmonis. Sebuah perpaduan yang dirancang untuk memuaskan selera pecinta kopi sejati.",Delicate,Sidikalang (Light / Natural): 550g (55%) | Papua Dogiyai (Medium / Natural): 450g (45%) | total: 1000g,Pour Over Recommended
S-SUM-001,Summer,Seasonal Blend,Midnight Summer Chapter,Toraja Sapan Light Anaerobic 40% | Bali Kintamani Medium Washed 35% | Bengkulu Light Washed 25%,Light,"Segar dan penuh semangat, blend vibrant ini memadukan biji-biji terbaik dari Toraja Sapan dan Bali Kintamani dan Bengkulu. Diproses dengan metode Washed & Anaerobic, menghadirkan profil rasa caramel, lychee, hazelnut yang kompleks namun harmonis. Sebuah perpaduan yang dirancang untuk memuaskan selera pecinta kopi sejati.",Silky,Toraja Sapan (Light / Anaerobic): 400g (40%) | Bali Kintamani (Medium / Washed): 350g (35%) | Bengkulu (Light / Washed): 250g (25%) | total: 1000g,Cocok untuk AeroPress
S-SUM-002,Summer,Seasonal Blend,Whisper Summer Legacy,Wanoja Kamojang Dark Natural 60% | Papua Wamena Light WetHulled 25% | Aceh Gayo Light WetHulled 15%,Medium,"Karakter buah tropis yang menawan, blend lively ini memadukan biji-biji terbaik dari Wanoja Kamojang dan Papua Wamena dan Aceh Gayo. Diproses dengan metode WetHulled & Natural, menghadirkan profil rasa tobacco leaf, licorice, herb yang kompleks namun harmonis. Sebuah perpaduan yang dirancang untuk memuaskan selera pecinta kopi sejati.",Balanced,Wanoja Kamojang (Dark / Natural): 600g (60%) | Papua Wamena (Light / WetHulled): 250g (25%) | Aceh Gayo (Light / WetHulled): 150g (15%) | total: 1000g,Cocok untuk French Press & Espresso
S-SUM-003,Summer,Seasonal Blend,Archipelago Summer Edition,Java Garut Medium Honey 50% | Toraja Sapan Dark Honey 30% | Kerinci Kayu Aro Medium SemiWashed 20%,Medium,"Segar dan penuh semangat, blend fruity ini memadukan biji-biji terbaik dari Java Garut dan Toraja Sapan dan Kerinci Kayu Aro. Diproses dengan metode SemiWashed & Honey, menghadirkan profil rasa toffee, milk caramel, honey yang kompleks namun harmonis. Sebuah perpaduan yang dirancang untuk memuaskan selera pecinta kopi sejati.",Medium Body,Java Garut (Medium / Honey): 500g (50%) | Toraja Sapan (Dark / Honey): 300g (30%) | Kerinci Kayu Aro (Medium / SemiWashed): 200g (20%) | total: 1000g,Versatile for Espresso & Filter
S-SUM-004,Summer,Seasonal Blend,Heritage Summer Chapter,Bali Ulian Medium Honey 65% | Flores Bajawa Light Anaerobic 35%,Light,"Ringan namun penuh kepribadian, blend lively ini memadukan biji-biji terbaik dari Bali Ulian dan Flores Bajawa. Diproses dengan metode Honey & Anaerobic, menghadirkan profil rasa passion fruit, dried apricot, macadamia yang kompleks namun harmonis. Sebuah perpaduan yang dirancang untuk memuaskan selera pecinta kopi sejati.",Silky,Bali Ulian (Medium / Honey): 650g (65%) | Flores Bajawa (Light / Anaerobic): 350g (35%) | total: 1000g,Best for V60
S-SUM-005,Summer,Seasonal Blend,Copper Summer Reserve,Gunung Halu Dark Honey 50% | Sidikalang Light WetHulled 50%,Medium,"Cerah seperti pagi musim panas, blend vibrant ini memadukan biji-biji terbaik dari Gunung Halu dan Sidikalang. Diproses dengan metode Honey & WetHulled, menghadirkan profil rasa burnt caramel, smoked almond, cedar yang kompleks namun harmonis. Sebuah perpaduan yang dirancang untuk memuaskan selera pecinta kopi sejati.",Medium Body,Gunung Halu (Dark / Honey): 500g (50%) | Sidikalang (Light / WetHulled): 500g (50%) | total: 1000g,Best for Moka Pot
S-SUM-006,Summer,Seasonal Blend,Silk Summer Spring,Java Ciwidey Dark Honey 55% | Solok Radjo Dark SemiWashed 45%,Dark,"Segar dan penuh semangat, blend lively ini memadukan biji-biji terbaik dari Java Ciwidey dan Solok Radjo. Diproses dengan metode SemiWashed & Honey, menghadirkan profil rasa burnt caramel, smoked almond, walnut yang kompleks namun harmonis. Sebuah perpaduan yang dirancang untuk memuaskan selera pecinta kopi sejati.",Bold,Java Ciwidey (Dark / Honey): 550g (55%) | Solok Radjo (Dark / SemiWashed): 450g (45%) | total: 1000g,Best for Espresso
S-SUM-007,Summer,Seasonal Blend,Timeless Summer Reserve,Bengkulu Dark Honey 45% | Lampung Robusta Premium Dark Washed 55%,Dark,"Karakter buah tropis yang menawan, blend tropical ini memadukan biji-biji terbaik dari Bengkulu dan Lampung Robusta Premium. Diproses dengan metode Washed & Honey, menghadirkan profil rasa smoked almond, dark roast, dark sugar yang kompleks namun harmonis. Sebuah perpaduan yang dirancang untuk memuaskan selera pecinta kopi sejati.",Bold,Bengkulu (Dark / Honey): 450g (45%) | Lampung Robusta Premium (Dark / Washed): 550g (55%) | total: 1000g,Best for Espresso
S-SUM-008,Summer,Seasonal Blend,Serenity Summer Legacy,Java Ijen Raung Dark Natural 40% | Wanoja Kamojang Light Wine 60%,Medium,"Segar dan penuh semangat, blend bright ini memadukan biji-biji terbaik dari Java Ijen Raung dan Wanoja Kamojang. Diproses dengan metode Wine & Natural, menghadirkan profil rasa blackcurrant, wine, charcoal yang kompleks namun harmonis. Sebuah perpaduan yang dirancang untuk memuaskan selera pecinta kopi sejati.",Balanced,Java Ijen Raung (Dark / Natural): 400g (40%) | Wanoja Kamojang (Light / Wine): 600g (60%) | total: 1000g,Best for Moka Pot
S-SUM-009,Summer,Seasonal Blend,Ancient Summer Estate,Toraja Kalosi Light SemiWashed 45% | Flores Bajawa Light WetHulled 35% | Bali Ulian Dark Honey 20%,Light,"Ringan namun penuh kepribadian, blend tropical ini memadukan biji-biji terbaik dari Toraja Kalosi dan Flores Bajawa dan Bali Ulian. Diproses dengan metode SemiWashed & Honey, menghadirkan profil rasa oolong tea, tobacco leaf, herb yang kompleks namun harmonis. Sebuah perpaduan yang dirancang untuk memuaskan selera pecinta kopi sejati.",Delicate,Toraja Kalosi (Light / SemiWashed): 450g (45%) | Flores Bajawa (Light / WetHulled): 350g (35%) | Bali Ulian (Dark / Honey): 200g (20%) | total: 1000g,Cocok untuk AeroPress
S-SUM-010,Summer,Seasonal Blend,Highland Summer Blend,Java Puntang Medium Anaerobic 60% | Kerinci Kayu Aro Medium WetHulled 25% | Java Ijen Raung Dark Honey 15%,Medium,"Segar dan penuh semangat, blend lively ini memadukan biji-biji terbaik dari Java Puntang dan Kerinci Kayu Aro dan Java Ijen Raung. Diproses dengan metode Honey & WetHulled, menghadirkan profil rasa spice, burnt caramel, toffee yang kompleks namun harmonis. Sebuah perpaduan yang dirancang untuk memuaskan selera pecinta kopi sejati.",Velvety,Java Puntang (Medium / Anaerobic): 600g (60%) | Kerinci Kayu Aro (Medium / WetHulled): 250g (25%) | Java Ijen Raung (Dark / Honey): 150g (15%) | total: 1000g,Cocok untuk French Press & Espresso
S-SUM-011,Summer,Seasonal Blend,Midnight Summer Select,Kerinci Kayu Aro Medium Washed 60% | Java Sindoro Dark Anaerobic 40%,Medium,"Karakter buah tropis yang menawan, blend refreshing ini memadukan biji-biji terbaik dari Kerinci Kayu Aro dan Java Sindoro. Diproses dengan metode Washed & Anaerobic, menghadirkan profil rasa smoke, hazelnut, almond yang kompleks namun harmonis. Sebuah perpaduan yang dirancang untuk memuaskan selera pecinta kopi sejati.",Smooth,Kerinci Kayu Aro (Medium / Washed): 600g (60%) | Java Sindoro (Dark / Anaerobic): 400g (40%) | total: 1000g,Best for Moka Pot
S-SUM-012,Summer,Seasonal Blend,Serenity Summer Chapter,Flores Bajawa Medium Anaerobic 55% | Flores Manggarai Dark SemiWashed 30% | Solok Radjo Light Washed 15%,Medium,"Karakter buah tropis yang menawan, blend bright ini memadukan biji-biji terbaik dari Flores Bajawa dan Flores Manggarai dan Solok Radjo. Diproses dengan metode SemiWashed & Washed, menghadirkan profil rasa walnut, dark caramel, peach yang kompleks namun harmonis. Sebuah perpaduan yang dirancang untuk memuaskan selera pecinta kopi sejati.",Round,Flores Bajawa (Medium / Anaerobic): 550g (55%) | Flores Manggarai (Dark / SemiWashed): 300g (30%) | Solok Radjo (Light / Washed): 150g (15%) | total: 1000g,Best for Moka Pot
S-SUM-013,Summer,Seasonal Blend,Copper Summer Blend,Mandheling Medium Wine 45% | Java Sindoro Dark Honey 55%,Dark,"Karakter buah tropis yang menawan, blend tropical ini memadukan biji-biji terbaik dari Mandheling dan Java Sindoro. Diproses dengan metode Wine & Honey, menghadirkan profil rasa espresso, dark sugar, toffee yang kompleks namun harmonis. Sebuah perpaduan yang dirancang untuk memuaskan selera pecinta kopi sejati.",Heavy Body,Mandheling (Medium / Wine): 450g (45%) | Java Sindoro (Dark / Honey): 550g (55%) | total: 1000g,Best for Espresso
S-SUM-014,Summer,Seasonal Blend,Primal Summer Series,Lampung Robusta Premium Medium Natural 50% | Lintong Onan Light Natural 25% | Papua Wamena Medium Washed 25%,Medium,"Karakter buah tropis yang menawan, blend lively ini memadukan biji-biji terbaik dari Lampung Robusta Premium dan Lintong Onan dan Papua Wamena. Diproses dengan metode Washed & Natural, menghadirkan profil rasa dark chocolate, tropical fruit, dried fig yang kompleks namun harmonis. Sebuah perpaduan yang dirancang untuk memuaskan selera pecinta kopi sejati.",Round,Lampung Robusta Premium (Medium / Natural): 500g (50%) | Lintong Onan (Light / Natural): 250g (25%) | Papua Wamena (Medium / Washed): 250g (25%) | total: 1000g,Best for Moka Pot
S-SUM-015,Summer,Seasonal Blend,Midnight Summer Journey,Flores Manggarai Medium Natural 60% | Flores Bajawa Light Honey 25% | Java Preanger Dark Honey 15%,Medium,"Cerah seperti pagi musim panas, blend tropical ini memadukan biji-biji terbaik dari Flores Manggarai dan Flores Bajawa dan Java Preanger. Diproses dengan metode Honey & Natural, menghadirkan profil rasa dark chocolate, molasses, berry jam yang kompleks namun harmonis. Sebuah perpaduan yang dirancang untuk memuaskan selera pecinta kopi sejati.",Balanced,Flores Manggarai (Medium / Natural): 600g (60%) | Flores Bajawa (Light / Honey): 250g (25%) | Java Preanger (Dark / Honey): 150g (15%) | total: 1000g,Cocok untuk French Press & Espresso
S-SUM-016,Summer,Seasonal Blend,Whisper Summer Edition,Papua Wamena Medium Natural 50% | Arjuno Medium Anaerobic 50%,Medium,"Segar dan penuh semangat, blend refreshing ini memadukan biji-biji terbaik dari Papua Wamena dan Arjuno. Diproses dengan metode Natural & Anaerobic, menghadirkan profil rasa berry jam, prune, tropical punch yang kompleks namun harmonis. Sebuah perpaduan yang dirancang untuk memuaskan selera pecinta kopi sejati.",Balanced,Papua Wamena (Medium / Natural): 500g (50%) | Arjuno (Medium / Anaerobic): 500g (50%) | total: 1000g,Versatile for Espresso & Filter
S-SUM-017,Summer,Seasonal Blend,Ancient Summer Blend,Bengkulu Dark Natural 70% | Java Temanggung Dark Washed 30%,Dark,"Cerah seperti pagi musim panas, blend fruity ini memadukan biji-biji terbaik dari Bengkulu dan Java Temanggung. Diproses dengan metode Washed & Natural, menghadirkan profil rasa espresso, molasses, dark roast yang kompleks namun harmonis. Sebuah perpaduan yang dirancang untuk memuaskan selera pecinta kopi sejati.",Syrupy,Bengkulu (Dark / Natural): 700g (70%) | Java Temanggung (Dark / Washed): 300g (30%) | total: 1000g,Cocok untuk Cold Brew
S-SUM-018,Summer,Seasonal Blend,Nusantara Summer Origin,Toraja Sapan Dark Wine 50% | Java Ijen Raung Medium Natural 25% | Mandheling Dark Wine 25%,Dark,"Segar dan penuh semangat, blend bright ini memadukan biji-biji terbaik dari Toraja Sapan dan Java Ijen Raung dan Mandheling. Diproses dengan metode Wine & Natural, menghadirkan profil rasa dried fig, tobacco, prune yang kompleks namun harmonis. Sebuah perpaduan yang dirancang untuk memuaskan selera pecinta kopi sejati.",Thick,Toraja Sapan (Dark / Wine): 500g (50%) | Java Ijen Raung (Medium / Natural): 250g (25%) | Mandheling (Dark / Wine): 250g (25%) | total: 1000g,Cocok untuk Cold Brew
S-SUM-019,Summer,Seasonal Blend,Nusantara Summer Peak,Flores Bajawa Medium SemiWashed 70% | Toraja Sapan Medium Natural 30%,Medium,"Segar dan penuh semangat, blend refreshing ini memadukan biji-biji terbaik dari Flores Bajawa dan Toraja Sapan. Diproses dengan metode SemiWashed & Natural, menghadirkan profil rasa molasses, prune, roasted nut yang kompleks namun harmonis. Sebuah perpaduan yang dirancang untuk memuaskan selera pecinta kopi sejati.",Round,Flores Bajawa (Medium / SemiWashed): 700g (70%) | Toraja Sapan (Medium / Natural): 300g (30%) | total: 1000g,Cocok untuk French Press & Espresso
S-SUM-020,Summer,Seasonal Blend,Timeless Summer Collection,Temanggung Light Wine 60% | Java Preanger Dark Wine 25% | Papua Wamena Dark WetHulled 15%,Medium,"Segar dan penuh semangat, blend tropical ini memadukan biji-biji terbaik dari Temanggung dan Java Preanger dan Papua Wamena. Diproses dengan metode Wine & WetHulled, menghadirkan profil rasa clove, plum, intense earth yang kompleks namun harmonis. Sebuah perpaduan yang dirancang untuk memuaskan selera pecinta kopi sejati.",Velvety,Temanggung (Light / Wine): 600g (60%) | Java Preanger (Dark / Wine): 250g (25%) | Papua Wamena (Dark / WetHulled): 150g (15%) | total: 1000g,Best for Moka Pot
S-SUM-021,Summer,Seasonal Blend,Highland Summer Legacy,Mandheling Light Wine 55% | Java Preanger Medium Wine 45%,Light,"Cerah seperti pagi musim panas, blend fruity ini memadukan biji-biji terbaik dari Mandheling dan Java Preanger. Diproses dengan metode Wine, menghadirkan profil rasa port wine, wine, balsamic yang kompleks namun harmonis. Sebuah perpaduan yang dirancang untuk memuaskan selera pecinta kopi sejati.",Clean,Mandheling (Light / Wine): 550g (55%) | Java Preanger (Medium / Wine): 450g (45%) | total: 1000g,Best for V60
S-SUM-022,Summer,Seasonal Blend,Timeless Summer Blend,Flores Manggarai Medium Wine 65% | Temanggung Dark WetHulled 35%,Medium,"Segar dan penuh semangat, blend refreshing ini memadukan biji-biji terbaik dari Flores Manggarai dan Temanggung. Diproses dengan metode Wine & WetHulled, menghadirkan profil rasa espresso, port wine, dark tobacco yang kompleks namun harmonis. Sebuah perpaduan yang dirancang untuk memuaskan selera pecinta kopi sejati.",Round,Flores Manggarai (Medium / Wine): 650g (65%) | Temanggung (Dark / WetHulled): 350g (35%) | total: 1000g,Versatile for Espresso & Filter
S-SUM-023,Summer,Seasonal Blend,Golden Summer Legacy,Sembalun Rinjani Dark Washed 60% | Bali Kintamani Dark Washed 25% | Sembalun Rinjani Medium Anaerobic 15%,Dark,"Karakter buah tropis yang menawan, blend bright ini memadukan biji-biji terbaik dari Sembalun Rinjani dan Bali Kintamani dan Sembalun Rinjani. Diproses dengan metode Washed & Anaerobic, menghadirkan profil rasa bitter chocolate, fermented fruit, dark roast yang kompleks namun harmonis. Sebuah perpaduan yang dirancang untuk memuaskan selera pecinta kopi sejati.",Bold,Sembalun Rinjani (Dark / Washed): 600g (60%) | Bali Kintamani (Dark / Washed): 250g (25%) | Sembalun Rinjani (Medium / Anaerobic): 150g (15%) | total: 1000g,Cocok untuk Cold Brew
S-SUM-024,Summer,Seasonal Blend,Twilight Summer Origin,Flores Bajawa Dark Anaerobic 45% | Lampung Robusta Premium Light Anaerobic 35% | Bali Kintamani Light Wine 20%,Medium,"Segar dan penuh semangat, blend refreshing ini memadukan biji-biji terbaik dari Flores Bajawa dan Lampung Robusta Premium dan Bali Kintamani. Diproses dengan metode Wine & Anaerobic, menghadirkan profil rasa grape must, plum, dark rum yang kompleks namun harmonis. Sebuah perpaduan yang dirancang untuk memuaskan selera pecinta kopi sejati.",Round,Flores Bajawa (Dark / Anaerobic): 450g (45%) | Lampung Robusta Premium (Light / Anaerobic): 350g (35%) | Bali Kintamani (Light / Wine): 200g (20%) | total: 1000g,Versatile for Espresso & Filter
S-SUM-025,Summer,Seasonal Blend,Serenity Summer Blend,Solok Radjo Light Natural 50% | Sembalun Rinjani Dark Honey 50%,Medium,"Segar dan penuh semangat, blend refreshing ini memadukan biji-biji terbaik dari Solok Radjo dan Sembalun Rinjani. Diproses dengan metode Honey & Natural, menghadirkan profil rasa watermelon, strawberry, tropical fruit yang kompleks namun harmonis. Sebuah perpaduan yang dirancang untuk memuaskan selera pecinta kopi sejati.",Medium Body,Solok Radjo (Light / Natural): 500g (50%) | Sembalun Rinjani (Dark / Honey): 500g (50%) | total: 1000g,Cocok untuk French Press & Espresso
S-SUM-026,Summer,Seasonal Blend,Whisper Summer Story,Sidikalang Dark Washed 65% | Java Manglayang Light Natural 35%,Medium,"Segar dan penuh semangat, blend bright ini memadukan biji-biji terbaik dari Sidikalang dan Java Manglayang. Diproses dengan metode Washed & Natural, menghadirkan profil rasa watermelon, bitter chocolate, tropical fruit yang kompleks namun harmonis. Sebuah perpaduan yang dirancang untuk memuaskan selera pecinta kopi sejati.",Round,Sidikalang (Dark / Washed): 650g (65%) | Java Manglayang (Light / Natural): 350g (35%) | total: 1000g,Versatile for Espresso & Filter
S-SUM-027,Summer,Seasonal Blend,Velvet Summer Fusion,Lampung Robusta Premium Light Anaerobic 45% | Wanoja Kamojang Dark WetHulled 35% | Java Puntang Medium Anaerobic 20%,Medium,"Karakter buah tropis yang menawan, blend fruity ini memadukan biji-biji terbaik dari Lampung Robusta Premium dan Wanoja Kamojang dan Java Puntang. Diproses dengan metode WetHulled & Anaerobic, menghadirkan profil rasa rum raisin, bark, clove yang kompleks namun harmonis. Sebuah perpaduan yang dirancang untuk memuaskan selera pecinta kopi sejati.",Medium Body,Lampung Robusta Premium (Light / Anaerobic): 450g (45%) | Wanoja Kamojang (Dark / WetHulled): 350g (35%) | Java Puntang (Medium / Anaerobic): 200g (20%) | total: 1000g,Versatile for Espresso & Filter
S-SUM-028,Summer,Seasonal Blend,Celestial Summer Edition,Mandheling Light SemiWashed 40% | Dampit Malang Dark SemiWashed 60%,Medium,"Karakter buah tropis yang menawan, blend tropical ini memadukan biji-biji terbaik dari Mandheling dan Dampit Malang. Diproses dengan metode SemiWashed, menghadirkan profil rasa light caramel, mandarin, papaya yang kompleks namun harmonis. Sebuah perpaduan yang dirancang untuk memuaskan selera pecinta kopi sejati.",Velvety,Mandheling (Light / SemiWashed): 400g (40%) | Dampit Malang (Dark / SemiWashed): 600g (60%) | total: 1000g,Best for Moka Pot
S-SUM-029,Summer,Seasonal Blend,Sacred Summer Origin,Bali Ulian Dark Anaerobic 65% | Toraja Kalosi Light Honey 35%,Medium,"Karakter buah tropis yang menawan, blend bright ini memadukan biji-biji terbaik dari Bali Ulian dan Toraja Kalosi. Diproses dengan metode Honey & Anaerobic, menghadirkan profil rasa apricot, black cherry, floral yang kompleks namun harmonis. Sebuah perpaduan yang dirancang untuk memuaskan selera pecinta kopi sejati.",Smooth,Bali Ulian (Dark / Anaerobic): 650g (65%) | Toraja Kalosi (Light / Honey): 350g (35%) | total: 1000g,Cocok untuk French Press & Espresso
S-SUM-030,Summer,Seasonal Blend,Sunrise Summer Signature,Bali Kintamani Dark WetHulled 60% | Java Manglayang Dark Wine 25% | Bengkulu Dark Wine 15%,Dark,"Karakter buah tropis yang menawan, blend tropical ini memadukan biji-biji terbaik dari Bali Kintamani dan Java Manglayang dan Bengkulu. Diproses dengan metode Wine & WetHulled, menghadirkan profil rasa smoked plum, dark espresso, bark yang kompleks namun harmonis. Sebuah perpaduan yang dirancang untuk memuaskan selera pecinta kopi sejati.",Heavy Body,Bali Kintamani (Dark / WetHulled): 600g (60%) | Java Manglayang (Dark / Wine): 250g (25%) | Bengkulu (Dark / Wine): 150g (15%) | total: 1000g,Ideal untuk Ristretto
S-SUM-031,Summer,Seasonal Blend,Nusantara Summer Journey,Papua Dogiyai Medium WetHulled 50% | Java Temanggung Dark WetHulled 30% | Java Ciwidey Light Washed 20%,Medium,"Karakter buah tropis yang menawan, blend vibrant ini memadukan biji-biji terbaik dari Papua Dogiyai dan Java Temanggung dan Java Ciwidey. Diproses dengan metode Washed & WetHulled, menghadirkan profil rasa jasmine, lemon zest, earthy yang kompleks namun harmonis. Sebuah perpaduan yang dirancang untuk memuaskan selera pecinta kopi sejati.",Medium Body,Papua Dogiyai (Medium / WetHulled): 500g (50%) | Java Temanggung (Dark / WetHulled): 300g (30%) | Java Ciwidey (Light / Washed): 200g (20%) | total: 1000g,Versatile for Espresso & Filter
S-SUM-032,Summer,Seasonal Blend,Twilight Summer Legacy,Solok Radjo Medium Anaerobic 60% | Solok Radjo Medium Wine 25% | Mandheling Light WetHulled 15%,Medium,"Segar dan penuh semangat, blend tropical ini memadukan biji-biji terbaik dari Solok Radjo dan Solok Radjo dan Mandheling. Diproses dengan metode Wine & WetHulled, menghadirkan profil rasa cedar, tropical punch, cacao nib yang kompleks namun harmonis. Sebuah perpaduan yang dirancang untuk memuaskan selera pecinta kopi sejati.",Round,Solok Radjo (Medium / Anaerobic): 600g (60%) | Solok Radjo (Medium / Wine): 250g (25%) | Mandheling (Light / WetHulled): 150g (15%) | total: 1000g,Versatile for Espresso & Filter
S-SUM-033,Summer,Seasonal Blend,Ember Summer Signature,Aceh Gayo Dark Washed 50% | Java Ijen Raung Dark Wine 25% | Kerinci Kayu Aro Light Natural 25%,Dark,"Karakter buah tropis yang menawan, blend tropical ini memadukan biji-biji terbaik dari Aceh Gayo dan Java Ijen Raung dan Kerinci Kayu Aro. Diproses dengan metode Washed & Wine, menghadirkan profil rasa smoked plum, tobacco, strawberry yang kompleks namun harmonis. Sebuah perpaduan yang dirancang untuk memuaskan selera pecinta kopi sejati.",Thick,Aceh Gayo (Dark / Washed): 500g (50%) | Java Ijen Raung (Dark / Wine): 250g (25%) | Kerinci Kayu Aro (Light / Natural): 250g (25%) | total: 1000g,Best for Espresso
S-SUM-034,Summer,Seasonal Blend,Celestial Summer Crest,Dampit Malang Light Wine 45% | Dampit Malang Medium Honey 35% | Temanggung Light Washed 20%,Light,"Segar dan penuh semangat, blend refreshing ini memadukan biji-biji terbaik dari Dampit Malang dan Dampit Malang dan Temanggung. Diproses dengan metode Washed & Wine, menghadirkan profil rasa honey, peach, plum yang kompleks namun harmonis. Sebuah perpaduan yang dirancang untuk memuaskan selera pecinta kopi sejati.",Delicate,Dampit Malang (Light / Wine): 450g (45%) | Dampit Malang (Medium / Honey): 350g (35%) | Temanggung (Light / Washed): 200g (20%) | total: 1000g,Cocok untuk AeroPress
S-SUM-035,Summer,Seasonal Blend,Nusantara Summer Signature,Java Puntang Dark Wine 50% | Bali Ulian Medium Washed 30% | Toraja Sapan Light Wine 20%,Medium,"Cerah seperti pagi musim panas, blend fruity ini memadukan biji-biji terbaik dari Java Puntang dan Bali Ulian dan Toraja Sapan. Diproses dengan metode Washed & Wine, menghadirkan profil rasa aged wine, dark espresso, smoked plum yang kompleks namun harmonis. Sebuah perpaduan yang dirancang untuk memuaskan selera pecinta kopi sejati.",Balanced,Java Puntang (Dark / Wine): 500g (50%) | Bali Ulian (Medium / Washed): 300g (30%) | Toraja Sapan (Light / Wine): 200g (20%) | total: 1000g,Versatile for Espresso & Filter
S-SUM-036,Summer,Seasonal Blend,Archipelago Summer Story,Sidikalang Light Washed 50% | Toraja Sapan Medium Wine 50%,Light,"Ringan namun penuh kepribadian, blend tropical ini memadukan biji-biji terbaik dari Sidikalang dan Toraja Sapan. Diproses dengan metode Washed & Wine, menghadirkan profil rasa lemon zest, roasted grape, balsamic yang kompleks namun harmonis. Sebuah perpaduan yang dirancang untuk memuaskan selera pecinta kopi sejati.",Delicate,Sidikalang (Light / Washed): 500g (50%) | Toraja Sapan (Medium / Wine): 500g (50%) | total: 1000g,Best for V60
S-SUM-037,Summer,Seasonal Blend,Sunrise Summer Estate,Java Preanger Dark Washed 50% | Java Ijen Raung Medium Honey 25% | Papua Wamena Light Honey 25%,Medium,"Segar dan penuh semangat, blend fruity ini memadukan biji-biji terbaik dari Java Preanger dan Java Ijen Raung dan Papua Wamena. Diproses dengan metode Washed & Honey, menghadirkan profil rasa nectarine, toffee, macadamia yang kompleks namun harmonis. Sebuah perpaduan yang dirancang untuk memuaskan selera pecinta kopi sejati.",Balanced,Java Preanger (Dark / Washed): 500g (50%) | Java Ijen Raung (Medium / Honey): 250g (25%) | Papua Wamena (Light / Honey): 250g (25%) | total: 1000g,Versatile for Espresso & Filter
S-SUM-038,Summer,Seasonal Blend,Silk Summer Estate,Java Garut Dark Anaerobic 50% | Lampung Robusta Premium Dark Washed 30% | Wanoja Kamojang Light SemiWashed 20%,Dark,"Karakter buah tropis yang menawan, blend refreshing ini memadukan biji-biji terbaik dari Java Garut dan Lampung Robusta Premium dan Wanoja Kamojang. Diproses dengan metode SemiWashed & Washed, menghadirkan profil rasa papaya, oolong tea, fermented cocoa yang kompleks namun harmonis. Sebuah perpaduan yang dirancang untuk memuaskan selera pecinta kopi sejati.",Heavy Body,Java Garut (Dark / Anaerobic): 500g (50%) | Lampung Robusta Premium (Dark / Washed): 300g (30%) | Wanoja Kamojang (Light / SemiWashed): 200g (20%) | total: 1000g,Cocok untuk Cold Brew
S-SUM-039,Summer,Seasonal Blend,Horizon Summer Legacy,Mandheling Light Natural 50% | Flores Manggarai Dark Natural 30% | Papua Wamena Dark Natural 20%,Medium,"Ringan namun penuh kepribadian, blend tropical ini memadukan biji-biji terbaik dari Mandheling dan Flores Manggarai dan Papua Wamena. Diproses dengan metode Natural, menghadirkan profil rasa charcoal, tar, hibiscus yang kompleks namun harmonis. Sebuah perpaduan yang dirancang untuk memuaskan selera pecinta kopi sejati.",Balanced,Mandheling (Light / Natural): 500g (50%) | Flores Manggarai (Dark / Natural): 300g (30%) | Papua Wamena (Dark / Natural): 200g (20%) | total: 1000g,Best for Moka Pot
S-SUM-040,Summer,Seasonal Blend,Elysian Summer Peak,Arjuno Medium Washed 50% | Sembalun Rinjani Medium Anaerobic 50%,Medium,"Segar dan penuh semangat, blend bright ini memadukan biji-biji terbaik dari Arjuno dan Sembalun Rinjani. Diproses dengan metode Washed & Anaerobic, menghadirkan profil rasa hazelnut, tamarind, brown sugar yang kompleks namun harmonis. Sebuah perpaduan yang dirancang untuk memuaskan selera pecinta kopi sejati.",Smooth,Arjuno (Medium / Washed): 500g (50%) | Sembalun Rinjani (Medium / Anaerobic): 500g (50%) | total: 1000g,Versatile for Espresso & Filter
S-SUM-041,Summer,Seasonal Blend,Midnight Summer Reserve,Bali Kintamani Medium WetHulled 45% | Toraja Kalosi Medium Honey 35% | Sembalun Rinjani Light Washed 20%,Medium,"Karakter buah tropis yang menawan, blend refreshing ini memadukan biji-biji terbaik dari Bali Kintamani dan Toraja Kalosi dan Sembalun Rinjani. Diproses dengan metode Washed & Honey, menghadirkan profil rasa green tea, bergamot, jasmine yang kompleks namun harmonis. Sebuah perpaduan yang dirancang untuk memuaskan selera pecinta kopi sejati.",Medium Body,Bali Kintamani (Medium / WetHulled): 450g (45%) | Toraja Kalosi (Medium / Honey): 350g (35%) | Sembalun Rinjani (Light / Washed): 200g (20%) | total: 1000g,Best for Moka Pot
S-SUM-042,Summer,Seasonal Blend,Velvet Summer Select,Sembalun Rinjani Medium Washed 60% | Java Temanggung Dark Anaerobic 25% | Java Manglayang Dark Washed 15%,Medium,"Ringan namun penuh kepribadian, blend vibrant ini memadukan biji-biji terbaik dari Sembalun Rinjani dan Java Temanggung dan Java Manglayang. Diproses dengan metode Washed & Anaerobic, menghadirkan profil rasa fermented cocoa, almond, caramel yang kompleks namun harmonis. Sebuah perpaduan yang dirancang untuk memuaskan selera pecinta kopi sejati.",Balanced,Sembalun Rinjani (Medium / Washed): 600g (60%) | Java Temanggung (Dark / Anaerobic): 250g (25%) | Java Manglayang (Dark / Washed): 150g (15%) | total: 1000g,Cocok untuk French Press & Espresso
S-SUM-043,Summer,Seasonal Blend,Ancient Summer Reserve,Kerinci Kayu Aro Dark Anaerobic 60% | Lampung Robusta Premium Medium Honey 40%,Dark,"Ringan namun penuh kepribadian, blend lively ini memadukan biji-biji terbaik dari Kerinci Kayu Aro dan Lampung Robusta Premium. Diproses dengan metode Honey & Anaerobic, menghadirkan profil rasa dried apricot, fermented cocoa, maple syrup yang kompleks namun harmonis. Sebuah perpaduan yang dirancang untuk memuaskan selera pecinta kopi sejati.",Full Body,Kerinci Kayu Aro (Dark / Anaerobic): 600g (60%) | Lampung Robusta Premium (Medium / Honey): 400g (40%) | total: 1000g,Ideal untuk Ristretto
S-SUM-044,Summer,Seasonal Blend,Summit Summer Craft,Sidikalang Dark Wine 50% | Kerinci Kayu Aro Dark Honey 30% | Java Garut Light Washed 20%,Dark,"Cerah seperti pagi musim panas, blend bright ini memadukan biji-biji terbaik dari Sidikalang dan Kerinci Kayu Aro dan Java Garut. Diproses dengan metode Washed & Wine, menghadirkan profil rasa dark sugar, peach, citrus yang kompleks namun harmonis. Sebuah perpaduan yang dirancang untuk memuaskan selera pecinta kopi sejati.",Full Body,Sidikalang (Dark / Wine): 500g (50%) | Kerinci Kayu Aro (Dark / Honey): 300g (30%) | Java Garut (Light / Washed): 200g (20%) | total: 1000g,Cocok untuk Cold Brew
S-SUM-045,Summer,Seasonal Blend,Copper Summer Craft,Solok Radjo Dark Natural 50% | Flores Manggarai Light Washed 25% | Bali Kintamani Dark Honey 25%,Dark,"Cerah seperti pagi musim panas, blend lively ini memadukan biji-biji terbaik dari Solok Radjo dan Flores Manggarai dan Bali Kintamani. Diproses dengan metode Washed & Honey, menghadirkan profil rasa espresso, bergamot, dark sugar yang kompleks namun harmonis. Sebuah perpaduan yang dirancang untuk memuaskan selera pecinta kopi sejati.",Bold,Solok Radjo (Dark / Natural): 500g (50%) | Flores Manggarai (Light / Washed): 250g (25%) | Bali Kintamani (Dark / Honey): 250g (25%) | total: 1000g,Best for Espresso
S-SUM-046,Summer,Seasonal Blend,Sacred Summer Crest,Kerinci Kayu Aro Medium Wine 40% | Bali Kintamani Light SemiWashed 35% | Wanoja Kamojang Dark SemiWashed 25%,Medium,"Cerah seperti pagi musim panas, blend fruity ini memadukan biji-biji terbaik dari Kerinci Kayu Aro dan Bali Kintamani dan Wanoja Kamojang. Diproses dengan metode SemiWashed & Wine, menghadirkan profil rasa balsamic, walnut, papaya yang kompleks namun harmonis. Sebuah perpaduan yang dirancang untuk memuaskan selera pecinta kopi sejati.",Balanced,Kerinci Kayu Aro (Medium / Wine): 400g (40%) | Bali Kintamani (Light / SemiWashed): 350g (35%) | Wanoja Kamojang (Dark / SemiWashed): 250g (25%) | total: 1000g,Best for Moka Pot
S-SUM-047,Summer,Seasonal Blend,Summit Summer Select,Temanggung Dark Washed 65% | Bali Kintamani Light Washed 35%,Medium,"Karakter buah tropis yang menawan, blend refreshing ini memadukan biji-biji terbaik dari Temanggung dan Bali Kintamani. Diproses dengan metode Washed, menghadirkan profil rasa peach, molasses, jasmine yang kompleks namun harmonis. Sebuah perpaduan yang dirancang untuk memuaskan selera pecinta kopi sejati.",Balanced,Temanggung (Dark / Washed): 650g (65%) | Bali Kintamani (Light / Washed): 350g (35%) | total: 1000g,Versatile for Espresso & Filter
S-SUM-048,Summer,Seasonal Blend,Nusantara Summer Collection,Bukit Barisan Medium Natural 60% | Java Ijen Raung Dark Wine 25% | Java Ijen Raung Light Wine 15%,Medium,"Ringan namun penuh kepribadian, blend fruity ini memadukan biji-biji terbaik dari Bukit Barisan dan Java Ijen Raung dan Java Ijen Raung. Diproses dengan metode Wine & Natural, menghadirkan profil rasa dried fig, tobacco, grape must yang kompleks namun harmonis. Sebuah perpaduan yang dirancang untuk memuaskan selera pecinta kopi sejati.",Velvety,Bukit Barisan (Medium / Natural): 600g (60%) | Java Ijen Raung (Dark / Wine): 250g (25%) | Java Ijen Raung (Light / Wine): 150g (15%) | total: 1000g,Cocok untuk French Press & Espresso
S-SUM-049,Summer,Seasonal Blend,Heritage Summer Story,Semeru Medium Anaerobic 50% | Lampung Robusta Premium Dark SemiWashed 25% | Bali Kintamani Medium WetHulled 25%,Medium,"Cerah seperti pagi musim panas, blend fruity ini memadukan biji-biji terbaik dari Semeru dan Lampung Robusta Premium dan Bali Kintamani. Diproses dengan metode SemiWashed & WetHulled, menghadirkan profil rasa cacao nib, woody, walnut yang kompleks namun harmonis. Sebuah perpaduan yang dirancang untuk memuaskan selera pecinta kopi sejati.",Velvety,Semeru (Medium / Anaerobic): 500g (50%) | Lampung Robusta Premium (Dark / SemiWashed): 250g (25%) | Bali Kintamani (Medium / WetHulled): 250g (25%) | total: 1000g,Versatile for Espresso & Filter
S-SUM-050,Summer,Seasonal Blend,Midnight Summer Blend,Sembalun Rinjani Light Honey 45% | Semeru Light Honey 35% | Java Ciwidey Light WetHulled 20%,Light,"Cerah seperti pagi musim panas, blend tropical ini memadukan biji-biji terbaik dari Sembalun Rinjani dan Semeru dan Java Ciwidey. Diproses dengan metode Honey & WetHulled, menghadirkan profil rasa tobacco leaf, white grape, apricot yang kompleks namun harmonis. Sebuah perpaduan yang dirancang untuk memuaskan selera pecinta kopi sejati.",Clean,Sembalun Rinjani (Light / Honey): 450g (45%) | Semeru (Light / Honey): 350g (35%) | Java Ciwidey (Light / WetHulled): 200g (20%) | total: 1000g,Best for V60
S-SUM-051,Summer,Seasonal Blend,Highland Summer Signature,Flores Bajawa Light WetHulled 60% | Temanggung Medium Anaerobic 40%,Light,"Ringan namun penuh kepribadian, blend bright ini memadukan biji-biji terbaik dari Flores Bajawa dan Temanggung. Diproses dengan metode WetHulled & Anaerobic, menghadirkan profil rasa tamarind, tobacco leaf, herb yang kompleks namun harmonis. Sebuah perpaduan yang dirancang untuk memuaskan selera pecinta kopi sejati.",Delicate,Flores Bajawa (Light / WetHulled): 600g (60%) | Temanggung (Medium / Anaerobic): 400g (40%) | total: 1000g,Cocok untuk AeroPress
S-SUM-052,Summer,Seasonal Blend,Timeless Summer Select,Semeru Medium Natural 70% | Flores Bajawa Light Washed 30%,Medium,"Ringan namun penuh kepribadian, blend fruity ini memadukan biji-biji terbaik dari Semeru dan Flores Bajawa. Diproses dengan metode Washed & Natural, menghadirkan profil rasa dried fig, green tea, prune yang kompleks namun harmonis. Sebuah perpaduan yang dirancang untuk memuaskan selera pecinta kopi sejati.",Medium Body,Semeru (Medium / Natural): 700g (70%) | Flores Bajawa (Light / Washed): 300g (30%) | total: 1000g,Best for Moka Pot
S-SUM-053,Summer,Seasonal Blend,Ember Summer Select,Mandheling Medium Anaerobic 55% | Java Garut Medium SemiWashed 30% | Flores Bajawa Light Natural 15%,Medium,"Ringan namun penuh kepribadian, blend tropical ini memadukan biji-biji terbaik dari Mandheling dan Java Garut dan Flores Bajawa. Diproses dengan metode SemiWashed & Natural, menghadirkan profil rasa tropical fruit, cacao nib, tamarind yang kompleks namun harmonis. Sebuah perpaduan yang dirancang untuk memuaskan selera pecinta kopi sejati.",Balanced,Mandheling (Medium / Anaerobic): 550g (55%) | Java Garut (Medium / SemiWashed): 300g (30%) | Flores Bajawa (Light / Natural): 150g (15%) | total: 1000g,Cocok untuk French Press & Espresso
S-SUM-054,Summer,Seasonal Blend,Bronze Summer Edition,Toraja Kalosi Medium Washed 50% | Bengkulu Light Wine 50%,Light,"Segar dan penuh semangat, blend refreshing ini memadukan biji-biji terbaik dari Toraja Kalosi dan Bengkulu. Diproses dengan metode Washed & Wine, menghadirkan profil rasa milk chocolate, hazelnut, dark cherry yang kompleks namun harmonis. Sebuah perpaduan yang dirancang untuk memuaskan selera pecinta kopi sejati.",Silky,Toraja Kalosi (Medium / Washed): 500g (50%) | Bengkulu (Light / Wine): 500g (50%) | total: 1000g,Best for V60
S-SUM-055,Summer,Seasonal Blend,Twilight Summer Fusion,Papua Dogiyai Light Natural 40% | Java Ciwidey Light Washed 60%,Light,"Cerah seperti pagi musim panas, blend lively ini memadukan biji-biji terbaik dari Papua Dogiyai dan Java Ciwidey. Diproses dengan metode Washed & Natural, menghadirkan profil rasa bergamot, strawberry, peach yang kompleks namun harmonis. Sebuah perpaduan yang dirancang untuk memuaskan selera pecinta kopi sejati.",Delicate,Papua Dogiyai (Light / Natural): 400g (40%) | Java Ciwidey (Light / Washed): 600g (60%) | total: 1000g,Ideal for Chemex
S-SUM-056,Summer,Seasonal Blend,Sunrise Summer Journey,Kerinci Kayu Aro Medium SemiWashed 40% | Papua Dogiyai Light Honey 35% | Sidikalang Medium WetHulled 25%,Light,"Ringan namun penuh kepribadian, blend tropical ini memadukan biji-biji terbaik dari Kerinci Kayu Aro dan Papua Dogiyai dan Sidikalang. Diproses dengan metode SemiWashed & Honey, menghadirkan profil rasa white grape, spice, floral yang kompleks namun harmonis. Sebuah perpaduan yang dirancang untuk memuaskan selera pecinta kopi sejati.",Delicate,Kerinci Kayu Aro (Medium / SemiWashed): 400g (40%) | Papua Dogiyai (Light / Honey): 350g (35%) | Sidikalang (Medium / WetHulled): 250g (25%) | total: 1000g,Ideal for Chemex
S-SUM-057,Summer,Seasonal Blend,Nusantara Summer Estate,Flores Manggarai Medium SemiWashed 45% | Papua Wamena Dark Anaerobic 35% | Bali Kintamani Light Wine 20%,Medium,"Ringan namun penuh kepribadian, blend lively ini memadukan biji-biji terbaik dari Flores Manggarai dan Papua Wamena dan Bali Kintamani. Diproses dengan metode SemiWashed & Wine, menghadirkan profil rasa wine, grape must, black cherry yang kompleks namun harmonis. Sebuah perpaduan yang dirancang untuk memuaskan selera pecinta kopi sejati.",Round,Flores Manggarai (Medium / SemiWashed): 450g (45%) | Papua Wamena (Dark / Anaerobic): 350g (35%) | Bali Kintamani (Light / Wine): 200g (20%) | total: 1000g,Best for Moka Pot
S-SUM-058,Summer,Seasonal Blend,Sacred Summer Collection,Gunung Halu Dark Wine 45% | Lintong Onan Medium Anaerobic 55%,Medium,"Karakter buah tropis yang menawan, blend tropical ini memadukan biji-biji terbaik dari Gunung Halu dan Lintong Onan. Diproses dengan metode Wine & Anaerobic, menghadirkan profil rasa dark espresso, tobacco, cacao nib yang kompleks namun harmonis. Sebuah perpaduan yang dirancang untuk memuaskan selera pecinta kopi sejati.",Round,Gunung Halu (Dark / Wine): 450g (45%) | Lintong Onan (Medium / Anaerobic): 550g (55%) | total: 1000g,Versatile for Espresso & Filter
S-SUM-059,Summer,Seasonal Blend,Nusantara Summer Chapter,Toraja Kalosi Light Honey 45% | Java Sindoro Medium Washed 35% | Dampit Malang Light Anaerobic 20%,Light,"Cerah seperti pagi musim panas, blend tropical ini memadukan biji-biji terbaik dari Toraja Kalosi dan Java Sindoro dan Dampit Malang. Diproses dengan metode Washed & Honey, menghadirkan profil rasa raspberry, honeysuckle, floral yang kompleks namun harmonis. Sebuah perpaduan yang dirancang untuk memuaskan selera pecinta kopi sejati.",Clean,Toraja Kalosi (Light / Honey): 450g (45%) | Java Sindoro (Medium / Washed): 350g (35%) | Dampit Malang (Light / Anaerobic): 200g (20%) | total: 1000g,Best for V60
S-SUM-060,Summer,Seasonal Blend,Mystic Summer Signature,Sembalun Rinjani Light WetHulled 40% | Sembalun Rinjani Light Wine 35% | Java Temanggung Medium Natural 25%,Light,"Cerah seperti pagi musim panas, blend lively ini memadukan biji-biji terbaik dari Sembalun Rinjani dan Sembalun Rinjani dan Java Temanggung. Diproses dengan metode Wine & WetHulled, menghadirkan profil rasa dark chocolate, lime, herb yang kompleks namun harmonis. Sebuah perpaduan yang dirancang untuk memuaskan selera pecinta kopi sejati.",Clean,Sembalun Rinjani (Light / WetHulled): 400g (40%) | Sembalun Rinjani (Light / Wine): 350g (35%) | Java Temanggung (Medium / Natural): 250g (25%) | total: 1000g,Pour Over Recommended
S-SUM-061,Summer,Seasonal Blend,Mystic Summer Edition,Java Manglayang Dark Washed 70% | Semeru Medium WetHulled 30%,Dark,"Ringan namun penuh kepribadian, blend vibrant ini memadukan biji-biji terbaik dari Java Manglayang dan Semeru. Diproses dengan metode Washed & WetHulled, menghadirkan profil rasa smoky caramel, mushroom, tobacco yang kompleks namun harmonis. Sebuah perpaduan yang dirancang untuk memuaskan selera pecinta kopi sejati.",Thick,Java Manglayang (Dark / Washed): 700g (70%) | Semeru (Medium / WetHulled): 300g (30%) | total: 1000g,Ideal untuk Ristretto
S-SUM-062,Summer,Seasonal Blend,Primal Summer Select,Bengkulu Light Honey 50% | Java Preanger Light SemiWashed 25% | Toraja Kalosi Dark WetHulled 25%,Light,"Ringan namun penuh kepribadian, blend lively ini memadukan biji-biji terbaik dari Bengkulu dan Java Preanger dan Toraja Kalosi. Diproses dengan metode SemiWashed & Honey, menghadirkan profil rasa oolong tea, white grape, mandarin yang kompleks namun harmonis. Sebuah perpaduan yang dirancang untuk memuaskan selera pecinta kopi sejati.",Tea-like,Bengkulu (Light / Honey): 500g (50%) | Java Preanger (Light / SemiWashed): 250g (25%) | Toraja Kalosi (Dark / WetHulled): 250g (25%) | total: 1000g,Pour Over Recommended
S-SUM-063,Summer,Seasonal Blend,Timeless Summer Valley,Gunung Halu Light Honey 50% | Solok Radjo Light Anaerobic 30% | Flores Bajawa Dark SemiWashed 20%,Light,"Segar dan penuh semangat, blend refreshing ini memadukan biji-biji terbaik dari Gunung Halu dan Solok Radjo dan Flores Bajawa. Diproses dengan metode SemiWashed & Honey, menghadirkan profil rasa roasted grain, honeysuckle, rum raisin yang kompleks namun harmonis. Sebuah perpaduan yang dirancang untuk memuaskan selera pecinta kopi sejati.",Silky,Gunung Halu (Light / Honey): 500g (50%) | Solok Radjo (Light / Anaerobic): 300g (30%) | Flores Bajawa (Dark / SemiWashed): 200g (20%) | total: 1000g,Pour Over Recommended
S-SUM-064,Summer,Seasonal Blend,Serenity Summer Story,Java Ijen Raung Light Natural 50% | Semeru Dark SemiWashed 25% | Solok Radjo Light Washed 25%,Light,"Cerah seperti pagi musim panas, blend lively ini memadukan biji-biji terbaik dari Java Ijen Raung dan Semeru dan Solok Radjo. Diproses dengan metode SemiWashed & Washed, menghadirkan profil rasa strawberry, lemon zest, watermelon yang kompleks namun harmonis. Sebuah perpaduan yang dirancang untuk memuaskan selera pecinta kopi sejati.",Silky,Java Ijen Raung (Light / Natural): 500g (50%) | Semeru (Dark / SemiWashed): 250g (25%) | Solok Radjo (Light / Washed): 250g (25%) | total: 1000g,Cocok untuk AeroPress
S-SUM-065,Summer,Seasonal Blend,Equator Summer Legacy,Java Ciwidey Light SemiWashed 60% | Java Temanggung Light SemiWashed 40%,Light,"Ringan namun penuh kepribadian, blend lively ini memadukan biji-biji terbaik dari Java Ciwidey dan Java Temanggung. Diproses dengan metode SemiWashed, menghadirkan profil rasa oolong tea, papaya, light caramel yang kompleks namun harmonis. Sebuah perpaduan yang dirancang untuk memuaskan selera pecinta kopi sejati.",Tea-like,Java Ciwidey (Light / SemiWashed): 600g (60%) | Java Temanggung (Light / SemiWashed): 400g (40%) | total: 1000g,Ideal for Chemex
S-SUM-066,Summer,Seasonal Blend,Twilight Summer Spring,Java Manglayang Dark Wine 45% | Arjuno Dark Natural 35% | Sembalun Rinjani Light Anaerobic 20%,Dark,"Karakter buah tropis yang menawan, blend refreshing ini memadukan biji-biji terbaik dari Java Manglayang dan Arjuno dan Sembalun Rinjani. Diproses dengan metode Wine & Natural, menghadirkan profil rasa smoked plum, raspberry, passion fruit yang kompleks namun harmonis. Sebuah perpaduan yang dirancang untuk memuaskan selera pecinta kopi sejati.",Heavy Body,Java Manglayang (Dark / Wine): 450g (45%) | Arjuno (Dark / Natural): 350g (35%) | Sembalun Rinjani (Light / Anaerobic): 200g (20%) | total: 1000g,Ideal untuk Ristretto
S-SUM-067,Summer,Seasonal Blend,Summit Summer Legacy,Java Puntang Dark Wine 60% | Solok Radjo Dark WetHulled 40%,Dark,"Ringan namun penuh kepribadian, blend lively ini memadukan biji-biji terbaik dari Java Puntang dan Solok Radjo. Diproses dengan metode Wine & WetHulled, menghadirkan profil rasa peat, intense earth, clove yang kompleks namun harmonis. Sebuah perpaduan yang dirancang untuk memuaskan selera pecinta kopi sejati.",Heavy Body,Java Puntang (Dark / Wine): 600g (60%) | Solok Radjo (Dark / WetHulled): 400g (40%) | total: 1000g,Cocok untuk Cold Brew
S-SUM-068,Summer,Seasonal Blend,Ancient Summer Edition,Lintong Onan Dark Washed 60% | Mandheling Light Wine 40%,Medium,"Ringan namun penuh kepribadian, blend tropical ini memadukan biji-biji terbaik dari Lintong Onan dan Mandheling. Diproses dengan metode Washed & Wine, menghadirkan profil rasa bitter chocolate, plum, blackcurrant yang kompleks namun harmonis. Sebuah perpaduan yang dirancang untuk memuaskan selera pecinta kopi sejati.",Balanced,Lintong Onan (Dark / Washed): 600g (60%) | Mandheling (Light / Wine): 400g (40%) | total: 1000g,Versatile for Espresso & Filter
S-SUM-069,Summer,Seasonal Blend,Twilight Summer Estate,Java Puntang Dark Anaerobic 45% | Gunung Halu Medium Natural 35% | Flores Bajawa Dark WetHulled 20%,Dark,"Karakter buah tropis yang menawan, blend tropical ini memadukan biji-biji terbaik dari Java Puntang dan Gunung Halu dan Flores Bajawa. Diproses dengan metode WetHulled & Natural, menghadirkan profil rasa dark chocolate, molasses, clove yang kompleks namun harmonis. Sebuah perpaduan yang dirancang untuk memuaskan selera pecinta kopi sejati.",Heavy Body,Java Puntang (Dark / Anaerobic): 450g (45%) | Gunung Halu (Medium / Natural): 350g (35%) | Flores Bajawa (Dark / WetHulled): 200g (20%) | total: 1000g,Cocok untuk Cold Brew
S-SUM-070,Summer,Seasonal Blend,Heritage Summer Fusion,Bali Ulian Dark Anaerobic 65% | Sembalun Rinjani Dark Honey 35%,Dark,"Karakter buah tropis yang menawan, blend vibrant ini memadukan biji-biji terbaik dari Bali Ulian dan Sembalun Rinjani. Diproses dengan metode Honey & Anaerobic, menghadirkan profil rasa smoked almond, toffee, dark rum yang kompleks namun harmonis. Sebuah perpaduan yang dirancang untuk memuaskan selera pecinta kopi sejati.",Heavy Body,Bali Ulian (Dark / Anaerobic): 650g (65%) | Sembalun Rinjani (Dark / Honey): 350g (35%) | total: 1000g,Best for Espresso
S-SUM-071,Summer,Seasonal Blend,Nusantara Summer Spring,Flores Bajawa Dark Natural 50% | Kerinci Kayu Aro Medium WetHulled 30% | Dampit Malang Medium Natural 20%,Dark,"Ringan namun penuh kepribadian, blend bright ini memadukan biji-biji terbaik dari Flores Bajawa dan Kerinci Kayu Aro dan Dampit Malang. Diproses dengan metode WetHulled & Natural, menghadirkan profil rasa tar, woody, earthy yang kompleks namun harmonis. Sebuah perpaduan yang dirancang untuk memuaskan selera pecinta kopi sejati.",Heavy Body,Flores Bajawa (Dark / Natural): 500g (50%) | Kerinci Kayu Aro (Medium / WetHulled): 300g (30%) | Dampit Malang (Medium / Natural): 200g (20%) | total: 1000g,Ideal untuk Ristretto
S-SUM-072,Summer,Seasonal Blend,Archipelago Summer Signature,Solok Radjo Light Washed 60% | Bali Ulian Dark Natural 25% | Toraja Kalosi Light SemiWashed 15%,Light,"Karakter buah tropis yang menawan, blend bright ini memadukan biji-biji terbaik dari Solok Radjo dan Bali Ulian dan Toraja Kalosi. Diproses dengan metode SemiWashed & Washed, menghadirkan profil rasa dark berry, green tea, light caramel yang kompleks namun harmonis. Sebuah perpaduan yang dirancang untuk memuaskan selera pecinta kopi sejati.",Light Body,Solok Radjo (Light / Washed): 600g (60%) | Bali Ulian (Dark / Natural): 250g (25%) | Toraja Kalosi (Light / SemiWashed): 150g (15%) | total: 1000g,Pour Over Recommended
S-SUM-073,Summer,Seasonal Blend,Timeless Summer Crest,Semeru Medium Natural 50% | Mandheling Medium Honey 30% | Flores Bajawa Medium SemiWashed 20%,Medium,"Cerah seperti pagi musim panas, blend refreshing ini memadukan biji-biji terbaik dari Semeru dan Mandheling dan Flores Bajawa. Diproses dengan metode SemiWashed & Honey, menghadirkan profil rasa vanilla, prune, dark chocolate yang kompleks namun harmonis. Sebuah perpaduan yang dirancang untuk memuaskan selera pecinta kopi sejati.",Medium Body,Semeru (Medium / Natural): 500g (50%) | Mandheling (Medium / Honey): 300g (30%) | Flores Bajawa (Medium / SemiWashed): 200g (20%) | total: 1000g,Versatile for Espresso & Filter
S-SUM-074,Summer,Seasonal Blend,Amber Summer Legacy,Dampit Malang Medium Anaerobic 45% | Toraja Sapan Medium WetHulled 55%,Medium,"Cerah seperti pagi musim panas, blend bright ini memadukan biji-biji terbaik dari Dampit Malang dan Toraja Sapan. Diproses dengan metode WetHulled & Anaerobic, menghadirkan profil rasa mushroom, woody, spice yang kompleks namun harmonis. Sebuah perpaduan yang dirancang untuk memuaskan selera pecinta kopi sejati.",Velvety,Dampit Malang (Medium / Anaerobic): 450g (45%) | Toraja Sapan (Medium / WetHulled): 550g (55%) | total: 1000g,Best for Moka Pot
S-SUM-075,Summer,Seasonal Blend,Dawn Summer Ridge,Wanoja Kamojang Dark Natural 40% | Java Manglayang Medium WetHulled 60%,Medium,"Segar dan penuh semangat, blend tropical ini memadukan biji-biji terbaik dari Wanoja Kamojang dan Java Manglayang. Diproses dengan metode WetHulled & Natural, menghadirkan profil rasa tar, spice, dark berry yang kompleks namun harmonis. Sebuah perpaduan yang dirancang untuk memuaskan selera pecinta kopi sejati.",Smooth,Wanoja Kamojang (Dark / Natural): 400g (40%) | Java Manglayang (Medium / WetHulled): 600g (60%) | total: 1000g,Versatile for Espresso & Filter
S-SUM-076,Summer,Seasonal Blend,Summit Summer Series,Bukit Barisan Dark Natural 40% | Toraja Sapan Light Natural 35% | Lampung Robusta Premium Light Honey 25%,Medium,"Ringan namun penuh kepribadian, blend vibrant ini memadukan biji-biji terbaik dari Bukit Barisan dan Toraja Sapan dan Lampung Robusta Premium. Diproses dengan metode Honey & Natural, menghadirkan profil rasa blueberry, floral, apricot yang kompleks namun harmonis. Sebuah perpaduan yang dirancang untuk memuaskan selera pecinta kopi sejati.",Smooth,Bukit Barisan (Dark / Natural): 400g (40%) | Toraja Sapan (Light / Natural): 350g (35%) | Lampung Robusta Premium (Light / Honey): 250g (25%) | total: 1000g,Versatile for Espresso & Filter
S-SUM-077,Summer,Seasonal Blend,Nusantara Summer Series,Aceh Gayo Medium Honey 65% | Sidikalang Dark Honey 35%,Medium,"Cerah seperti pagi musim panas, blend fruity ini memadukan biji-biji terbaik dari Aceh Gayo dan Sidikalang. Diproses dengan metode Honey, menghadirkan profil rasa honey, toffee, dark sugar yang kompleks namun harmonis. Sebuah perpaduan yang dirancang untuk memuaskan selera pecinta kopi sejati.",Medium Body,Aceh Gayo (Medium / Honey): 650g (65%) | Sidikalang (Dark / Honey): 350g (35%) | total: 1000g,Versatile for Espresso & Filter
S-SUM-078,Summer,Seasonal Blend,Primal Summer Journey,Bali Kintamani Light SemiWashed 55% | Mandheling Medium Wine 30% | Papua Dogiyai Medium Wine 15%,Light,"Ringan namun penuh kepribadian, blend fruity ini memadukan biji-biji terbaik dari Bali Kintamani dan Mandheling dan Papua Dogiyai. Diproses dengan metode SemiWashed & Wine, menghadirkan profil rasa espresso, port wine, roasted grape yang kompleks namun harmonis. Sebuah perpaduan yang dirancang untuk memuaskan selera pecinta kopi sejati.",Tea-like,Bali Kintamani (Light / SemiWashed): 550g (55%) | Mandheling (Medium / Wine): 300g (30%) | Papua Dogiyai (Medium / Wine): 150g (15%) | total: 1000g,Best for V60
S-SUM-079,Summer,Seasonal Blend,Timeless Summer Edition,Java Puntang Dark Honey 60% | Sidikalang Light SemiWashed 25% | Flores Bajawa Medium WetHulled 15%,Medium,"Segar dan penuh semangat, blend refreshing ini memadukan biji-biji terbaik dari Java Puntang dan Sidikalang dan Flores Bajawa. Diproses dengan metode SemiWashed & Honey, menghadirkan profil rasa leather, burnt caramel, mandarin yang kompleks namun harmonis. Sebuah perpaduan yang dirancang untuk memuaskan selera pecinta kopi sejati.",Medium Body,Java Puntang (Dark / Honey): 600g (60%) | Sidikalang (Light / SemiWashed): 250g (25%) | Flores Bajawa (Medium / WetHulled): 150g (15%) | total: 1000g,Versatile for Espresso & Filter
S-SUM-080,Summer,Seasonal Blend,Celestial Summer Select,Dampit Malang Dark SemiWashed 55% | Bali Ulian Light Anaerobic 45%,Medium,"Segar dan penuh semangat, blend vibrant ini memadukan biji-biji terbaik dari Dampit Malang dan Bali Ulian. Diproses dengan metode SemiWashed & Anaerobic, menghadirkan profil rasa intense spice, roasted grain, rum raisin yang kompleks namun harmonis. Sebuah perpaduan yang dirancang untuk memuaskan selera pecinta kopi sejati.",Smooth,Dampit Malang (Dark / SemiWashed): 550g (55%) | Bali Ulian (Light / Anaerobic): 450g (45%) | total: 1000g,Cocok untuk French Press & Espresso
S-SUM-081,Summer,Seasonal Blend,Dawn Summer Estate,Papua Wamena Dark Washed 45% | Semeru Dark Natural 35% | Gunung Halu Light Honey 20%,Dark,"Ringan namun penuh kepribadian, blend lively ini memadukan biji-biji terbaik dari Papua Wamena dan Semeru dan Gunung Halu. Diproses dengan metode Washed & Honey, menghadirkan profil rasa apricot, pear, bitter chocolate yang kompleks namun harmonis. Sebuah perpaduan yang dirancang untuk memuaskan selera pecinta kopi sejati.",Heavy Body,Papua Wamena (Dark / Washed): 450g (45%) | Semeru (Dark / Natural): 350g (35%) | Gunung Halu (Light / Honey): 200g (20%) | total: 1000g,Best for Espresso
S-SUM-082,Summer,Seasonal Blend,Summit Summer Edition,Mandheling Light WetHulled 70% | Gunung Halu Light Anaerobic 30%,Light,"Karakter buah tropis yang menawan, blend fruity ini memadukan biji-biji terbaik dari Mandheling dan Gunung Halu. Diproses dengan metode WetHulled & Anaerobic, menghadirkan profil rasa lime, lychee, tobacco leaf yang kompleks namun harmonis. Sebuah perpaduan yang dirancang untuk memuaskan selera pecinta kopi sejati.",Silky,Mandheling (Light / WetHulled): 700g (70%) | Gunung Halu (Light / Anaerobic): 300g (30%) | total: 1000g,Best for V60
S-SUM-083,Summer,Seasonal Blend,Sacred Summer Story,Lampung Robusta Premium Light Anaerobic 65% | Java Puntang Medium Anaerobic 35%,Light,"Segar dan penuh semangat, blend vibrant ini memadukan biji-biji terbaik dari Lampung Robusta Premium dan Java Puntang. Diproses dengan metode Anaerobic, menghadirkan profil rasa raspberry, cola, tamarind yang kompleks namun harmonis. Sebuah perpaduan yang dirancang untuk memuaskan selera pecinta kopi sejati.",Light Body,Lampung Robusta Premium (Light / Anaerobic): 650g (65%) | Java Puntang (Medium / Anaerobic): 350g (35%) | total: 1000g,Cocok untuk AeroPress
S-SUM-084,Summer,Seasonal Blend,Ritual Summer Story,Sembalun Rinjani Medium Wine 55% | Flores Manggarai Dark WetHulled 30% | Java Garut Light SemiWashed 15%,Medium,"Segar dan penuh semangat, blend refreshing ini memadukan biji-biji terbaik dari Sembalun Rinjani dan Flores Manggarai dan Java Garut. Diproses dengan metode SemiWashed & Wine, menghadirkan profil rasa bark, oolong tea, mandarin yang kompleks namun harmonis. Sebuah perpaduan yang dirancang untuk memuaskan selera pecinta kopi sejati.",Round,Sembalun Rinjani (Medium / Wine): 550g (55%) | Flores Manggarai (Dark / WetHulled): 300g (30%) | Java Garut (Light / SemiWashed): 150g (15%) | total: 1000g,Best for Moka Pot
S-SUM-085,Summer,Seasonal Blend,Velvet Summer Valley,Papua Dogiyai Medium WetHulled 60% | Mandheling Dark WetHulled 40%,Medium,"Ringan namun penuh kepribadian, blend refreshing ini memadukan biji-biji terbaik dari Papua Dogiyai dan Mandheling. Diproses dengan metode WetHulled, menghadirkan profil rasa peat, dark tobacco, clove yang kompleks namun harmonis. Sebuah perpaduan yang dirancang untuk memuaskan selera pecinta kopi sejati.",Round,Papua Dogiyai (Medium / WetHulled): 600g (60%) | Mandheling (Dark / WetHulled): 400g (40%) | total: 1000g,Versatile for Espresso & Filter
S-SUM-086,Summer,Seasonal Blend,Amber Summer Collection,Java Sindoro Dark Natural 55% | Bali Ulian Dark Washed 45%,Dark,"Ringan namun penuh kepribadian, blend bright ini memadukan biji-biji terbaik dari Java Sindoro dan Bali Ulian. Diproses dengan metode Washed & Natural, menghadirkan profil rasa dark berry, smoky caramel, bitter chocolate yang kompleks namun harmonis. Sebuah perpaduan yang dirancang untuk memuaskan selera pecinta kopi sejati.",Bold,Java Sindoro (Dark / Natural): 550g (55%) | Bali Ulian (Dark / Washed): 450g (45%) | total: 1000g,Best for Espresso
S-SUM-087,Summer,Seasonal Blend,Whisper Summer Reserve,Java Manglayang Light WetHulled 40% | Sembalun Rinjani Dark Washed 60%,Medium,"Ringan namun penuh kepribadian, blend lively ini memadukan biji-biji terbaik dari Java Manglayang dan Sembalun Rinjani. Diproses dengan metode Washed & WetHulled, menghadirkan profil rasa green pepper, smoky caramel, dark roast yang kompleks namun harmonis. Sebuah perpaduan yang dirancang untuk memuaskan selera pecinta kopi sejati.",Balanced,Java Manglayang (Light / WetHulled): 400g (40%) | Sembalun Rinjani (Dark / Washed): 600g (60%) | total: 1000g,Cocok untuk French Press & Espresso
S-SUM-088,Summer,Seasonal Blend,Sacred Summer Spring,Gunung Halu Medium Honey 45% | Java Sindoro Dark Anaerobic 35% | Toraja Sapan Dark Wine 20%,Dark,"Ringan namun penuh kepribadian, blend vibrant ini memadukan biji-biji terbaik dari Gunung Halu dan Java Sindoro dan Toraja Sapan. Diproses dengan metode Honey & Wine, menghadirkan profil rasa smoke, fermented cocoa, black cherry yang kompleks namun harmonis. Sebuah perpaduan yang dirancang untuk memuaskan selera pecinta kopi sejati.",Thick,Gunung Halu (Medium / Honey): 450g (45%) | Java Sindoro (Dark / Anaerobic): 350g (35%) | Toraja Sapan (Dark / Wine): 200g (20%) | total: 1000g,Cocok untuk Cold Brew
S-SUM-089,Summer,Seasonal Blend,Harvest Summer Signature,Lampung Robusta Premium Light Wine 60% | Java Preanger Light Anaerobic 25% | Semeru Medium SemiWashed 15%,Light,"Cerah seperti pagi musim panas, blend fruity ini memadukan biji-biji terbaik dari Lampung Robusta Premium dan Java Preanger dan Semeru. Diproses dengan metode SemiWashed & Wine, menghadirkan profil rasa milk caramel, lychee, cola yang kompleks namun harmonis. Sebuah perpaduan yang dirancang untuk memuaskan selera pecinta kopi sejati.",Tea-like,Lampung Robusta Premium (Light / Wine): 600g (60%) | Java Preanger (Light / Anaerobic): 250g (25%) | Semeru (Medium / SemiWashed): 150g (15%) | total: 1000g,Best for V60
S-SUM-090,Summer,Seasonal Blend,Highland Summer Peak,Bengkulu Light Wine 45% | Arjuno Light Washed 55%,Light,"Segar dan penuh semangat, blend vibrant ini memadukan biji-biji terbaik dari Bengkulu dan Arjuno. Diproses dengan metode Washed & Wine, menghadirkan profil rasa grape must, lemon zest, jasmine yang kompleks namun harmonis. Sebuah perpaduan yang dirancang untuk memuaskan selera pecinta kopi sejati.",Light Body,Bengkulu (Light / Wine): 450g (45%) | Arjuno (Light / Washed): 550g (55%) | total: 1000g,Pour Over Recommended
S-SUM-091,Summer,Seasonal Blend,Primal Summer Chapter,Bali Ulian Dark Natural 50% | Temanggung Medium Honey 30% | Java Puntang Medium Honey 20%,Dark,"Cerah seperti pagi musim panas, blend lively ini memadukan biji-biji terbaik dari Bali Ulian dan Temanggung dan Java Puntang. Diproses dengan metode Honey & Natural, menghadirkan profil rasa tar, dark berry, macadamia yang kompleks namun harmonis. Sebuah perpaduan yang dirancang untuk memuaskan selera pecinta kopi sejati.",Heavy Body,Bali Ulian (Dark / Natural): 500g (50%) | Temanggung (Medium / Honey): 300g (30%) | Java Puntang (Medium / Honey): 200g (20%) | total: 1000g,Best for Espresso
S-SUM-092,Summer,Seasonal Blend,Amber Summer Valley,Lintong Onan Light Honey 70% | Sembalun Rinjani Medium Honey 30%,Light,"Segar dan penuh semangat, blend bright ini memadukan biji-biji terbaik dari Lintong Onan dan Sembalun Rinjani. Diproses dengan metode Honey, menghadirkan profil rasa macadamia, dried apricot, honey yang kompleks namun harmonis. Sebuah perpaduan yang dirancang untuk memuaskan selera pecinta kopi sejati.",Tea-like,Lintong Onan (Light / Honey): 700g (70%) | Sembalun Rinjani (Medium / Honey): 300g (30%) | total: 1000g,Pour Over Recommended
S-SUM-093,Summer,Seasonal Blend,Heritage Summer Blend,Toraja Sapan Medium WetHulled 60% | Java Manglayang Medium Wine 25% | Mandheling Light WetHulled 15%,Medium,"Karakter buah tropis yang menawan, blend vibrant ini memadukan biji-biji terbaik dari Toraja Sapan dan Java Manglayang dan Mandheling. Diproses dengan metode Wine & WetHulled, menghadirkan profil rasa leather, espresso, tobacco yang kompleks namun harmonis. Sebuah perpaduan yang dirancang untuk memuaskan selera pecinta kopi sejati.",Balanced,Toraja Sapan (Medium / WetHulled): 600g (60%) | Java Manglayang (Medium / Wine): 250g (25%) | Mandheling (Light / WetHulled): 150g (15%) | total: 1000g,Cocok untuk French Press & Espresso
S-SUM-094,Summer,Seasonal Blend,Sunrise Summer Crest,Bali Kintamani Light SemiWashed 70% | Toraja Sapan Dark WetHulled 30%,Light,"Ringan namun penuh kepribadian, blend tropical ini memadukan biji-biji terbaik dari Bali Kintamani dan Toraja Sapan. Diproses dengan metode SemiWashed & WetHulled, menghadirkan profil rasa dark tobacco, light caramel, mandarin yang kompleks namun harmonis. Sebuah perpaduan yang dirancang untuk memuaskan selera pecinta kopi sejati.",Silky,Bali Kintamani (Light / SemiWashed): 700g (70%) | Toraja Sapan (Dark / WetHulled): 300g (30%) | total: 1000g,Cocok untuk AeroPress
S-SUM-095,Summer,Seasonal Blend,Summit Summer Signature,Semeru Light Natural 40% | Aceh Gayo Medium Natural 60%,Light,"Karakter buah tropis yang menawan, blend tropical ini memadukan biji-biji terbaik dari Semeru dan Aceh Gayo. Diproses dengan metode Natural, menghadirkan profil rasa dark chocolate, prune, tropical fruit yang kompleks namun harmonis. Sebuah perpaduan yang dirancang untuk memuaskan selera pecinta kopi sejati.",Delicate,Semeru (Light / Natural): 400g (40%) | Aceh Gayo (Medium / Natural): 600g (60%) | total: 1000g,Pour Over Recommended
S-SUM-096,Summer,Seasonal Blend,Sacred Summer Chapter,Lampung Robusta Premium Light WetHulled 50% | Semeru Medium Washed 50%,Light,"Karakter buah tropis yang menawan, blend vibrant ini memadukan biji-biji terbaik dari Lampung Robusta Premium dan Semeru. Diproses dengan metode Washed & WetHulled, menghadirkan profil rasa green pepper, tobacco leaf, lime yang kompleks namun harmonis. Sebuah perpaduan yang dirancang untuk memuaskan selera pecinta kopi sejati.",Light Body,Lampung Robusta Premium (Light / WetHulled): 500g (50%) | Semeru (Medium / Washed): 500g (50%) | total: 1000g,Ideal for Chemex
S-SUM-097,Summer,Seasonal Blend,Ritual Summer Craft,Bengkulu Light Wine 50% | Java Ijen Raung Light Wine 30% | Java Temanggung Medium Anaerobic 20%,Light,"Segar dan penuh semangat, blend refreshing ini memadukan biji-biji terbaik dari Bengkulu dan Java Ijen Raung dan Java Temanggung. Diproses dengan metode Wine & Anaerobic, menghadirkan profil rasa fermented fruit, wine, blackcurrant yang kompleks namun harmonis. Sebuah perpaduan yang dirancang untuk memuaskan selera pecinta kopi sejati.",Clean,Bengkulu (Light / Wine): 500g (50%) | Java Ijen Raung (Light / Wine): 300g (30%) | Java Temanggung (Medium / Anaerobic): 200g (20%) | total: 1000g,Ideal for Chemex
S-SUM-098,Summer,Seasonal Blend,Whisper Summer Crest,Gunung Halu Dark Honey 55% | Temanggung Light Honey 30% | Bali Ulian Dark Wine 15%,Medium,"Segar dan penuh semangat, blend tropical ini memadukan biji-biji terbaik dari Gunung Halu dan Temanggung dan Bali Ulian. Diproses dengan metode Honey & Wine, menghadirkan profil rasa dark sugar, nectarine, toffee yang kompleks namun harmonis. Sebuah perpaduan yang dirancang untuk memuaskan selera pecinta kopi sejati.",Smooth,Gunung Halu (Dark / Honey): 550g (55%) | Temanggung (Light / Honey): 300g (30%) | Bali Ulian (Dark / Wine): 150g (15%) | total: 1000g,Versatile for Espresso & Filter
S-SUM-099,Summer,Seasonal Blend,Ritual Summer Chapter,Bengkulu Dark Anaerobic 55% | Lampung Robusta Premium Medium SemiWashed 30% | Java Garut Light WetHulled 15%,Medium,"Karakter buah tropis yang menawan, blend fruity ini memadukan biji-biji terbaik dari Bengkulu dan Lampung Robusta Premium dan Java Garut. Diproses dengan metode SemiWashed & WetHulled, menghadirkan profil rasa milk caramel, fermented cocoa, dark rum yang kompleks namun harmonis. Sebuah perpaduan yang dirancang untuk memuaskan selera pecinta kopi sejati.",Velvety,Bengkulu (Dark / Anaerobic): 550g (55%) | Lampung Robusta Premium (Medium / SemiWashed): 300g (30%) | Java Garut (Light / WetHulled): 150g (15%) | total: 1000g,Versatile for Espresso & Filter
S-SUM-100,Summer,Seasonal Blend,Horizon Summer Blend,Java Manglayang Medium Washed 70% | Papua Wamena Dark WetHulled 30%,Medium,"Karakter buah tropis yang menawan, blend fruity ini memadukan biji-biji terbaik dari Java Manglayang dan Papua Wamena. Diproses dengan metode Washed & WetHulled, menghadirkan profil rasa dark tobacco, caramel, peat yang kompleks namun harmonis. Sebuah perpaduan yang dirancang untuk memuaskan selera pecinta kopi sejati.",Balanced,Java Manglayang (Medium / Washed): 700g (70%) | Papua Wamena (Dark / WetHulled): 300g (30%) | total: 1000g,Best for Moka Pot
S-SUM-101,Summer,Seasonal Blend,Equator Summer Journey,Java Garut Dark Honey 60% | Solok Radjo Light Washed 25% | Java Sindoro Medium SemiWashed 15%,Medium,"Segar dan penuh semangat, blend bright ini memadukan biji-biji terbaik dari Java Garut dan Solok Radjo dan Java Sindoro. Diproses dengan metode SemiWashed & Washed, menghadirkan profil rasa green tea, roasted nut, apricot jam yang kompleks namun harmonis. Sebuah perpaduan yang dirancang untuk memuaskan selera pecinta kopi sejati.",Medium Body,Java Garut (Dark / Honey): 600g (60%) | Solok Radjo (Light / Washed): 250g (25%) | Java Sindoro (Medium / SemiWashed): 150g (15%) | total: 1000g,Best for Moka Pot
S-SUM-102,Summer,Seasonal Blend,Archipelago Summer Collection,Aceh Gayo Light Honey 50% | Solok Radjo Light Honey 30% | Flores Bajawa Medium WetHulled 20%,Light,"Karakter buah tropis yang menawan, blend tropical ini memadukan biji-biji terbaik dari Aceh Gayo dan Solok Radjo dan Flores Bajawa. Diproses dengan metode Honey & WetHulled, menghadirkan profil rasa white grape, floral, nectarine yang kompleks namun harmonis. Sebuah perpaduan yang dirancang untuk memuaskan selera pecinta kopi sejati.",Tea-like,Aceh Gayo (Light / Honey): 500g (50%) | Solok Radjo (Light / Honey): 300g (30%) | Flores Bajawa (Medium / WetHulled): 200g (20%) | total: 1000g,Cocok untuk AeroPress
S-SUM-103,Summer,Seasonal Blend,Heritage Summer Signature,Java Preanger Dark Anaerobic 45% | Bukit Barisan Medium Anaerobic 55%,Medium,"Segar dan penuh semangat, blend lively ini memadukan biji-biji terbaik dari Java Preanger dan Bukit Barisan. Diproses dengan metode Anaerobic, menghadirkan profil rasa fermented cocoa, tropical punch, dark rum yang kompleks namun harmonis. Sebuah perpaduan yang dirancang untuk memuaskan selera pecinta kopi sejati.",Round,Java Preanger (Dark / Anaerobic): 450g (45%) | Bukit Barisan (Medium / Anaerobic): 550g (55%) | total: 1000g,Versatile for Espresso & Filter
S-SUM-104,Summer,Seasonal Blend,Midnight Summer Spring,Java Manglayang Light Honey 55% | Gunung Halu Light SemiWashed 30% | Java Ciwidey Light Anaerobic 15%,Light,"Ringan namun penuh kepribadian, blend bright ini memadukan biji-biji terbaik dari Java Manglayang dan Gunung Halu dan Java Ciwidey. Diproses dengan metode SemiWashed & Honey, menghadirkan profil rasa cola, apricot, raspberry yang kompleks namun harmonis. Sebuah perpaduan yang dirancang untuk memuaskan selera pecinta kopi sejati.",Light Body,Java Manglayang (Light / Honey): 550g (55%) | Gunung Halu (Light / SemiWashed): 300g (30%) | Java Ciwidey (Light / Anaerobic): 150g (15%) | total: 1000g,Ideal for Chemex
S-SUM-105,Summer,Seasonal Blend,Golden Summer Select,Java Ciwidey Medium Honey 55% | Sembalun Rinjani Dark Washed 30% | Papua Dogiyai Medium SemiWashed 15%,Medium,"Karakter buah tropis yang menawan, blend vibrant ini memadukan biji-biji terbaik dari Java Ciwidey dan Sembalun Rinjani dan Papua Dogiyai. Diproses dengan metode SemiWashed & Washed, menghadirkan profil rasa apricot jam, molasses, vanilla yang kompleks namun harmonis. Sebuah perpaduan yang dirancang untuk memuaskan selera pecinta kopi sejati.",Velvety,Java Ciwidey (Medium / Honey): 550g (55%) | Sembalun Rinjani (Dark / Washed): 300g (30%) | Papua Dogiyai (Medium / SemiWashed): 150g (15%) | total: 1000g,Versatile for Espresso & Filter
S-SUM-106,Summer,Seasonal Blend,Primal Summer Signature,Gunung Halu Dark SemiWashed 50% | Java Ciwidey Dark Anaerobic 30% | Java Manglayang Medium WetHulled 20%,Dark,"Karakter buah tropis yang menawan, blend fruity ini memadukan biji-biji terbaik dari Gunung Halu dan Java Ciwidey dan Java Manglayang. Diproses dengan metode SemiWashed & WetHulled, menghadirkan profil rasa smoke, tobacco, walnut yang kompleks namun harmonis. Sebuah perpaduan yang dirancang untuk memuaskan selera pecinta kopi sejati.",Heavy Body,Gunung Halu (Dark / SemiWashed): 500g (50%) | Java Ciwidey (Dark / Anaerobic): 300g (30%) | Java Manglayang (Medium / WetHulled): 200g (20%) | total: 1000g,Cocok untuk Cold Brew
S-SUM-107,Summer,Seasonal Blend,Twilight Summer Chapter,Lintong Onan Dark SemiWashed 45% | Bali Kintamani Dark Wine 55%,Dark,"Karakter buah tropis yang menawan, blend fruity ini memadukan biji-biji terbaik dari Lintong Onan dan Bali Kintamani. Diproses dengan metode SemiWashed & Wine, menghadirkan profil rasa roasted grain, dark caramel, smoked plum yang kompleks namun harmonis. Sebuah perpaduan yang dirancang untuk memuaskan selera pecinta kopi sejati.",Syrupy,Lintong Onan (Dark / SemiWashed): 450g (45%) | Bali Kintamani (Dark / Wine): 550g (55%) | total: 1000g,Best for Batch Brew
S-SUM-108,Summer,Seasonal Blend,Harvest Summer Fusion,Arjuno Light WetHulled 55% | Java Puntang Light Anaerobic 45%,Light,"Karakter buah tropis yang menawan, blend fruity ini memadukan biji-biji terbaik dari Arjuno dan Java Puntang. Diproses dengan metode WetHulled & Anaerobic, menghadirkan profil rasa rum raisin, cola, cedar yang kompleks namun harmonis. Sebuah perpaduan yang dirancang untuk memuaskan selera pecinta kopi sejati.",Clean,Arjuno (Light / WetHulled): 550g (55%) | Java Puntang (Light / Anaerobic): 450g (45%) | total: 1000g,Cocok untuk AeroPress
S-SUM-109,Summer,Seasonal Blend,Velvet Summer Series,Flores Manggarai Dark SemiWashed 45% | Lintong Onan Light WetHulled 35% | Kerinci Kayu Aro Dark Natural 20%,Medium,"Ringan namun penuh kepribadian, blend refreshing ini memadukan biji-biji terbaik dari Flores Manggarai dan Lintong Onan dan Kerinci Kayu Aro. Diproses dengan metode SemiWashed & WetHulled, menghadirkan profil rasa cedar, dark caramel, tar yang kompleks namun harmonis. Sebuah perpaduan yang dirancang untuk memuaskan selera pecinta kopi sejati.",Velvety,Flores Manggarai (Dark / SemiWashed): 450g (45%) | Lintong Onan (Light / WetHulled): 350g (35%) | Kerinci Kayu Aro (Dark / Natural): 200g (20%) | total: 1000g,Best for Moka Pot
S-SUM-110,Summer,Seasonal Blend,Celestial Summer Chapter,Java Ciwidey Medium WetHulled 45% | Java Ciwidey Medium Honey 55%,Medium,"Ringan namun penuh kepribadian, blend vibrant ini memadukan biji-biji terbaik dari Java Ciwidey dan Java Ciwidey. Diproses dengan metode Honey & WetHulled, menghadirkan profil rasa maple syrup, earthy, mushroom yang kompleks namun harmonis. Sebuah perpaduan yang dirancang untuk memuaskan selera pecinta kopi sejati.",Round,Java Ciwidey (Medium / WetHulled): 450g (45%) | Java Ciwidey (Medium / Honey): 550g (55%) | total: 1000g,Cocok untuk French Press & Espresso
S-SUM-111,Summer,Seasonal Blend,Ritual Summer Origin,Java Manglayang Dark SemiWashed 40% | Sidikalang Light WetHulled 35% | Mandheling Light Honey 25%,Medium,"Karakter buah tropis yang menawan, blend vibrant ini memadukan biji-biji terbaik dari Java Manglayang dan Sidikalang dan Mandheling. Diproses dengan metode SemiWashed & Honey, menghadirkan profil rasa walnut, dark caramel, intense spice yang kompleks namun harmonis. Sebuah perpaduan yang dirancang untuk memuaskan selera pecinta kopi sejati.",Medium Body,Java Manglayang (Dark / SemiWashed): 400g (40%) | Sidikalang (Light / WetHulled): 350g (35%) | Mandheling (Light / Honey): 250g (25%) | total: 1000g,Versatile for Espresso & Filter
S-SUM-112,Summer,Seasonal Blend,Bronze Summer Peak,Java Temanggung Dark Anaerobic 50% | Toraja Sapan Light Honey 50%,Medium,"Karakter buah tropis yang menawan, blend fruity ini memadukan biji-biji terbaik dari Java Temanggung dan Toraja Sapan. Diproses dengan metode Honey & Anaerobic, menghadirkan profil rasa white grape, floral, apricot yang kompleks namun harmonis. Sebuah perpaduan yang dirancang untuk memuaskan selera pecinta kopi sejati.",Medium Body,Java Temanggung (Dark / Anaerobic): 500g (50%) | Toraja Sapan (Light / Honey): 500g (50%) | total: 1000g,Versatile for Espresso & Filter
S-SUM-113,Summer,Seasonal Blend,Amber Summer Chapter,Java Ciwidey Medium Natural 50% | Bali Ulian Medium Wine 25% | Flores Manggarai Medium Honey 25%,Medium,"Cerah seperti pagi musim panas, blend refreshing ini memadukan biji-biji terbaik dari Java Ciwidey dan Bali Ulian dan Flores Manggarai. Diproses dengan metode Wine & Honey, menghadirkan profil rasa berry jam, macadamia, honey yang kompleks namun harmonis. Sebuah perpaduan yang dirancang untuk memuaskan selera pecinta kopi sejati.",Medium Body,Java Ciwidey (Medium / Natural): 500g (50%) | Bali Ulian (Medium / Wine): 250g (25%) | Flores Manggarai (Medium / Honey): 250g (25%) | total: 1000g,Best for Moka Pot
S-SUM-114,Summer,Seasonal Blend,Heritage Summer Origin,Java Sindoro Dark Washed 40% | Java Preanger Dark Honey 35% | Bukit Barisan Dark Wine 25%,Dark,"Cerah seperti pagi musim panas, blend tropical ini memadukan biji-biji terbaik dari Java Sindoro dan Java Preanger dan Bukit Barisan. Diproses dengan metode Washed & Honey, menghadirkan profil rasa tobacco, dark roast, smoked plum yang kompleks namun harmonis. Sebuah perpaduan yang dirancang untuk memuaskan selera pecinta kopi sejati.",Thick,Java Sindoro (Dark / Washed): 400g (40%) | Java Preanger (Dark / Honey): 350g (35%) | Bukit Barisan (Dark / Wine): 250g (25%) | total: 1000g,Best for Espresso
S-SUM-115,Summer,Seasonal Blend,Dawn Summer Select,Arjuno Dark SemiWashed 40% | Flores Manggarai Dark Honey 35% | Semeru Light Anaerobic 25%,Dark,"Cerah seperti pagi musim panas, blend vibrant ini memadukan biji-biji terbaik dari Arjuno dan Flores Manggarai dan Semeru. Diproses dengan metode SemiWashed & Honey, menghadirkan profil rasa cola, raspberry, intense spice yang kompleks namun harmonis. Sebuah perpaduan yang dirancang untuk memuaskan selera pecinta kopi sejati.",Full Body,Arjuno (Dark / SemiWashed): 400g (40%) | Flores Manggarai (Dark / Honey): 350g (35%) | Semeru (Light / Anaerobic): 250g (25%) | total: 1000g,Best for Batch Brew
S-SUM-116,Summer,Seasonal Blend,Summit Summer Story,Kerinci Kayu Aro Dark Honey 65% | Bali Ulian Medium Honey 35%,Dark,"Ringan namun penuh kepribadian, blend tropical ini memadukan biji-biji terbaik dari Kerinci Kayu Aro dan Bali Ulian. Diproses dengan metode Honey, menghadirkan profil rasa dried apricot, dark sugar, maple syrup yang kompleks namun harmonis. Sebuah perpaduan yang dirancang untuk memuaskan selera pecinta kopi sejati.",Full Body,Kerinci Kayu Aro (Dark / Honey): 650g (65%) | Bali Ulian (Medium / Honey): 350g (35%) | total: 1000g,Best for Espresso
S-SUM-117,Summer,Seasonal Blend,Sacred Summer Signature,Java Ciwidey Dark WetHulled 60% | Dampit Malang Dark Washed 25% | Gunung Halu Dark SemiWashed 15%,Dark,"Cerah seperti pagi musim panas, blend vibrant ini memadukan biji-biji terbaik dari Java Ciwidey dan Dampit Malang dan Gunung Halu. Diproses dengan metode SemiWashed & Washed, menghadirkan profil rasa dark roast, bitter chocolate, roasted grain yang kompleks namun harmonis. Sebuah perpaduan yang dirancang untuk memuaskan selera pecinta kopi sejati.",Full Body,Java Ciwidey (Dark / WetHulled): 600g (60%) | Dampit Malang (Dark / Washed): 250g (25%) | Gunung Halu (Dark / SemiWashed): 150g (15%) | total: 1000g,Ideal untuk Ristretto
S-SUM-118,Summer,Seasonal Blend,Archipelago Summer Valley,Kerinci Kayu Aro Light Anaerobic 45% | Java Temanggung Dark Natural 55%,Medium,"Cerah seperti pagi musim panas, blend lively ini memadukan biji-biji terbaik dari Kerinci Kayu Aro dan Java Temanggung. Diproses dengan metode Natural & Anaerobic, menghadirkan profil rasa lychee, raspberry, espresso yang kompleks namun harmonis. Sebuah perpaduan yang dirancang untuk memuaskan selera pecinta kopi sejati.",Balanced,Kerinci Kayu Aro (Light / Anaerobic): 450g (45%) | Java Temanggung (Dark / Natural): 550g (55%) | total: 1000g,Versatile for Espresso & Filter
S-SUM-119,Summer,Seasonal Blend,Golden Summer Series,Java Puntang Dark SemiWashed 50% | Java Sindoro Medium Wine 30% | Sidikalang Dark SemiWashed 20%,Dark,"Segar dan penuh semangat, blend tropical ini memadukan biji-biji terbaik dari Java Puntang dan Java Sindoro dan Sidikalang. Diproses dengan metode SemiWashed & Wine, menghadirkan profil rasa walnut, dark caramel, intense spice yang kompleks namun harmonis. Sebuah perpaduan yang dirancang untuk memuaskan selera pecinta kopi sejati.",Syrupy,Java Puntang (Dark / SemiWashed): 500g (50%) | Java Sindoro (Medium / Wine): 300g (30%) | Sidikalang (Dark / SemiWashed): 200g (20%) | total: 1000g,Cocok untuk Cold Brew
S-SUM-120,Summer,Seasonal Blend,Ember Summer Journey,Toraja Sapan Medium Anaerobic 50% | Java Ijen Raung Medium Honey 30% | Java Garut Medium WetHulled 20%,Medium,"Segar dan penuh semangat, blend vibrant ini memadukan biji-biji terbaik dari Toraja Sapan dan Java Ijen Raung dan Java Garut. Diproses dengan metode Honey & WetHulled, menghadirkan profil rasa cacao nib, macadamia, honey yang kompleks namun harmonis. Sebuah perpaduan yang dirancang untuk memuaskan selera pecinta kopi sejati.",Balanced,Toraja Sapan (Medium / Anaerobic): 500g (50%) | Java Ijen Raung (Medium / Honey): 300g (30%) | Java Garut (Medium / WetHulled): 200g (20%) | total: 1000g,Cocok untuk French Press & Espresso
S-SUM-121,Summer,Seasonal Blend,Copper Summer Peak,Bali Kintamani Light Washed 60% | Bengkulu Light Wine 40%,Light,"Segar dan penuh semangat, blend lively ini memadukan biji-biji terbaik dari Bali Kintamani dan Bengkulu. Diproses dengan metode Washed & Wine, menghadirkan profil rasa citrus, green tea, grape must yang kompleks namun harmonis. Sebuah perpaduan yang dirancang untuk memuaskan selera pecinta kopi sejati.",Light Body,Bali Kintamani (Light / Washed): 600g (60%) | Bengkulu (Light / Wine): 400g (40%) | total: 1000g,Best for V60
S-SUM-122,Summer,Seasonal Blend,Heritage Summer Collection,Java Ijen Raung Medium SemiWashed 45% | Arjuno Dark Natural 35% | Papua Wamena Light Wine 20%,Medium,"Karakter buah tropis yang menawan, blend fruity ini memadukan biji-biji terbaik dari Java Ijen Raung dan Arjuno dan Papua Wamena. Diproses dengan metode SemiWashed & Wine, menghadirkan profil rasa plum, roasted nut, wine yang kompleks namun harmonis. Sebuah perpaduan yang dirancang untuk memuaskan selera pecinta kopi sejati.",Smooth,Java Ijen Raung (Medium / SemiWashed): 450g (45%) | Arjuno (Dark / Natural): 350g (35%) | Papua Wamena (Light / Wine): 200g (20%) | total: 1000g,Versatile for Espresso & Filter
S-SUM-123,Summer,Seasonal Blend,Whisper Summer Collection,Lampung Robusta Premium Light Natural 45% | Bengkulu Medium Wine 35% | Bengkulu Dark Anaerobic 20%,Medium,"Ringan namun penuh kepribadian, blend tropical ini memadukan biji-biji terbaik dari Lampung Robusta Premium dan Bengkulu dan Bengkulu. Diproses dengan metode Wine & Natural, menghadirkan profil rasa port wine, black cherry, smoke yang kompleks namun harmonis. Sebuah perpaduan yang dirancang untuk memuaskan selera pecinta kopi sejati.",Balanced,Lampung Robusta Premium (Light / Natural): 450g (45%) | Bengkulu (Medium / Wine): 350g (35%) | Bengkulu (Dark / Anaerobic): 200g (20%) | total: 1000g,Cocok untuk French Press & Espresso
S-SUM-124,Summer,Seasonal Blend,Volcano Summer Signature,Temanggung Light Wine 50% | Bali Ulian Medium Honey 30% | Java Temanggung Dark Natural 20%,Medium,"Cerah seperti pagi musim panas, blend tropical ini memadukan biji-biji terbaik dari Temanggung dan Bali Ulian dan Java Temanggung. Diproses dengan metode Wine & Natural, menghadirkan profil rasa espresso, maple syrup, grape must yang kompleks namun harmonis. Sebuah perpaduan yang dirancang untuk memuaskan selera pecinta kopi sejati.",Smooth,Temanggung (Light / Wine): 500g (50%) | Bali Ulian (Medium / Honey): 300g (30%) | Java Temanggung (Dark / Natural): 200g (20%) | total: 1000g,Cocok untuk French Press & Espresso
S-SUM-125,Summer,Seasonal Blend,Copper Summer Origin,Temanggung Light Honey 55% | Bali Ulian Light Washed 45%,Light,"Segar dan penuh semangat, blend bright ini memadukan biji-biji terbaik dari Temanggung dan Bali Ulian. Diproses dengan metode Washed & Honey, menghadirkan profil rasa floral, jasmine, lemon zest yang kompleks namun harmonis. Sebuah perpaduan yang dirancang untuk memuaskan selera pecinta kopi sejati.",Tea-like,Temanggung (Light / Honey): 550g (55%) | Bali Ulian (Light / Washed): 450g (45%) | total: 1000g,Ideal for Chemex
S-SUM-126,Summer,Seasonal Blend,Archipelago Summer Craft,Dampit Malang Dark Washed 55% | Solok Radjo Medium SemiWashed 30% | Semeru Dark WetHulled 15%,Dark,"Ringan namun penuh kepribadian, blend lively ini memadukan biji-biji terbaik dari Dampit Malang dan Solok Radjo dan Semeru. Diproses dengan metode SemiWashed & Washed, menghadirkan profil rasa molasses, vanilla, apricot jam yang kompleks namun harmonis. Sebuah perpaduan yang dirancang untuk memuaskan selera pecinta kopi sejati.",Thick,Dampit Malang (Dark / Washed): 550g (55%) | Solok Radjo (Medium / SemiWashed): 300g (30%) | Semeru (Dark / WetHulled): 150g (15%) | total: 1000g,Best for Batch Brew
S-SUM-127,Summer,Seasonal Blend,Mystic Summer Crest,Solok Radjo Dark Anaerobic 70% | Kerinci Kayu Aro Light Natural 30%,Medium,"Cerah seperti pagi musim panas, blend vibrant ini memadukan biji-biji terbaik dari Solok Radjo dan Kerinci Kayu Aro. Diproses dengan metode Natural & Anaerobic, menghadirkan profil rasa dark rum, black cherry, hibiscus yang kompleks namun harmonis. Sebuah perpaduan yang dirancang untuk memuaskan selera pecinta kopi sejati.",Balanced,Solok Radjo (Dark / Anaerobic): 700g (70%) | Kerinci Kayu Aro (Light / Natural): 300g (30%) | total: 1000g,Versatile for Espresso & Filter
S-SUM-128,Summer,Seasonal Blend,Equator Summer Reserve,Gunung Halu Medium Honey 50% | Java Temanggung Medium Anaerobic 50%,Medium,"Cerah seperti pagi musim panas, blend refreshing ini memadukan biji-biji terbaik dari Gunung Halu dan Java Temanggung. Diproses dengan metode Honey & Anaerobic, menghadirkan profil rasa honey, tropical punch, fermented fruit yang kompleks namun harmonis. Sebuah perpaduan yang dirancang untuk memuaskan selera pecinta kopi sejati.",Velvety,Gunung Halu (Medium / Honey): 500g (50%) | Java Temanggung (Medium / Anaerobic): 500g (50%) | total: 1000g,Cocok untuk French Press & Espresso
S-SUM-129,Summer,Seasonal Blend,Silk Summer Ridge,Toraja Kalosi Dark Natural 65% | Sidikalang Dark SemiWashed 35%,Dark,"Karakter buah tropis yang menawan, blend tropical ini memadukan biji-biji terbaik dari Toraja Kalosi dan Sidikalang. Diproses dengan metode SemiWashed & Natural, menghadirkan profil rasa tar, espresso, charcoal yang kompleks namun harmonis. Sebuah perpaduan yang dirancang untuk memuaskan selera pecinta kopi sejati.",Thick,Toraja Kalosi (Dark / Natural): 650g (65%) | Sidikalang (Dark / SemiWashed): 350g (35%) | total: 1000g,Best for Espresso
S-SUM-130,Summer,Seasonal Blend,Whisper Summer Chapter,Java Manglayang Medium Honey 55% | Sembalun Rinjani Light WetHulled 45%,Light,"Ringan namun penuh kepribadian, blend fruity ini memadukan biji-biji terbaik dari Java Manglayang dan Sembalun Rinjani. Diproses dengan metode Honey & WetHulled, menghadirkan profil rasa dried apricot, tobacco leaf, maple syrup yang kompleks namun harmonis. Sebuah perpaduan yang dirancang untuk memuaskan selera pecinta kopi sejati.",Silky,Java Manglayang (Medium / Honey): 550g (55%) | Sembalun Rinjani (Light / WetHulled): 450g (45%) | total: 1000g,Best for V60
S-SUM-131,Summer,Seasonal Blend,Silk Summer Journey,Solok Radjo Light Anaerobic 45% | Flores Bajawa Medium Honey 55%,Light,"Karakter buah tropis yang menawan, blend tropical ini memadukan biji-biji terbaik dari Solok Radjo dan Flores Bajawa. Diproses dengan metode Honey & Anaerobic, menghadirkan profil rasa toffee, dried apricot, macadamia yang kompleks namun harmonis. Sebuah perpaduan yang dirancang untuk memuaskan selera pecinta kopi sejati.",Silky,Solok Radjo (Light / Anaerobic): 450g (45%) | Flores Bajawa (Medium / Honey): 550g (55%) | total: 1000g,Cocok untuk AeroPress
S-SUM-132,Summer,Seasonal Blend,Ancient Summer Signature,Flores Bajawa Medium WetHulled 55% | Java Preanger Medium Washed 30% | Bengkulu Medium Anaerobic 15%,Medium,"Ringan namun penuh kepribadian, blend bright ini memadukan biji-biji terbaik dari Flores Bajawa dan Java Preanger dan Bengkulu. Diproses dengan metode Washed & WetHulled, menghadirkan profil rasa cacao nib, milk chocolate, mushroom yang kompleks namun harmonis. Sebuah perpaduan yang dirancang untuk memuaskan selera pecinta kopi sejati.",Velvety,Flores Bajawa (Medium / WetHulled): 550g (55%) | Java Preanger (Medium / Washed): 300g (30%) | Bengkulu (Medium / Anaerobic): 150g (15%) | total: 1000g,Best for Moka Pot
S-SUM-133,Summer,Seasonal Blend,Summit Summer Peak,Java Temanggung Medium Anaerobic 55% | Papua Dogiyai Dark Natural 45%,Medium,"Cerah seperti pagi musim panas, blend lively ini memadukan biji-biji terbaik dari Java Temanggung dan Papua Dogiyai. Diproses dengan metode Natural & Anaerobic, menghadirkan profil rasa cacao nib, tamarind, dark berry yang kompleks namun harmonis. Sebuah perpaduan yang dirancang untuk memuaskan selera pecinta kopi sejati.",Smooth,Java Temanggung (Medium / Anaerobic): 550g (55%) | Papua Dogiyai (Dark / Natural): 450g (45%) | total: 1000g,Cocok untuk French Press & Espresso
S-SUM-134,Summer,Seasonal Blend,Serenity Summer Series,Papua Dogiyai Medium Wine 50% | Semeru Dark Washed 25% | Toraja Kalosi Dark Natural 25%,Dark,"Karakter buah tropis yang menawan, blend tropical ini memadukan biji-biji terbaik dari Papua Dogiyai dan Semeru dan Toraja Kalosi. Diproses dengan metode Washed & Wine, menghadirkan profil rasa dark roast, charcoal, espresso yang kompleks namun harmonis. Sebuah perpaduan yang dirancang untuk memuaskan selera pecinta kopi sejati.",Thick,Papua Dogiyai (Medium / Wine): 500g (50%) | Semeru (Dark / Washed): 250g (25%) | Toraja Kalosi (Dark / Natural): 250g (25%) | total: 1000g,Best for Espresso
S-SUM-135,Summer,Seasonal Blend,Summit Summer Estate,Gunung Halu Dark Wine 45% | Java Temanggung Dark Anaerobic 35% | Lintong Onan Medium Wine 20%,Dark,"Karakter buah tropis yang menawan, blend bright ini memadukan biji-biji terbaik dari Gunung Halu dan Java Temanggung dan Lintong Onan. Diproses dengan metode Wine & Anaerobic, menghadirkan profil rasa dark rum, smoke, tobacco yang kompleks namun harmonis. Sebuah perpaduan yang dirancang untuk memuaskan selera pecinta kopi sejati.",Full Body,Gunung Halu (Dark / Wine): 450g (45%) | Java Temanggung (Dark / Anaerobic): 350g (35%) | Lintong Onan (Medium / Wine): 200g (20%) | total: 1000g,Best for Espresso
S-SUM-136,Summer,Seasonal Blend,Horizon Summer Journey,Java Garut Light Anaerobic 45% | Sidikalang Medium Honey 35% | Flores Manggarai Light Washed 20%,Light,"Cerah seperti pagi musim panas, blend refreshing ini memadukan biji-biji terbaik dari Java Garut dan Sidikalang dan Flores Manggarai. Diproses dengan metode Washed & Honey, menghadirkan profil rasa cola, honey, macadamia yang kompleks namun harmonis. Sebuah perpaduan yang dirancang untuk memuaskan selera pecinta kopi sejati.",Silky,Java Garut (Light / Anaerobic): 450g (45%) | Sidikalang (Medium / Honey): 350g (35%) | Flores Manggarai (Light / Washed): 200g (20%) | total: 1000g,Best for V60
S-SUM-137,Summer,Seasonal Blend,Equator Summer Estate,Java Manglayang Dark Wine 45% | Solok Radjo Medium WetHulled 35% | Java Puntang Light Anaerobic 20%,Medium,"Karakter buah tropis yang menawan, blend vibrant ini memadukan biji-biji terbaik dari Java Manglayang dan Solok Radjo dan Java Puntang. Diproses dengan metode Wine & WetHulled, menghadirkan profil rasa aged wine, lychee, tobacco yang kompleks namun harmonis. Sebuah perpaduan yang dirancang untuk memuaskan selera pecinta kopi sejati.",Round,Java Manglayang (Dark / Wine): 450g (45%) | Solok Radjo (Medium / WetHulled): 350g (35%) | Java Puntang (Light / Anaerobic): 200g (20%) | total: 1000g,Cocok untuk French Press & Espresso
S-SUM-138,Summer,Seasonal Blend,Sunrise Summer Edition,Java Puntang Dark Washed 60% | Java Preanger Light SemiWashed 40%,Medium,"Cerah seperti pagi musim panas, blend tropical ini memadukan biji-biji terbaik dari Java Puntang dan Java Preanger. Diproses dengan metode SemiWashed & Washed, menghadirkan profil rasa mandarin, light caramel, papaya yang kompleks namun harmonis. Sebuah perpaduan yang dirancang untuk memuaskan selera pecinta kopi sejati.",Balanced,Java Puntang (Dark / Washed): 600g (60%) | Java Preanger (Light / SemiWashed): 400g (40%) | total: 1000g,Best for Moka Pot
S-SUM-139,Summer,Seasonal Blend,Ritual Summer Valley,Aceh Gayo Medium Natural 40% | Papua Wamena Light Anaerobic 60%,Light,"Segar dan penuh semangat, blend tropical ini memadukan biji-biji terbaik dari Aceh Gayo dan Papua Wamena. Diproses dengan metode Natural & Anaerobic, menghadirkan profil rasa lychee, dried fig, raspberry yang kompleks namun harmonis. Sebuah perpaduan yang dirancang untuk memuaskan selera pecinta kopi sejati.",Clean,Aceh Gayo (Medium / Natural): 400g (40%) | Papua Wamena (Light / Anaerobic): 600g (60%) | total: 1000g,Best for V60
S-SUM-140,Summer,Seasonal Blend,Midnight Summer Story,Dampit Malang Dark Washed 70% | Java Manglayang Medium WetHulled 30%,Dark,"Karakter buah tropis yang menawan, blend refreshing ini memadukan biji-biji terbaik dari Dampit Malang dan Java Manglayang. Diproses dengan metode Washed & WetHulled, menghadirkan profil rasa leather, smoky caramel, tobacco yang kompleks namun harmonis. Sebuah perpaduan yang dirancang untuk memuaskan selera pecinta kopi sejati.",Syrupy,Dampit Malang (Dark / Washed): 700g (70%) | Java Manglayang (Medium / WetHulled): 300g (30%) | total: 1000g,Ideal untuk Ristretto
S-SUM-141,Summer,Seasonal Blend,Ember Summer Fusion,Lintong Onan Medium Natural 50% | Java Garut Medium Wine 50%,Medium,"Ringan namun penuh kepribadian, blend refreshing ini memadukan biji-biji terbaik dari Lintong Onan dan Java Garut. Diproses dengan metode Wine & Natural, menghadirkan profil rasa dried fig, espresso, port wine yang kompleks namun harmonis. Sebuah perpaduan yang dirancang untuk memuaskan selera pecinta kopi sejati.",Round,Lintong Onan (Medium / Natural): 500g (50%) | Java Garut (Medium / Wine): 500g (50%) | total: 1000g,Cocok untuk French Press & Espresso
S-SUM-142,Summer,Seasonal Blend,Equator Summer Peak,Sembalun Rinjani Light Honey 40% | Java Ciwidey Light Honey 35% | Mandheling Medium WetHulled 25%,Light,"Cerah seperti pagi musim panas, blend vibrant ini memadukan biji-biji terbaik dari Sembalun Rinjani dan Java Ciwidey dan Mandheling. Diproses dengan metode Honey & WetHulled, menghadirkan profil rasa woody, floral, mushroom yang kompleks namun harmonis. Sebuah perpaduan yang dirancang untuk memuaskan selera pecinta kopi sejati.",Delicate,Sembalun Rinjani (Light / Honey): 400g (40%) | Java Ciwidey (Light / Honey): 350g (35%) | Mandheling (Medium / WetHulled): 250g (25%) | total: 1000g,Pour Over Recommended
S-SUM-143,Summer,Seasonal Blend,Celestial Summer Fusion,Java Preanger Medium Honey 65% | Gunung Halu Light Wine 35%,Light,"Karakter buah tropis yang menawan, blend bright ini memadukan biji-biji terbaik dari Java Preanger dan Gunung Halu. Diproses dengan metode Honey & Wine, menghadirkan profil rasa dried apricot, wine, blackcurrant yang kompleks namun harmonis. Sebuah perpaduan yang dirancang untuk memuaskan selera pecinta kopi sejati.",Light Body,Java Preanger (Medium / Honey): 650g (65%) | Gunung Halu (Light / Wine): 350g (35%) | total: 1000g,Best for V60
S-SUM-144,Summer,Seasonal Blend,Dawn Summer Origin,Flores Bajawa Dark Washed 55% | Toraja Sapan Dark WetHulled 30% | Java Preanger Medium SemiWashed 15%,Dark,"Segar dan penuh semangat, blend refreshing ini memadukan biji-biji terbaik dari Flores Bajawa dan Toraja Sapan dan Java Preanger. Diproses dengan metode SemiWashed & Washed, menghadirkan profil rasa smoky caramel, bitter chocolate, vanilla yang kompleks namun harmonis. Sebuah perpaduan yang dirancang untuk memuaskan selera pecinta kopi sejati.",Full Body,Flores Bajawa (Dark / Washed): 550g (55%) | Toraja Sapan (Dark / WetHulled): 300g (30%) | Java Preanger (Medium / SemiWashed): 150g (15%) | total: 1000g,Best for Batch Brew
S-SUM-145,Summer,Seasonal Blend,Whisper Summer Ridge,Bali Kintamani Dark SemiWashed 55% | Java Preanger Dark Honey 30% | Sembalun Rinjani Light Anaerobic 15%,Dark,"Karakter buah tropis yang menawan, blend tropical ini memadukan biji-biji terbaik dari Bali Kintamani dan Java Preanger dan Sembalun Rinjani. Diproses dengan metode SemiWashed & Honey, menghadirkan profil rasa rum raisin, lychee, raspberry yang kompleks namun harmonis. Sebuah perpaduan yang dirancang untuk memuaskan selera pecinta kopi sejati.",Syrupy,Bali Kintamani (Dark / SemiWashed): 550g (55%) | Java Preanger (Dark / Honey): 300g (30%) | Sembalun Rinjani (Light / Anaerobic): 150g (15%) | total: 1000g,Best for Batch Brew
S-SUM-146,Summer,Seasonal Blend,Mystic Summer Chapter,Sembalun Rinjani Light Natural 55% | Mandheling Medium Washed 45%,Light,"Ringan namun penuh kepribadian, blend vibrant ini memadukan biji-biji terbaik dari Sembalun Rinjani dan Mandheling. Diproses dengan metode Washed & Natural, menghadirkan profil rasa hibiscus, almond, hazelnut yang kompleks namun harmonis. Sebuah perpaduan yang dirancang untuk memuaskan selera pecinta kopi sejati.",Light Body,Sembalun Rinjani (Light / Natural): 550g (55%) | Mandheling (Medium / Washed): 450g (45%) | total: 1000g,Cocok untuk AeroPress
S-SUM-147,Summer,Seasonal Blend,Timeless Summer Journey,Papua Dogiyai Light SemiWashed 40% | Aceh Gayo Light Natural 60%,Light,"Cerah seperti pagi musim panas, blend bright ini memadukan biji-biji terbaik dari Papua Dogiyai dan Aceh Gayo. Diproses dengan metode SemiWashed & Natural, menghadirkan profil rasa papaya, mandarin, tropical fruit yang kompleks namun harmonis. Sebuah perpaduan yang dirancang untuk memuaskan selera pecinta kopi sejati.",Light Body,Papua Dogiyai (Light / SemiWashed): 400g (40%) | Aceh Gayo (Light / Natural): 600g (60%) | total: 1000g,Ideal for Chemex
S-SUM-148,Summer,Seasonal Blend,Copper Summer Select,Java Sindoro Light Honey 50% | Java Temanggung Medium Natural 25% | Aceh Gayo Dark WetHulled 25%,Medium,"Segar dan penuh semangat, blend fruity ini memadukan biji-biji terbaik dari Java Sindoro dan Java Temanggung dan Aceh Gayo. Diproses dengan metode Honey & WetHulled, menghadirkan profil rasa prune, nectarine, dark tobacco yang kompleks namun harmonis. Sebuah perpaduan yang dirancang untuk memuaskan selera pecinta kopi sejati.",Medium Body,Java Sindoro (Light / Honey): 500g (50%) | Java Temanggung (Medium / Natural): 250g (25%) | Aceh Gayo (Dark / WetHulled): 250g (25%) | total: 1000g,Cocok untuk French Press & Espresso
S-SUM-149,Summer,Seasonal Blend,Volcano Summer Crest,Toraja Kalosi Light Washed 45% | Java Ciwidey Dark Honey 55%,Medium,"Ringan namun penuh kepribadian, blend bright ini memadukan biji-biji terbaik dari Toraja Kalosi dan Java Ciwidey. Diproses dengan metode Washed & Honey, menghadirkan profil rasa lemon zest, burnt caramel, dark sugar yang kompleks namun harmonis. Sebuah perpaduan yang dirancang untuk memuaskan selera pecinta kopi sejati.",Velvety,Toraja Kalosi (Light / Washed): 450g (45%) | Java Ciwidey (Dark / Honey): 550g (55%) | total: 1000g,Versatile for Espresso & Filter
S-SUM-150,Summer,Seasonal Blend,Amber Summer Ridge,Gunung Halu Medium Honey 50% | Java Sindoro Light SemiWashed 25% | Bukit Barisan Dark Wine 25%,Medium,"Ringan namun penuh kepribadian, blend vibrant ini memadukan biji-biji terbaik dari Gunung Halu dan Java Sindoro dan Bukit Barisan. Diproses dengan metode SemiWashed & Honey, menghadirkan profil rasa honey, maple syrup, smoked plum yang kompleks namun harmonis. Sebuah perpaduan yang dirancang untuk memuaskan selera pecinta kopi sejati.",Smooth,Gunung Halu (Medium / Honey): 500g (50%) | Java Sindoro (Light / SemiWashed): 250g (25%) | Bukit Barisan (Dark / Wine): 250g (25%) | total: 1000g,Best for Moka Pot
S-SUM-151,Summer,Seasonal Blend,Midnight Summer Estate,Kerinci Kayu Aro Medium SemiWashed 45% | Java Ciwidey Dark Honey 35% | Java Temanggung Light Wine 20%,Medium,"Segar dan penuh semangat, blend lively ini memadukan biji-biji terbaik dari Kerinci Kayu Aro dan Java Ciwidey dan Java Temanggung. Diproses dengan metode SemiWashed & Honey, menghadirkan profil rasa smoked almond, burnt caramel, grape must yang kompleks namun harmonis. Sebuah perpaduan yang dirancang untuk memuaskan selera pecinta kopi sejati.",Smooth,Kerinci Kayu Aro (Medium / SemiWashed): 450g (45%) | Java Ciwidey (Dark / Honey): 350g (35%) | Java Temanggung (Light / Wine): 200g (20%) | total: 1000g,Cocok untuk French Press & Espresso
S-SUM-152,Summer,Seasonal Blend,Ember Summer Crest,Kerinci Kayu Aro Dark Natural 45% | Sembalun Rinjani Dark Anaerobic 35% | Toraja Sapan Light Wine 20%,Dark,"Ringan namun penuh kepribadian, blend lively ini memadukan biji-biji terbaik dari Kerinci Kayu Aro dan Sembalun Rinjani dan Toraja Sapan. Diproses dengan metode Wine & Natural, menghadirkan profil rasa dark rum, charcoal, grape must yang kompleks namun harmonis. Sebuah perpaduan yang dirancang untuk memuaskan selera pecinta kopi sejati.",Syrupy,Kerinci Kayu Aro (Dark / Natural): 450g (45%) | Sembalun Rinjani (Dark / Anaerobic): 350g (35%) | Toraja Sapan (Light / Wine): 200g (20%) | total: 1000g,Cocok untuk Cold Brew
S-SUM-153,Summer,Seasonal Blend,Whisper Summer Spring,Temanggung Dark Honey 40% | Lintong Onan Light WetHulled 35% | Solok Radjo Dark Honey 25%,Medium,"Segar dan penuh semangat, blend bright ini memadukan biji-biji terbaik dari Temanggung dan Lintong Onan dan Solok Radjo. Diproses dengan metode Honey & WetHulled, menghadirkan profil rasa burnt caramel, dark sugar, smoked almond yang kompleks namun harmonis. Sebuah perpaduan yang dirancang untuk memuaskan selera pecinta kopi sejati.",Smooth,Temanggung (Dark / Honey): 400g (40%) | Lintong Onan (Light / WetHulled): 350g (35%) | Solok Radjo (Dark / Honey): 250g (25%) | total: 1000g,Cocok untuk French Press & Espresso
S-SUM-154,Summer,Seasonal Blend,Ember Summer Spring,Java Ijen Raung Dark WetHulled 50% | Lampung Robusta Premium Medium Natural 25% | Flores Manggarai Medium Honey 25%,Dark,"Cerah seperti pagi musim panas, blend refreshing ini memadukan biji-biji terbaik dari Java Ijen Raung dan Lampung Robusta Premium dan Flores Manggarai. Diproses dengan metode Honey & WetHulled, menghadirkan profil rasa dark tobacco, honey, dried fig yang kompleks namun harmonis. Sebuah perpaduan yang dirancang untuk memuaskan selera pecinta kopi sejati.",Bold,Java Ijen Raung (Dark / WetHulled): 500g (50%) | Lampung Robusta Premium (Medium / Natural): 250g (25%) | Flores Manggarai (Medium / Honey): 250g (25%) | total: 1000g,Cocok untuk Cold Brew
S-SUM-155,Summer,Seasonal Blend,Volcano Summer Edition,Java Ijen Raung Light Wine 65% | Dampit Malang Medium Natural 35%,Light,"Ringan namun penuh kepribadian, blend bright ini memadukan biji-biji terbaik dari Java Ijen Raung dan Dampit Malang. Diproses dengan metode Wine & Natural, menghadirkan profil rasa prune, dark chocolate, dried fig yang kompleks namun harmonis. Sebuah perpaduan yang dirancang untuk memuaskan selera pecinta kopi sejati.",Delicate,Java Ijen Raung (Light / Wine): 650g (65%) | Dampit Malang (Medium / Natural): 350g (35%) | total: 1000g,Best for V60
S-SUM-156,Summer,Seasonal Blend,Sacred Summer Journey,Bali Ulian Dark Natural 45% | Gunung Halu Light WetHulled 55%,Medium,"Ringan namun penuh kepribadian, blend lively ini memadukan biji-biji terbaik dari Bali Ulian dan Gunung Halu. Diproses dengan metode WetHulled & Natural, menghadirkan profil rasa dark berry, tar, lime yang kompleks namun harmonis. Sebuah perpaduan yang dirancang untuk memuaskan selera pecinta kopi sejati.",Velvety,Bali Ulian (Dark / Natural): 450g (45%) | Gunung Halu (Light / WetHulled): 550g (55%) | total: 1000g,Best for Moka Pot
S-SUM-157,Summer,Seasonal Blend,Silk Summer Series,Gunung Halu Medium Washed 45% | Java Manglayang Light SemiWashed 35% | Bali Ulian Dark SemiWashed 20%,Medium,"Ringan namun penuh kepribadian, blend bright ini memadukan biji-biji terbaik dari Gunung Halu dan Java Manglayang dan Bali Ulian. Diproses dengan metode SemiWashed & Washed, menghadirkan profil rasa oolong tea, dark caramel, brown sugar yang kompleks namun harmonis. Sebuah perpaduan yang dirancang untuk memuaskan selera pecinta kopi sejati.",Round,Gunung Halu (Medium / Washed): 450g (45%) | Java Manglayang (Light / SemiWashed): 350g (35%) | Bali Ulian (Dark / SemiWashed): 200g (20%) | total: 1000g,Versatile for Espresso & Filter
S-SUM-158,Summer,Seasonal Blend,Sunrise Summer Origin,Sembalun Rinjani Dark Honey 60% | Java Ciwidey Medium Wine 40%,Dark,"Segar dan penuh semangat, blend refreshing ini memadukan biji-biji terbaik dari Sembalun Rinjani dan Java Ciwidey. Diproses dengan metode Honey & Wine, menghadirkan profil rasa burnt caramel, dark sugar, balsamic yang kompleks namun harmonis. Sebuah perpaduan yang dirancang untuk memuaskan selera pecinta kopi sejati.",Thick,Sembalun Rinjani (Dark / Honey): 600g (60%) | Java Ciwidey (Medium / Wine): 400g (40%) | total: 1000g,Cocok untuk Cold Brew
S-SUM-159,Summer,Seasonal Blend,Celestial Summer Story,Java Puntang Dark Natural 40% | Wanoja Kamojang Medium Honey 60%,Medium,"Ringan namun penuh kepribadian, blend vibrant ini memadukan biji-biji terbaik dari Java Puntang dan Wanoja Kamojang. Diproses dengan metode Honey & Natural, menghadirkan profil rasa macadamia, dried apricot, tar yang kompleks namun harmonis. Sebuah perpaduan yang dirancang untuk memuaskan selera pecinta kopi sejati.",Balanced,Java Puntang (Dark / Natural): 400g (40%) | Wanoja Kamojang (Medium / Honey): 600g (60%) | total: 1000g,Cocok untuk French Press & Espresso
S-SUM-160,Summer,Seasonal Blend,Primal Summer Valley,Bali Ulian Medium Wine 55% | Dampit Malang Medium WetHulled 30% | Java Manglayang Medium Honey 15%,Medium,"Cerah seperti pagi musim panas, blend lively ini memadukan biji-biji terbaik dari Bali Ulian dan Dampit Malang dan Java Manglayang. Diproses dengan metode Wine & WetHulled, menghadirkan profil rasa leather, port wine, espresso yang kompleks namun harmonis. Sebuah perpaduan yang dirancang untuk memuaskan selera pecinta kopi sejati.",Medium Body,Bali Ulian (Medium / Wine): 550g (55%) | Dampit Malang (Medium / WetHulled): 300g (30%) | Java Manglayang (Medium / Honey): 150g (15%) | total: 1000g,Versatile for Espresso & Filter
S-SUM-161,Summer,Seasonal Blend,Volcano Summer Select,Bengkulu Dark Washed 50% | Papua Dogiyai Light Anaerobic 30% | Bengkulu Medium Wine 20%,Medium,"Segar dan penuh semangat, blend refreshing ini memadukan biji-biji terbaik dari Bengkulu dan Papua Dogiyai dan Bengkulu. Diproses dengan metode Washed & Wine, menghadirkan profil rasa lychee, rum raisin, bitter chocolate yang kompleks namun harmonis. Sebuah perpaduan yang dirancang untuk memuaskan selera pecinta kopi sejati.",Smooth,Bengkulu (Dark / Washed): 500g (50%) | Papua Dogiyai (Light / Anaerobic): 300g (30%) | Bengkulu (Medium / Wine): 200g (20%) | total: 1000g,Versatile for Espresso & Filter
S-SUM-162,Summer,Seasonal Blend,Harvest Summer Journey,Arjuno Medium WetHulled 40% | Bali Kintamani Light SemiWashed 60%,Light,"Karakter buah tropis yang menawan, blend vibrant ini memadukan biji-biji terbaik dari Arjuno dan Bali Kintamani. Diproses dengan metode SemiWashed & WetHulled, menghadirkan profil rasa oolong tea, spice, tobacco yang kompleks namun harmonis. Sebuah perpaduan yang dirancang untuk memuaskan selera pecinta kopi sejati.",Light Body,Arjuno (Medium / WetHulled): 400g (40%) | Bali Kintamani (Light / SemiWashed): 600g (60%) | total: 1000g,Cocok untuk AeroPress
S-SUM-163,Summer,Seasonal Blend,Serenity Summer Signature,Flores Manggarai Dark Natural 45% | Toraja Kalosi Dark Anaerobic 55%,Dark,"Karakter buah tropis yang menawan, blend fruity ini memadukan biji-biji terbaik dari Flores Manggarai dan Toraja Kalosi. Diproses dengan metode Natural & Anaerobic, menghadirkan profil rasa fermented cocoa, black cherry, charcoal yang kompleks namun harmonis. Sebuah perpaduan yang dirancang untuk memuaskan selera pecinta kopi sejati.",Heavy Body,Flores Manggarai (Dark / Natural): 450g (45%) | Toraja Kalosi (Dark / Anaerobic): 550g (55%) | total: 1000g,Best for Espresso
S-SUM-164,Summer,Seasonal Blend,Volcano Summer Valley,Lampung Robusta Premium Medium Washed 40% | Mandheling Light Washed 35% | Flores Manggarai Medium Natural 25%,Light,"Karakter buah tropis yang menawan, blend vibrant ini memadukan biji-biji terbaik dari Lampung Robusta Premium dan Mandheling dan Flores Manggarai. Diproses dengan metode Washed & Natural, menghadirkan profil rasa bergamot, caramel, peach yang kompleks namun harmonis. Sebuah perpaduan yang dirancang untuk memuaskan selera pecinta kopi sejati.",Light Body,Lampung Robusta Premium (Medium / Washed): 400g (40%) | Mandheling (Light / Washed): 350g (35%) | Flores Manggarai (Medium / Natural): 250g (25%) | total: 1000g,Pour Over Recommended
S-SUM-165,Summer,Seasonal Blend,Dawn Summer Story,Java Temanggung Dark Anaerobic 65% | Lintong Onan Light Anaerobic 35%,Medium,"Cerah seperti pagi musim panas, blend fruity ini memadukan biji-biji terbaik dari Java Temanggung dan Lintong Onan. Diproses dengan metode Anaerobic, menghadirkan profil rasa smoke, raspberry, cola yang kompleks namun harmonis. Sebuah perpaduan yang dirancang untuk memuaskan selera pecinta kopi sejati.",Medium Body,Java Temanggung (Dark / Anaerobic): 650g (65%) | Lintong Onan (Light / Anaerobic): 350g (35%) | total: 1000g,Best for Moka Pot
S-SUM-166,Summer,Seasonal Blend,Mystic Summer Valley,Java Preanger Dark SemiWashed 45% | Java Ijen Raung Medium Wine 35% | Toraja Kalosi Dark SemiWashed 20%,Dark,"Karakter buah tropis yang menawan, blend lively ini memadukan biji-biji terbaik dari Java Preanger dan Java Ijen Raung dan Toraja Kalosi. Diproses dengan metode SemiWashed & Wine, menghadirkan profil rasa intense spice, walnut, roasted grape yang kompleks namun harmonis. Sebuah perpaduan yang dirancang untuk memuaskan selera pecinta kopi sejati.",Thick,Java Preanger (Dark / SemiWashed): 450g (45%) | Java Ijen Raung (Medium / Wine): 350g (35%) | Toraja Kalosi (Dark / SemiWashed): 200g (20%) | total: 1000g,Ideal untuk Ristretto
S-SUM-167,Summer,Seasonal Blend,Mystic Summer Craft,Java Manglayang Medium Anaerobic 60% | Bukit Barisan Light WetHulled 25% | Aceh Gayo Light WetHulled 15%,Light,"Karakter buah tropis yang menawan, blend lively ini memadukan biji-biji terbaik dari Java Manglayang dan Bukit Barisan dan Aceh Gayo. Diproses dengan metode WetHulled & Anaerobic, menghadirkan profil rasa tamarind, lime, green pepper yang kompleks namun harmonis. Sebuah perpaduan yang dirancang untuk memuaskan selera pecinta kopi sejati.",Silky,Java Manglayang (Medium / Anaerobic): 600g (60%) | Bukit Barisan (Light / WetHulled): 250g (25%) | Aceh Gayo (Light / WetHulled): 150g (15%) | total: 1000g,Cocok untuk AeroPress
S-SUM-168,Summer,Seasonal Blend,Velvet Summer Chapter,Bali Ulian Light Honey 55% | Java Garut Medium Natural 30% | Java Ijen Raung Dark Wine 15%,Light,"Segar dan penuh semangat, blend lively ini memadukan biji-biji terbaik dari Bali Ulian dan Java Garut dan Java Ijen Raung. Diproses dengan metode Honey & Wine, menghadirkan profil rasa honeysuckle, aged wine, dark chocolate yang kompleks namun harmonis. Sebuah perpaduan yang dirancang untuk memuaskan selera pecinta kopi sejati.",Delicate,Bali Ulian (Light / Honey): 550g (55%) | Java Garut (Medium / Natural): 300g (30%) | Java Ijen Raung (Dark / Wine): 150g (15%) | total: 1000g,Best for V60
S-SUM-169,Summer,Seasonal Blend,Primal Summer Reserve,Bali Kintamani Dark SemiWashed 45% | Bali Ulian Light Washed 35% | Java Temanggung Dark SemiWashed 20%,Medium,"Karakter buah tropis yang menawan, blend fruity ini memadukan biji-biji terbaik dari Bali Kintamani dan Bali Ulian dan Java Temanggung. Diproses dengan metode SemiWashed & Washed, menghadirkan profil rasa citrus, dark caramel, bergamot yang kompleks namun harmonis. Sebuah perpaduan yang dirancang untuk memuaskan selera pecinta kopi sejati.",Balanced,Bali Kintamani (Dark / SemiWashed): 450g (45%) | Bali Ulian (Light / Washed): 350g (35%) | Java Temanggung (Dark / SemiWashed): 200g (20%) | total: 1000g,Versatile for Espresso & Filter
S-SUM-170,Summer,Seasonal Blend,Harvest Summer Select,Sembalun Rinjani Dark Wine 60% | Lampung Robusta Premium Dark WetHulled 25% | Papua Wamena Dark WetHulled 15%,Dark,"Cerah seperti pagi musim panas, blend bright ini memadukan biji-biji terbaik dari Sembalun Rinjani dan Lampung Robusta Premium dan Papua Wamena. Diproses dengan metode Wine & WetHulled, menghadirkan profil rasa bark, dark espresso, dark tobacco yang kompleks namun harmonis. Sebuah perpaduan yang dirancang untuk memuaskan selera pecinta kopi sejati.",Bold,Sembalun Rinjani (Dark / Wine): 600g (60%) | Lampung Robusta Premium (Dark / WetHulled): 250g (25%) | Papua Wamena (Dark / WetHulled): 150g (15%) | total: 1000g,Ideal untuk Ristretto
S-SUM-171,Summer,Seasonal Blend,Bronze Summer Spring,Bali Ulian Dark SemiWashed 60% | Semeru Light SemiWashed 25% | Java Ijen Raung Light Natural 15%,Medium,"Ringan namun penuh kepribadian, blend refreshing ini memadukan biji-biji terbaik dari Bali Ulian dan Semeru dan Java Ijen Raung. Diproses dengan metode SemiWashed & Natural, menghadirkan profil rasa walnut, light caramel, dark caramel yang kompleks namun harmonis. Sebuah perpaduan yang dirancang untuk memuaskan selera pecinta kopi sejati.",Velvety,Bali Ulian (Dark / SemiWashed): 600g (60%) | Semeru (Light / SemiWashed): 250g (25%) | Java Ijen Raung (Light / Natural): 150g (15%) | total: 1000g,Versatile for Espresso & Filter
S-SUM-172,Summer,Seasonal Blend,Velvet Summer Origin,Dampit Malang Medium WetHulled 50% | Java Preanger Light SemiWashed 25% | Java Ciwidey Dark Honey 25%,Medium,"Cerah seperti pagi musim panas, blend lively ini memadukan biji-biji terbaik dari Dampit Malang dan Java Preanger dan Java Ciwidey. Diproses dengan metode SemiWashed & Honey, menghadirkan profil rasa oolong tea, mushroom, tobacco yang kompleks namun harmonis. Sebuah perpaduan yang dirancang untuk memuaskan selera pecinta kopi sejati.",Medium Body,Dampit Malang (Medium / WetHulled): 500g (50%) | Java Preanger (Light / SemiWashed): 250g (25%) | Java Ciwidey (Dark / Honey): 250g (25%) | total: 1000g,Best for Moka Pot
S-SUM-173,Summer,Seasonal Blend,Volcano Summer Chapter,Arjuno Medium SemiWashed 40% | Solok Radjo Medium Honey 35% | Java Preanger Light Washed 25%,Medium,"Karakter buah tropis yang menawan, blend bright ini memadukan biji-biji terbaik dari Arjuno dan Solok Radjo dan Java Preanger. Diproses dengan metode SemiWashed & Washed, menghadirkan profil rasa apricot jam, toffee, peach yang kompleks namun harmonis. Sebuah perpaduan yang dirancang untuk memuaskan selera pecinta kopi sejati.",Smooth,Arjuno (Medium / SemiWashed): 400g (40%) | Solok Radjo (Medium / Honey): 350g (35%) | Java Preanger (Light / Washed): 250g (25%) | total: 1000g,Best for Moka Pot
S-SUM-174,Summer,Seasonal Blend,Amber Summer Edition,Java Ijen Raung Medium Washed 50% | Lintong Onan Dark Washed 25% | Java Garut Medium WetHulled 25%,Medium,"Ringan namun penuh kepribadian, blend bright ini memadukan biji-biji terbaik dari Java Ijen Raung dan Lintong Onan dan Java Garut. Diproses dengan metode Washed & WetHulled, menghadirkan profil rasa spice, dark roast, almond yang kompleks namun harmonis. Sebuah perpaduan yang dirancang untuk memuaskan selera pecinta kopi sejati.",Medium Body,Java Ijen Raung (Medium / Washed): 500g (50%) | Lintong Onan (Dark / Washed): 250g (25%) | Java Garut (Medium / WetHulled): 250g (25%) | total: 1000g,Best for Moka Pot
S-SUM-175,Summer,Seasonal Blend,Velvet Summer Legacy,Flores Bajawa Dark Washed 55% | Mandheling Dark SemiWashed 30% | Flores Manggarai Medium Wine 15%,Dark,"Segar dan penuh semangat, blend refreshing ini memadukan biji-biji terbaik dari Flores Bajawa dan Mandheling dan Flores Manggarai. Diproses dengan metode SemiWashed & Washed, menghadirkan profil rasa dark caramel, intense spice, bitter chocolate yang kompleks namun harmonis. Sebuah perpaduan yang dirancang untuk memuaskan selera pecinta kopi sejati.",Syrupy,Flores Bajawa (Dark / Washed): 550g (55%) | Mandheling (Dark / SemiWashed): 300g (30%) | Flores Manggarai (Medium / Wine): 150g (15%) | total: 1000g,Best for Espresso
S-SUM-176,Summer,Seasonal Blend,Primal Summer Legacy,Wanoja Kamojang Light Washed 50% | Semeru Light SemiWashed 30% | Kerinci Kayu Aro Medium Anaerobic 20%,Light,"Cerah seperti pagi musim panas, blend fruity ini memadukan biji-biji terbaik dari Wanoja Kamojang dan Semeru dan Kerinci Kayu Aro. Diproses dengan metode SemiWashed & Washed, menghadirkan profil rasa cacao nib, light caramel, fermented fruit yang kompleks namun harmonis. Sebuah perpaduan yang dirancang untuk memuaskan selera pecinta kopi sejati.",Delicate,Wanoja Kamojang (Light / Washed): 500g (50%) | Semeru (Light / SemiWashed): 300g (30%) | Kerinci Kayu Aro (Medium / Anaerobic): 200g (20%) | total: 1000g,Ideal for Chemex
S-SUM-177,Summer,Seasonal Blend,Nusantara Summer Ridge,Sidikalang Light Wine 50% | Bali Ulian Light WetHulled 25% | Bengkulu Dark SemiWashed 25%,Light,"Segar dan penuh semangat, blend vibrant ini memadukan biji-biji terbaik dari Sidikalang dan Bali Ulian dan Bengkulu. Diproses dengan metode SemiWashed & Wine, menghadirkan profil rasa wine, dark caramel, intense spice yang kompleks namun harmonis. Sebuah perpaduan yang dirancang untuk memuaskan selera pecinta kopi sejati.",Clean,Sidikalang (Light / Wine): 500g (50%) | Bali Ulian (Light / WetHulled): 250g (25%) | Bengkulu (Dark / SemiWashed): 250g (25%) | total: 1000g,Cocok untuk AeroPress
S-SUM-178,Summer,Seasonal Blend,Mystic Summer Peak,Solok Radjo Dark WetHulled 45% | Bengkulu Light WetHulled 55%,Medium,"Karakter buah tropis yang menawan, blend fruity ini memadukan biji-biji terbaik dari Solok Radjo dan Bengkulu. Diproses dengan metode WetHulled, menghadirkan profil rasa peat, green pepper, intense earth yang kompleks namun harmonis. Sebuah perpaduan yang dirancang untuk memuaskan selera pecinta kopi sejati.",Velvety,Solok Radjo (Dark / WetHulled): 450g (45%) | Bengkulu (Light / WetHulled): 550g (55%) | total: 1000g,Versatile for Espresso & Filter
S-SUM-179,Summer,Seasonal Blend,Harvest Summer Reserve,Aceh Gayo Dark Washed 50% | Java Preanger Medium SemiWashed 30% | Papua Wamena Dark SemiWashed 20%,Dark,"Segar dan penuh semangat, blend bright ini memadukan biji-biji terbaik dari Aceh Gayo dan Java Preanger dan Papua Wamena. Diproses dengan metode SemiWashed & Washed, menghadirkan profil rasa milk caramel, roasted nut, dark roast yang kompleks namun harmonis. Sebuah perpaduan yang dirancang untuk memuaskan selera pecinta kopi sejati.",Full Body,Aceh Gayo (Dark / Washed): 500g (50%) | Java Preanger (Medium / SemiWashed): 300g (30%) | Papua Wamena (Dark / SemiWashed): 200g (20%) | total: 1000g,Cocok untuk Cold Brew
S-SUM-180,Summer,Seasonal Blend,Golden Summer Valley,Bali Kintamani Medium Honey 50% | Dampit Malang Light Wine 50%,Light,"Karakter buah tropis yang menawan, blend tropical ini memadukan biji-biji terbaik dari Bali Kintamani dan Dampit Malang. Diproses dengan metode Honey & Wine, menghadirkan profil rasa dried apricot, plum, grape must yang kompleks namun harmonis. Sebuah perpaduan yang dirancang untuk memuaskan selera pecinta kopi sejati.",Tea-like,Bali Kintamani (Medium / Honey): 500g (50%) | Dampit Malang (Light / Wine): 500g (50%) | total: 1000g,Ideal for Chemex
S-SUM-181,Summer,Seasonal Blend,Golden Summer Blend,Java Temanggung Dark Washed 70% | Java Manglayang Light Honey 30%,Medium,"Cerah seperti pagi musim panas, blend tropical ini memadukan biji-biji terbaik dari Java Temanggung dan Java Manglayang. Diproses dengan metode Washed & Honey, menghadirkan profil rasa nectarine, floral, bitter chocolate yang kompleks namun harmonis. Sebuah perpaduan yang dirancang untuk memuaskan selera pecinta kopi sejati.",Balanced,Java Temanggung (Dark / Washed): 700g (70%) | Java Manglayang (Light / Honey): 300g (30%) | total: 1000g,Cocok untuk French Press & Espresso
S-SUM-182,Summer,Seasonal Blend,Bronze Summer Select,Mandheling Medium SemiWashed 60% | Bali Kintamani Dark WetHulled 25% | Gunung Halu Medium Washed 15%,Medium,"Cerah seperti pagi musim panas, blend refreshing ini memadukan biji-biji terbaik dari Mandheling dan Bali Kintamani dan Gunung Halu. Diproses dengan metode SemiWashed & Washed, menghadirkan profil rasa brown sugar, clove, roasted nut yang kompleks namun harmonis. Sebuah perpaduan yang dirancang untuk memuaskan selera pecinta kopi sejati.",Balanced,Mandheling (Medium / SemiWashed): 600g (60%) | Bali Kintamani (Dark / WetHulled): 250g (25%) | Gunung Halu (Medium / Washed): 150g (15%) | total: 1000g,Versatile for Espresso & Filter
S-SUM-183,Summer,Seasonal Blend,Harvest Summer Craft,Bukit Barisan Light SemiWashed 70% | Bali Ulian Light SemiWashed 30%,Light,"Karakter buah tropis yang menawan, blend vibrant ini memadukan biji-biji terbaik dari Bukit Barisan dan Bali Ulian. Diproses dengan metode SemiWashed, menghadirkan profil rasa light caramel, mandarin, papaya yang kompleks namun harmonis. Sebuah perpaduan yang dirancang untuk memuaskan selera pecinta kopi sejati.",Delicate,Bukit Barisan (Light / SemiWashed): 700g (70%) | Bali Ulian (Light / SemiWashed): 300g (30%) | total: 1000g,Pour Over Recommended
S-SUM-184,Summer,Seasonal Blend,Summit Summer Ridge,Aceh Gayo Light WetHulled 65% | Solok Radjo Dark Honey 35%,Medium,"Ringan namun penuh kepribadian, blend fruity ini memadukan biji-biji terbaik dari Aceh Gayo dan Solok Radjo. Diproses dengan metode Honey & WetHulled, menghadirkan profil rasa cedar, herb, burnt caramel yang kompleks namun harmonis. Sebuah perpaduan yang dirancang untuk memuaskan selera pecinta kopi sejati.",Smooth,Aceh Gayo (Light / WetHulled): 650g (65%) | Solok Radjo (Dark / Honey): 350g (35%) | total: 1000g,Best for Moka Pot
S-SUM-185,Summer,Seasonal Blend,Ember Summer Craft,Flores Manggarai Light WetHulled 60% | Aceh Gayo Medium Anaerobic 40%,Light,"Cerah seperti pagi musim panas, blend tropical ini memadukan biji-biji terbaik dari Flores Manggarai dan Aceh Gayo. Diproses dengan metode WetHulled & Anaerobic, menghadirkan profil rasa tropical punch, lime, cacao nib yang kompleks namun harmonis. Sebuah perpaduan yang dirancang untuk memuaskan selera pecinta kopi sejati.",Silky,Flores Manggarai (Light / WetHulled): 600g (60%) | Aceh Gayo (Medium / Anaerobic): 400g (40%) | total: 1000g,Best for V60
S-SUM-186,Summer,Seasonal Blend,Ritual Summer Collection,Sembalun Rinjani Light Natural 45% | Wanoja Kamojang Medium Anaerobic 35% | Flores Manggarai Dark WetHulled 20%,Medium,"Segar dan penuh semangat, blend refreshing ini memadukan biji-biji terbaik dari Sembalun Rinjani dan Wanoja Kamojang dan Flores Manggarai. Diproses dengan metode WetHulled & Natural, menghadirkan profil rasa tropical fruit, peat, tamarind yang kompleks namun harmonis. Sebuah perpaduan yang dirancang untuk memuaskan selera pecinta kopi sejati.",Balanced,Sembalun Rinjani (Light / Natural): 450g (45%) | Wanoja Kamojang (Medium / Anaerobic): 350g (35%) | Flores Manggarai (Dark / WetHulled): 200g (20%) | total: 1000g,Versatile for Espresso & Filter
S-SUM-187,Summer,Seasonal Blend,Sunrise Summer Select,Mandheling Dark Wine 40% | Java Ciwidey Dark Washed 60%,Dark,"Segar dan penuh semangat, blend refreshing ini memadukan biji-biji terbaik dari Mandheling dan Java Ciwidey. Diproses dengan metode Washed & Wine, menghadirkan profil rasa aged wine, molasses, smoky caramel yang kompleks namun harmonis. Sebuah perpaduan yang dirancang untuk memuaskan selera pecinta kopi sejati.",Full Body,Mandheling (Dark / Wine): 400g (40%) | Java Ciwidey (Dark / Washed): 600g (60%) | total: 1000g,Cocok untuk Cold Brew
S-SUM-188,Summer,Seasonal Blend,Primal Summer Story,Lintong Onan Dark SemiWashed 55% | Lintong Onan Dark WetHulled 30% | Arjuno Dark WetHulled 15%,Dark,"Segar dan penuh semangat, blend refreshing ini memadukan biji-biji terbaik dari Lintong Onan dan Lintong Onan dan Arjuno. Diproses dengan metode SemiWashed & WetHulled, menghadirkan profil rasa peat, intense earth, clove yang kompleks namun harmonis. Sebuah perpaduan yang dirancang untuk memuaskan selera pecinta kopi sejati.",Full Body,Lintong Onan (Dark / SemiWashed): 550g (55%) | Lintong Onan (Dark / WetHulled): 300g (30%) | Arjuno (Dark / WetHulled): 150g (15%) | total: 1000g,Ideal untuk Ristretto
S-SUM-189,Summer,Seasonal Blend,Timeless Summer Ridge,Toraja Sapan Light Anaerobic 55% | Toraja Kalosi Light WetHulled 45%,Light,"Ringan namun penuh kepribadian, blend lively ini memadukan biji-biji terbaik dari Toraja Sapan dan Toraja Kalosi. Diproses dengan metode WetHulled & Anaerobic, menghadirkan profil rasa cedar, green pepper, rum raisin yang kompleks namun harmonis. Sebuah perpaduan yang dirancang untuk memuaskan selera pecinta kopi sejati.",Delicate,Toraja Sapan (Light / Anaerobic): 550g (55%) | Toraja Kalosi (Light / WetHulled): 450g (45%) | total: 1000g,Pour Over Recommended
S-SUM-190,Summer,Seasonal Blend,Summit Summer Chapter,Toraja Kalosi Light WetHulled 50% | Lampung Robusta Premium Medium Honey 25% | Temanggung Medium Anaerobic 25%,Light,"Karakter buah tropis yang menawan, blend tropical ini memadukan biji-biji terbaik dari Toraja Kalosi dan Lampung Robusta Premium dan Temanggung. Diproses dengan metode Honey & WetHulled, menghadirkan profil rasa green pepper, maple syrup, cacao nib yang kompleks namun harmonis. Sebuah perpaduan yang dirancang untuk memuaskan selera pecinta kopi sejati.",Light Body,Toraja Kalosi (Light / WetHulled): 500g (50%) | Lampung Robusta Premium (Medium / Honey): 250g (25%) | Temanggung (Medium / Anaerobic): 250g (25%) | total: 1000g,Pour Over Recommended
S-SUM-191,Summer,Seasonal Blend,Heritage Summer Craft,Lampung Robusta Premium Dark Natural 50% | Flores Manggarai Medium Washed 30% | Java Preanger Light Anaerobic 20%,Medium,"Ringan namun penuh kepribadian, blend bright ini memadukan biji-biji terbaik dari Lampung Robusta Premium dan Flores Manggarai dan Java Preanger. Diproses dengan metode Washed & Natural, menghadirkan profil rasa hazelnut, licorice, brown sugar yang kompleks namun harmonis. Sebuah perpaduan yang dirancang untuk memuaskan selera pecinta kopi sejati.",Medium Body,Lampung Robusta Premium (Dark / Natural): 500g (50%) | Flores Manggarai (Medium / Washed): 300g (30%) | Java Preanger (Light / Anaerobic): 200g (20%) | total: 1000g,Best for Moka Pot
S-SUM-192,Summer,Seasonal Blend,Copper Summer Chapter,Java Preanger Light Anaerobic 45% | Temanggung Light Wine 35% | Toraja Sapan Medium Washed 20%,Light,"Karakter buah tropis yang menawan, blend tropical ini memadukan biji-biji terbaik dari Java Preanger dan Temanggung dan Toraja Sapan. Diproses dengan metode Washed & Wine, menghadirkan profil rasa passion fruit, caramel, rum raisin yang kompleks namun harmonis. Sebuah perpaduan yang dirancang untuk memuaskan selera pecinta kopi sejati.",Tea-like,Java Preanger (Light / Anaerobic): 450g (45%) | Temanggung (Light / Wine): 350g (35%) | Toraja Sapan (Medium / Washed): 200g (20%) | total: 1000g,Ideal for Chemex
S-SUM-193,Summer,Seasonal Blend,Primal Summer Collection,Bali Ulian Light Anaerobic 50% | Java Garut Light Wine 30% | Solok Radjo Dark Natural 20%,Light,"Ringan namun penuh kepribadian, blend refreshing ini memadukan biji-biji terbaik dari Bali Ulian dan Java Garut dan Solok Radjo. Diproses dengan metode Wine & Natural, menghadirkan profil rasa tar, passion fruit, licorice yang kompleks namun harmonis. Sebuah perpaduan yang dirancang untuk memuaskan selera pecinta kopi sejati.",Silky,Bali Ulian (Light / Anaerobic): 500g (50%) | Java Garut (Light / Wine): 300g (30%) | Solok Radjo (Dark / Natural): 200g (20%) | total: 1000g,Cocok untuk AeroPress
S-SUM-194,Summer,Seasonal Blend,Golden Summer Signature,Java Manglayang Medium Washed 45% | Toraja Sapan Medium WetHulled 55%,Medium,"Karakter buah tropis yang menawan, blend lively ini memadukan biji-biji terbaik dari Java Manglayang dan Toraja Sapan. Diproses dengan metode Washed & WetHulled, menghadirkan profil rasa mushroom, woody, almond yang kompleks namun harmonis. Sebuah perpaduan yang dirancang untuk memuaskan selera pecinta kopi sejati.",Balanced,Java Manglayang (Medium / Washed): 450g (45%) | Toraja Sapan (Medium / WetHulled): 550g (55%) | total: 1000g,Versatile for Espresso & Filter
S-SUM-195,Summer,Seasonal Blend,Ember Summer Reserve,Papua Wamena Light Honey 50% | Java Preanger Dark Washed 25% | Toraja Sapan Dark Washed 25%,Medium,"Ringan namun penuh kepribadian, blend vibrant ini memadukan biji-biji terbaik dari Papua Wamena dan Java Preanger dan Toraja Sapan. Diproses dengan metode Washed & Honey, menghadirkan profil rasa smoky caramel, apricot, pear yang kompleks namun harmonis. Sebuah perpaduan yang dirancang untuk memuaskan selera pecinta kopi sejati.",Medium Body,Papua Wamena (Light / Honey): 500g (50%) | Java Preanger (Dark / Washed): 250g (25%) | Toraja Sapan (Dark / Washed): 250g (25%) | total: 1000g,Best for Moka Pot
S-SUM-196,Summer,Seasonal Blend,Sunrise Summer Chapter,Kerinci Kayu Aro Dark Wine 50% | Mandheling Dark Natural 30% | Java Ciwidey Dark Natural 20%,Dark,"Cerah seperti pagi musim panas, blend fruity ini memadukan biji-biji terbaik dari Kerinci Kayu Aro dan Mandheling dan Java Ciwidey. Diproses dengan metode Wine & Natural, menghadirkan profil rasa licorice, tar, espresso yang kompleks namun harmonis. Sebuah perpaduan yang dirancang untuk memuaskan selera pecinta kopi sejati.",Full Body,Kerinci Kayu Aro (Dark / Wine): 500g (50%) | Mandheling (Dark / Natural): 300g (30%) | Java Ciwidey (Dark / Natural): 200g (20%) | total: 1000g,Best for Espresso
S-SUM-197,Summer,Seasonal Blend,Elysian Summer Estate,Java Manglayang Dark Honey 50% | Sembalun Rinjani Dark Natural 25% | Bali Ulian Dark Washed 25%,Dark,"Segar dan penuh semangat, blend vibrant ini memadukan biji-biji terbaik dari Java Manglayang dan Sembalun Rinjani dan Bali Ulian. Diproses dengan metode Washed & Honey, menghadirkan profil rasa espresso, charcoal, licorice yang kompleks namun harmonis. Sebuah perpaduan yang dirancang untuk memuaskan selera pecinta kopi sejati.",Syrupy,Java Manglayang (Dark / Honey): 500g (50%) | Sembalun Rinjani (Dark / Natural): 250g (25%) | Bali Ulian (Dark / Washed): 250g (25%) | total: 1000g,Cocok untuk Cold Brew
S-SUM-198,Summer,Seasonal Blend,Dawn Summer Reserve,Java Garut Medium SemiWashed 40% | Wanoja Kamojang Light WetHulled 60%,Light,"Karakter buah tropis yang menawan, blend fruity ini memadukan biji-biji terbaik dari Java Garut dan Wanoja Kamojang. Diproses dengan metode SemiWashed & WetHulled, menghadirkan profil rasa lime, cedar, milk caramel yang kompleks namun harmonis. Sebuah perpaduan yang dirancang untuk memuaskan selera pecinta kopi sejati.",Light Body,Java Garut (Medium / SemiWashed): 400g (40%) | Wanoja Kamojang (Light / WetHulled): 600g (60%) | total: 1000g,Best for V60
S-SUM-199,Summer,Seasonal Blend,Highland Summer Crest,Flores Manggarai Dark SemiWashed 65% | Java Preanger Medium SemiWashed 35%,Dark,"Cerah seperti pagi musim panas, blend tropical ini memadukan biji-biji terbaik dari Flores Manggarai dan Java Preanger. Diproses dengan metode SemiWashed, menghadirkan profil rasa vanilla, apricot jam, dark caramel yang kompleks namun harmonis. Sebuah perpaduan yang dirancang untuk memuaskan selera pecinta kopi sejati.",Syrupy,Flores Manggarai (Dark / SemiWashed): 650g (65%) | Java Preanger (Medium / SemiWashed): 350g (35%) | total: 1000g,Best for Batch Brew
S-SUM-200,Summer,Seasonal Blend,Serenity Summer Valley,Bali Kintamani Medium Anaerobic 50% | Papua Dogiyai Medium Natural 30% | Toraja Kalosi Dark Anaerobic 20%,Medium,"Karakter buah tropis yang menawan, blend bright ini memadukan biji-biji terbaik dari Bali Kintamani dan Papua Dogiyai dan Toraja Kalosi. Diproses dengan metode Natural & Anaerobic, menghadirkan profil rasa dark chocolate, smoke, prune yang kompleks namun harmonis. Sebuah perpaduan yang dirancang untuk memuaskan selera pecinta kopi sejati.",Round,Bali Kintamani (Medium / Anaerobic): 500g (50%) | Papua Dogiyai (Medium / Natural): 300g (30%) | Toraja Kalosi (Dark / Anaerobic): 200g (20%) | total: 1000g,Versatile for Espresso & Filter
S-SUM-201,Summer,Speciality Blend,Paragon Summer Spring,Gunung Halu Light Wine 50% | Java Temanggung Dark Natural 30% | Arjuno Medium Wine 20%,Medium,"Segar dan penuh semangat, blend refreshing ini memadukan biji-biji terbaik dari Gunung Halu dan Java Temanggung dan Arjuno. Diproses dengan metode Wine & Natural, menghadirkan profil rasa port wine, wine, espresso yang kompleks namun harmonis. Sebuah perpaduan yang dirancang untuk memuaskan selera pecinta kopi sejati.",Velvety,Gunung Halu (Light / Wine): 500g (50%) | Java Temanggung (Dark / Natural): 300g (30%) | Arjuno (Medium / Wine): 200g (20%) | total: 1000g,Versatile for Espresso & Filter
S-SUM-202,Summer,Speciality Blend,Exceptional Summer Legacy,Solok Radjo Light Natural 55% | Bali Kintamani Medium Anaerobic 30% | Java Garut Medium Natural 15%,Light,"Segar dan penuh semangat, blend fruity ini memadukan biji-biji terbaik dari Solok Radjo dan Bali Kintamani dan Java Garut. Diproses dengan metode Natural & Anaerobic, menghadirkan profil rasa fermented fruit, prune, tropical punch yang kompleks namun harmonis. Sebuah perpaduan yang dirancang untuk memuaskan selera pecinta kopi sejati.",Light Body,Solok Radjo (Light / Natural): 550g (55%) | Bali Kintamani (Medium / Anaerobic): 300g (30%) | Java Garut (Medium / Natural): 150g (15%) | total: 1000g,Cocok untuk AeroPress
S-SUM-203,Summer,Speciality Blend,Grand Summer Ridge,Papua Dogiyai Dark Wine 60% | Java Manglayang Dark Natural 25% | Flores Bajawa Light Wine 15%,Dark,"Karakter buah tropis yang menawan, blend fruity ini memadukan biji-biji terbaik dari Papua Dogiyai dan Java Manglayang dan Flores Bajawa. Diproses dengan metode Wine & Natural, menghadirkan profil rasa dark berry, tobacco, licorice yang kompleks namun harmonis. Sebuah perpaduan yang dirancang untuk memuaskan selera pecinta kopi sejati.",Full Body,Papua Dogiyai (Dark / Wine): 600g (60%) | Java Manglayang (Dark / Natural): 250g (25%) | Flores Bajawa (Light / Wine): 150g (15%) | total: 1000g,Ideal untuk Ristretto
S-SUM-204,Summer,Speciality Blend,Ultra Summer Origin,Sembalun Rinjani Dark Natural 50% | Semeru Dark Natural 25% | Bali Kintamani Light Anaerobic 25%,Dark,"Cerah seperti pagi musim panas, blend fruity ini memadukan biji-biji terbaik dari Sembalun Rinjani dan Semeru dan Bali Kintamani. Diproses dengan metode Natural & Anaerobic, menghadirkan profil rasa charcoal, rum raisin, cola yang kompleks namun harmonis. Sebuah perpaduan yang dirancang untuk memuaskan selera pecinta kopi sejati.",Syrupy,Sembalun Rinjani (Dark / Natural): 500g (50%) | Semeru (Dark / Natural): 250g (25%) | Bali Kintamani (Light / Anaerobic): 250g (25%) | total: 1000g,Best for Espresso
S-SUM-205,Summer,Speciality Blend,Paragon Summer Crest,Papua Wamena Medium Natural 45% | Java Ciwidey Light Anaerobic 55%,Light,"Ringan namun penuh kepribadian, blend bright ini memadukan biji-biji terbaik dari Papua Wamena dan Java Ciwidey. Diproses dengan metode Natural & Anaerobic, menghadirkan profil rasa dark chocolate, rum raisin, passion fruit yang kompleks namun harmonis. Sebuah perpaduan yang dirancang untuk memuaskan selera pecinta kopi sejati.",Silky,Papua Wamena (Medium / Natural): 450g (45%) | Java Ciwidey (Light / Anaerobic): 550g (55%) | total: 1000g,Cocok untuk AeroPress
S-SUM-206,Summer,Speciality Blend,Premier Summer Peak,Solok Radjo Light Natural 55% | Papua Wamena Dark Anaerobic 45%,Medium,"Cerah seperti pagi musim panas, blend tropical ini memadukan biji-biji terbaik dari Solok Radjo dan Papua Wamena. Diproses dengan metode Natural & Anaerobic, menghadirkan profil rasa watermelon, tropical fruit, black cherry yang kompleks namun harmonis. Sebuah perpaduan yang dirancang untuk memuaskan selera pecinta kopi sejati.",Round,Solok Radjo (Light / Natural): 550g (55%) | Papua Wamena (Dark / Anaerobic): 450g (45%) | total: 1000g,Cocok untuk French Press & Espresso
S-SUM-207,Summer,Speciality Blend,Sovereign Summer Crest,Bali Kintamani Dark Natural 50% | Toraja Kalosi Light Wine 50%,Medium,"Cerah seperti pagi musim panas, blend bright ini memadukan biji-biji terbaik dari Bali Kintamani dan Toraja Kalosi. Diproses dengan metode Wine & Natural, menghadirkan profil rasa tar, wine, espresso yang kompleks namun harmonis. Sebuah perpaduan yang dirancang untuk memuaskan selera pecinta kopi sejati.",Smooth,Bali Kintamani (Dark / Natural): 500g (50%) | Toraja Kalosi (Light / Wine): 500g (50%) | total: 1000g,Versatile for Espresso & Filter
S-SUM-208,Summer,Speciality Blend,Crown Summer Origin,Flores Bajawa Dark Anaerobic 45% | Java Ijen Raung Dark Wine 35% | Gunung Halu Light Natural 20%,Dark,"Cerah seperti pagi musim panas, blend vibrant ini memadukan biji-biji terbaik dari Flores Bajawa dan Java Ijen Raung dan Gunung Halu. Diproses dengan metode Wine & Natural, menghadirkan profil rasa smoke, dark rum, strawberry yang kompleks namun harmonis. Sebuah perpaduan yang dirancang untuk memuaskan selera pecinta kopi sejati.",Bold,Flores Bajawa (Dark / Anaerobic): 450g (45%) | Java Ijen Raung (Dark / Wine): 350g (35%) | Gunung Halu (Light / Natural): 200g (20%) | total: 1000g,Cocok untuk Cold Brew
S-SUM-209,Summer,Speciality Blend,Paragon Summer Reserve,Lintong Onan Dark Anaerobic 55% | Semeru Dark Wine 30% | Java Ijen Raung Dark Anaerobic 15%,Dark,"Karakter buah tropis yang menawan, blend tropical ini memadukan biji-biji terbaik dari Lintong Onan dan Semeru dan Java Ijen Raung. Diproses dengan metode Wine & Anaerobic, menghadirkan profil rasa dark rum, aged wine, smoke yang kompleks namun harmonis. Sebuah perpaduan yang dirancang untuk memuaskan selera pecinta kopi sejati.",Bold,Lintong Onan (Dark / Anaerobic): 550g (55%) | Semeru (Dark / Wine): 300g (30%) | Java Ijen Raung (Dark / Anaerobic): 150g (15%) | total: 1000g,Best for Batch Brew
S-SUM-210,Summer,Speciality Blend,Imperial Summer Signature,Java Preanger Light Wine 50% | Sembalun Rinjani Dark Wine 25% | Sembalun Rinjani Medium Natural 25%,Medium,"Karakter buah tropis yang menawan, blend lively ini memadukan biji-biji terbaik dari Java Preanger dan Sembalun Rinjani dan Sembalun Rinjani. Diproses dengan metode Wine & Natural, menghadirkan profil rasa smoked plum, dark espresso, dried fig yang kompleks namun harmonis. Sebuah perpaduan yang dirancang untuk memuaskan selera pecinta kopi sejati.",Velvety,Java Preanger (Light / Wine): 500g (50%) | Sembalun Rinjani (Dark / Wine): 250g (25%) | Sembalun Rinjani (Medium / Natural): 250g (25%) | total: 1000g,Best for Moka Pot
S-SUM-211,Summer,Speciality Blend,Grand Summer Signature,Sembalun Rinjani Dark Anaerobic 55% | Bali Kintamani Medium Anaerobic 30% | Java Ciwidey Light Natural 15%,Medium,"Segar dan penuh semangat, blend bright ini memadukan biji-biji terbaik dari Sembalun Rinjani dan Bali Kintamani dan Java Ciwidey. Diproses dengan metode Natural & Anaerobic, menghadirkan profil rasa black cherry, fermented fruit, watermelon yang kompleks namun harmonis. Sebuah perpaduan yang dirancang untuk memuaskan selera pecinta kopi sejati.",Velvety,Sembalun Rinjani (Dark / Anaerobic): 550g (55%) | Bali Kintamani (Medium / Anaerobic): 300g (30%) | Java Ciwidey (Light / Natural): 150g (15%) | total: 1000g,Versatile for Espresso & Filter
S-SUM-212,Summer,Speciality Blend,Opulent Summer Origin,Java Puntang Medium Anaerobic 55% | Bukit Barisan Light Wine 30% | Java Puntang Light Anaerobic 15%,Light,"Cerah seperti pagi musim panas, blend fruity ini memadukan biji-biji terbaik dari Java Puntang dan Bukit Barisan dan Java Puntang. Diproses dengan metode Wine & Anaerobic, menghadirkan profil rasa cola, grape must, fermented fruit yang kompleks namun harmonis. Sebuah perpaduan yang dirancang untuk memuaskan selera pecinta kopi sejati.",Tea-like,Java Puntang (Medium / Anaerobic): 550g (55%) | Bukit Barisan (Light / Wine): 300g (30%) | Java Puntang (Light / Anaerobic): 150g (15%) | total: 1000g,Best for V60
S-SUM-213,Summer,Speciality Blend,Grand Summer Origin,Papua Wamena Medium Wine 45% | Lampung Robusta Premium Medium Anaerobic 35% | Gunung Halu Medium Anaerobic 20%,Medium,"Ringan namun penuh kepribadian, blend vibrant ini memadukan biji-biji terbaik dari Papua Wamena dan Lampung Robusta Premium dan Gunung Halu. Diproses dengan metode Wine & Anaerobic, menghadirkan profil rasa fermented fruit, tamarind, cacao nib yang kompleks namun harmonis. Sebuah perpaduan yang dirancang untuk memuaskan selera pecinta kopi sejati.",Smooth,Papua Wamena (Medium / Wine): 450g (45%) | Lampung Robusta Premium (Medium / Anaerobic): 350g (35%) | Gunung Halu (Medium / Anaerobic): 200g (20%) | total: 1000g,Cocok untuk French Press & Espresso
S-SUM-214,Summer,Speciality Blend,Pinnacle Summer Legacy,Java Sindoro Light Natural 50% | Mandheling Dark Wine 30% | Bengkulu Dark Natural 20%,Medium,"Karakter buah tropis yang menawan, blend refreshing ini memadukan biji-biji terbaik dari Java Sindoro dan Mandheling dan Bengkulu. Diproses dengan metode Wine & Natural, menghadirkan profil rasa dark espresso, tobacco, licorice yang kompleks namun harmonis. Sebuah perpaduan yang dirancang untuk memuaskan selera pecinta kopi sejati.",Velvety,Java Sindoro (Light / Natural): 500g (50%) | Mandheling (Dark / Wine): 300g (30%) | Bengkulu (Dark / Natural): 200g (20%) | total: 1000g,Cocok untuk French Press & Espresso
S-SUM-215,Summer,Speciality Blend,Quintessential Summer Valley,Java Ciwidey Medium Wine 55% | Bukit Barisan Dark Natural 30% | Flores Manggarai Light Natural 15%,Medium,"Karakter buah tropis yang menawan, blend vibrant ini memadukan biji-biji terbaik dari Java Ciwidey dan Bukit Barisan dan Flores Manggarai. Diproses dengan metode Wine & Natural, menghadirkan profil rasa espresso, roasted grape, tar yang kompleks namun harmonis. Sebuah perpaduan yang dirancang untuk memuaskan selera pecinta kopi sejati.",Smooth,Java Ciwidey (Medium / Wine): 550g (55%) | Bukit Barisan (Dark / Natural): 300g (30%) | Flores Manggarai (Light / Natural): 150g (15%) | total: 1000g,Cocok untuk French Press & Espresso
S-SUM-216,Summer,Speciality Blend,Crown Summer Legacy,Papua Dogiyai Light Natural 55% | Java Garut Dark Anaerobic 30% | Java Puntang Light Natural 15%,Light,"Karakter buah tropis yang menawan, blend vibrant ini memadukan biji-biji terbaik dari Papua Dogiyai dan Java Garut dan Java Puntang. Diproses dengan metode Natural & Anaerobic, menghadirkan profil rasa watermelon, strawberry, dark rum yang kompleks namun harmonis. Sebuah perpaduan yang dirancang untuk memuaskan selera pecinta kopi sejati.",Light Body,Papua Dogiyai (Light / Natural): 550g (55%) | Java Garut (Dark / Anaerobic): 300g (30%) | Java Puntang (Light / Natural): 150g (15%) | total: 1000g,Pour Over Recommended
S-SUM-217,Summer,Speciality Blend,Luxe Summer Chapter,Bali Kintamani Light Anaerobic 50% | Bali Kintamani Medium Wine 25% | Java Sindoro Light Anaerobic 25%,Light,"Cerah seperti pagi musim panas, blend fruity ini memadukan biji-biji terbaik dari Bali Kintamani dan Bali Kintamani dan Java Sindoro. Diproses dengan metode Wine & Anaerobic, menghadirkan profil rasa cola, lychee, port wine yang kompleks namun harmonis. Sebuah perpaduan yang dirancang untuk memuaskan selera pecinta kopi sejati.",Clean,Bali Kintamani (Light / Anaerobic): 500g (50%) | Bali Kintamani (Medium / Wine): 250g (25%) | Java Sindoro (Light / Anaerobic): 250g (25%) | total: 1000g,Ideal for Chemex
S-SUM-218,Summer,Speciality Blend,Pinnacle Summer Series,Flores Bajawa Medium Natural 55% | Bali Ulian Light Natural 45%,Light,"Ringan namun penuh kepribadian, blend bright ini memadukan biji-biji terbaik dari Flores Bajawa dan Bali Ulian. Diproses dengan metode Natural, menghadirkan profil rasa watermelon, prune, strawberry yang kompleks namun harmonis. Sebuah perpaduan yang dirancang untuk memuaskan selera pecinta kopi sejati.",Tea-like,Flores Bajawa (Medium / Natural): 550g (55%) | Bali Ulian (Light / Natural): 450g (45%) | total: 1000g,Cocok untuk AeroPress
S-SUM-219,Summer,Speciality Blend,Premier Summer Spring,Lintong Onan Light Anaerobic 55% | Lintong Onan Light Natural 30% | Flores Bajawa Dark Wine 15%,Light,"Cerah seperti pagi musim panas, blend lively ini memadukan biji-biji terbaik dari Lintong Onan dan Lintong Onan dan Flores Bajawa. Diproses dengan metode Wine & Natural, menghadirkan profil rasa watermelon, tropical fruit, cola yang kompleks namun harmonis. Sebuah perpaduan yang dirancang untuk memuaskan selera pecinta kopi sejati.",Clean,Lintong Onan (Light / Anaerobic): 550g (55%) | Lintong Onan (Light / Natural): 300g (30%) | Flores Bajawa (Dark / Wine): 150g (15%) | total: 1000g,Best for V60
S-SUM-220,Summer,Speciality Blend,Quintessential Summer Legacy,Gunung Halu Medium Anaerobic 50% | Java Ciwidey Dark Anaerobic 25% | Bali Kintamani Dark Natural 25%,Dark,"Cerah seperti pagi musim panas, blend bright ini memadukan biji-biji terbaik dari Gunung Halu dan Java Ciwidey dan Bali Kintamani. Diproses dengan metode Natural & Anaerobic, menghadirkan profil rasa tar, espresso, tropical punch yang kompleks namun harmonis. Sebuah perpaduan yang dirancang untuk memuaskan selera pecinta kopi sejati.",Syrupy,Gunung Halu (Medium / Anaerobic): 500g (50%) | Java Ciwidey (Dark / Anaerobic): 250g (25%) | Bali Kintamani (Dark / Natural): 250g (25%) | total: 1000g,Best for Batch Brew
S-SUM-221,Summer,Speciality Blend,Elite Summer Estate,Toraja Kalosi Light Anaerobic 45% | Java Ciwidey Dark Wine 55%,Medium,"Karakter buah tropis yang menawan, blend refreshing ini memadukan biji-biji terbaik dari Toraja Kalosi dan Java Ciwidey. Diproses dengan metode Wine & Anaerobic, menghadirkan profil rasa passion fruit, smoked plum, raspberry yang kompleks namun harmonis. Sebuah perpaduan yang dirancang untuk memuaskan selera pecinta kopi sejati.",Round,Toraja Kalosi (Light / Anaerobic): 450g (45%) | Java Ciwidey (Dark / Wine): 550g (55%) | total: 1000g,Cocok untuk French Press & Espresso
S-SUM-222,Summer,Speciality Blend,Ultra Summer Chapter,Gunung Halu Light Natural 55% | Temanggung Medium Natural 30% | Papua Dogiyai Light Anaerobic 15%,Light,"Karakter buah tropis yang menawan, blend lively ini memadukan biji-biji terbaik dari Gunung Halu dan Temanggung dan Papua Dogiyai. Diproses dengan metode Natural & Anaerobic, menghadirkan profil rasa cola, prune, raspberry yang kompleks namun harmonis. Sebuah perpaduan yang dirancang untuk memuaskan selera pecinta kopi sejati.",Delicate,Gunung Halu (Light / Natural): 550g (55%) | Temanggung (Medium / Natural): 300g (30%) | Papua Dogiyai (Light / Anaerobic): 150g (15%) | total: 1000g,Ideal for Chemex
S-SUM-223,Summer,Speciality Blend,Pinnacle Summer Origin,Bengkulu Light Anaerobic 45% | Bali Ulian Dark Anaerobic 35% | Mandheling Light Anaerobic 20%,Medium,"Karakter buah tropis yang menawan, blend vibrant ini memadukan biji-biji terbaik dari Bengkulu dan Bali Ulian dan Mandheling. Diproses dengan metode Anaerobic, menghadirkan profil rasa rum raisin, passion fruit, fermented cocoa yang kompleks namun harmonis. Sebuah perpaduan yang dirancang untuk memuaskan selera pecinta kopi sejati.",Medium Body,Bengkulu (Light / Anaerobic): 450g (45%) | Bali Ulian (Dark / Anaerobic): 350g (35%) | Mandheling (Light / Anaerobic): 200g (20%) | total: 1000g,Cocok untuk French Press & Espresso
S-SUM-224,Summer,Speciality Blend,Apex Summer Origin,Java Puntang Dark Anaerobic 65% | Kerinci Kayu Aro Dark Natural 35%,Dark,"Cerah seperti pagi musim panas, blend vibrant ini memadukan biji-biji terbaik dari Java Puntang dan Kerinci Kayu Aro. Diproses dengan metode Natural & Anaerobic, menghadirkan profil rasa fermented cocoa, black cherry, dark rum yang kompleks namun harmonis. Sebuah perpaduan yang dirancang untuk memuaskan selera pecinta kopi sejati.",Heavy Body,Java Puntang (Dark / Anaerobic): 650g (65%) | Kerinci Kayu Aro (Dark / Natural): 350g (35%) | total: 1000g,Best for Batch Brew
S-SUM-225,Summer,Speciality Blend,Exceptional Summer Fusion,Solok Radjo Medium Natural 40% | Mandheling Light Anaerobic 35% | Flores Bajawa Dark Wine 25%,Medium,"Karakter buah tropis yang menawan, blend lively ini memadukan biji-biji terbaik dari Solok Radjo dan Mandheling dan Flores Bajawa. Diproses dengan metode Wine & Natural, menghadirkan profil rasa prune, dark espresso, tobacco yang kompleks namun harmonis. Sebuah perpaduan yang dirancang untuk memuaskan selera pecinta kopi sejati.",Velvety,Solok Radjo (Medium / Natural): 400g (40%) | Mandheling (Light / Anaerobic): 350g (35%) | Flores Bajawa (Dark / Wine): 250g (25%) | total: 1000g,Cocok untuk French Press & Espresso
S-SUM-226,Summer,Speciality Blend,Hallmark Summer Origin,Flores Bajawa Light Wine 55% | Flores Bajawa Medium Natural 30% | Toraja Kalosi Light Wine 15%,Light,"Karakter buah tropis yang menawan, blend lively ini memadukan biji-biji terbaik dari Flores Bajawa dan Flores Bajawa dan Toraja Kalosi. Diproses dengan metode Wine & Natural, menghadirkan profil rasa blackcurrant, grape must, dark cherry yang kompleks namun harmonis. Sebuah perpaduan yang dirancang untuk memuaskan selera pecinta kopi sejati.",Delicate,Flores Bajawa (Light / Wine): 550g (55%) | Flores Bajawa (Medium / Natural): 300g (30%) | Toraja Kalosi (Light / Wine): 150g (15%) | total: 1000g,Best for V60
S-SUM-227,Summer,Speciality Blend,Crown Summer Select,Toraja Kalosi Dark Anaerobic 55% | Bali Kintamani Light Wine 30% | Java Ijen Raung Light Natural 15%,Medium,"Ringan namun penuh kepribadian, blend bright ini memadukan biji-biji terbaik dari Toraja Kalosi dan Bali Kintamani dan Java Ijen Raung. Diproses dengan metode Wine & Natural, menghadirkan profil rasa strawberry, hibiscus, fermented cocoa yang kompleks namun harmonis. Sebuah perpaduan yang dirancang untuk memuaskan selera pecinta kopi sejati.",Round,Toraja Kalosi (Dark / Anaerobic): 550g (55%) | Bali Kintamani (Light / Wine): 300g (30%) | Java Ijen Raung (Light / Natural): 150g (15%) | total: 1000g,Cocok untuk French Press & Espresso
S-SUM-228,Summer,Speciality Blend,Paragon Summer Signature,Lampung Robusta Premium Dark Natural 55% | Gunung Halu Medium Natural 30% | Java Ijen Raung Dark Anaerobic 15%,Dark,"Karakter buah tropis yang menawan, blend bright ini memadukan biji-biji terbaik dari Lampung Robusta Premium dan Gunung Halu dan Java Ijen Raung. Diproses dengan metode Natural & Anaerobic, menghadirkan profil rasa fermented cocoa, dark chocolate, charcoal yang kompleks namun harmonis. Sebuah perpaduan yang dirancang untuk memuaskan selera pecinta kopi sejati.",Heavy Body,Lampung Robusta Premium (Dark / Natural): 550g (55%) | Gunung Halu (Medium / Natural): 300g (30%) | Java Ijen Raung (Dark / Anaerobic): 150g (15%) | total: 1000g,Best for Espresso
S-SUM-229,Summer,Speciality Blend,Pinnacle Summer Craft,Semeru Dark Anaerobic 50% | Java Sindoro Dark Wine 25% | Flores Manggarai Light Anaerobic 25%,Dark,"Cerah seperti pagi musim panas, blend lively ini memadukan biji-biji terbaik dari Semeru dan Java Sindoro dan Flores Manggarai. Diproses dengan metode Wine & Anaerobic, menghadirkan profil rasa tobacco, smoke, rum raisin yang kompleks namun harmonis. Sebuah perpaduan yang dirancang untuk memuaskan selera pecinta kopi sejati.",Full Body,Semeru (Dark / Anaerobic): 500g (50%) | Java Sindoro (Dark / Wine): 250g (25%) | Flores Manggarai (Light / Anaerobic): 250g (25%) | total: 1000g,Best for Espresso
S-SUM-230,Summer,Speciality Blend,Premier Summer Select,Sidikalang Light Natural 60% | Java Garut Dark Wine 25% | Aceh Gayo Medium Natural 15%,Light,"Karakter buah tropis yang menawan, blend vibrant ini memadukan biji-biji terbaik dari Sidikalang dan Java Garut dan Aceh Gayo. Diproses dengan metode Wine & Natural, menghadirkan profil rasa blueberry, dark espresso, tobacco yang kompleks namun harmonis. Sebuah perpaduan yang dirancang untuk memuaskan selera pecinta kopi sejati.",Silky,Sidikalang (Light / Natural): 600g (60%) | Java Garut (Dark / Wine): 250g (25%) | Aceh Gayo (Medium / Natural): 150g (15%) | total: 1000g,Ideal for Chemex
S-SUM-231,Summer,Speciality Blend,Masterwork Summer Signature,Flores Manggarai Medium Anaerobic 65% | Sembalun Rinjani Dark Wine 35%,Medium,"Cerah seperti pagi musim panas, blend refreshing ini memadukan biji-biji terbaik dari Flores Manggarai dan Sembalun Rinjani. Diproses dengan metode Wine & Anaerobic, menghadirkan profil rasa cacao nib, tamarind, fermented fruit yang kompleks namun harmonis. Sebuah perpaduan yang dirancang untuk memuaskan selera pecinta kopi sejati.",Velvety,Flores Manggarai (Medium / Anaerobic): 650g (65%) | Sembalun Rinjani (Dark / Wine): 350g (35%) | total: 1000g,Best for Moka Pot
S-SUM-232,Summer,Speciality Blend,Apex Summer Spring,Sembalun Rinjani Medium Natural 50% | Toraja Sapan Medium Wine 50%,Medium,"Cerah seperti pagi musim panas, blend fruity ini memadukan biji-biji terbaik dari Sembalun Rinjani dan Toraja Sapan. Diproses dengan metode Wine & Natural, menghadirkan profil rasa dried fig, dark plum, roasted grape yang kompleks namun harmonis. Sebuah perpaduan yang dirancang untuk memuaskan selera pecinta kopi sejati.",Balanced,Sembalun Rinjani (Medium / Natural): 500g (50%) | Toraja Sapan (Medium / Wine): 500g (50%) | total: 1000g,Best for Moka Pot
S-SUM-233,Summer,Speciality Blend,Hallmark Summer Peak,Flores Bajawa Dark Wine 55% | Semeru Dark Natural 45%,Dark,"Karakter buah tropis yang menawan, blend tropical ini memadukan biji-biji terbaik dari Flores Bajawa dan Semeru. Diproses dengan metode Wine & Natural, menghadirkan profil rasa espresso, tar, aged wine yang kompleks namun harmonis. Sebuah perpaduan yang dirancang untuk memuaskan selera pecinta kopi sejati.",Syrupy,Flores Bajawa (Dark / Wine): 550g (55%) | Semeru (Dark / Natural): 450g (45%) | total: 1000g,Best for Espresso
S-SUM-234,Summer,Speciality Blend,Pinnacle Summer Edition,Solok Radjo Light Anaerobic 60% | Aceh Gayo Medium Natural 25% | Bali Ulian Dark Natural 15%,Light,"Ringan namun penuh kepribadian, blend tropical ini memadukan biji-biji terbaik dari Solok Radjo dan Aceh Gayo dan Bali Ulian. Diproses dengan metode Natural & Anaerobic, menghadirkan profil rasa licorice, rum raisin, prune yang kompleks namun harmonis. Sebuah perpaduan yang dirancang untuk memuaskan selera pecinta kopi sejati.",Tea-like,Solok Radjo (Light / Anaerobic): 600g (60%) | Aceh Gayo (Medium / Natural): 250g (25%) | Bali Ulian (Dark / Natural): 150g (15%) | total: 1000g,Cocok untuk AeroPress
S-SUM-235,Summer,Speciality Blend,Distinguished Summer Journey,Flores Bajawa Medium Natural 65% | Sembalun Rinjani Light Anaerobic 35%,Light,"Cerah seperti pagi musim panas, blend refreshing ini memadukan biji-biji terbaik dari Flores Bajawa dan Sembalun Rinjani. Diproses dengan metode Natural & Anaerobic, menghadirkan profil rasa dark chocolate, rum raisin, prune yang kompleks namun harmonis. Sebuah perpaduan yang dirancang untuk memuaskan selera pecinta kopi sejati.",Clean,Flores Bajawa (Medium / Natural): 650g (65%) | Sembalun Rinjani (Light / Anaerobic): 350g (35%) | total: 1000g,Best for V60
S-SUM-236,Summer,Speciality Blend,Elite Summer Chapter,Gunung Halu Dark Natural 55% | Java Ciwidey Dark Anaerobic 30% | Flores Bajawa Dark Natural 15%,Dark,"Segar dan penuh semangat, blend vibrant ini memadukan biji-biji terbaik dari Gunung Halu dan Java Ciwidey dan Flores Bajawa. Diproses dengan metode Natural & Anaerobic, menghadirkan profil rasa licorice, dark berry, smoke yang kompleks namun harmonis. Sebuah perpaduan yang dirancang untuk memuaskan selera pecinta kopi sejati.",Thick,Gunung Halu (Dark / Natural): 550g (55%) | Java Ciwidey (Dark / Anaerobic): 300g (30%) | Flores Bajawa (Dark / Natural): 150g (15%) | total: 1000g,Best for Espresso
S-SUM-237,Summer,Speciality Blend,Apex Summer Edition,Wanoja Kamojang Medium Wine 55% | Java Preanger Light Anaerobic 30% | Sembalun Rinjani Medium Wine 15%,Medium,"Karakter buah tropis yang menawan, blend bright ini memadukan biji-biji terbaik dari Wanoja Kamojang dan Java Preanger dan Sembalun Rinjani. Diproses dengan metode Wine & Anaerobic, menghadirkan profil rasa balsamic, roasted grape, lychee yang kompleks namun harmonis. Sebuah perpaduan yang dirancang untuk memuaskan selera pecinta kopi sejati.",Round,Wanoja Kamojang (Medium / Wine): 550g (55%) | Java Preanger (Light / Anaerobic): 300g (30%) | Sembalun Rinjani (Medium / Wine): 150g (15%) | total: 1000g,Best for Moka Pot
S-SUM-238,Summer,Speciality Blend,Rare Summer Peak,Solok Radjo Light Anaerobic 40% | Flores Bajawa Medium Anaerobic 35% | Bali Ulian Medium Wine 25%,Light,"Segar dan penuh semangat, blend vibrant ini memadukan biji-biji terbaik dari Solok Radjo dan Flores Bajawa dan Bali Ulian. Diproses dengan metode Wine & Anaerobic, menghadirkan profil rasa balsamic, roasted grape, fermented fruit yang kompleks namun harmonis. Sebuah perpaduan yang dirancang untuk memuaskan selera pecinta kopi sejati.",Clean,Solok Radjo (Light / Anaerobic): 400g (40%) | Flores Bajawa (Medium / Anaerobic): 350g (35%) | Bali Ulian (Medium / Wine): 250g (25%) | total: 1000g,Pour Over Recommended
S-SUM-239,Summer,Speciality Blend,Luxe Summer Journey,Wanoja Kamojang Light Wine 50% | Toraja Kalosi Light Anaerobic 50%,Light,"Cerah seperti pagi musim panas, blend bright ini memadukan biji-biji terbaik dari Wanoja Kamojang dan Toraja Kalosi. Diproses dengan metode Wine & Anaerobic, menghadirkan profil rasa rum raisin, lychee, cola yang kompleks namun harmonis. Sebuah perpaduan yang dirancang untuk memuaskan selera pecinta kopi sejati.",Delicate,Wanoja Kamojang (Light / Wine): 500g (50%) | Toraja Kalosi (Light / Anaerobic): 500g (50%) | total: 1000g,Ideal for Chemex
S-SUM-240,Summer,Speciality Blend,Ultra Summer Select,Java Ijen Raung Medium Anaerobic 45% | Wanoja Kamojang Medium Wine 55%,Medium,"Segar dan penuh semangat, blend vibrant ini memadukan biji-biji terbaik dari Java Ijen Raung dan Wanoja Kamojang. Diproses dengan metode Wine & Anaerobic, menghadirkan profil rasa fermented fruit, dark plum, tropical punch yang kompleks namun harmonis. Sebuah perpaduan yang dirancang untuk memuaskan selera pecinta kopi sejati.",Balanced,Java Ijen Raung (Medium / Anaerobic): 450g (45%) | Wanoja Kamojang (Medium / Wine): 550g (55%) | total: 1000g,Cocok untuk French Press & Espresso
S-SUM-241,Summer,Speciality Blend,Prestige Summer Signature,Kerinci Kayu Aro Light Anaerobic 55% | Java Puntang Dark Wine 30% | Toraja Sapan Dark Natural 15%,Medium,"Ringan namun penuh kepribadian, blend lively ini memadukan biji-biji terbaik dari Kerinci Kayu Aro dan Java Puntang dan Toraja Sapan. Diproses dengan metode Wine & Natural, menghadirkan profil rasa licorice, tar, raspberry yang kompleks namun harmonis. Sebuah perpaduan yang dirancang untuk memuaskan selera pecinta kopi sejati.",Smooth,Kerinci Kayu Aro (Light / Anaerobic): 550g (55%) | Java Puntang (Dark / Wine): 300g (30%) | Toraja Sapan (Dark / Natural): 150g (15%) | total: 1000g,Best for Moka Pot
S-SUM-242,Summer,Speciality Blend,Luxe Summer Reserve,Java Ijen Raung Dark Anaerobic 55% | Bengkulu Dark Anaerobic 45%,Dark,"Cerah seperti pagi musim panas, blend refreshing ini memadukan biji-biji terbaik dari Java Ijen Raung dan Bengkulu. Diproses dengan metode Anaerobic, menghadirkan profil rasa smoke, dark rum, black cherry yang kompleks namun harmonis. Sebuah perpaduan yang dirancang untuk memuaskan selera pecinta kopi sejati.",Bold,Java Ijen Raung (Dark / Anaerobic): 550g (55%) | Bengkulu (Dark / Anaerobic): 450g (45%) | total: 1000g,Best for Espresso
S-SUM-243,Summer,Speciality Blend,Quintessential Summer Signature,Java Garut Dark Wine 45% | Sidikalang Dark Wine 35% | Mandheling Dark Wine 20%,Dark,"Karakter buah tropis yang menawan, blend bright ini memadukan biji-biji terbaik dari Java Garut dan Sidikalang dan Mandheling. Diproses dengan metode Wine, menghadirkan profil rasa tobacco, smoked plum, aged wine yang kompleks namun harmonis. Sebuah perpaduan yang dirancang untuk memuaskan selera pecinta kopi sejati.",Bold,Java Garut (Dark / Wine): 450g (45%) | Sidikalang (Dark / Wine): 350g (35%) | Mandheling (Dark / Wine): 200g (20%) | total: 1000g,Cocok untuk Cold Brew
S-SUM-244,Summer,Speciality Blend,Crown Summer Estate,Sembalun Rinjani Medium Natural 45% | Java Preanger Medium Wine 35% | Papua Dogiyai Dark Anaerobic 20%,Medium,"Cerah seperti pagi musim panas, blend fruity ini memadukan biji-biji terbaik dari Sembalun Rinjani dan Java Preanger dan Papua Dogiyai. Diproses dengan metode Wine & Natural, menghadirkan profil rasa roasted grape, black cherry, dark chocolate yang kompleks namun harmonis. Sebuah perpaduan yang dirancang untuk memuaskan selera pecinta kopi sejati.",Balanced,Sembalun Rinjani (Medium / Natural): 450g (45%) | Java Preanger (Medium / Wine): 350g (35%) | Papua Dogiyai (Dark / Anaerobic): 200g (20%) | total: 1000g,Best for Moka Pot
S-SUM-245,Summer,Speciality Blend,Sovereign Summer Estate,Papua Dogiyai Light Wine 70% | Flores Bajawa Light Anaerobic 30%,Light,"Ringan namun penuh kepribadian, blend lively ini memadukan biji-biji terbaik dari Papua Dogiyai dan Flores Bajawa. Diproses dengan metode Wine & Anaerobic, menghadirkan profil rasa cola, passion fruit, grape must yang kompleks namun harmonis. Sebuah perpaduan yang dirancang untuk memuaskan selera pecinta kopi sejati.",Clean,Papua Dogiyai (Light / Wine): 700g (70%) | Flores Bajawa (Light / Anaerobic): 300g (30%) | total: 1000g,Best for V60
S-SUM-246,Summer,Speciality Blend,Prestige Summer Spring,Bengkulu Dark Anaerobic 50% | Flores Manggarai Light Anaerobic 50%,Medium,"Karakter buah tropis yang menawan, blend vibrant ini memadukan biji-biji terbaik dari Bengkulu dan Flores Manggarai. Diproses dengan metode Anaerobic, menghadirkan profil rasa fermented cocoa, cola, passion fruit yang kompleks namun harmonis. Sebuah perpaduan yang dirancang untuk memuaskan selera pecinta kopi sejati.",Smooth,Bengkulu (Dark / Anaerobic): 500g (50%) | Flores Manggarai (Light / Anaerobic): 500g (50%) | total: 1000g,Best for Moka Pot
S-SUM-247,Summer,Speciality Blend,Hallmark Summer Craft,Bali Kintamani Medium Anaerobic 40% | Java Manglayang Light Natural 35% | Papua Wamena Light Natural 25%,Light,"Karakter buah tropis yang menawan, blend fruity ini memadukan biji-biji terbaik dari Bali Kintamani dan Java Manglayang dan Papua Wamena. Diproses dengan metode Natural & Anaerobic, menghadirkan profil rasa watermelon, tamarind, tropical fruit yang kompleks namun harmonis. Sebuah perpaduan yang dirancang untuk memuaskan selera pecinta kopi sejati.",Clean,Bali Kintamani (Medium / Anaerobic): 400g (40%) | Java Manglayang (Light / Natural): 350g (35%) | Papua Wamena (Light / Natural): 250g (25%) | total: 1000g,Cocok untuk AeroPress
S-SUM-248,Summer,Speciality Blend,Luxe Summer Collection,Bali Kintamani Light Wine 40% | Flores Manggarai Dark Wine 60%,Medium,"Karakter buah tropis yang menawan, blend refreshing ini memadukan biji-biji terbaik dari Bali Kintamani dan Flores Manggarai. Diproses dengan metode Wine, menghadirkan profil rasa tobacco, grape must, smoked plum yang kompleks namun harmonis. Sebuah perpaduan yang dirancang untuk memuaskan selera pecinta kopi sejati.",Round,Bali Kintamani (Light / Wine): 400g (40%) | Flores Manggarai (Dark / Wine): 600g (60%) | total: 1000g,Cocok untuk French Press & Espresso
S-SUM-249,Summer,Speciality Blend,Imperial Summer Craft,Papua Dogiyai Dark Wine 50% | Sembalun Rinjani Light Wine 30% | Java Manglayang Medium Anaerobic 20%,Medium,"Segar dan penuh semangat, blend fruity ini memadukan biji-biji terbaik dari Papua Dogiyai dan Sembalun Rinjani dan Java Manglayang. Diproses dengan metode Wine & Anaerobic, menghadirkan profil rasa tropical punch, tobacco, fermented fruit yang kompleks namun harmonis. Sebuah perpaduan yang dirancang untuk memuaskan selera pecinta kopi sejati.",Round,Papua Dogiyai (Dark / Wine): 500g (50%) | Sembalun Rinjani (Light / Wine): 300g (30%) | Java Manglayang (Medium / Anaerobic): 200g (20%) | total: 1000g,Cocok untuk French Press & Espresso
S-SUM-250,Summer,Speciality Blend,Quintessential Summer Fusion,Gunung Halu Light Wine 40% | Wanoja Kamojang Dark Wine 60%,Medium,"Ringan namun penuh kepribadian, blend vibrant ini memadukan biji-biji terbaik dari Gunung Halu dan Wanoja Kamojang. Diproses dengan metode Wine, menghadirkan profil rasa dark cherry, blackcurrant, plum yang kompleks namun harmonis. Sebuah perpaduan yang dirancang untuk memuaskan selera pecinta kopi sejati.",Round,Gunung Halu (Light / Wine): 400g (40%) | Wanoja Kamojang (Dark / Wine): 600g (60%) | total: 1000g,Cocok untuk French Press & Espresso
S-AUT-001,Autumn,Seasonal Blend,Heritage Autumn Valley,Java Manglayang Medium Wine 45% | Wanoja Kamojang Medium SemiWashed 55%,Medium,"Hangat seperti senja musim gugur, blend mellow ini memadukan biji-biji terbaik dari Java Manglayang dan Wanoja Kamojang. Diproses dengan metode SemiWashed & Wine, menghadirkan profil rasa milk caramel, roasted nut, dark plum yang kompleks namun harmonis. Sebuah perpaduan yang dirancang untuk memuaskan selera pecinta kopi sejati.",Round,Java Manglayang (Medium / Wine): 450g (45%) | Wanoja Kamojang (Medium / SemiWashed): 550g (55%) | total: 1000g,Versatile for Espresso & Filter
S-AUT-002,Autumn,Seasonal Blend,Archipelago Autumn Blend,Java Ijen Raung Medium Honey 40% | Sembalun Rinjani Light WetHulled 60%,Light,"Karakter earthy yang menenangkan, blend caramelized ini memadukan biji-biji terbaik dari Java Ijen Raung dan Sembalun Rinjani. Diproses dengan metode Honey & WetHulled, menghadirkan profil rasa maple syrup, herb, cedar yang kompleks namun harmonis. Sebuah perpaduan yang dirancang untuk memuaskan selera pecinta kopi sejati.",Clean,Java Ijen Raung (Medium / Honey): 400g (40%) | Sembalun Rinjani (Light / WetHulled): 600g (60%) | total: 1000g,Best for V60
S-AUT-003,Autumn,Seasonal Blend,Sacred Autumn Valley,Papua Wamena Dark WetHulled 45% | Semeru Light Anaerobic 35% | Dampit Malang Light Washed 20%,Medium,"Aroma karamel dan rempah yang khas, blend earthy ini memadukan biji-biji terbaik dari Papua Wamena dan Semeru dan Dampit Malang. Diproses dengan metode Washed & WetHulled, menghadirkan profil rasa green tea, bark, lychee yang kompleks namun harmonis. Sebuah perpaduan yang dirancang untuk memuaskan selera pecinta kopi sejati.",Round,Papua Wamena (Dark / WetHulled): 450g (45%) | Semeru (Light / Anaerobic): 350g (35%) | Dampit Malang (Light / Washed): 200g (20%) | total: 1000g,Versatile for Espresso & Filter
S-AUT-004,Autumn,Seasonal Blend,Equator Autumn Chapter,Solok Radjo Light Wine 65% | Arjuno Light Anaerobic 35%,Light,"Kaya rasa dengan kedalaman yang tak tertandingi, blend mellow ini memadukan biji-biji terbaik dari Solok Radjo dan Arjuno. Diproses dengan metode Wine & Anaerobic, menghadirkan profil rasa plum, cola, wine yang kompleks namun harmonis. Sebuah perpaduan yang dirancang untuk memuaskan selera pecinta kopi sejati.",Tea-like,Solok Radjo (Light / Wine): 650g (65%) | Arjuno (Light / Anaerobic): 350g (35%) | total: 1000g,Ideal for Chemex
S-AUT-005,Autumn,Seasonal Blend,Equator Autumn Edition,Java Puntang Dark Anaerobic 65% | Java Manglayang Light Natural 35%,Medium,"Kaya rasa dengan kedalaman yang tak tertandingi, blend mellow ini memadukan biji-biji terbaik dari Java Puntang dan Java Manglayang. Diproses dengan metode Natural & Anaerobic, menghadirkan profil rasa watermelon, hibiscus, tropical fruit yang kompleks namun harmonis. Sebuah perpaduan yang dirancang untuk memuaskan selera pecinta kopi sejati.",Medium Body,Java Puntang (Dark / Anaerobic): 650g (65%) | Java Manglayang (Light / Natural): 350g (35%) | total: 1000g,Best for Moka Pot
S-AUT-006,Autumn,Seasonal Blend,Sunrise Autumn Ridge,Lintong Onan Dark Honey 60% | Flores Manggarai Medium Anaerobic 25% | Solok Radjo Medium SemiWashed 15%,Dark,"Karakter earthy yang menenangkan, blend mellow ini memadukan biji-biji terbaik dari Lintong Onan dan Flores Manggarai dan Solok Radjo. Diproses dengan metode SemiWashed & Honey, menghadirkan profil rasa milk caramel, tamarind, smoked almond yang kompleks namun harmonis. Sebuah perpaduan yang dirancang untuk memuaskan selera pecinta kopi sejati.",Heavy Body,Lintong Onan (Dark / Honey): 600g (60%) | Flores Manggarai (Medium / Anaerobic): 250g (25%) | Solok Radjo (Medium / SemiWashed): 150g (15%) | total: 1000g,Best for Espresso
S-AUT-007,Autumn,Seasonal Blend,Horizon Autumn Edition,Wanoja Kamojang Medium Wine 55% | Flores Bajawa Medium SemiWashed 30% | Toraja Kalosi Light Wine 15%,Medium,"Hangat seperti senja musim gugur, blend golden ini memadukan biji-biji terbaik dari Wanoja Kamojang dan Flores Bajawa dan Toraja Kalosi. Diproses dengan metode SemiWashed & Wine, menghadirkan profil rasa port wine, apricot jam, grape must yang kompleks namun harmonis. Sebuah perpaduan yang dirancang untuk memuaskan selera pecinta kopi sejati.",Smooth,Wanoja Kamojang (Medium / Wine): 550g (55%) | Flores Bajawa (Medium / SemiWashed): 300g (30%) | Toraja Kalosi (Light / Wine): 150g (15%) | total: 1000g,Cocok untuk French Press & Espresso
S-AUT-008,Autumn,Seasonal Blend,Golden Autumn Journey,Papua Wamena Light Washed 40% | Bali Ulian Light Washed 60%,Light,"Aroma karamel dan rempah yang khas, blend caramelized ini memadukan biji-biji terbaik dari Papua Wamena dan Bali Ulian. Diproses dengan metode Washed, menghadirkan profil rasa citrus, peach, green tea yang kompleks namun harmonis. Sebuah perpaduan yang dirancang untuk memuaskan selera pecinta kopi sejati.",Delicate,Papua Wamena (Light / Washed): 400g (40%) | Bali Ulian (Light / Washed): 600g (60%) | total: 1000g,Cocok untuk AeroPress
S-AUT-009,Autumn,Seasonal Blend,Volcano Autumn Blend,Sidikalang Medium WetHulled 55% | Flores Bajawa Dark Wine 45%,Medium,"Hangat seperti senja musim gugur, blend golden ini memadukan biji-biji terbaik dari Sidikalang dan Flores Bajawa. Diproses dengan metode Wine & WetHulled, menghadirkan profil rasa tobacco, dark espresso, leather yang kompleks namun harmonis. Sebuah perpaduan yang dirancang untuk memuaskan selera pecinta kopi sejati.",Medium Body,Sidikalang (Medium / WetHulled): 550g (55%) | Flores Bajawa (Dark / Wine): 450g (45%) | total: 1000g,Versatile for Espresso & Filter
S-AUT-010,Autumn,Seasonal Blend,Ancient Autumn Chapter,Solok Radjo Light Anaerobic 60% | Wanoja Kamojang Medium Natural 40%,Light,"Karakter earthy yang menenangkan, blend rustic ini memadukan biji-biji terbaik dari Solok Radjo dan Wanoja Kamojang. Diproses dengan metode Natural & Anaerobic, menghadirkan profil rasa rum raisin, passion fruit, lychee yang kompleks namun harmonis. Sebuah perpaduan yang dirancang untuk memuaskan selera pecinta kopi sejati.",Silky,Solok Radjo (Light / Anaerobic): 600g (60%) | Wanoja Kamojang (Medium / Natural): 400g (40%) | total: 1000g,Best for V60
S-AUT-011,Autumn,Seasonal Blend,Harvest Autumn Fusion,Gunung Halu Medium WetHulled 40% | Temanggung Dark Wine 35% | Gunung Halu Light SemiWashed 25%,Medium,"Karakter earthy yang menenangkan, blend earthy ini memadukan biji-biji terbaik dari Gunung Halu dan Temanggung dan Gunung Halu. Diproses dengan metode SemiWashed & Wine, menghadirkan profil rasa mandarin, woody, leather yang kompleks namun harmonis. Sebuah perpaduan yang dirancang untuk memuaskan selera pecinta kopi sejati.",Balanced,Gunung Halu (Medium / WetHulled): 400g (40%) | Temanggung (Dark / Wine): 350g (35%) | Gunung Halu (Light / SemiWashed): 250g (25%) | total: 1000g,Best for Moka Pot
S-AUT-012,Autumn,Seasonal Blend,Celestial Autumn Journey,Toraja Sapan Medium SemiWashed 40% | Java Garut Dark Natural 35% | Bengkulu Medium Washed 25%,Medium,"Aroma karamel dan rempah yang khas, blend rustic ini memadukan biji-biji terbaik dari Toraja Sapan dan Java Garut dan Bengkulu. Diproses dengan metode SemiWashed & Washed, menghadirkan profil rasa almond, milk caramel, espresso yang kompleks namun harmonis. Sebuah perpaduan yang dirancang untuk memuaskan selera pecinta kopi sejati.",Round,Toraja Sapan (Medium / SemiWashed): 400g (40%) | Java Garut (Dark / Natural): 350g (35%) | Bengkulu (Medium / Washed): 250g (25%) | total: 1000g,Versatile for Espresso & Filter
S-AUT-013,Autumn,Seasonal Blend,Silk Autumn Blend,Wanoja Kamojang Dark Honey 70% | Solok Radjo Dark Anaerobic 30%,Dark,"Aroma karamel dan rempah yang khas, blend caramelized ini memadukan biji-biji terbaik dari Wanoja Kamojang dan Solok Radjo. Diproses dengan metode Honey & Anaerobic, menghadirkan profil rasa smoke, dark rum, fermented cocoa yang kompleks namun harmonis. Sebuah perpaduan yang dirancang untuk memuaskan selera pecinta kopi sejati.",Full Body,Wanoja Kamojang (Dark / Honey): 700g (70%) | Solok Radjo (Dark / Anaerobic): 300g (30%) | total: 1000g,Best for Batch Brew
S-AUT-014,Autumn,Seasonal Blend,Twilight Autumn Reserve,Papua Wamena Medium Anaerobic 45% | Flores Manggarai Medium Washed 55%,Medium,"Karakter earthy yang menenangkan, blend warm ini memadukan biji-biji terbaik dari Papua Wamena dan Flores Manggarai. Diproses dengan metode Washed & Anaerobic, menghadirkan profil rasa brown sugar, milk chocolate, cacao nib yang kompleks namun harmonis. Sebuah perpaduan yang dirancang untuk memuaskan selera pecinta kopi sejati.",Velvety,Papua Wamena (Medium / Anaerobic): 450g (45%) | Flores Manggarai (Medium / Washed): 550g (55%) | total: 1000g,Cocok untuk French Press & Espresso
S-AUT-015,Autumn,Seasonal Blend,Archipelago Autumn Origin,Arjuno Light Anaerobic 55% | Lintong Onan Medium Honey 45%,Light,"Aroma karamel dan rempah yang khas, blend mellow ini memadukan biji-biji terbaik dari Arjuno dan Lintong Onan. Diproses dengan metode Honey & Anaerobic, menghadirkan profil rasa cola, honey, rum raisin yang kompleks namun harmonis. Sebuah perpaduan yang dirancang untuk memuaskan selera pecinta kopi sejati.",Delicate,Arjuno (Light / Anaerobic): 550g (55%) | Lintong Onan (Medium / Honey): 450g (45%) | total: 1000g,Pour Over Recommended
S-AUT-016,Autumn,Seasonal Blend,Archipelago Autumn Fusion,Solok Radjo Light WetHulled 45% | Lampung Robusta Premium Medium Honey 35% | Dampit Malang Dark Anaerobic 20%,Medium,"Kaya rasa dengan kedalaman yang tak tertandingi, blend golden ini memadukan biji-biji terbaik dari Solok Radjo dan Lampung Robusta Premium dan Dampit Malang. Diproses dengan metode Honey & WetHulled, menghadirkan profil rasa lime, maple syrup, tobacco leaf yang kompleks namun harmonis. Sebuah perpaduan yang dirancang untuk memuaskan selera pecinta kopi sejati.",Velvety,Solok Radjo (Light / WetHulled): 450g (45%) | Lampung Robusta Premium (Medium / Honey): 350g (35%) | Dampit Malang (Dark / Anaerobic): 200g (20%) | total: 1000g,Cocok untuk French Press & Espresso
S-AUT-017,Autumn,Seasonal Blend,Golden Autumn Fusion,Java Ijen Raung Medium Anaerobic 55% | Java Preanger Medium Wine 30% | Lampung Robusta Premium Dark Anaerobic 15%,Medium,"Hangat seperti senja musim gugur, blend rustic ini memadukan biji-biji terbaik dari Java Ijen Raung dan Java Preanger dan Lampung Robusta Premium. Diproses dengan metode Wine & Anaerobic, menghadirkan profil rasa black cherry, fermented fruit, smoke yang kompleks namun harmonis. Sebuah perpaduan yang dirancang untuk memuaskan selera pecinta kopi sejati.",Smooth,Java Ijen Raung (Medium / Anaerobic): 550g (55%) | Java Preanger (Medium / Wine): 300g (30%) | Lampung Robusta Premium (Dark / Anaerobic): 150g (15%) | total: 1000g,Best for Moka Pot
S-AUT-018,Autumn,Seasonal Blend,Heritage Autumn Signature,Temanggung Medium Natural 45% | Bengkulu Light Natural 35% | Lintong Onan Medium WetHulled 20%,Light,"Hangat seperti senja musim gugur, blend warm ini memadukan biji-biji terbaik dari Temanggung dan Bengkulu dan Lintong Onan. Diproses dengan metode WetHulled & Natural, menghadirkan profil rasa tropical fruit, watermelon, woody yang kompleks namun harmonis. Sebuah perpaduan yang dirancang untuk memuaskan selera pecinta kopi sejati.",Clean,Temanggung (Medium / Natural): 450g (45%) | Bengkulu (Light / Natural): 350g (35%) | Lintong Onan (Medium / WetHulled): 200g (20%) | total: 1000g,Ideal for Chemex
S-AUT-019,Autumn,Seasonal Blend,Ritual Autumn Peak,Bengkulu Light Honey 60% | Kerinci Kayu Aro Light SemiWashed 25% | Papua Wamena Medium Anaerobic 15%,Light,"Aroma karamel dan rempah yang khas, blend caramelized ini memadukan biji-biji terbaik dari Bengkulu dan Kerinci Kayu Aro dan Papua Wamena. Diproses dengan metode SemiWashed & Honey, menghadirkan profil rasa tamarind, tropical punch, papaya yang kompleks namun harmonis. Sebuah perpaduan yang dirancang untuk memuaskan selera pecinta kopi sejati.",Delicate,Bengkulu (Light / Honey): 600g (60%) | Kerinci Kayu Aro (Light / SemiWashed): 250g (25%) | Papua Wamena (Medium / Anaerobic): 150g (15%) | total: 1000g,Pour Over Recommended
S-AUT-020,Autumn,Seasonal Blend,Serenity Autumn Story,Bali Ulian Medium Natural 45% | Flores Manggarai Medium WetHulled 35% | Wanoja Kamojang Light SemiWashed 20%,Medium,"Hangat seperti senja musim gugur, blend rustic ini memadukan biji-biji terbaik dari Bali Ulian dan Flores Manggarai dan Wanoja Kamojang. Diproses dengan metode SemiWashed & WetHulled, menghadirkan profil rasa light caramel, spice, earthy yang kompleks namun harmonis. Sebuah perpaduan yang dirancang untuk memuaskan selera pecinta kopi sejati.",Medium Body,Bali Ulian (Medium / Natural): 450g (45%) | Flores Manggarai (Medium / WetHulled): 350g (35%) | Wanoja Kamojang (Light / SemiWashed): 200g (20%) | total: 1000g,Versatile for Espresso & Filter
S-AUT-021,Autumn,Seasonal Blend,Nusantara Autumn Fusion,Temanggung Medium Anaerobic 50% | Dampit Malang Light Anaerobic 25% | Java Puntang Dark Natural 25%,Medium,"Aroma karamel dan rempah yang khas, blend golden ini memadukan biji-biji terbaik dari Temanggung dan Dampit Malang dan Java Puntang. Diproses dengan metode Natural & Anaerobic, menghadirkan profil rasa fermented fruit, tamarind, charcoal yang kompleks namun harmonis. Sebuah perpaduan yang dirancang untuk memuaskan selera pecinta kopi sejati.",Smooth,Temanggung (Medium / Anaerobic): 500g (50%) | Dampit Malang (Light / Anaerobic): 250g (25%) | Java Puntang (Dark / Natural): 250g (25%) | total: 1000g,Cocok untuk French Press & Espresso
S-AUT-022,Autumn,Seasonal Blend,Horizon Autumn Series,Gunung Halu Light Wine 65% | Java Ijen Raung Light SemiWashed 35%,Light,"Karakter earthy yang menenangkan, blend mellow ini memadukan biji-biji terbaik dari Gunung Halu dan Java Ijen Raung. Diproses dengan metode SemiWashed & Wine, menghadirkan profil rasa plum, mandarin, grape must yang kompleks namun harmonis. Sebuah perpaduan yang dirancang untuk memuaskan selera pecinta kopi sejati.",Delicate,Gunung Halu (Light / Wine): 650g (65%) | Java Ijen Raung (Light / SemiWashed): 350g (35%) | total: 1000g,Cocok untuk AeroPress
S-AUT-023,Autumn,Seasonal Blend,Midnight Autumn Story,Bukit Barisan Light SemiWashed 50% | Arjuno Medium Honey 50%,Light,"Hangat seperti senja musim gugur, blend golden ini memadukan biji-biji terbaik dari Bukit Barisan dan Arjuno. Diproses dengan metode SemiWashed & Honey, menghadirkan profil rasa dried apricot, honey, macadamia yang kompleks namun harmonis. Sebuah perpaduan yang dirancang untuk memuaskan selera pecinta kopi sejati.",Tea-like,Bukit Barisan (Light / SemiWashed): 500g (50%) | Arjuno (Medium / Honey): 500g (50%) | total: 1000g,Pour Over Recommended
S-AUT-024,Autumn,Seasonal Blend,Serenity Autumn Journey,Bukit Barisan Dark Wine 55% | Lintong Onan Dark Washed 45%,Dark,"Kaya rasa dengan kedalaman yang tak tertandingi, blend caramelized ini memadukan biji-biji terbaik dari Bukit Barisan dan Lintong Onan. Diproses dengan metode Washed & Wine, menghadirkan profil rasa bitter chocolate, aged wine, tobacco yang kompleks namun harmonis. Sebuah perpaduan yang dirancang untuk memuaskan selera pecinta kopi sejati.",Syrupy,Bukit Barisan (Dark / Wine): 550g (55%) | Lintong Onan (Dark / Washed): 450g (45%) | total: 1000g,Best for Espresso
S-AUT-025,Autumn,Seasonal Blend,Bronze Autumn Story,Bengkulu Medium Anaerobic 55% | Sidikalang Dark WetHulled 30% | Java Ijen Raung Light Wine 15%,Medium,"Karakter earthy yang menenangkan, blend earthy ini memadukan biji-biji terbaik dari Bengkulu dan Sidikalang dan Java Ijen Raung. Diproses dengan metode Wine & WetHulled, menghadirkan profil rasa blackcurrant, clove, bark yang kompleks namun harmonis. Sebuah perpaduan yang dirancang untuk memuaskan selera pecinta kopi sejati.",Medium Body,Bengkulu (Medium / Anaerobic): 550g (55%) | Sidikalang (Dark / WetHulled): 300g (30%) | Java Ijen Raung (Light / Wine): 150g (15%) | total: 1000g,Best for Moka Pot
S-AUT-026,Autumn,Seasonal Blend,Summit Autumn Chapter,Dampit Malang Medium SemiWashed 60% | Flores Bajawa Medium Natural 25% | Toraja Sapan Medium SemiWashed 15%,Medium,"Karakter earthy yang menenangkan, blend earthy ini memadukan biji-biji terbaik dari Dampit Malang dan Flores Bajawa dan Toraja Sapan. Diproses dengan metode SemiWashed & Natural, menghadirkan profil rasa berry jam, apricot jam, prune yang kompleks namun harmonis. Sebuah perpaduan yang dirancang untuk memuaskan selera pecinta kopi sejati.",Medium Body,Dampit Malang (Medium / SemiWashed): 600g (60%) | Flores Bajawa (Medium / Natural): 250g (25%) | Toraja Sapan (Medium / SemiWashed): 150g (15%) | total: 1000g,Versatile for Espresso & Filter
S-AUT-027,Autumn,Seasonal Blend,Bronze Autumn Reserve,Dampit Malang Dark Anaerobic 60% | Gunung Halu Medium Honey 25% | Bengkulu Light WetHulled 15%,Medium,"Karakter earthy yang menenangkan, blend caramelized ini memadukan biji-biji terbaik dari Dampit Malang dan Gunung Halu dan Bengkulu. Diproses dengan metode Honey & WetHulled, menghadirkan profil rasa honey, dark rum, macadamia yang kompleks namun harmonis. Sebuah perpaduan yang dirancang untuk memuaskan selera pecinta kopi sejati.",Velvety,Dampit Malang (Dark / Anaerobic): 600g (60%) | Gunung Halu (Medium / Honey): 250g (25%) | Bengkulu (Light / WetHulled): 150g (15%) | total: 1000g,Cocok untuk French Press & Espresso
S-AUT-028,Autumn,Seasonal Blend,Serenity Autumn Valley,Dampit Malang Dark Anaerobic 50% | Mandheling Light Anaerobic 50%,Medium,"Hangat seperti senja musim gugur, blend warm ini memadukan biji-biji terbaik dari Dampit Malang dan Mandheling. Diproses dengan metode Anaerobic, menghadirkan profil rasa rum raisin, black cherry, cola yang kompleks namun harmonis. Sebuah perpaduan yang dirancang untuk memuaskan selera pecinta kopi sejati.",Smooth,Dampit Malang (Dark / Anaerobic): 500g (50%) | Mandheling (Light / Anaerobic): 500g (50%) | total: 1000g,Best for Moka Pot
S-AUT-029,Autumn,Seasonal Blend,Copper Autumn Reserve,Sembalun Rinjani Dark Wine 45% | Java Preanger Light Washed 55%,Medium,"Aroma karamel dan rempah yang khas, blend warm ini memadukan biji-biji terbaik dari Sembalun Rinjani dan Java Preanger. Diproses dengan metode Washed & Wine, menghadirkan profil rasa aged wine, dark espresso, green tea yang kompleks namun harmonis. Sebuah perpaduan yang dirancang untuk memuaskan selera pecinta kopi sejati.",Round,Sembalun Rinjani (Dark / Wine): 450g (45%) | Java Preanger (Light / Washed): 550g (55%) | total: 1000g,Cocok untuk French Press & Espresso
S-AUT-030,Autumn,Seasonal Blend,Ancient Autumn Craft,Sembalun Rinjani Dark Washed 55% | Gunung Halu Dark Washed 30% | Temanggung Light Natural 15%,Dark,"Kaya rasa dengan kedalaman yang tak tertandingi, blend mellow ini memadukan biji-biji terbaik dari Sembalun Rinjani dan Gunung Halu dan Temanggung. Diproses dengan metode Washed & Natural, menghadirkan profil rasa tropical fruit, bitter chocolate, dark roast yang kompleks namun harmonis. Sebuah perpaduan yang dirancang untuk memuaskan selera pecinta kopi sejati.",Heavy Body,Sembalun Rinjani (Dark / Washed): 550g (55%) | Gunung Halu (Dark / Washed): 300g (30%) | Temanggung (Light / Natural): 150g (15%) | total: 1000g,Best for Batch Brew
S-AUT-031,Autumn,Seasonal Blend,Archipelago Autumn Peak,Arjuno Dark SemiWashed 60% | Flores Manggarai Medium WetHulled 25% | Java Ciwidey Dark WetHulled 15%,Dark,"Hangat seperti senja musim gugur, blend rustic ini memadukan biji-biji terbaik dari Arjuno dan Flores Manggarai dan Java Ciwidey. Diproses dengan metode SemiWashed & WetHulled, menghadirkan profil rasa woody, peat, earthy yang kompleks namun harmonis. Sebuah perpaduan yang dirancang untuk memuaskan selera pecinta kopi sejati.",Full Body,Arjuno (Dark / SemiWashed): 600g (60%) | Flores Manggarai (Medium / WetHulled): 250g (25%) | Java Ciwidey (Dark / WetHulled): 150g (15%) | total: 1000g,Best for Batch Brew
S-AUT-032,Autumn,Seasonal Blend,Highland Autumn Journey,Bali Ulian Light WetHulled 40% | Toraja Sapan Medium SemiWashed 35% | Toraja Sapan Light Washed 25%,Light,"Karakter earthy yang menenangkan, blend rustic ini memadukan biji-biji terbaik dari Bali Ulian dan Toraja Sapan dan Toraja Sapan. Diproses dengan metode SemiWashed & Washed, menghadirkan profil rasa citrus, herb, green pepper yang kompleks namun harmonis. Sebuah perpaduan yang dirancang untuk memuaskan selera pecinta kopi sejati.",Delicate,Bali Ulian (Light / WetHulled): 400g (40%) | Toraja Sapan (Medium / SemiWashed): 350g (35%) | Toraja Sapan (Light / Washed): 250g (25%) | total: 1000g,Pour Over Recommended
S-AUT-033,Autumn,Seasonal Blend,Bronze Autumn Journey,Sembalun Rinjani Medium WetHulled 50% | Flores Manggarai Dark Natural 30% | Toraja Sapan Dark WetHulled 20%,Dark,"Aroma karamel dan rempah yang khas, blend earthy ini memadukan biji-biji terbaik dari Sembalun Rinjani dan Flores Manggarai dan Toraja Sapan. Diproses dengan metode WetHulled & Natural, menghadirkan profil rasa peat, bark, intense earth yang kompleks namun harmonis. Sebuah perpaduan yang dirancang untuk memuaskan selera pecinta kopi sejati.",Bold,Sembalun Rinjani (Medium / WetHulled): 500g (50%) | Flores Manggarai (Dark / Natural): 300g (30%) | Toraja Sapan (Dark / WetHulled): 200g (20%) | total: 1000g,Best for Batch Brew
S-AUT-034,Autumn,Seasonal Blend,Whisper Autumn Peak,Dampit Malang Medium Anaerobic 50% | Bali Ulian Dark Washed 50%,Dark,"Karakter earthy yang menenangkan, blend caramelized ini memadukan biji-biji terbaik dari Dampit Malang dan Bali Ulian. Diproses dengan metode Washed & Anaerobic, menghadirkan profil rasa cacao nib, dark roast, tropical punch yang kompleks namun harmonis. Sebuah perpaduan yang dirancang untuk memuaskan selera pecinta kopi sejati.",Full Body,Dampit Malang (Medium / Anaerobic): 500g (50%) | Bali Ulian (Dark / Washed): 500g (50%) | total: 1000g,Best for Batch Brew
S-AUT-035,Autumn,Seasonal Blend,Summit Autumn Legacy,Wanoja Kamojang Dark SemiWashed 50% | Toraja Sapan Light WetHulled 30% | Java Ciwidey Light Honey 20%,Medium,"Hangat seperti senja musim gugur, blend golden ini memadukan biji-biji terbaik dari Wanoja Kamojang dan Toraja Sapan dan Java Ciwidey. Diproses dengan metode SemiWashed & Honey, menghadirkan profil rasa nectarine, lime, pear yang kompleks namun harmonis. Sebuah perpaduan yang dirancang untuk memuaskan selera pecinta kopi sejati.",Velvety,Wanoja Kamojang (Dark / SemiWashed): 500g (50%) | Toraja Sapan (Light / WetHulled): 300g (30%) | Java Ciwidey (Light / Honey): 200g (20%) | total: 1000g,Best for Moka Pot
S-AUT-036,Autumn,Seasonal Blend,Whisper Autumn Series,Bengkulu Medium Washed 65% | Mandheling Medium Washed 35%,Medium,"Kaya rasa dengan kedalaman yang tak tertandingi, blend rustic ini memadukan biji-biji terbaik dari Bengkulu dan Mandheling. Diproses dengan metode Washed, menghadirkan profil rasa milk chocolate, almond, brown sugar yang kompleks namun harmonis. Sebuah perpaduan yang dirancang untuk memuaskan selera pecinta kopi sejati.",Round,Bengkulu (Medium / Washed): 650g (65%) | Mandheling (Medium / Washed): 350g (35%) | total: 1000g,Best for Moka Pot
S-AUT-037,Autumn,Seasonal Blend,Harvest Autumn Ridge,Java Puntang Medium WetHulled 50% | Temanggung Light WetHulled 30% | Solok Radjo Light Wine 20%,Light,"Karakter earthy yang menenangkan, blend mellow ini memadukan biji-biji terbaik dari Java Puntang dan Temanggung dan Solok Radjo. Diproses dengan metode Wine & WetHulled, menghadirkan profil rasa dark cherry, wine, mushroom yang kompleks namun harmonis. Sebuah perpaduan yang dirancang untuk memuaskan selera pecinta kopi sejati.",Tea-like,Java Puntang (Medium / WetHulled): 500g (50%) | Temanggung (Light / WetHulled): 300g (30%) | Solok Radjo (Light / Wine): 200g (20%) | total: 1000g,Ideal for Chemex
S-AUT-038,Autumn,Seasonal Blend,Ancient Autumn Signature,Aceh Gayo Light Wine 40% | Semeru Dark SemiWashed 35% | Sidikalang Light Washed 25%,Medium,"Hangat seperti senja musim gugur, blend earthy ini memadukan biji-biji terbaik dari Aceh Gayo dan Semeru dan Sidikalang. Diproses dengan metode SemiWashed & Washed, menghadirkan profil rasa bergamot, walnut, dark caramel yang kompleks namun harmonis. Sebuah perpaduan yang dirancang untuk memuaskan selera pecinta kopi sejati.",Medium Body,Aceh Gayo (Light / Wine): 400g (40%) | Semeru (Dark / SemiWashed): 350g (35%) | Sidikalang (Light / Washed): 250g (25%) | total: 1000g,Best for Moka Pot
S-AUT-039,Autumn,Seasonal Blend,Amber Autumn Signature,Toraja Kalosi Dark Honey 45% | Mandheling Dark Washed 35% | Flores Manggarai Dark Anaerobic 20%,Dark,"Karakter earthy yang menenangkan, blend warm ini memadukan biji-biji terbaik dari Toraja Kalosi dan Mandheling dan Flores Manggarai. Diproses dengan metode Washed & Honey, menghadirkan profil rasa fermented cocoa, smoked almond, dark rum yang kompleks namun harmonis. Sebuah perpaduan yang dirancang untuk memuaskan selera pecinta kopi sejati.",Bold,Toraja Kalosi (Dark / Honey): 450g (45%) | Mandheling (Dark / Washed): 350g (35%) | Flores Manggarai (Dark / Anaerobic): 200g (20%) | total: 1000g,Ideal untuk Ristretto
S-AUT-040,Autumn,Seasonal Blend,Whisper Autumn Craft,Lampung Robusta Premium Dark WetHulled 50% | Bukit Barisan Light Honey 30% | Java Ciwidey Medium Washed 20%,Medium,"Aroma karamel dan rempah yang khas, blend caramelized ini memadukan biji-biji terbaik dari Lampung Robusta Premium dan Bukit Barisan dan Java Ciwidey. Diproses dengan metode Washed & Honey, menghadirkan profil rasa milk chocolate, clove, almond yang kompleks namun harmonis. Sebuah perpaduan yang dirancang untuk memuaskan selera pecinta kopi sejati.",Smooth,Lampung Robusta Premium (Dark / WetHulled): 500g (50%) | Bukit Barisan (Light / Honey): 300g (30%) | Java Ciwidey (Medium / Washed): 200g (20%) | total: 1000g,Versatile for Espresso & Filter
S-AUT-041,Autumn,Seasonal Blend,Dawn Autumn Craft,Java Temanggung Light Wine 60% | Temanggung Medium Wine 25% | Dampit Malang Medium WetHulled 15%,Light,"Aroma karamel dan rempah yang khas, blend caramelized ini memadukan biji-biji terbaik dari Java Temanggung dan Temanggung dan Dampit Malang. Diproses dengan metode Wine & WetHulled, menghadirkan profil rasa wine, balsamic, espresso yang kompleks namun harmonis. Sebuah perpaduan yang dirancang untuk memuaskan selera pecinta kopi sejati.",Delicate,Java Temanggung (Light / Wine): 600g (60%) | Temanggung (Medium / Wine): 250g (25%) | Dampit Malang (Medium / WetHulled): 150g (15%) | total: 1000g,Ideal for Chemex
S-AUT-042,Autumn,Seasonal Blend,Mystic Autumn Valley,Bukit Barisan Dark SemiWashed 40% | Mandheling Light SemiWashed 60%,Medium,"Hangat seperti senja musim gugur, blend golden ini memadukan biji-biji terbaik dari Bukit Barisan dan Mandheling. Diproses dengan metode SemiWashed, menghadirkan profil rasa roasted grain, walnut, oolong tea yang kompleks namun harmonis. Sebuah perpaduan yang dirancang untuk memuaskan selera pecinta kopi sejati.",Balanced,Bukit Barisan (Dark / SemiWashed): 400g (40%) | Mandheling (Light / SemiWashed): 600g (60%) | total: 1000g,Best for Moka Pot
S-AUT-043,Autumn,Seasonal Blend,Heritage Autumn Legacy,Java Ijen Raung Light SemiWashed 50% | Java Temanggung Dark SemiWashed 50%,Medium,"Karakter earthy yang menenangkan, blend earthy ini memadukan biji-biji terbaik dari Java Ijen Raung dan Java Temanggung. Diproses dengan metode SemiWashed, menghadirkan profil rasa roasted grain, dark caramel, walnut yang kompleks namun harmonis. Sebuah perpaduan yang dirancang untuk memuaskan selera pecinta kopi sejati.",Round,Java Ijen Raung (Light / SemiWashed): 500g (50%) | Java Temanggung (Dark / SemiWashed): 500g (50%) | total: 1000g,Versatile for Espresso & Filter
S-AUT-044,Autumn,Seasonal Blend,Volcano Autumn Reserve,Temanggung Light WetHulled 70% | Flores Manggarai Light Wine 30%,Light,"Hangat seperti senja musim gugur, blend rustic ini memadukan biji-biji terbaik dari Temanggung dan Flores Manggarai. Diproses dengan metode Wine & WetHulled, menghadirkan profil rasa dark cherry, grape must, blackcurrant yang kompleks namun harmonis. Sebuah perpaduan yang dirancang untuk memuaskan selera pecinta kopi sejati.",Silky,Temanggung (Light / WetHulled): 700g (70%) | Flores Manggarai (Light / Wine): 300g (30%) | total: 1000g,Cocok untuk AeroPress
S-AUT-045,Autumn,Seasonal Blend,Volcano Autumn Select,Java Ijen Raung Medium SemiWashed 45% | Temanggung Medium SemiWashed 55%,Medium,"Hangat seperti senja musim gugur, blend golden ini memadukan biji-biji terbaik dari Java Ijen Raung dan Temanggung. Diproses dengan metode SemiWashed, menghadirkan profil rasa roasted nut, milk caramel, vanilla yang kompleks namun harmonis. Sebuah perpaduan yang dirancang untuk memuaskan selera pecinta kopi sejati.",Balanced,Java Ijen Raung (Medium / SemiWashed): 450g (45%) | Temanggung (Medium / SemiWashed): 550g (55%) | total: 1000g,Cocok untuk French Press & Espresso
S-AUT-046,Autumn,Seasonal Blend,Dawn Autumn Series,Flores Bajawa Light WetHulled 70% | Bengkulu Dark Wine 30%,Light,"Kaya rasa dengan kedalaman yang tak tertandingi, blend mellow ini memadukan biji-biji terbaik dari Flores Bajawa dan Bengkulu. Diproses dengan metode Wine & WetHulled, menghadirkan profil rasa tobacco leaf, tobacco, smoked plum yang kompleks namun harmonis. Sebuah perpaduan yang dirancang untuk memuaskan selera pecinta kopi sejati.",Light Body,Flores Bajawa (Light / WetHulled): 700g (70%) | Bengkulu (Dark / Wine): 300g (30%) | total: 1000g,Cocok untuk AeroPress
S-AUT-047,Autumn,Seasonal Blend,Volcano Autumn Journey,Java Ijen Raung Medium Washed 40% | Arjuno Medium Honey 35% | Java Temanggung Medium Washed 25%,Medium,"Karakter earthy yang menenangkan, blend caramelized ini memadukan biji-biji terbaik dari Java Ijen Raung dan Arjuno dan Java Temanggung. Diproses dengan metode Washed & Honey, menghadirkan profil rasa hazelnut, honey, maple syrup yang kompleks namun harmonis. Sebuah perpaduan yang dirancang untuk memuaskan selera pecinta kopi sejati.",Balanced,Java Ijen Raung (Medium / Washed): 400g (40%) | Arjuno (Medium / Honey): 350g (35%) | Java Temanggung (Medium / Washed): 250g (25%) | total: 1000g,Best for Moka Pot
S-AUT-048,Autumn,Seasonal Blend,Copper Autumn Blend,Papua Dogiyai Dark Honey 55% | Bengkulu Dark WetHulled 45%,Dark,"Hangat seperti senja musim gugur, blend warm ini memadukan biji-biji terbaik dari Papua Dogiyai dan Bengkulu. Diproses dengan metode Honey & WetHulled, menghadirkan profil rasa toffee, intense earth, clove yang kompleks namun harmonis. Sebuah perpaduan yang dirancang untuk memuaskan selera pecinta kopi sejati.",Syrupy,Papua Dogiyai (Dark / Honey): 550g (55%) | Bengkulu (Dark / WetHulled): 450g (45%) | total: 1000g,Ideal untuk Ristretto
S-AUT-049,Autumn,Seasonal Blend,Ancient Autumn Estate,Java Sindoro Light Washed 40% | Dampit Malang Dark WetHulled 60%,Medium,"Hangat seperti senja musim gugur, blend caramelized ini memadukan biji-biji terbaik dari Java Sindoro dan Dampit Malang. Diproses dengan metode Washed & WetHulled, menghadirkan profil rasa intense earth, dark tobacco, bergamot yang kompleks namun harmonis. Sebuah perpaduan yang dirancang untuk memuaskan selera pecinta kopi sejati.",Medium Body,Java Sindoro (Light / Washed): 400g (40%) | Dampit Malang (Dark / WetHulled): 600g (60%) | total: 1000g,Versatile for Espresso & Filter
S-AUT-050,Autumn,Seasonal Blend,Serenity Autumn Series,Bukit Barisan Light Anaerobic 50% | Sidikalang Light Washed 50%,Light,"Aroma karamel dan rempah yang khas, blend golden ini memadukan biji-biji terbaik dari Bukit Barisan dan Sidikalang. Diproses dengan metode Washed & Anaerobic, menghadirkan profil rasa passion fruit, cola, citrus yang kompleks namun harmonis. Sebuah perpaduan yang dirancang untuk memuaskan selera pecinta kopi sejati.",Clean,Bukit Barisan (Light / Anaerobic): 500g (50%) | Sidikalang (Light / Washed): 500g (50%) | total: 1000g,Pour Over Recommended
S-AUT-051,Autumn,Seasonal Blend,Nusantara Autumn Crest,Bukit Barisan Medium SemiWashed 60% | Temanggung Dark SemiWashed 25% | Java Puntang Medium Washed 15%,Medium,"Aroma karamel dan rempah yang khas, blend earthy ini memadukan biji-biji terbaik dari Bukit Barisan dan Temanggung dan Java Puntang. Diproses dengan metode SemiWashed & Washed, menghadirkan profil rasa roasted nut, caramel, intense spice yang kompleks namun harmonis. Sebuah perpaduan yang dirancang untuk memuaskan selera pecinta kopi sejati.",Medium Body,Bukit Barisan (Medium / SemiWashed): 600g (60%) | Temanggung (Dark / SemiWashed): 250g (25%) | Java Puntang (Medium / Washed): 150g (15%) | total: 1000g,Best for Moka Pot
S-AUT-052,Autumn,Seasonal Blend,Silk Autumn Edition,Flores Bajawa Medium Honey 45% | Java Sindoro Medium Honey 55%,Medium,"Karakter earthy yang menenangkan, blend earthy ini memadukan biji-biji terbaik dari Flores Bajawa dan Java Sindoro. Diproses dengan metode Honey, menghadirkan profil rasa macadamia, honey, dried apricot yang kompleks namun harmonis. Sebuah perpaduan yang dirancang untuk memuaskan selera pecinta kopi sejati.",Smooth,Flores Bajawa (Medium / Honey): 450g (45%) | Java Sindoro (Medium / Honey): 550g (55%) | total: 1000g,Best for Moka Pot
S-AUT-053,Autumn,Seasonal Blend,Harvest Autumn Valley,Kerinci Kayu Aro Medium Washed 60% | Solok Radjo Medium Anaerobic 25% | Lintong Onan Light Washed 15%,Medium,"Kaya rasa dengan kedalaman yang tak tertandingi, blend rustic ini memadukan biji-biji terbaik dari Kerinci Kayu Aro dan Solok Radjo dan Lintong Onan. Diproses dengan metode Washed & Anaerobic, menghadirkan profil rasa cacao nib, lemon zest, citrus yang kompleks namun harmonis. Sebuah perpaduan yang dirancang untuk memuaskan selera pecinta kopi sejati.",Medium Body,Kerinci Kayu Aro (Medium / Washed): 600g (60%) | Solok Radjo (Medium / Anaerobic): 250g (25%) | Lintong Onan (Light / Washed): 150g (15%) | total: 1000g,Cocok untuk French Press & Espresso
S-AUT-054,Autumn,Seasonal Blend,Sacred Autumn Fusion,Semeru Light Wine 50% | Bali Kintamani Dark WetHulled 30% | Papua Wamena Dark Natural 20%,Medium,"Aroma karamel dan rempah yang khas, blend caramelized ini memadukan biji-biji terbaik dari Semeru dan Bali Kintamani dan Papua Wamena. Diproses dengan metode Wine & WetHulled, menghadirkan profil rasa blackcurrant, dark tobacco, intense earth yang kompleks namun harmonis. Sebuah perpaduan yang dirancang untuk memuaskan selera pecinta kopi sejati.",Velvety,Semeru (Light / Wine): 500g (50%) | Bali Kintamani (Dark / WetHulled): 300g (30%) | Papua Wamena (Dark / Natural): 200g (20%) | total: 1000g,Versatile for Espresso & Filter
S-AUT-055,Autumn,Seasonal Blend,Volcano Autumn Estate,Semeru Medium Wine 60% | Java Garut Medium Wine 40%,Medium,"Karakter earthy yang menenangkan, blend mellow ini memadukan biji-biji terbaik dari Semeru dan Java Garut. Diproses dengan metode Wine, menghadirkan profil rasa balsamic, roasted grape, espresso yang kompleks namun harmonis. Sebuah perpaduan yang dirancang untuk memuaskan selera pecinta kopi sejati.",Medium Body,Semeru (Medium / Wine): 600g (60%) | Java Garut (Medium / Wine): 400g (40%) | total: 1000g,Versatile for Espresso & Filter
S-AUT-056,Autumn,Seasonal Blend,Primal Autumn Reserve,Java Garut Light Wine 55% | Papua Dogiyai Medium Washed 30% | Sembalun Rinjani Medium WetHulled 15%,Light,"Aroma karamel dan rempah yang khas, blend golden ini memadukan biji-biji terbaik dari Java Garut dan Papua Dogiyai dan Sembalun Rinjani. Diproses dengan metode Washed & Wine, menghadirkan profil rasa wine, brown sugar, milk chocolate yang kompleks namun harmonis. Sebuah perpaduan yang dirancang untuk memuaskan selera pecinta kopi sejati.",Light Body,Java Garut (Light / Wine): 550g (55%) | Papua Dogiyai (Medium / Washed): 300g (30%) | Sembalun Rinjani (Medium / WetHulled): 150g (15%) | total: 1000g,Pour Over Recommended
S-AUT-057,Autumn,Seasonal Blend,Ancient Autumn Collection,Java Ijen Raung Dark Honey 55% | Java Preanger Light Natural 30% | Bengkulu Light Anaerobic 15%,Medium,"Hangat seperti senja musim gugur, blend golden ini memadukan biji-biji terbaik dari Java Ijen Raung dan Java Preanger dan Bengkulu. Diproses dengan metode Honey & Natural, menghadirkan profil rasa cola, blueberry, passion fruit yang kompleks namun harmonis. Sebuah perpaduan yang dirancang untuk memuaskan selera pecinta kopi sejati.",Smooth,Java Ijen Raung (Dark / Honey): 550g (55%) | Java Preanger (Light / Natural): 300g (30%) | Bengkulu (Light / Anaerobic): 150g (15%) | total: 1000g,Best for Moka Pot
S-AUT-058,Autumn,Seasonal Blend,Heritage Autumn Spring,Arjuno Light Wine 60% | Wanoja Kamojang Dark Washed 25% | Java Puntang Medium Natural 15%,Light,"Kaya rasa dengan kedalaman yang tak tertandingi, blend rustic ini memadukan biji-biji terbaik dari Arjuno dan Wanoja Kamojang dan Java Puntang. Diproses dengan metode Washed & Wine, menghadirkan profil rasa prune, dark cherry, berry jam yang kompleks namun harmonis. Sebuah perpaduan yang dirancang untuk memuaskan selera pecinta kopi sejati.",Delicate,Arjuno (Light / Wine): 600g (60%) | Wanoja Kamojang (Dark / Washed): 250g (25%) | Java Puntang (Medium / Natural): 150g (15%) | total: 1000g,Cocok untuk AeroPress
S-AUT-059,Autumn,Seasonal Blend,Bronze Autumn Ridge,Semeru Dark Washed 40% | Java Puntang Light WetHulled 35% | Arjuno Light Anaerobic 25%,Medium,"Karakter earthy yang menenangkan, blend earthy ini memadukan biji-biji terbaik dari Semeru dan Java Puntang dan Arjuno. Diproses dengan metode Washed & WetHulled, menghadirkan profil rasa passion fruit, smoky caramel, molasses yang kompleks namun harmonis. Sebuah perpaduan yang dirancang untuk memuaskan selera pecinta kopi sejati.",Smooth,Semeru (Dark / Washed): 400g (40%) | Java Puntang (Light / WetHulled): 350g (35%) | Arjuno (Light / Anaerobic): 250g (25%) | total: 1000g,Versatile for Espresso & Filter
S-AUT-060,Autumn,Seasonal Blend,Ancient Autumn Blend,Flores Bajawa Light Washed 45% | Java Ciwidey Medium Washed 55%,Light,"Kaya rasa dengan kedalaman yang tak tertandingi, blend golden ini memadukan biji-biji terbaik dari Flores Bajawa dan Java Ciwidey. Diproses dengan metode Washed, menghadirkan profil rasa hazelnut, citrus, caramel yang kompleks namun harmonis. Sebuah perpaduan yang dirancang untuk memuaskan selera pecinta kopi sejati.",Silky,Flores Bajawa (Light / Washed): 450g (45%) | Java Ciwidey (Medium / Washed): 550g (55%) | total: 1000g,Pour Over Recommended
S-AUT-061,Autumn,Seasonal Blend,Mystic Autumn Select,Java Garut Medium Wine 50% | Bengkulu Light Honey 30% | Kerinci Kayu Aro Light Natural 20%,Light,"Karakter earthy yang menenangkan, blend earthy ini memadukan biji-biji terbaik dari Java Garut dan Bengkulu dan Kerinci Kayu Aro. Diproses dengan metode Wine & Natural, menghadirkan profil rasa roasted grape, floral, watermelon yang kompleks namun harmonis. Sebuah perpaduan yang dirancang untuk memuaskan selera pecinta kopi sejati.",Tea-like,Java Garut (Medium / Wine): 500g (50%) | Bengkulu (Light / Honey): 300g (30%) | Kerinci Kayu Aro (Light / Natural): 200g (20%) | total: 1000g,Cocok untuk AeroPress
S-AUT-062,Autumn,Seasonal Blend,Serenity Autumn Reserve,Sembalun Rinjani Light Anaerobic 55% | Java Sindoro Medium WetHulled 45%,Light,"Karakter earthy yang menenangkan, blend mellow ini memadukan biji-biji terbaik dari Sembalun Rinjani dan Java Sindoro. Diproses dengan metode WetHulled & Anaerobic, menghadirkan profil rasa earthy, woody, spice yang kompleks namun harmonis. Sebuah perpaduan yang dirancang untuk memuaskan selera pecinta kopi sejati.",Light Body,Sembalun Rinjani (Light / Anaerobic): 550g (55%) | Java Sindoro (Medium / WetHulled): 450g (45%) | total: 1000g,Cocok untuk AeroPress
S-AUT-063,Autumn,Seasonal Blend,Amber Autumn Fusion,Java Preanger Dark Wine 50% | Papua Dogiyai Dark Natural 30% | Java Puntang Dark Washed 20%,Dark,"Kaya rasa dengan kedalaman yang tak tertandingi, blend warm ini memadukan biji-biji terbaik dari Java Preanger dan Papua Dogiyai dan Java Puntang. Diproses dengan metode Washed & Wine, menghadirkan profil rasa licorice, molasses, espresso yang kompleks namun harmonis. Sebuah perpaduan yang dirancang untuk memuaskan selera pecinta kopi sejati.",Thick,Java Preanger (Dark / Wine): 500g (50%) | Papua Dogiyai (Dark / Natural): 300g (30%) | Java Puntang (Dark / Washed): 200g (20%) | total: 1000g,Cocok untuk Cold Brew
S-AUT-064,Autumn,Seasonal Blend,Equator Autumn Peak,Java Garut Medium Honey 50% | Bengkulu Light SemiWashed 25% | Java Preanger Light Wine 25%,Light,"Kaya rasa dengan kedalaman yang tak tertandingi, blend golden ini memadukan biji-biji terbaik dari Java Garut dan Bengkulu dan Java Preanger. Diproses dengan metode SemiWashed & Honey, menghadirkan profil rasa honey, grape must, dark cherry yang kompleks namun harmonis. Sebuah perpaduan yang dirancang untuk memuaskan selera pecinta kopi sejati.",Clean,Java Garut (Medium / Honey): 500g (50%) | Bengkulu (Light / SemiWashed): 250g (25%) | Java Preanger (Light / Wine): 250g (25%) | total: 1000g,Ideal for Chemex
S-AUT-065,Autumn,Seasonal Blend,Dawn Autumn Story,Flores Bajawa Light Natural 45% | Flores Manggarai Medium SemiWashed 55%,Light,"Kaya rasa dengan kedalaman yang tak tertandingi, blend earthy ini memadukan biji-biji terbaik dari Flores Bajawa dan Flores Manggarai. Diproses dengan metode SemiWashed & Natural, menghadirkan profil rasa blueberry, hibiscus, strawberry yang kompleks namun harmonis. Sebuah perpaduan yang dirancang untuk memuaskan selera pecinta kopi sejati.",Delicate,Flores Bajawa (Light / Natural): 450g (45%) | Flores Manggarai (Medium / SemiWashed): 550g (55%) | total: 1000g,Best for V60
S-AUT-066,Autumn,Seasonal Blend,Sunrise Autumn Fusion,Java Temanggung Light Natural 60% | Flores Manggarai Medium Washed 25% | Toraja Sapan Medium Natural 15%,Light,"Kaya rasa dengan kedalaman yang tak tertandingi, blend golden ini memadukan biji-biji terbaik dari Java Temanggung dan Flores Manggarai dan Toraja Sapan. Diproses dengan metode Washed & Natural, menghadirkan profil rasa berry jam, strawberry, blueberry yang kompleks namun harmonis. Sebuah perpaduan yang dirancang untuk memuaskan selera pecinta kopi sejati.",Light Body,Java Temanggung (Light / Natural): 600g (60%) | Flores Manggarai (Medium / Washed): 250g (25%) | Toraja Sapan (Medium / Natural): 150g (15%) | total: 1000g,Pour Over Recommended
S-AUT-067,Autumn,Seasonal Blend,Elysian Autumn Crest,Toraja Sapan Dark Honey 55% | Sidikalang Medium SemiWashed 30% | Java Garut Medium SemiWashed 15%,Dark,"Aroma karamel dan rempah yang khas, blend golden ini memadukan biji-biji terbaik dari Toraja Sapan dan Sidikalang dan Java Garut. Diproses dengan metode SemiWashed & Honey, menghadirkan profil rasa milk caramel, roasted nut, burnt caramel yang kompleks namun harmonis. Sebuah perpaduan yang dirancang untuk memuaskan selera pecinta kopi sejati.",Syrupy,Toraja Sapan (Dark / Honey): 550g (55%) | Sidikalang (Medium / SemiWashed): 300g (30%) | Java Garut (Medium / SemiWashed): 150g (15%) | total: 1000g,Best for Batch Brew
S-AUT-068,Autumn,Seasonal Blend,Archipelago Autumn Edition,Bengkulu Dark SemiWashed 50% | Java Puntang Medium Washed 50%,Dark,"Hangat seperti senja musim gugur, blend golden ini memadukan biji-biji terbaik dari Bengkulu dan Java Puntang. Diproses dengan metode SemiWashed & Washed, menghadirkan profil rasa hazelnut, walnut, milk chocolate yang kompleks namun harmonis. Sebuah perpaduan yang dirancang untuk memuaskan selera pecinta kopi sejati.",Syrupy,Bengkulu (Dark / SemiWashed): 500g (50%) | Java Puntang (Medium / Washed): 500g (50%) | total: 1000g,Best for Espresso
S-AUT-069,Autumn,Seasonal Blend,Copper Autumn Select,Flores Bajawa Dark Washed 40% | Gunung Halu Medium Honey 60%,Medium,"Kaya rasa dengan kedalaman yang tak tertandingi, blend rustic ini memadukan biji-biji terbaik dari Flores Bajawa dan Gunung Halu. Diproses dengan metode Washed & Honey, menghadirkan profil rasa honey, dried apricot, smoky caramel yang kompleks namun harmonis. Sebuah perpaduan yang dirancang untuk memuaskan selera pecinta kopi sejati.",Balanced,Flores Bajawa (Dark / Washed): 400g (40%) | Gunung Halu (Medium / Honey): 600g (60%) | total: 1000g,Cocok untuk French Press & Espresso
S-AUT-070,Autumn,Seasonal Blend,Heritage Autumn Peak,Gunung Halu Dark Honey 40% | Bengkulu Light Washed 60%,Medium,"Kaya rasa dengan kedalaman yang tak tertandingi, blend caramelized ini memadukan biji-biji terbaik dari Gunung Halu dan Bengkulu. Diproses dengan metode Washed & Honey, menghadirkan profil rasa burnt caramel, bergamot, lemon zest yang kompleks namun harmonis. Sebuah perpaduan yang dirancang untuk memuaskan selera pecinta kopi sejati.",Medium Body,Gunung Halu (Dark / Honey): 400g (40%) | Bengkulu (Light / Washed): 600g (60%) | total: 1000g,Cocok untuk French Press & Espresso
S-AUT-071,Autumn,Seasonal Blend,Heritage Autumn Estate,Sidikalang Medium Natural 55% | Flores Bajawa Light WetHulled 45%,Light,"Kaya rasa dengan kedalaman yang tak tertandingi, blend warm ini memadukan biji-biji terbaik dari Sidikalang dan Flores Bajawa. Diproses dengan metode WetHulled & Natural, menghadirkan profil rasa prune, berry jam, herb yang kompleks namun harmonis. Sebuah perpaduan yang dirancang untuk memuaskan selera pecinta kopi sejati.",Clean,Sidikalang (Medium / Natural): 550g (55%) | Flores Bajawa (Light / WetHulled): 450g (45%) | total: 1000g,Cocok untuk AeroPress
S-AUT-072,Autumn,Seasonal Blend,Ember Autumn Edition,Dampit Malang Medium Natural 50% | Bali Ulian Dark Natural 30% | Bukit Barisan Light Washed 20%,Medium,"Karakter earthy yang menenangkan, blend earthy ini memadukan biji-biji terbaik dari Dampit Malang dan Bali Ulian dan Bukit Barisan. Diproses dengan metode Washed & Natural, menghadirkan profil rasa dark chocolate, prune, jasmine yang kompleks namun harmonis. Sebuah perpaduan yang dirancang untuk memuaskan selera pecinta kopi sejati.",Balanced,Dampit Malang (Medium / Natural): 500g (50%) | Bali Ulian (Dark / Natural): 300g (30%) | Bukit Barisan (Light / Washed): 200g (20%) | total: 1000g,Versatile for Espresso & Filter
S-AUT-073,Autumn,Seasonal Blend,Archipelago Autumn Signature,Bengkulu Medium Wine 45% | Java Puntang Light Honey 35% | Aceh Gayo Light Anaerobic 20%,Light,"Hangat seperti senja musim gugur, blend rustic ini memadukan biji-biji terbaik dari Bengkulu dan Java Puntang dan Aceh Gayo. Diproses dengan metode Wine & Honey, menghadirkan profil rasa dark plum, white grape, port wine yang kompleks namun harmonis. Sebuah perpaduan yang dirancang untuk memuaskan selera pecinta kopi sejati.",Tea-like,Bengkulu (Medium / Wine): 450g (45%) | Java Puntang (Light / Honey): 350g (35%) | Aceh Gayo (Light / Anaerobic): 200g (20%) | total: 1000g,Best for V60
S-AUT-074,Autumn,Seasonal Blend,Ember Autumn Blend,Gunung Halu Light WetHulled 55% | Temanggung Dark WetHulled 30% | Papua Dogiyai Light Natural 15%,Light,"Hangat seperti senja musim gugur, blend mellow ini memadukan biji-biji terbaik dari Gunung Halu dan Temanggung dan Papua Dogiyai. Diproses dengan metode WetHulled & Natural, menghadirkan profil rasa clove, hibiscus, peat yang kompleks namun harmonis. Sebuah perpaduan yang dirancang untuk memuaskan selera pecinta kopi sejati.",Clean,Gunung Halu (Light / WetHulled): 550g (55%) | Temanggung (Dark / WetHulled): 300g (30%) | Papua Dogiyai (Light / Natural): 150g (15%) | total: 1000g,Cocok untuk AeroPress
S-AUT-075,Autumn,Seasonal Blend,Golden Autumn Crest,Bali Kintamani Dark Anaerobic 45% | Aceh Gayo Dark Anaerobic 55%,Dark,"Kaya rasa dengan kedalaman yang tak tertandingi, blend golden ini memadukan biji-biji terbaik dari Bali Kintamani dan Aceh Gayo. Diproses dengan metode Anaerobic, menghadirkan profil rasa black cherry, dark rum, smoke yang kompleks namun harmonis. Sebuah perpaduan yang dirancang untuk memuaskan selera pecinta kopi sejati.",Bold,Bali Kintamani (Dark / Anaerobic): 450g (45%) | Aceh Gayo (Dark / Anaerobic): 550g (55%) | total: 1000g,Ideal untuk Ristretto
S-AUT-076,Autumn,Seasonal Blend,Celestial Autumn Select,Java Temanggung Medium SemiWashed 65% | Lampung Robusta Premium Medium SemiWashed 35%,Medium,"Karakter earthy yang menenangkan, blend mellow ini memadukan biji-biji terbaik dari Java Temanggung dan Lampung Robusta Premium. Diproses dengan metode SemiWashed, menghadirkan profil rasa apricot jam, roasted nut, milk caramel yang kompleks namun harmonis. Sebuah perpaduan yang dirancang untuk memuaskan selera pecinta kopi sejati.",Medium Body,Java Temanggung (Medium / SemiWashed): 650g (65%) | Lampung Robusta Premium (Medium / SemiWashed): 350g (35%) | total: 1000g,Cocok untuk French Press & Espresso
S-AUT-077,Autumn,Seasonal Blend,Bronze Autumn Collection,Bengkulu Medium Natural 60% | Solok Radjo Medium WetHulled 25% | Java Preanger Dark SemiWashed 15%,Medium,"Hangat seperti senja musim gugur, blend mellow ini memadukan biji-biji terbaik dari Bengkulu dan Solok Radjo dan Java Preanger. Diproses dengan metode SemiWashed & WetHulled, menghadirkan profil rasa mushroom, berry jam, roasted grain yang kompleks namun harmonis. Sebuah perpaduan yang dirancang untuk memuaskan selera pecinta kopi sejati.",Round,Bengkulu (Medium / Natural): 600g (60%) | Solok Radjo (Medium / WetHulled): 250g (25%) | Java Preanger (Dark / SemiWashed): 150g (15%) | total: 1000g,Cocok untuk French Press & Espresso
S-AUT-078,Autumn,Seasonal Blend,Equator Autumn Signature,Bali Kintamani Medium WetHulled 45% | Java Preanger Medium Natural 55%,Medium,"Hangat seperti senja musim gugur, blend golden ini memadukan biji-biji terbaik dari Bali Kintamani dan Java Preanger. Diproses dengan metode WetHulled & Natural, menghadirkan profil rasa dark chocolate, woody, berry jam yang kompleks namun harmonis. Sebuah perpaduan yang dirancang untuk memuaskan selera pecinta kopi sejati.",Balanced,Bali Kintamani (Medium / WetHulled): 450g (45%) | Java Preanger (Medium / Natural): 550g (55%) | total: 1000g,Cocok untuk French Press & Espresso
S-AUT-079,Autumn,Seasonal Blend,Dawn Autumn Valley,Kerinci Kayu Aro Medium WetHulled 60% | Bukit Barisan Light Natural 40%,Light,"Karakter earthy yang menenangkan, blend warm ini memadukan biji-biji terbaik dari Kerinci Kayu Aro dan Bukit Barisan. Diproses dengan metode WetHulled & Natural, menghadirkan profil rasa hibiscus, strawberry, mushroom yang kompleks namun harmonis. Sebuah perpaduan yang dirancang untuk memuaskan selera pecinta kopi sejati.",Tea-like,Kerinci Kayu Aro (Medium / WetHulled): 600g (60%) | Bukit Barisan (Light / Natural): 400g (40%) | total: 1000g,Ideal for Chemex
S-AUT-080,Autumn,Seasonal Blend,Sunrise Autumn Valley,Wanoja Kamojang Light Honey 45% | Mandheling Medium Washed 55%,Light,"Hangat seperti senja musim gugur, blend warm ini memadukan biji-biji terbaik dari Wanoja Kamojang dan Mandheling. Diproses dengan metode Washed & Honey, menghadirkan profil rasa almond, milk chocolate, white grape yang kompleks namun harmonis. Sebuah perpaduan yang dirancang untuk memuaskan selera pecinta kopi sejati.",Light Body,Wanoja Kamojang (Light / Honey): 450g (45%) | Mandheling (Medium / Washed): 550g (55%) | total: 1000g,Pour Over Recommended
S-AUT-081,Autumn,Seasonal Blend,Midnight Autumn Fusion,Temanggung Dark SemiWashed 45% | Java Temanggung Light Honey 35% | Flores Bajawa Medium Washed 20%,Medium,"Kaya rasa dengan kedalaman yang tak tertandingi, blend rustic ini memadukan biji-biji terbaik dari Temanggung dan Java Temanggung dan Flores Bajawa. Diproses dengan metode SemiWashed & Washed, menghadirkan profil rasa walnut, dark caramel, almond yang kompleks namun harmonis. Sebuah perpaduan yang dirancang untuk memuaskan selera pecinta kopi sejati.",Smooth,Temanggung (Dark / SemiWashed): 450g (45%) | Java Temanggung (Light / Honey): 350g (35%) | Flores Bajawa (Medium / Washed): 200g (20%) | total: 1000g,Best for Moka Pot
S-AUT-082,Autumn,Seasonal Blend,Primal Autumn Select,Bali Kintamani Dark Honey 50% | Flores Bajawa Dark Natural 25% | Bali Kintamani Medium WetHulled 25%,Dark,"Hangat seperti senja musim gugur, blend warm ini memadukan biji-biji terbaik dari Bali Kintamani dan Flores Bajawa dan Bali Kintamani. Diproses dengan metode Honey & WetHulled, menghadirkan profil rasa smoked almond, earthy, charcoal yang kompleks namun harmonis. Sebuah perpaduan yang dirancang untuk memuaskan selera pecinta kopi sejati.",Syrupy,Bali Kintamani (Dark / Honey): 500g (50%) | Flores Bajawa (Dark / Natural): 250g (25%) | Bali Kintamani (Medium / WetHulled): 250g (25%) | total: 1000g,Ideal untuk Ristretto
S-AUT-083,Autumn,Seasonal Blend,Serenity Autumn Collection,Lintong Onan Light WetHulled 45% | Sidikalang Dark WetHulled 35% | Bali Ulian Medium SemiWashed 20%,Medium,"Karakter earthy yang menenangkan, blend golden ini memadukan biji-biji terbaik dari Lintong Onan dan Sidikalang dan Bali Ulian. Diproses dengan metode SemiWashed & WetHulled, menghadirkan profil rasa bark, vanilla, apricot jam yang kompleks namun harmonis. Sebuah perpaduan yang dirancang untuk memuaskan selera pecinta kopi sejati.",Medium Body,Lintong Onan (Light / WetHulled): 450g (45%) | Sidikalang (Dark / WetHulled): 350g (35%) | Bali Ulian (Medium / SemiWashed): 200g (20%) | total: 1000g,Versatile for Espresso & Filter
S-AUT-084,Autumn,Seasonal Blend,Velvet Autumn Journey,Java Temanggung Dark Anaerobic 55% | Papua Wamena Medium WetHulled 30% | Bali Kintamani Dark Honey 15%,Dark,"Kaya rasa dengan kedalaman yang tak tertandingi, blend caramelized ini memadukan biji-biji terbaik dari Java Temanggung dan Papua Wamena dan Bali Kintamani. Diproses dengan metode Honey & WetHulled, menghadirkan profil rasa spice, smoke, mushroom yang kompleks namun harmonis. Sebuah perpaduan yang dirancang untuk memuaskan selera pecinta kopi sejati.",Syrupy,Java Temanggung (Dark / Anaerobic): 550g (55%) | Papua Wamena (Medium / WetHulled): 300g (30%) | Bali Kintamani (Dark / Honey): 150g (15%) | total: 1000g,Best for Espresso
S-AUT-085,Autumn,Seasonal Blend,Nusantara Autumn Ridge,Dampit Malang Medium SemiWashed 45% | Kerinci Kayu Aro Medium Anaerobic 55%,Medium,"Kaya rasa dengan kedalaman yang tak tertandingi, blend warm ini memadukan biji-biji terbaik dari Dampit Malang dan Kerinci Kayu Aro. Diproses dengan metode SemiWashed & Anaerobic, menghadirkan profil rasa roasted nut, apricot jam, cacao nib yang kompleks namun harmonis. Sebuah perpaduan yang dirancang untuk memuaskan selera pecinta kopi sejati.",Velvety,Dampit Malang (Medium / SemiWashed): 450g (45%) | Kerinci Kayu Aro (Medium / Anaerobic): 550g (55%) | total: 1000g,Versatile for Espresso & Filter
S-AUT-086,Autumn,Seasonal Blend,Twilight Autumn Story,Java Ciwidey Light SemiWashed 50% | Java Garut Medium SemiWashed 25% | Bukit Barisan Dark Washed 25%,Medium,"Aroma karamel dan rempah yang khas, blend mellow ini memadukan biji-biji terbaik dari Java Ciwidey dan Java Garut dan Bukit Barisan. Diproses dengan metode SemiWashed & Washed, menghadirkan profil rasa light caramel, smoky caramel, dark roast yang kompleks namun harmonis. Sebuah perpaduan yang dirancang untuk memuaskan selera pecinta kopi sejati.",Medium Body,Java Ciwidey (Light / SemiWashed): 500g (50%) | Java Garut (Medium / SemiWashed): 250g (25%) | Bukit Barisan (Dark / Washed): 250g (25%) | total: 1000g,Best for Moka Pot
S-AUT-087,Autumn,Seasonal Blend,Midnight Autumn Reserve,Flores Bajawa Light Washed 40% | Solok Radjo Medium Wine 60%,Light,"Kaya rasa dengan kedalaman yang tak tertandingi, blend earthy ini memadukan biji-biji terbaik dari Flores Bajawa dan Solok Radjo. Diproses dengan metode Washed & Wine, menghadirkan profil rasa jasmine, port wine, lemon zest yang kompleks namun harmonis. Sebuah perpaduan yang dirancang untuk memuaskan selera pecinta kopi sejati.",Silky,Flores Bajawa (Light / Washed): 400g (40%) | Solok Radjo (Medium / Wine): 600g (60%) | total: 1000g,Best for V60
S-AUT-088,Autumn,Seasonal Blend,Amber Autumn Valley,Papua Wamena Dark Wine 50% | Sidikalang Dark Anaerobic 25% | Sembalun Rinjani Light Washed 25%,Dark,"Aroma karamel dan rempah yang khas, blend golden ini memadukan biji-biji terbaik dari Papua Wamena dan Sidikalang dan Sembalun Rinjani. Diproses dengan metode Washed & Wine, menghadirkan profil rasa green tea, smoke, aged wine yang kompleks namun harmonis. Sebuah perpaduan yang dirancang untuk memuaskan selera pecinta kopi sejati.",Heavy Body,Papua Wamena (Dark / Wine): 500g (50%) | Sidikalang (Dark / Anaerobic): 250g (25%) | Sembalun Rinjani (Light / Washed): 250g (25%) | total: 1000g,Cocok untuk Cold Brew
S-AUT-089,Autumn,Seasonal Blend,Celestial Autumn Spring,Mandheling Medium WetHulled 60% | Java Ciwidey Medium Anaerobic 40%,Medium,"Aroma karamel dan rempah yang khas, blend earthy ini memadukan biji-biji terbaik dari Mandheling dan Java Ciwidey. Diproses dengan metode WetHulled & Anaerobic, menghadirkan profil rasa fermented fruit, tobacco, woody yang kompleks namun harmonis. Sebuah perpaduan yang dirancang untuk memuaskan selera pecinta kopi sejati.",Balanced,Mandheling (Medium / WetHulled): 600g (60%) | Java Ciwidey (Medium / Anaerobic): 400g (40%) | total: 1000g,Best for Moka Pot
S-AUT-090,Autumn,Seasonal Blend,Equator Autumn Story,Wanoja Kamojang Light Wine 40% | Dampit Malang Medium WetHulled 60%,Light,"Karakter earthy yang menenangkan, blend caramelized ini memadukan biji-biji terbaik dari Wanoja Kamojang dan Dampit Malang. Diproses dengan metode Wine & WetHulled, menghadirkan profil rasa tobacco, dark cherry, blackcurrant yang kompleks namun harmonis. Sebuah perpaduan yang dirancang untuk memuaskan selera pecinta kopi sejati.",Tea-like,Wanoja Kamojang (Light / Wine): 400g (40%) | Dampit Malang (Medium / WetHulled): 600g (60%) | total: 1000g,Cocok untuk AeroPress
S-AUT-091,Autumn,Seasonal Blend,Nusantara Autumn Select,Bali Ulian Dark SemiWashed 60% | Papua Dogiyai Light Honey 25% | Lampung Robusta Premium Light WetHulled 15%,Medium,"Hangat seperti senja musim gugur, blend rustic ini memadukan biji-biji terbaik dari Bali Ulian dan Papua Dogiyai dan Lampung Robusta Premium. Diproses dengan metode SemiWashed & Honey, menghadirkan profil rasa floral, white grape, green pepper yang kompleks namun harmonis. Sebuah perpaduan yang dirancang untuk memuaskan selera pecinta kopi sejati.",Smooth,Bali Ulian (Dark / SemiWashed): 600g (60%) | Papua Dogiyai (Light / Honey): 250g (25%) | Lampung Robusta Premium (Light / WetHulled): 150g (15%) | total: 1000g,Best for Moka Pot
S-AUT-092,Autumn,Seasonal Blend,Celestial Autumn Blend,Java Sindoro Light Natural 55% | Java Temanggung Light WetHulled 30% | Toraja Kalosi Dark Natural 15%,Light,"Hangat seperti senja musim gugur, blend rustic ini memadukan biji-biji terbaik dari Java Sindoro dan Java Temanggung dan Toraja Kalosi. Diproses dengan metode WetHulled & Natural, menghadirkan profil rasa tropical fruit, tar, espresso yang kompleks namun harmonis. Sebuah perpaduan yang dirancang untuk memuaskan selera pecinta kopi sejati.",Delicate,Java Sindoro (Light / Natural): 550g (55%) | Java Temanggung (Light / WetHulled): 300g (30%) | Toraja Kalosi (Dark / Natural): 150g (15%) | total: 1000g,Pour Over Recommended
S-AUT-093,Autumn,Seasonal Blend,Heritage Autumn Edition,Dampit Malang Dark Wine 50% | Java Temanggung Dark SemiWashed 25% | Temanggung Dark Anaerobic 25%,Dark,"Hangat seperti senja musim gugur, blend warm ini memadukan biji-biji terbaik dari Dampit Malang dan Java Temanggung dan Temanggung. Diproses dengan metode SemiWashed & Wine, menghadirkan profil rasa smoke, black cherry, smoked plum yang kompleks namun harmonis. Sebuah perpaduan yang dirancang untuk memuaskan selera pecinta kopi sejati.",Syrupy,Dampit Malang (Dark / Wine): 500g (50%) | Java Temanggung (Dark / SemiWashed): 250g (25%) | Temanggung (Dark / Anaerobic): 250g (25%) | total: 1000g,Ideal untuk Ristretto
S-AUT-094,Autumn,Seasonal Blend,Highland Autumn Series,Java Manglayang Dark Anaerobic 55% | Java Manglayang Dark WetHulled 30% | Arjuno Dark Natural 15%,Dark,"Hangat seperti senja musim gugur, blend golden ini memadukan biji-biji terbaik dari Java Manglayang dan Java Manglayang dan Arjuno. Diproses dengan metode Natural & WetHulled, menghadirkan profil rasa intense earth, smoke, charcoal yang kompleks namun harmonis. Sebuah perpaduan yang dirancang untuk memuaskan selera pecinta kopi sejati.",Syrupy,Java Manglayang (Dark / Anaerobic): 550g (55%) | Java Manglayang (Dark / WetHulled): 300g (30%) | Arjuno (Dark / Natural): 150g (15%) | total: 1000g,Best for Batch Brew
S-AUT-095,Autumn,Seasonal Blend,Ritual Autumn Collection,Kerinci Kayu Aro Light Anaerobic 40% | Bali Kintamani Light Washed 35% | Bengkulu Medium Wine 25%,Light,"Hangat seperti senja musim gugur, blend caramelized ini memadukan biji-biji terbaik dari Kerinci Kayu Aro dan Bali Kintamani dan Bengkulu. Diproses dengan metode Washed & Wine, menghadirkan profil rasa dark plum, lemon zest, espresso yang kompleks namun harmonis. Sebuah perpaduan yang dirancang untuk memuaskan selera pecinta kopi sejati.",Silky,Kerinci Kayu Aro (Light / Anaerobic): 400g (40%) | Bali Kintamani (Light / Washed): 350g (35%) | Bengkulu (Medium / Wine): 250g (25%) | total: 1000g,Pour Over Recommended
S-AUT-096,Autumn,Seasonal Blend,Equator Autumn Journey,Bali Kintamani Medium Anaerobic 50% | Toraja Sapan Dark Anaerobic 25% | Papua Dogiyai Dark SemiWashed 25%,Dark,"Aroma karamel dan rempah yang khas, blend golden ini memadukan biji-biji terbaik dari Bali Kintamani dan Toraja Sapan dan Papua Dogiyai. Diproses dengan metode SemiWashed & Anaerobic, menghadirkan profil rasa dark caramel, fermented fruit, tropical punch yang kompleks namun harmonis. Sebuah perpaduan yang dirancang untuk memuaskan selera pecinta kopi sejati.",Thick,Bali Kintamani (Medium / Anaerobic): 500g (50%) | Toraja Sapan (Dark / Anaerobic): 250g (25%) | Papua Dogiyai (Dark / SemiWashed): 250g (25%) | total: 1000g,Best for Batch Brew
S-AUT-097,Autumn,Seasonal Blend,Elysian Autumn Signature,Solok Radjo Light SemiWashed 50% | Java Manglayang Dark WetHulled 30% | Bali Ulian Dark Honey 20%,Medium,"Aroma karamel dan rempah yang khas, blend golden ini memadukan biji-biji terbaik dari Solok Radjo dan Java Manglayang dan Bali Ulian. Diproses dengan metode SemiWashed & Honey, menghadirkan profil rasa dark sugar, papaya, burnt caramel yang kompleks namun harmonis. Sebuah perpaduan yang dirancang untuk memuaskan selera pecinta kopi sejati.",Medium Body,Solok Radjo (Light / SemiWashed): 500g (50%) | Java Manglayang (Dark / WetHulled): 300g (30%) | Bali Ulian (Dark / Honey): 200g (20%) | total: 1000g,Cocok untuk French Press & Espresso
S-AUT-098,Autumn,Seasonal Blend,Primal Autumn Journey,Flores Manggarai Light Honey 45% | Java Temanggung Dark WetHulled 35% | Bali Ulian Light WetHulled 20%,Medium,"Kaya rasa dengan kedalaman yang tak tertandingi, blend rustic ini memadukan biji-biji terbaik dari Flores Manggarai dan Java Temanggung dan Bali Ulian. Diproses dengan metode Honey & WetHulled, menghadirkan profil rasa peat, tobacco leaf, dark tobacco yang kompleks namun harmonis. Sebuah perpaduan yang dirancang untuk memuaskan selera pecinta kopi sejati.",Balanced,Flores Manggarai (Light / Honey): 450g (45%) | Java Temanggung (Dark / WetHulled): 350g (35%) | Bali Ulian (Light / WetHulled): 200g (20%) | total: 1000g,Versatile for Espresso & Filter
S-AUT-099,Autumn,Seasonal Blend,Nusantara Autumn Origin,Semeru Medium WetHulled 60% | Java Manglayang Dark Natural 25% | Toraja Sapan Light Honey 15%,Medium,"Kaya rasa dengan kedalaman yang tak tertandingi, blend caramelized ini memadukan biji-biji terbaik dari Semeru dan Java Manglayang dan Toraja Sapan. Diproses dengan metode Honey & WetHulled, menghadirkan profil rasa white grape, woody, charcoal yang kompleks namun harmonis. Sebuah perpaduan yang dirancang untuk memuaskan selera pecinta kopi sejati.",Round,Semeru (Medium / WetHulled): 600g (60%) | Java Manglayang (Dark / Natural): 250g (25%) | Toraja Sapan (Light / Honey): 150g (15%) | total: 1000g,Best for Moka Pot
S-AUT-100,Autumn,Seasonal Blend,Volcano Autumn Peak,Java Manglayang Dark SemiWashed 40% | Dampit Malang Dark Wine 60%,Dark,"Kaya rasa dengan kedalaman yang tak tertandingi, blend earthy ini memadukan biji-biji terbaik dari Java Manglayang dan Dampit Malang. Diproses dengan metode SemiWashed & Wine, menghadirkan profil rasa dark espresso, dark caramel, roasted grain yang kompleks namun harmonis. Sebuah perpaduan yang dirancang untuk memuaskan selera pecinta kopi sejati.",Full Body,Java Manglayang (Dark / SemiWashed): 400g (40%) | Dampit Malang (Dark / Wine): 600g (60%) | total: 1000g,Ideal untuk Ristretto
S-AUT-101,Autumn,Seasonal Blend,Velvet Autumn Select,Sembalun Rinjani Dark Washed 50% | Semeru Light SemiWashed 30% | Bukit Barisan Dark Washed 20%,Medium,"Aroma karamel dan rempah yang khas, blend warm ini memadukan biji-biji terbaik dari Sembalun Rinjani dan Semeru dan Bukit Barisan. Diproses dengan metode SemiWashed & Washed, menghadirkan profil rasa molasses, dark roast, light caramel yang kompleks namun harmonis. Sebuah perpaduan yang dirancang untuk memuaskan selera pecinta kopi sejati.",Round,Sembalun Rinjani (Dark / Washed): 500g (50%) | Semeru (Light / SemiWashed): 300g (30%) | Bukit Barisan (Dark / Washed): 200g (20%) | total: 1000g,Best for Moka Pot
S-AUT-102,Autumn,Seasonal Blend,Ancient Autumn Series,Java Temanggung Medium WetHulled 40% | Aceh Gayo Light Washed 35% | Solok Radjo Dark Anaerobic 25%,Medium,"Hangat seperti senja musim gugur, blend rustic ini memadukan biji-biji terbaik dari Java Temanggung dan Aceh Gayo dan Solok Radjo. Diproses dengan metode Washed & WetHulled, menghadirkan profil rasa bergamot, lemon zest, earthy yang kompleks namun harmonis. Sebuah perpaduan yang dirancang untuk memuaskan selera pecinta kopi sejati.",Balanced,Java Temanggung (Medium / WetHulled): 400g (40%) | Aceh Gayo (Light / Washed): 350g (35%) | Solok Radjo (Dark / Anaerobic): 250g (25%) | total: 1000g,Versatile for Espresso & Filter
S-AUT-103,Autumn,Seasonal Blend,Sacred Autumn Reserve,Temanggung Light Wine 40% | Java Puntang Dark Honey 35% | Java Manglayang Light WetHulled 25%,Medium,"Aroma karamel dan rempah yang khas, blend golden ini memadukan biji-biji terbaik dari Temanggung dan Java Puntang dan Java Manglayang. Diproses dengan metode Wine & WetHulled, menghadirkan profil rasa herb, toffee, tobacco leaf yang kompleks namun harmonis. Sebuah perpaduan yang dirancang untuk memuaskan selera pecinta kopi sejati.",Smooth,Temanggung (Light / Wine): 400g (40%) | Java Puntang (Dark / Honey): 350g (35%) | Java Manglayang (Light / WetHulled): 250g (25%) | total: 1000g,Best for Moka Pot
S-AUT-104,Autumn,Seasonal Blend,Highland Autumn Legacy,Papua Wamena Light WetHulled 45% | Solok Radjo Medium Washed 35% | Semeru Light Wine 20%,Light,"Aroma karamel dan rempah yang khas, blend warm ini memadukan biji-biji terbaik dari Papua Wamena dan Solok Radjo dan Semeru. Diproses dengan metode Washed & Wine, menghadirkan profil rasa milk chocolate, wine, hazelnut yang kompleks namun harmonis. Sebuah perpaduan yang dirancang untuk memuaskan selera pecinta kopi sejati.",Tea-like,Papua Wamena (Light / WetHulled): 450g (45%) | Solok Radjo (Medium / Washed): 350g (35%) | Semeru (Light / Wine): 200g (20%) | total: 1000g,Pour Over Recommended
S-AUT-105,Autumn,Seasonal Blend,Mystic Autumn Blend,Bukit Barisan Dark Anaerobic 50% | Sidikalang Medium Washed 25% | Lampung Robusta Premium Dark WetHulled 25%,Dark,"Kaya rasa dengan kedalaman yang tak tertandingi, blend caramelized ini memadukan biji-biji terbaik dari Bukit Barisan dan Sidikalang dan Lampung Robusta Premium. Diproses dengan metode Washed & WetHulled, menghadirkan profil rasa black cherry, clove, dark tobacco yang kompleks namun harmonis. Sebuah perpaduan yang dirancang untuk memuaskan selera pecinta kopi sejati.",Syrupy,Bukit Barisan (Dark / Anaerobic): 500g (50%) | Sidikalang (Medium / Washed): 250g (25%) | Lampung Robusta Premium (Dark / WetHulled): 250g (25%) | total: 1000g,Best for Espresso
S-AUT-106,Autumn,Seasonal Blend,Elysian Autumn Edition,Sembalun Rinjani Light Washed 55% | Toraja Sapan Medium Wine 45%,Light,"Kaya rasa dengan kedalaman yang tak tertandingi, blend golden ini memadukan biji-biji terbaik dari Sembalun Rinjani dan Toraja Sapan. Diproses dengan metode Washed & Wine, menghadirkan profil rasa espresso, bergamot, roasted grape yang kompleks namun harmonis. Sebuah perpaduan yang dirancang untuk memuaskan selera pecinta kopi sejati.",Delicate,Sembalun Rinjani (Light / Washed): 550g (55%) | Toraja Sapan (Medium / Wine): 450g (45%) | total: 1000g,Pour Over Recommended
S-AUT-107,Autumn,Seasonal Blend,Dawn Autumn Fusion,Java Temanggung Dark Anaerobic 50% | Sembalun Rinjani Medium SemiWashed 25% | Java Garut Dark Washed 25%,Dark,"Hangat seperti senja musim gugur, blend caramelized ini memadukan biji-biji terbaik dari Java Temanggung dan Sembalun Rinjani dan Java Garut. Diproses dengan metode SemiWashed & Washed, menghadirkan profil rasa smoky caramel, milk caramel, smoke yang kompleks namun harmonis. Sebuah perpaduan yang dirancang untuk memuaskan selera pecinta kopi sejati.",Full Body,Java Temanggung (Dark / Anaerobic): 500g (50%) | Sembalun Rinjani (Medium / SemiWashed): 250g (25%) | Java Garut (Dark / Washed): 250g (25%) | total: 1000g,Best for Batch Brew
S-AUT-108,Autumn,Seasonal Blend,Equator Autumn Spring,Java Sindoro Dark Washed 40% | Bengkulu Medium Washed 35% | Aceh Gayo Light WetHulled 25%,Medium,"Hangat seperti senja musim gugur, blend rustic ini memadukan biji-biji terbaik dari Java Sindoro dan Bengkulu dan Aceh Gayo. Diproses dengan metode Washed & WetHulled, menghadirkan profil rasa smoky caramel, green pepper, brown sugar yang kompleks namun harmonis. Sebuah perpaduan yang dirancang untuk memuaskan selera pecinta kopi sejati.",Balanced,Java Sindoro (Dark / Washed): 400g (40%) | Bengkulu (Medium / Washed): 350g (35%) | Aceh Gayo (Light / WetHulled): 250g (25%) | total: 1000g,Versatile for Espresso & Filter
S-AUT-109,Autumn,Seasonal Blend,Midnight Autumn Craft,Java Ciwidey Light SemiWashed 60% | Toraja Kalosi Medium Honey 25% | Solok Radjo Medium SemiWashed 15%,Light,"Kaya rasa dengan kedalaman yang tak tertandingi, blend earthy ini memadukan biji-biji terbaik dari Java Ciwidey dan Toraja Kalosi dan Solok Radjo. Diproses dengan metode SemiWashed & Honey, menghadirkan profil rasa maple syrup, roasted nut, mandarin yang kompleks namun harmonis. Sebuah perpaduan yang dirancang untuk memuaskan selera pecinta kopi sejati.",Light Body,Java Ciwidey (Light / SemiWashed): 600g (60%) | Toraja Kalosi (Medium / Honey): 250g (25%) | Solok Radjo (Medium / SemiWashed): 150g (15%) | total: 1000g,Best for V60
S-AUT-110,Autumn,Seasonal Blend,Equator Autumn Collection,Lampung Robusta Premium Dark SemiWashed 45% | Java Temanggung Medium SemiWashed 55%,Medium,"Kaya rasa dengan kedalaman yang tak tertandingi, blend warm ini memadukan biji-biji terbaik dari Lampung Robusta Premium dan Java Temanggung. Diproses dengan metode SemiWashed, menghadirkan profil rasa milk caramel, dark caramel, vanilla yang kompleks namun harmonis. Sebuah perpaduan yang dirancang untuk memuaskan selera pecinta kopi sejati.",Round,Lampung Robusta Premium (Dark / SemiWashed): 450g (45%) | Java Temanggung (Medium / SemiWashed): 550g (55%) | total: 1000g,Versatile for Espresso & Filter
S-AUT-111,Autumn,Seasonal Blend,Ember Autumn Crest,Toraja Kalosi Dark Anaerobic 50% | Java Garut Dark Wine 30% | Gunung Halu Medium Anaerobic 20%,Dark,"Karakter earthy yang menenangkan, blend rustic ini memadukan biji-biji terbaik dari Toraja Kalosi dan Java Garut dan Gunung Halu. Diproses dengan metode Wine & Anaerobic, menghadirkan profil rasa smoked plum, tobacco, smoke yang kompleks namun harmonis. Sebuah perpaduan yang dirancang untuk memuaskan selera pecinta kopi sejati.",Heavy Body,Toraja Kalosi (Dark / Anaerobic): 500g (50%) | Java Garut (Dark / Wine): 300g (30%) | Gunung Halu (Medium / Anaerobic): 200g (20%) | total: 1000g,Best for Batch Brew
S-AUT-112,Autumn,Seasonal Blend,Horizon Autumn Fusion,Flores Manggarai Light Wine 45% | Flores Manggarai Medium Washed 55%,Light,"Hangat seperti senja musim gugur, blend earthy ini memadukan biji-biji terbaik dari Flores Manggarai dan Flores Manggarai. Diproses dengan metode Washed & Wine, menghadirkan profil rasa brown sugar, wine, almond yang kompleks namun harmonis. Sebuah perpaduan yang dirancang untuk memuaskan selera pecinta kopi sejati.",Silky,Flores Manggarai (Light / Wine): 450g (45%) | Flores Manggarai (Medium / Washed): 550g (55%) | total: 1000g,Ideal for Chemex
S-AUT-113,Autumn,Seasonal Blend,Celestial Autumn Ridge,Java Temanggung Dark SemiWashed 45% | Mandheling Light Anaerobic 35% | Papua Dogiyai Medium Natural 20%,Medium,"Aroma karamel dan rempah yang khas, blend earthy ini memadukan biji-biji terbaik dari Java Temanggung dan Mandheling dan Papua Dogiyai. Diproses dengan metode SemiWashed & Natural, menghadirkan profil rasa berry jam, intense spice, molasses yang kompleks namun harmonis. Sebuah perpaduan yang dirancang untuk memuaskan selera pecinta kopi sejati.",Medium Body,Java Temanggung (Dark / SemiWashed): 450g (45%) | Mandheling (Light / Anaerobic): 350g (35%) | Papua Dogiyai (Medium / Natural): 200g (20%) | total: 1000g,Cocok untuk French Press & Espresso
S-AUT-114,Autumn,Seasonal Blend,Midnight Autumn Select,Solok Radjo Light Washed 50% | Java Ijen Raung Dark Honey 30% | Papua Dogiyai Dark Natural 20%,Medium,"Kaya rasa dengan kedalaman yang tak tertandingi, blend caramelized ini memadukan biji-biji terbaik dari Solok Radjo dan Java Ijen Raung dan Papua Dogiyai. Diproses dengan metode Washed & Honey, menghadirkan profil rasa espresso, jasmine, charcoal yang kompleks namun harmonis. Sebuah perpaduan yang dirancang untuk memuaskan selera pecinta kopi sejati.",Velvety,Solok Radjo (Light / Washed): 500g (50%) | Java Ijen Raung (Dark / Honey): 300g (30%) | Papua Dogiyai (Dark / Natural): 200g (20%) | total: 1000g,Cocok untuk French Press & Espresso
S-AUT-115,Autumn,Seasonal Blend,Harvest Autumn Craft,Bali Ulian Dark Wine 60% | Java Puntang Dark Washed 40%,Dark,"Aroma karamel dan rempah yang khas, blend mellow ini memadukan biji-biji terbaik dari Bali Ulian dan Java Puntang. Diproses dengan metode Washed & Wine, menghadirkan profil rasa molasses, dark espresso, dark roast yang kompleks namun harmonis. Sebuah perpaduan yang dirancang untuk memuaskan selera pecinta kopi sejati.",Heavy Body,Bali Ulian (Dark / Wine): 600g (60%) | Java Puntang (Dark / Washed): 400g (40%) | total: 1000g,Best for Batch Brew
S-AUT-116,Autumn,Seasonal Blend,Primal Autumn Valley,Bali Kintamani Medium Washed 45% | Java Ciwidey Medium Anaerobic 35% | Flores Manggarai Medium SemiWashed 20%,Medium,"Karakter earthy yang menenangkan, blend golden ini memadukan biji-biji terbaik dari Bali Kintamani dan Java Ciwidey dan Flores Manggarai. Diproses dengan metode SemiWashed & Washed, menghadirkan profil rasa milk caramel, almond, hazelnut yang kompleks namun harmonis. Sebuah perpaduan yang dirancang untuk memuaskan selera pecinta kopi sejati.",Round,Bali Kintamani (Medium / Washed): 450g (45%) | Java Ciwidey (Medium / Anaerobic): 350g (35%) | Flores Manggarai (Medium / SemiWashed): 200g (20%) | total: 1000g,Best for Moka Pot
S-AUT-117,Autumn,Seasonal Blend,Archipelago Autumn Spring,Java Preanger Light Honey 50% | Dampit Malang Medium Anaerobic 25% | Sembalun Rinjani Light SemiWashed 25%,Light,"Aroma karamel dan rempah yang khas, blend mellow ini memadukan biji-biji terbaik dari Java Preanger dan Dampit Malang dan Sembalun Rinjani. Diproses dengan metode SemiWashed & Honey, menghadirkan profil rasa oolong tea, fermented fruit, apricot yang kompleks namun harmonis. Sebuah perpaduan yang dirancang untuk memuaskan selera pecinta kopi sejati.",Delicate,Java Preanger (Light / Honey): 500g (50%) | Dampit Malang (Medium / Anaerobic): 250g (25%) | Sembalun Rinjani (Light / SemiWashed): 250g (25%) | total: 1000g,Pour Over Recommended
S-AUT-118,Autumn,Seasonal Blend,Nusantara Autumn Legacy,Wanoja Kamojang Dark WetHulled 65% | Bengkulu Dark SemiWashed 35%,Dark,"Aroma karamel dan rempah yang khas, blend warm ini memadukan biji-biji terbaik dari Wanoja Kamojang dan Bengkulu. Diproses dengan metode SemiWashed & WetHulled, menghadirkan profil rasa dark tobacco, dark caramel, bark yang kompleks namun harmonis. Sebuah perpaduan yang dirancang untuk memuaskan selera pecinta kopi sejati.",Thick,Wanoja Kamojang (Dark / WetHulled): 650g (65%) | Bengkulu (Dark / SemiWashed): 350g (35%) | total: 1000g,Cocok untuk Cold Brew
S-AUT-119,Autumn,Seasonal Blend,Volcano Autumn Crest,Papua Dogiyai Light Washed 50% | Java Sindoro Medium Natural 30% | Lampung Robusta Premium Light SemiWashed 20%,Light,"Aroma karamel dan rempah yang khas, blend caramelized ini memadukan biji-biji terbaik dari Papua Dogiyai dan Java Sindoro dan Lampung Robusta Premium. Diproses dengan metode SemiWashed & Washed, menghadirkan profil rasa berry jam, prune, citrus yang kompleks namun harmonis. Sebuah perpaduan yang dirancang untuk memuaskan selera pecinta kopi sejati.",Silky,Papua Dogiyai (Light / Washed): 500g (50%) | Java Sindoro (Medium / Natural): 300g (30%) | Lampung Robusta Premium (Light / SemiWashed): 200g (20%) | total: 1000g,Best for V60
S-AUT-120,Autumn,Seasonal Blend,Summit Autumn Signature,Kerinci Kayu Aro Medium Wine 65% | Semeru Dark Honey 35%,Medium,"Aroma karamel dan rempah yang khas, blend mellow ini memadukan biji-biji terbaik dari Kerinci Kayu Aro dan Semeru. Diproses dengan metode Wine & Honey, menghadirkan profil rasa port wine, dark plum, balsamic yang kompleks namun harmonis. Sebuah perpaduan yang dirancang untuk memuaskan selera pecinta kopi sejati.",Medium Body,Kerinci Kayu Aro (Medium / Wine): 650g (65%) | Semeru (Dark / Honey): 350g (35%) | total: 1000g,Versatile for Espresso & Filter
S-AUT-121,Autumn,Seasonal Blend,Timeless Autumn Peak,Bukit Barisan Dark Wine 60% | Gunung Halu Light SemiWashed 25% | Dampit Malang Dark Wine 15%,Dark,"Hangat seperti senja musim gugur, blend mellow ini memadukan biji-biji terbaik dari Bukit Barisan dan Gunung Halu dan Dampit Malang. Diproses dengan metode SemiWashed & Wine, menghadirkan profil rasa smoked plum, light caramel, dark espresso yang kompleks namun harmonis. Sebuah perpaduan yang dirancang untuk memuaskan selera pecinta kopi sejati.",Syrupy,Bukit Barisan (Dark / Wine): 600g (60%) | Gunung Halu (Light / SemiWashed): 250g (25%) | Dampit Malang (Dark / Wine): 150g (15%) | total: 1000g,Best for Batch Brew
S-AUT-122,Autumn,Seasonal Blend,Copper Autumn Journey,Sidikalang Light Natural 50% | Gunung Halu Dark Honey 50%,Medium,"Kaya rasa dengan kedalaman yang tak tertandingi, blend earthy ini memadukan biji-biji terbaik dari Sidikalang dan Gunung Halu. Diproses dengan metode Honey & Natural, menghadirkan profil rasa tropical fruit, hibiscus, smoked almond yang kompleks namun harmonis. Sebuah perpaduan yang dirancang untuk memuaskan selera pecinta kopi sejati.",Round,Sidikalang (Light / Natural): 500g (50%) | Gunung Halu (Dark / Honey): 500g (50%) | total: 1000g,Cocok untuk French Press & Espresso
S-AUT-123,Autumn,Seasonal Blend,Harvest Autumn Reserve,Bali Kintamani Light Anaerobic 55% | Papua Dogiyai Dark SemiWashed 30% | Flores Bajawa Light WetHulled 15%,Light,"Kaya rasa dengan kedalaman yang tak tertandingi, blend caramelized ini memadukan biji-biji terbaik dari Bali Kintamani dan Papua Dogiyai dan Flores Bajawa. Diproses dengan metode SemiWashed & WetHulled, menghadirkan profil rasa tobacco leaf, lime, rum raisin yang kompleks namun harmonis. Sebuah perpaduan yang dirancang untuk memuaskan selera pecinta kopi sejati.",Tea-like,Bali Kintamani (Light / Anaerobic): 550g (55%) | Papua Dogiyai (Dark / SemiWashed): 300g (30%) | Flores Bajawa (Light / WetHulled): 150g (15%) | total: 1000g,Ideal for Chemex
S-AUT-124,Autumn,Seasonal Blend,Twilight Autumn Estate,Bengkulu Dark Honey 40% | Wanoja Kamojang Light Washed 60%,Medium,"Karakter earthy yang menenangkan, blend rustic ini memadukan biji-biji terbaik dari Bengkulu dan Wanoja Kamojang. Diproses dengan metode Washed & Honey, menghadirkan profil rasa peach, toffee, dark sugar yang kompleks namun harmonis. Sebuah perpaduan yang dirancang untuk memuaskan selera pecinta kopi sejati.",Balanced,Bengkulu (Dark / Honey): 400g (40%) | Wanoja Kamojang (Light / Washed): 600g (60%) | total: 1000g,Versatile for Espresso & Filter
S-AUT-125,Autumn,Seasonal Blend,Bronze Autumn Edition,Java Temanggung Dark Wine 55% | Dampit Malang Medium Wine 30% | Bukit Barisan Dark Honey 15%,Dark,"Kaya rasa dengan kedalaman yang tak tertandingi, blend warm ini memadukan biji-biji terbaik dari Java Temanggung dan Dampit Malang dan Bukit Barisan. Diproses dengan metode Wine & Honey, menghadirkan profil rasa smoked plum, port wine, dark plum yang kompleks namun harmonis. Sebuah perpaduan yang dirancang untuk memuaskan selera pecinta kopi sejati.",Heavy Body,Java Temanggung (Dark / Wine): 550g (55%) | Dampit Malang (Medium / Wine): 300g (30%) | Bukit Barisan (Dark / Honey): 150g (15%) | total: 1000g,Best for Espresso
S-AUT-126,Autumn,Seasonal Blend,Velvet Autumn Signature,Mandheling Medium Washed 40% | Bengkulu Medium Natural 60%,Medium,"Karakter earthy yang menenangkan, blend golden ini memadukan biji-biji terbaik dari Mandheling dan Bengkulu. Diproses dengan metode Washed & Natural, menghadirkan profil rasa berry jam, hazelnut, dried fig yang kompleks namun harmonis. Sebuah perpaduan yang dirancang untuk memuaskan selera pecinta kopi sejati.",Round,Mandheling (Medium / Washed): 400g (40%) | Bengkulu (Medium / Natural): 600g (60%) | total: 1000g,Versatile for Espresso & Filter
S-AUT-127,Autumn,Seasonal Blend,Highland Autumn Blend,Lintong Onan Light SemiWashed 50% | Toraja Sapan Light Natural 30% | Sidikalang Dark Wine 20%,Light,"Karakter earthy yang menenangkan, blend earthy ini memadukan biji-biji terbaik dari Lintong Onan dan Toraja Sapan dan Sidikalang. Diproses dengan metode SemiWashed & Wine, menghadirkan profil rasa strawberry, tropical fruit, aged wine yang kompleks namun harmonis. Sebuah perpaduan yang dirancang untuk memuaskan selera pecinta kopi sejati.",Light Body,Lintong Onan (Light / SemiWashed): 500g (50%) | Toraja Sapan (Light / Natural): 300g (30%) | Sidikalang (Dark / Wine): 200g (20%) | total: 1000g,Best for V60
S-AUT-128,Autumn,Seasonal Blend,Velvet Autumn Ridge,Dampit Malang Light Honey 50% | Toraja Sapan Light Natural 30% | Bali Kintamani Medium SemiWashed 20%,Light,"Aroma karamel dan rempah yang khas, blend rustic ini memadukan biji-biji terbaik dari Dampit Malang dan Toraja Sapan dan Bali Kintamani. Diproses dengan metode SemiWashed & Honey, menghadirkan profil rasa floral, watermelon, pear yang kompleks namun harmonis. Sebuah perpaduan yang dirancang untuk memuaskan selera pecinta kopi sejati.",Silky,Dampit Malang (Light / Honey): 500g (50%) | Toraja Sapan (Light / Natural): 300g (30%) | Bali Kintamani (Medium / SemiWashed): 200g (20%) | total: 1000g,Ideal for Chemex
S-AUT-129,Autumn,Seasonal Blend,Ancient Autumn Crest,Aceh Gayo Dark Wine 45% | Bukit Barisan Dark Wine 55%,Dark,"Karakter earthy yang menenangkan, blend caramelized ini memadukan biji-biji terbaik dari Aceh Gayo dan Bukit Barisan. Diproses dengan metode Wine, menghadirkan profil rasa dark espresso, tobacco, aged wine yang kompleks namun harmonis. Sebuah perpaduan yang dirancang untuk memuaskan selera pecinta kopi sejati.",Bold,Aceh Gayo (Dark / Wine): 450g (45%) | Bukit Barisan (Dark / Wine): 550g (55%) | total: 1000g,Best for Batch Brew
S-AUT-130,Autumn,Seasonal Blend,Twilight Autumn Edition,Java Puntang Medium Anaerobic 60% | Java Temanggung Medium Natural 40%,Medium,"Aroma karamel dan rempah yang khas, blend rustic ini memadukan biji-biji terbaik dari Java Puntang dan Java Temanggung. Diproses dengan metode Natural & Anaerobic, menghadirkan profil rasa tropical punch, fermented fruit, cacao nib yang kompleks namun harmonis. Sebuah perpaduan yang dirancang untuk memuaskan selera pecinta kopi sejati.",Round,Java Puntang (Medium / Anaerobic): 600g (60%) | Java Temanggung (Medium / Natural): 400g (40%) | total: 1000g,Best for Moka Pot
S-AUT-131,Autumn,Seasonal Blend,Nusantara Autumn Series,Sembalun Rinjani Light Honey 50% | Toraja Kalosi Medium Honey 50%,Light,"Aroma karamel dan rempah yang khas, blend earthy ini memadukan biji-biji terbaik dari Sembalun Rinjani dan Toraja Kalosi. Diproses dengan metode Honey, menghadirkan profil rasa apricot, honey, floral yang kompleks namun harmonis. Sebuah perpaduan yang dirancang untuk memuaskan selera pecinta kopi sejati.",Clean,Sembalun Rinjani (Light / Honey): 500g (50%) | Toraja Kalosi (Medium / Honey): 500g (50%) | total: 1000g,Ideal for Chemex
S-AUT-132,Autumn,Seasonal Blend,Harvest Autumn Blend,Temanggung Medium WetHulled 45% | Aceh Gayo Light SemiWashed 35% | Papua Dogiyai Dark Wine 20%,Medium,"Aroma karamel dan rempah yang khas, blend earthy ini memadukan biji-biji terbaik dari Temanggung dan Aceh Gayo dan Papua Dogiyai. Diproses dengan metode SemiWashed & Wine, menghadirkan profil rasa leather, oolong tea, mandarin yang kompleks namun harmonis. Sebuah perpaduan yang dirancang untuk memuaskan selera pecinta kopi sejati.",Balanced,Temanggung (Medium / WetHulled): 450g (45%) | Aceh Gayo (Light / SemiWashed): 350g (35%) | Papua Dogiyai (Dark / Wine): 200g (20%) | total: 1000g,Cocok untuk French Press & Espresso
S-AUT-133,Autumn,Seasonal Blend,Mystic Autumn Spring,Java Temanggung Dark Washed 70% | Flores Bajawa Dark Anaerobic 30%,Dark,"Kaya rasa dengan kedalaman yang tak tertandingi, blend caramelized ini memadukan biji-biji terbaik dari Java Temanggung dan Flores Bajawa. Diproses dengan metode Washed & Anaerobic, menghadirkan profil rasa bitter chocolate, dark roast, smoky caramel yang kompleks namun harmonis. Sebuah perpaduan yang dirancang untuk memuaskan selera pecinta kopi sejati.",Thick,Java Temanggung (Dark / Washed): 700g (70%) | Flores Bajawa (Dark / Anaerobic): 300g (30%) | total: 1000g,Best for Espresso
S-AUT-134,Autumn,Seasonal Blend,Sunrise Autumn Spring,Papua Dogiyai Dark Anaerobic 45% | Java Manglayang Light WetHulled 35% | Flores Bajawa Medium WetHulled 20%,Medium,"Hangat seperti senja musim gugur, blend caramelized ini memadukan biji-biji terbaik dari Papua Dogiyai dan Java Manglayang dan Flores Bajawa. Diproses dengan metode WetHulled & Anaerobic, menghadirkan profil rasa fermented cocoa, green pepper, tobacco yang kompleks namun harmonis. Sebuah perpaduan yang dirancang untuk memuaskan selera pecinta kopi sejati.",Medium Body,Papua Dogiyai (Dark / Anaerobic): 450g (45%) | Java Manglayang (Light / WetHulled): 350g (35%) | Flores Bajawa (Medium / WetHulled): 200g (20%) | total: 1000g,Versatile for Espresso & Filter
S-AUT-135,Autumn,Seasonal Blend,Primal Autumn Ridge,Bali Ulian Light Anaerobic 45% | Mandheling Light Natural 35% | Java Preanger Dark Washed 20%,Light,"Karakter earthy yang menenangkan, blend warm ini memadukan biji-biji terbaik dari Bali Ulian dan Mandheling dan Java Preanger. Diproses dengan metode Washed & Natural, menghadirkan profil rasa watermelon, strawberry, bitter chocolate yang kompleks namun harmonis. Sebuah perpaduan yang dirancang untuk memuaskan selera pecinta kopi sejati.",Tea-like,Bali Ulian (Light / Anaerobic): 450g (45%) | Mandheling (Light / Natural): 350g (35%) | Java Preanger (Dark / Washed): 200g (20%) | total: 1000g,Pour Over Recommended
S-AUT-136,Autumn,Seasonal Blend,Midnight Autumn Edition,Flores Manggarai Light Anaerobic 60% | Dampit Malang Medium Wine 40%,Light,"Karakter earthy yang menenangkan, blend caramelized ini memadukan biji-biji terbaik dari Flores Manggarai dan Dampit Malang. Diproses dengan metode Wine & Anaerobic, menghadirkan profil rasa raspberry, cola, passion fruit yang kompleks namun harmonis. Sebuah perpaduan yang dirancang untuk memuaskan selera pecinta kopi sejati.",Delicate,Flores Manggarai (Light / Anaerobic): 600g (60%) | Dampit Malang (Medium / Wine): 400g (40%) | total: 1000g,Pour Over Recommended
S-AUT-137,Autumn,Seasonal Blend,Mystic Autumn Legacy,Toraja Kalosi Medium Washed 45% | Mandheling Dark Wine 35% | Java Sindoro Dark Anaerobic 20%,Dark,"Hangat seperti senja musim gugur, blend rustic ini memadukan biji-biji terbaik dari Toraja Kalosi dan Mandheling dan Java Sindoro. Diproses dengan metode Washed & Wine, menghadirkan profil rasa smoked plum, fermented cocoa, aged wine yang kompleks namun harmonis. Sebuah perpaduan yang dirancang untuk memuaskan selera pecinta kopi sejati.",Thick,Toraja Kalosi (Medium / Washed): 450g (45%) | Mandheling (Dark / Wine): 350g (35%) | Java Sindoro (Dark / Anaerobic): 200g (20%) | total: 1000g,Ideal untuk Ristretto
S-AUT-138,Autumn,Seasonal Blend,Dawn Autumn Edition,Kerinci Kayu Aro Light SemiWashed 45% | Aceh Gayo Light SemiWashed 55%,Light,"Karakter earthy yang menenangkan, blend earthy ini memadukan biji-biji terbaik dari Kerinci Kayu Aro dan Aceh Gayo. Diproses dengan metode SemiWashed, menghadirkan profil rasa oolong tea, papaya, light caramel yang kompleks namun harmonis. Sebuah perpaduan yang dirancang untuk memuaskan selera pecinta kopi sejati.",Silky,Kerinci Kayu Aro (Light / SemiWashed): 450g (45%) | Aceh Gayo (Light / SemiWashed): 550g (55%) | total: 1000g,Pour Over Recommended
S-AUT-139,Autumn,Seasonal Blend,Amber Autumn Reserve,Flores Manggarai Dark Washed 45% | Java Manglayang Medium WetHulled 55%,Medium,"Karakter earthy yang menenangkan, blend mellow ini memadukan biji-biji terbaik dari Flores Manggarai dan Java Manglayang. Diproses dengan metode Washed & WetHulled, menghadirkan profil rasa mushroom, woody, earthy yang kompleks namun harmonis. Sebuah perpaduan yang dirancang untuk memuaskan selera pecinta kopi sejati.",Smooth,Flores Manggarai (Dark / Washed): 450g (45%) | Java Manglayang (Medium / WetHulled): 550g (55%) | total: 1000g,Cocok untuk French Press & Espresso
S-AUT-140,Autumn,Seasonal Blend,Midnight Autumn Chapter,Bali Ulian Medium SemiWashed 55% | Java Sindoro Dark Washed 30% | Java Puntang Dark SemiWashed 15%,Medium,"Karakter earthy yang menenangkan, blend warm ini memadukan biji-biji terbaik dari Bali Ulian dan Java Sindoro dan Java Puntang. Diproses dengan metode SemiWashed & Washed, menghadirkan profil rasa molasses, vanilla, smoky caramel yang kompleks namun harmonis. Sebuah perpaduan yang dirancang untuk memuaskan selera pecinta kopi sejati.",Balanced,Bali Ulian (Medium / SemiWashed): 550g (55%) | Java Sindoro (Dark / Washed): 300g (30%) | Java Puntang (Dark / SemiWashed): 150g (15%) | total: 1000g,Versatile for Espresso & Filter
S-AUT-141,Autumn,Seasonal Blend,Volcano Autumn Chapter,Solok Radjo Dark Anaerobic 60% | Sidikalang Dark SemiWashed 25% | Lintong Onan Medium Anaerobic 15%,Dark,"Karakter earthy yang menenangkan, blend warm ini memadukan biji-biji terbaik dari Solok Radjo dan Sidikalang dan Lintong Onan. Diproses dengan metode SemiWashed & Anaerobic, menghadirkan profil rasa dark rum, smoke, tamarind yang kompleks namun harmonis. Sebuah perpaduan yang dirancang untuk memuaskan selera pecinta kopi sejati.",Thick,Solok Radjo (Dark / Anaerobic): 600g (60%) | Sidikalang (Dark / SemiWashed): 250g (25%) | Lintong Onan (Medium / Anaerobic): 150g (15%) | total: 1000g,Cocok untuk Cold Brew
S-AUT-142,Autumn,Seasonal Blend,Sacred Autumn Estate,Wanoja Kamojang Medium Wine 70% | Sembalun Rinjani Light Wine 30%,Medium,"Hangat seperti senja musim gugur, blend caramelized ini memadukan biji-biji terbaik dari Wanoja Kamojang dan Sembalun Rinjani. Diproses dengan metode Wine, menghadirkan profil rasa dark cherry, blackcurrant, plum yang kompleks namun harmonis. Sebuah perpaduan yang dirancang untuk memuaskan selera pecinta kopi sejati.",Round,Wanoja Kamojang (Medium / Wine): 700g (70%) | Sembalun Rinjani (Light / Wine): 300g (30%) | total: 1000g,Cocok untuk French Press & Espresso
S-AUT-143,Autumn,Seasonal Blend,Ritual Autumn Story,Mandheling Medium Natural 45% | Arjuno Dark Honey 55%,Dark,"Aroma karamel dan rempah yang khas, blend rustic ini memadukan biji-biji terbaik dari Mandheling dan Arjuno. Diproses dengan metode Honey & Natural, menghadirkan profil rasa dark chocolate, dried fig, prune yang kompleks namun harmonis. Sebuah perpaduan yang dirancang untuk memuaskan selera pecinta kopi sejati.",Syrupy,Mandheling (Medium / Natural): 450g (45%) | Arjuno (Dark / Honey): 550g (55%) | total: 1000g,Best for Batch Brew
S-AUT-144,Autumn,Seasonal Blend,Primal Autumn Collection,Temanggung Dark Anaerobic 40% | Aceh Gayo Medium SemiWashed 60%,Medium,"Hangat seperti senja musim gugur, blend mellow ini memadukan biji-biji terbaik dari Temanggung dan Aceh Gayo. Diproses dengan metode SemiWashed & Anaerobic, menghadirkan profil rasa smoke, roasted nut, apricot jam yang kompleks namun harmonis. Sebuah perpaduan yang dirancang untuk memuaskan selera pecinta kopi sejati.",Velvety,Temanggung (Dark / Anaerobic): 400g (40%) | Aceh Gayo (Medium / SemiWashed): 600g (60%) | total: 1000g,Cocok untuk French Press & Espresso
S-AUT-145,Autumn,Seasonal Blend,Serenity Autumn Estate,Lampung Robusta Premium Dark WetHulled 60% | Sembalun Rinjani Light Washed 40%,Medium,"Kaya rasa dengan kedalaman yang tak tertandingi, blend mellow ini memadukan biji-biji terbaik dari Lampung Robusta Premium dan Sembalun Rinjani. Diproses dengan metode Washed & WetHulled, menghadirkan profil rasa dark tobacco, green tea, jasmine yang kompleks namun harmonis. Sebuah perpaduan yang dirancang untuk memuaskan selera pecinta kopi sejati.",Round,Lampung Robusta Premium (Dark / WetHulled): 600g (60%) | Sembalun Rinjani (Light / Washed): 400g (40%) | total: 1000g,Cocok untuk French Press & Espresso
S-AUT-146,Autumn,Seasonal Blend,Golden Autumn Reserve,Wanoja Kamojang Medium WetHulled 45% | Lintong Onan Dark Natural 55%,Dark,"Aroma karamel dan rempah yang khas, blend warm ini memadukan biji-biji terbaik dari Wanoja Kamojang dan Lintong Onan. Diproses dengan metode WetHulled & Natural, menghadirkan profil rasa tobacco, mushroom, licorice yang kompleks namun harmonis. Sebuah perpaduan yang dirancang untuk memuaskan selera pecinta kopi sejati.",Full Body,Wanoja Kamojang (Medium / WetHulled): 450g (45%) | Lintong Onan (Dark / Natural): 550g (55%) | total: 1000g,Cocok untuk Cold Brew
S-AUT-147,Autumn,Seasonal Blend,Copper Autumn Story,Bukit Barisan Dark SemiWashed 45% | Bali Ulian Medium Wine 35% | Semeru Medium SemiWashed 20%,Medium,"Kaya rasa dengan kedalaman yang tak tertandingi, blend rustic ini memadukan biji-biji terbaik dari Bukit Barisan dan Bali Ulian dan Semeru. Diproses dengan metode SemiWashed & Wine, menghadirkan profil rasa apricot jam, intense spice, dark caramel yang kompleks namun harmonis. Sebuah perpaduan yang dirancang untuk memuaskan selera pecinta kopi sejati.",Smooth,Bukit Barisan (Dark / SemiWashed): 450g (45%) | Bali Ulian (Medium / Wine): 350g (35%) | Semeru (Medium / SemiWashed): 200g (20%) | total: 1000g,Best for Moka Pot
S-AUT-148,Autumn,Seasonal Blend,Midnight Autumn Spring,Java Preanger Light Natural 50% | Mandheling Light Washed 50%,Light,"Kaya rasa dengan kedalaman yang tak tertandingi, blend warm ini memadukan biji-biji terbaik dari Java Preanger dan Mandheling. Diproses dengan metode Washed & Natural, menghadirkan profil rasa green tea, hibiscus, citrus yang kompleks namun harmonis. Sebuah perpaduan yang dirancang untuk memuaskan selera pecinta kopi sejati.",Delicate,Java Preanger (Light / Natural): 500g (50%) | Mandheling (Light / Washed): 500g (50%) | total: 1000g,Ideal for Chemex
S-AUT-149,Autumn,Seasonal Blend,Volcano Autumn Fusion,Java Preanger Dark Honey 50% | Sembalun Rinjani Light Wine 25% | Java Temanggung Light SemiWashed 25%,Medium,"Aroma karamel dan rempah yang khas, blend warm ini memadukan biji-biji terbaik dari Java Preanger dan Sembalun Rinjani dan Java Temanggung. Diproses dengan metode SemiWashed & Honey, menghadirkan profil rasa smoked almond, oolong tea, blackcurrant yang kompleks namun harmonis. Sebuah perpaduan yang dirancang untuk memuaskan selera pecinta kopi sejati.",Smooth,Java Preanger (Dark / Honey): 500g (50%) | Sembalun Rinjani (Light / Wine): 250g (25%) | Java Temanggung (Light / SemiWashed): 250g (25%) | total: 1000g,Cocok untuk French Press & Espresso
S-AUT-150,Autumn,Seasonal Blend,Serenity Autumn Spring,Java Puntang Medium WetHulled 60% | Lintong Onan Dark Washed 40%,Medium,"Kaya rasa dengan kedalaman yang tak tertandingi, blend mellow ini memadukan biji-biji terbaik dari Java Puntang dan Lintong Onan. Diproses dengan metode Washed & WetHulled, menghadirkan profil rasa molasses, earthy, tobacco yang kompleks namun harmonis. Sebuah perpaduan yang dirancang untuk memuaskan selera pecinta kopi sejati.",Round,Java Puntang (Medium / WetHulled): 600g (60%) | Lintong Onan (Dark / Washed): 400g (40%) | total: 1000g,Best for Moka Pot
S-AUT-151,Autumn,Seasonal Blend,Dawn Autumn Journey,Dampit Malang Dark Honey 60% | Bukit Barisan Medium Wine 25% | Bali Kintamani Dark Anaerobic 15%,Dark,"Hangat seperti senja musim gugur, blend golden ini memadukan biji-biji terbaik dari Dampit Malang dan Bukit Barisan dan Bali Kintamani. Diproses dengan metode Honey & Wine, menghadirkan profil rasa balsamic, fermented cocoa, smoke yang kompleks namun harmonis. Sebuah perpaduan yang dirancang untuk memuaskan selera pecinta kopi sejati.",Bold,Dampit Malang (Dark / Honey): 600g (60%) | Bukit Barisan (Medium / Wine): 250g (25%) | Bali Kintamani (Dark / Anaerobic): 150g (15%) | total: 1000g,Ideal untuk Ristretto
S-AUT-152,Autumn,Seasonal Blend,Ritual Autumn Reserve,Sembalun Rinjani Light WetHulled 40% | Java Manglayang Medium Washed 60%,Light,"Kaya rasa dengan kedalaman yang tak tertandingi, blend golden ini memadukan biji-biji terbaik dari Sembalun Rinjani dan Java Manglayang. Diproses dengan metode Washed & WetHulled, menghadirkan profil rasa caramel, lime, milk chocolate yang kompleks namun harmonis. Sebuah perpaduan yang dirancang untuk memuaskan selera pecinta kopi sejati.",Clean,Sembalun Rinjani (Light / WetHulled): 400g (40%) | Java Manglayang (Medium / Washed): 600g (60%) | total: 1000g,Ideal for Chemex
S-AUT-153,Autumn,Seasonal Blend,Ember Autumn Ridge,Java Puntang Light Anaerobic 55% | Bali Ulian Medium Natural 30% | Java Ciwidey Dark Wine 15%,Light,"Kaya rasa dengan kedalaman yang tak tertandingi, blend mellow ini memadukan biji-biji terbaik dari Java Puntang dan Bali Ulian dan Java Ciwidey. Diproses dengan metode Wine & Natural, menghadirkan profil rasa cola, prune, berry jam yang kompleks namun harmonis. Sebuah perpaduan yang dirancang untuk memuaskan selera pecinta kopi sejati.",Clean,Java Puntang (Light / Anaerobic): 550g (55%) | Bali Ulian (Medium / Natural): 300g (30%) | Java Ciwidey (Dark / Wine): 150g (15%) | total: 1000g,Ideal for Chemex
S-AUT-154,Autumn,Seasonal Blend,Amber Autumn Journey,Java Preanger Medium Anaerobic 50% | Bengkulu Dark WetHulled 25% | Flores Bajawa Dark Anaerobic 25%,Dark,"Hangat seperti senja musim gugur, blend rustic ini memadukan biji-biji terbaik dari Java Preanger dan Bengkulu dan Flores Bajawa. Diproses dengan metode WetHulled & Anaerobic, menghadirkan profil rasa dark rum, dark tobacco, intense earth yang kompleks namun harmonis. Sebuah perpaduan yang dirancang untuk memuaskan selera pecinta kopi sejati.",Full Body,Java Preanger (Medium / Anaerobic): 500g (50%) | Bengkulu (Dark / WetHulled): 250g (25%) | Flores Bajawa (Dark / Anaerobic): 250g (25%) | total: 1000g,Best for Espresso
S-AUT-155,Autumn,Seasonal Blend,Volcano Autumn Edition,Sidikalang Dark Anaerobic 70% | Sembalun Rinjani Dark WetHulled 30%,Dark,"Hangat seperti senja musim gugur, blend rustic ini memadukan biji-biji terbaik dari Sidikalang dan Sembalun Rinjani. Diproses dengan metode WetHulled & Anaerobic, menghadirkan profil rasa intense earth, clove, smoke yang kompleks namun harmonis. Sebuah perpaduan yang dirancang untuk memuaskan selera pecinta kopi sejati.",Full Body,Sidikalang (Dark / Anaerobic): 700g (70%) | Sembalun Rinjani (Dark / WetHulled): 300g (30%) | total: 1000g,Ideal untuk Ristretto
S-AUT-156,Autumn,Seasonal Blend,Ember Autumn Chapter,Java Sindoro Dark Washed 45% | Dampit Malang Dark Anaerobic 55%,Dark,"Karakter earthy yang menenangkan, blend caramelized ini memadukan biji-biji terbaik dari Java Sindoro dan Dampit Malang. Diproses dengan metode Washed & Anaerobic, menghadirkan profil rasa dark rum, black cherry, molasses yang kompleks namun harmonis. Sebuah perpaduan yang dirancang untuk memuaskan selera pecinta kopi sejati.",Bold,Java Sindoro (Dark / Washed): 450g (45%) | Dampit Malang (Dark / Anaerobic): 550g (55%) | total: 1000g,Cocok untuk Cold Brew
S-AUT-157,Autumn,Seasonal Blend,Celestial Autumn Peak,Wanoja Kamojang Dark Honey 50% | Bali Kintamani Medium Wine 25% | Semeru Light Honey 25%,Medium,"Kaya rasa dengan kedalaman yang tak tertandingi, blend rustic ini memadukan biji-biji terbaik dari Wanoja Kamojang dan Bali Kintamani dan Semeru. Diproses dengan metode Honey & Wine, menghadirkan profil rasa balsamic, roasted grape, dark sugar yang kompleks namun harmonis. Sebuah perpaduan yang dirancang untuk memuaskan selera pecinta kopi sejati.",Velvety,Wanoja Kamojang (Dark / Honey): 500g (50%) | Bali Kintamani (Medium / Wine): 250g (25%) | Semeru (Light / Honey): 250g (25%) | total: 1000g,Best for Moka Pot
S-AUT-158,Autumn,Seasonal Blend,Sunrise Autumn Origin,Bali Ulian Dark WetHulled 60% | Gunung Halu Light SemiWashed 40%,Medium,"Karakter earthy yang menenangkan, blend caramelized ini memadukan biji-biji terbaik dari Bali Ulian dan Gunung Halu. Diproses dengan metode SemiWashed & WetHulled, menghadirkan profil rasa light caramel, papaya, clove yang kompleks namun harmonis. Sebuah perpaduan yang dirancang untuk memuaskan selera pecinta kopi sejati.",Medium Body,Bali Ulian (Dark / WetHulled): 600g (60%) | Gunung Halu (Light / SemiWashed): 400g (40%) | total: 1000g,Cocok untuk French Press & Espresso
S-AUT-159,Autumn,Seasonal Blend,Bronze Autumn Craft,Kerinci Kayu Aro Dark SemiWashed 50% | Lintong Onan Light Natural 25% | Gunung Halu Medium WetHulled 25%,Medium,"Aroma karamel dan rempah yang khas, blend earthy ini memadukan biji-biji terbaik dari Kerinci Kayu Aro dan Lintong Onan dan Gunung Halu. Diproses dengan metode SemiWashed & WetHulled, menghadirkan profil rasa dark caramel, roasted grain, hibiscus yang kompleks namun harmonis. Sebuah perpaduan yang dirancang untuk memuaskan selera pecinta kopi sejati.",Velvety,Kerinci Kayu Aro (Dark / SemiWashed): 500g (50%) | Lintong Onan (Light / Natural): 250g (25%) | Gunung Halu (Medium / WetHulled): 250g (25%) | total: 1000g,Best for Moka Pot
S-AUT-160,Autumn,Seasonal Blend,Sacred Autumn Crest,Mandheling Light SemiWashed 45% | Java Sindoro Dark SemiWashed 55%,Medium,"Kaya rasa dengan kedalaman yang tak tertandingi, blend earthy ini memadukan biji-biji terbaik dari Mandheling dan Java Sindoro. Diproses dengan metode SemiWashed, menghadirkan profil rasa intense spice, mandarin, papaya yang kompleks namun harmonis. Sebuah perpaduan yang dirancang untuk memuaskan selera pecinta kopi sejati.",Balanced,Mandheling (Light / SemiWashed): 450g (45%) | Java Sindoro (Dark / SemiWashed): 550g (55%) | total: 1000g,Cocok untuk French Press & Espresso
S-AUT-161,Autumn,Seasonal Blend,Celestial Autumn Craft,Java Sindoro Light Honey 55% | Solok Radjo Dark Washed 30% | Papua Dogiyai Dark Honey 15%,Medium,"Aroma karamel dan rempah yang khas, blend caramelized ini memadukan biji-biji terbaik dari Java Sindoro dan Solok Radjo dan Papua Dogiyai. Diproses dengan metode Washed & Honey, menghadirkan profil rasa molasses, bitter chocolate, dark sugar yang kompleks namun harmonis. Sebuah perpaduan yang dirancang untuk memuaskan selera pecinta kopi sejati.",Smooth,Java Sindoro (Light / Honey): 550g (55%) | Solok Radjo (Dark / Washed): 300g (30%) | Papua Dogiyai (Dark / Honey): 150g (15%) | total: 1000g,Cocok untuk French Press & Espresso
S-AUT-162,Autumn,Seasonal Blend,Velvet Autumn Edition,Temanggung Light WetHulled 45% | Java Ijen Raung Light Wine 55%,Light,"Karakter earthy yang menenangkan, blend warm ini memadukan biji-biji terbaik dari Temanggung dan Java Ijen Raung. Diproses dengan metode Wine & WetHulled, menghadirkan profil rasa cedar, lime, plum yang kompleks namun harmonis. Sebuah perpaduan yang dirancang untuk memuaskan selera pecinta kopi sejati.",Clean,Temanggung (Light / WetHulled): 450g (45%) | Java Ijen Raung (Light / Wine): 550g (55%) | total: 1000g,Ideal for Chemex
S-AUT-163,Autumn,Seasonal Blend,Volcano Autumn Story,Semeru Dark Washed 55% | Arjuno Dark Natural 45%,Dark,"Kaya rasa dengan kedalaman yang tak tertandingi, blend mellow ini memadukan biji-biji terbaik dari Semeru dan Arjuno. Diproses dengan metode Washed & Natural, menghadirkan profil rasa tar, licorice, molasses yang kompleks namun harmonis. Sebuah perpaduan yang dirancang untuk memuaskan selera pecinta kopi sejati.",Heavy Body,Semeru (Dark / Washed): 550g (55%) | Arjuno (Dark / Natural): 450g (45%) | total: 1000g,Best for Espresso
S-AUT-164,Autumn,Seasonal Blend,Midnight Autumn Journey,Toraja Kalosi Dark Wine 40% | Java Garut Medium SemiWashed 35% | Java Puntang Medium WetHulled 25%,Medium,"Karakter earthy yang menenangkan, blend earthy ini memadukan biji-biji terbaik dari Toraja Kalosi dan Java Garut dan Java Puntang. Diproses dengan metode SemiWashed & Wine, menghadirkan profil rasa dark espresso, woody, leather yang kompleks namun harmonis. Sebuah perpaduan yang dirancang untuk memuaskan selera pecinta kopi sejati.",Round,Toraja Kalosi (Dark / Wine): 400g (40%) | Java Garut (Medium / SemiWashed): 350g (35%) | Java Puntang (Medium / WetHulled): 250g (25%) | total: 1000g,Cocok untuk French Press & Espresso
S-AUT-165,Autumn,Seasonal Blend,Sacred Autumn Story,Java Manglayang Light WetHulled 60% | Java Puntang Dark Washed 40%,Medium,"Aroma karamel dan rempah yang khas, blend earthy ini memadukan biji-biji terbaik dari Java Manglayang dan Java Puntang. Diproses dengan metode Washed & WetHulled, menghadirkan profil rasa herb, lime, dark roast yang kompleks namun harmonis. Sebuah perpaduan yang dirancang untuk memuaskan selera pecinta kopi sejati.",Medium Body,Java Manglayang (Light / WetHulled): 600g (60%) | Java Puntang (Dark / Washed): 400g (40%) | total: 1000g,Versatile for Espresso & Filter
S-AUT-166,Autumn,Seasonal Blend,Sacred Autumn Select,Java Manglayang Dark Natural 55% | Dampit Malang Light Wine 45%,Medium,"Aroma karamel dan rempah yang khas, blend warm ini memadukan biji-biji terbaik dari Java Manglayang dan Dampit Malang. Diproses dengan metode Wine & Natural, menghadirkan profil rasa wine, licorice, dark cherry yang kompleks namun harmonis. Sebuah perpaduan yang dirancang untuk memuaskan selera pecinta kopi sejati.",Smooth,Java Manglayang (Dark / Natural): 550g (55%) | Dampit Malang (Light / Wine): 450g (45%) | total: 1000g,Versatile for Espresso & Filter
S-AUT-167,Autumn,Seasonal Blend,Timeless Autumn Signature,Java Preanger Medium Wine 50% | Lampung Robusta Premium Medium Anaerobic 50%,Medium,"Kaya rasa dengan kedalaman yang tak tertandingi, blend mellow ini memadukan biji-biji terbaik dari Java Preanger dan Lampung Robusta Premium. Diproses dengan metode Wine & Anaerobic, menghadirkan profil rasa balsamic, tropical punch, espresso yang kompleks namun harmonis. Sebuah perpaduan yang dirancang untuk memuaskan selera pecinta kopi sejati.",Smooth,Java Preanger (Medium / Wine): 500g (50%) | Lampung Robusta Premium (Medium / Anaerobic): 500g (50%) | total: 1000g,Versatile for Espresso & Filter
S-AUT-168,Autumn,Seasonal Blend,Primal Autumn Blend,Java Puntang Light SemiWashed 45% | Temanggung Light Anaerobic 35% | Kerinci Kayu Aro Medium SemiWashed 20%,Light,"Kaya rasa dengan kedalaman yang tak tertandingi, blend caramelized ini memadukan biji-biji terbaik dari Java Puntang dan Temanggung dan Kerinci Kayu Aro. Diproses dengan metode SemiWashed & Anaerobic, menghadirkan profil rasa mandarin, rum raisin, apricot jam yang kompleks namun harmonis. Sebuah perpaduan yang dirancang untuk memuaskan selera pecinta kopi sejati.",Silky,Java Puntang (Light / SemiWashed): 450g (45%) | Temanggung (Light / Anaerobic): 350g (35%) | Kerinci Kayu Aro (Medium / SemiWashed): 200g (20%) | total: 1000g,Pour Over Recommended
S-AUT-169,Autumn,Seasonal Blend,Heritage Autumn Blend,Toraja Sapan Dark Natural 50% | Wanoja Kamojang Dark WetHulled 30% | Lintong Onan Dark SemiWashed 20%,Dark,"Karakter earthy yang menenangkan, blend earthy ini memadukan biji-biji terbaik dari Toraja Sapan dan Wanoja Kamojang dan Lintong Onan. Diproses dengan metode SemiWashed & WetHulled, menghadirkan profil rasa intense earth, charcoal, dark caramel yang kompleks namun harmonis. Sebuah perpaduan yang dirancang untuk memuaskan selera pecinta kopi sejati.",Heavy Body,Toraja Sapan (Dark / Natural): 500g (50%) | Wanoja Kamojang (Dark / WetHulled): 300g (30%) | Lintong Onan (Dark / SemiWashed): 200g (20%) | total: 1000g,Best for Batch Brew
S-AUT-170,Autumn,Seasonal Blend,Timeless Autumn Chapter,Papua Dogiyai Light Natural 70% | Solok Radjo Light WetHulled 30%,Light,"Kaya rasa dengan kedalaman yang tak tertandingi, blend warm ini memadukan biji-biji terbaik dari Papua Dogiyai dan Solok Radjo. Diproses dengan metode WetHulled & Natural, menghadirkan profil rasa strawberry, herb, green pepper yang kompleks namun harmonis. Sebuah perpaduan yang dirancang untuk memuaskan selera pecinta kopi sejati.",Clean,Papua Dogiyai (Light / Natural): 700g (70%) | Solok Radjo (Light / WetHulled): 300g (30%) | total: 1000g,Pour Over Recommended
S-AUT-171,Autumn,Seasonal Blend,Sunrise Autumn Collection,Java Puntang Medium WetHulled 50% | Arjuno Medium SemiWashed 25% | Bukit Barisan Light SemiWashed 25%,Medium,"Kaya rasa dengan kedalaman yang tak tertandingi, blend mellow ini memadukan biji-biji terbaik dari Java Puntang dan Arjuno dan Bukit Barisan. Diproses dengan metode SemiWashed & WetHulled, menghadirkan profil rasa light caramel, mandarin, papaya yang kompleks namun harmonis. Sebuah perpaduan yang dirancang untuk memuaskan selera pecinta kopi sejati.",Balanced,Java Puntang (Medium / WetHulled): 500g (50%) | Arjuno (Medium / SemiWashed): 250g (25%) | Bukit Barisan (Light / SemiWashed): 250g (25%) | total: 1000g,Versatile for Espresso & Filter
S-AUT-172,Autumn,Seasonal Blend,Bronze Autumn Blend,Java Ijen Raung Dark Wine 50% | Solok Radjo Medium WetHulled 30% | Papua Dogiyai Medium Anaerobic 20%,Dark,"Aroma karamel dan rempah yang khas, blend mellow ini memadukan biji-biji terbaik dari Java Ijen Raung dan Solok Radjo dan Papua Dogiyai. Diproses dengan metode Wine & WetHulled, menghadirkan profil rasa cacao nib, tamarind, dark espresso yang kompleks namun harmonis. Sebuah perpaduan yang dirancang untuk memuaskan selera pecinta kopi sejati.",Thick,Java Ijen Raung (Dark / Wine): 500g (50%) | Solok Radjo (Medium / WetHulled): 300g (30%) | Papua Dogiyai (Medium / Anaerobic): 200g (20%) | total: 1000g,Cocok untuk Cold Brew
S-AUT-173,Autumn,Seasonal Blend,Copper Autumn Craft,Bali Ulian Medium Wine 60% | Java Ciwidey Light SemiWashed 25% | Wanoja Kamojang Medium WetHulled 15%,Medium,"Karakter earthy yang menenangkan, blend warm ini memadukan biji-biji terbaik dari Bali Ulian dan Java Ciwidey dan Wanoja Kamojang. Diproses dengan metode SemiWashed & Wine, menghadirkan profil rasa papaya, mushroom, light caramel yang kompleks namun harmonis. Sebuah perpaduan yang dirancang untuk memuaskan selera pecinta kopi sejati.",Medium Body,Bali Ulian (Medium / Wine): 600g (60%) | Java Ciwidey (Light / SemiWashed): 250g (25%) | Wanoja Kamojang (Medium / WetHulled): 150g (15%) | total: 1000g,Cocok untuk French Press & Espresso
S-AUT-174,Autumn,Seasonal Blend,Celestial Autumn Collection,Java Ciwidey Dark Washed 70% | Java Manglayang Light Honey 30%,Medium,"Hangat seperti senja musim gugur, blend golden ini memadukan biji-biji terbaik dari Java Ciwidey dan Java Manglayang. Diproses dengan metode Washed & Honey, menghadirkan profil rasa smoky caramel, molasses, nectarine yang kompleks namun harmonis. Sebuah perpaduan yang dirancang untuk memuaskan selera pecinta kopi sejati.",Round,Java Ciwidey (Dark / Washed): 700g (70%) | Java Manglayang (Light / Honey): 300g (30%) | total: 1000g,Versatile for Espresso & Filter
S-AUT-175,Autumn,Seasonal Blend,Sacred Autumn Origin,Toraja Sapan Dark WetHulled 50% | Java Ijen Raung Dark Wine 25% | Dampit Malang Dark Natural 25%,Dark,"Kaya rasa dengan kedalaman yang tak tertandingi, blend golden ini memadukan biji-biji terbaik dari Toraja Sapan dan Java Ijen Raung dan Dampit Malang. Diproses dengan metode Wine & WetHulled, menghadirkan profil rasa smoked plum, dark berry, peat yang kompleks namun harmonis. Sebuah perpaduan yang dirancang untuk memuaskan selera pecinta kopi sejati.",Full Body,Toraja Sapan (Dark / WetHulled): 500g (50%) | Java Ijen Raung (Dark / Wine): 250g (25%) | Dampit Malang (Dark / Natural): 250g (25%) | total: 1000g,Best for Batch Brew
S-AUT-176,Autumn,Seasonal Blend,Midnight Autumn Origin,Lintong Onan Light Honey 50% | Arjuno Medium Washed 30% | Sembalun Rinjani Medium Natural 20%,Light,"Aroma karamel dan rempah yang khas, blend mellow ini memadukan biji-biji terbaik dari Lintong Onan dan Arjuno dan Sembalun Rinjani. Diproses dengan metode Washed & Honey, menghadirkan profil rasa honeysuckle, dried fig, almond yang kompleks namun harmonis. Sebuah perpaduan yang dirancang untuk memuaskan selera pecinta kopi sejati.",Silky,Lintong Onan (Light / Honey): 500g (50%) | Arjuno (Medium / Washed): 300g (30%) | Sembalun Rinjani (Medium / Natural): 200g (20%) | total: 1000g,Ideal for Chemex
S-AUT-177,Autumn,Seasonal Blend,Bronze Autumn Spring,Java Manglayang Dark Natural 40% | Flores Manggarai Dark Anaerobic 60%,Dark,"Aroma karamel dan rempah yang khas, blend mellow ini memadukan biji-biji terbaik dari Java Manglayang dan Flores Manggarai. Diproses dengan metode Natural & Anaerobic, menghadirkan profil rasa charcoal, black cherry, dark rum yang kompleks namun harmonis. Sebuah perpaduan yang dirancang untuk memuaskan selera pecinta kopi sejati.",Bold,Java Manglayang (Dark / Natural): 400g (40%) | Flores Manggarai (Dark / Anaerobic): 600g (60%) | total: 1000g,Cocok untuk Cold Brew
S-AUT-178,Autumn,Seasonal Blend,Ember Autumn Story,Java Garut Light WetHulled 45% | Papua Dogiyai Light Anaerobic 55%,Light,"Aroma karamel dan rempah yang khas, blend mellow ini memadukan biji-biji terbaik dari Java Garut dan Papua Dogiyai. Diproses dengan metode WetHulled & Anaerobic, menghadirkan profil rasa raspberry, green pepper, cedar yang kompleks namun harmonis. Sebuah perpaduan yang dirancang untuk memuaskan selera pecinta kopi sejati.",Delicate,Java Garut (Light / WetHulled): 450g (45%) | Papua Dogiyai (Light / Anaerobic): 550g (55%) | total: 1000g,Pour Over Recommended
S-AUT-179,Autumn,Seasonal Blend,Horizon Autumn Valley,Bali Ulian Light Honey 50% | Flores Manggarai Medium Washed 25% | Java Manglayang Medium Washed 25%,Light,"Hangat seperti senja musim gugur, blend earthy ini memadukan biji-biji terbaik dari Bali Ulian dan Flores Manggarai dan Java Manglayang. Diproses dengan metode Washed & Honey, menghadirkan profil rasa brown sugar, pear, milk chocolate yang kompleks namun harmonis. Sebuah perpaduan yang dirancang untuk memuaskan selera pecinta kopi sejati.",Clean,Bali Ulian (Light / Honey): 500g (50%) | Flores Manggarai (Medium / Washed): 250g (25%) | Java Manglayang (Medium / Washed): 250g (25%) | total: 1000g,Best for V60
S-AUT-180,Autumn,Seasonal Blend,Velvet Autumn Chapter,Toraja Sapan Dark Wine 70% | Lintong Onan Light Washed 30%,Medium,"Karakter earthy yang menenangkan, blend rustic ini memadukan biji-biji terbaik dari Toraja Sapan dan Lintong Onan. Diproses dengan metode Washed & Wine, menghadirkan profil rasa green tea, citrus, lemon zest yang kompleks namun harmonis. Sebuah perpaduan yang dirancang untuk memuaskan selera pecinta kopi sejati.",Medium Body,Toraja Sapan (Dark / Wine): 700g (70%) | Lintong Onan (Light / Washed): 300g (30%) | total: 1000g,Cocok untuk French Press & Espresso
S-AUT-181,Autumn,Seasonal Blend,Bronze Autumn Peak,Aceh Gayo Dark SemiWashed 60% | Dampit Malang Light Anaerobic 25% | Arjuno Dark Honey 15%,Dark,"Kaya rasa dengan kedalaman yang tak tertandingi, blend mellow ini memadukan biji-biji terbaik dari Aceh Gayo dan Dampit Malang dan Arjuno. Diproses dengan metode SemiWashed & Honey, menghadirkan profil rasa dark caramel, raspberry, rum raisin yang kompleks namun harmonis. Sebuah perpaduan yang dirancang untuk memuaskan selera pecinta kopi sejati.",Full Body,Aceh Gayo (Dark / SemiWashed): 600g (60%) | Dampit Malang (Light / Anaerobic): 250g (25%) | Arjuno (Dark / Honey): 150g (15%) | total: 1000g,Best for Batch Brew
S-AUT-182,Autumn,Seasonal Blend,Twilight Autumn Blend,Kerinci Kayu Aro Light Natural 65% | Gunung Halu Medium Anaerobic 35%,Light,"Karakter earthy yang menenangkan, blend warm ini memadukan biji-biji terbaik dari Kerinci Kayu Aro dan Gunung Halu. Diproses dengan metode Natural & Anaerobic, menghadirkan profil rasa tamarind, cacao nib, watermelon yang kompleks namun harmonis. Sebuah perpaduan yang dirancang untuk memuaskan selera pecinta kopi sejati.",Silky,Kerinci Kayu Aro (Light / Natural): 650g (65%) | Gunung Halu (Medium / Anaerobic): 350g (35%) | total: 1000g,Best for V60
S-AUT-183,Autumn,Seasonal Blend,Equator Autumn Series,Dampit Malang Light Wine 65% | Java Ciwidey Medium SemiWashed 35%,Light,"Kaya rasa dengan kedalaman yang tak tertandingi, blend earthy ini memadukan biji-biji terbaik dari Dampit Malang dan Java Ciwidey. Diproses dengan metode SemiWashed & Wine, menghadirkan profil rasa milk caramel, apricot jam, roasted nut yang kompleks namun harmonis. Sebuah perpaduan yang dirancang untuk memuaskan selera pecinta kopi sejati.",Delicate,Dampit Malang (Light / Wine): 650g (65%) | Java Ciwidey (Medium / SemiWashed): 350g (35%) | total: 1000g,Pour Over Recommended
S-AUT-184,Autumn,Seasonal Blend,Mystic Autumn Series,Java Garut Dark Anaerobic 40% | Bengkulu Dark Washed 60%,Dark,"Kaya rasa dengan kedalaman yang tak tertandingi, blend rustic ini memadukan biji-biji terbaik dari Java Garut dan Bengkulu. Diproses dengan metode Washed & Anaerobic, menghadirkan profil rasa black cherry, molasses, smoky caramel yang kompleks namun harmonis. Sebuah perpaduan yang dirancang untuk memuaskan selera pecinta kopi sejati.",Thick,Java Garut (Dark / Anaerobic): 400g (40%) | Bengkulu (Dark / Washed): 600g (60%) | total: 1000g,Ideal untuk Ristretto
S-AUT-185,Autumn,Seasonal Blend,Golden Autumn Ridge,Kerinci Kayu Aro Medium Honey 70% | Bali Ulian Medium Natural 30%,Medium,"Aroma karamel dan rempah yang khas, blend rustic ini memadukan biji-biji terbaik dari Kerinci Kayu Aro dan Bali Ulian. Diproses dengan metode Honey & Natural, menghadirkan profil rasa dried fig, berry jam, macadamia yang kompleks namun harmonis. Sebuah perpaduan yang dirancang untuk memuaskan selera pecinta kopi sejati.",Balanced,Kerinci Kayu Aro (Medium / Honey): 700g (70%) | Bali Ulian (Medium / Natural): 300g (30%) | total: 1000g,Cocok untuk French Press & Espresso
S-AUT-186,Autumn,Seasonal Blend,Primal Autumn Fusion,Dampit Malang Medium Washed 60% | Semeru Light Natural 40%,Light,"Aroma karamel dan rempah yang khas, blend mellow ini memadukan biji-biji terbaik dari Dampit Malang dan Semeru. Diproses dengan metode Washed & Natural, menghadirkan profil rasa blueberry, brown sugar, watermelon yang kompleks namun harmonis. Sebuah perpaduan yang dirancang untuk memuaskan selera pecinta kopi sejati.",Light Body,Dampit Malang (Medium / Washed): 600g (60%) | Semeru (Light / Natural): 400g (40%) | total: 1000g,Best for V60
S-AUT-187,Autumn,Seasonal Blend,Summit Autumn Story,Java Ciwidey Light SemiWashed 45% | Java Ijen Raung Medium Honey 55%,Light,"Karakter earthy yang menenangkan, blend golden ini memadukan biji-biji terbaik dari Java Ciwidey dan Java Ijen Raung. Diproses dengan metode SemiWashed & Honey, menghadirkan profil rasa light caramel, macadamia, oolong tea yang kompleks namun harmonis. Sebuah perpaduan yang dirancang untuk memuaskan selera pecinta kopi sejati.",Clean,Java Ciwidey (Light / SemiWashed): 450g (45%) | Java Ijen Raung (Medium / Honey): 550g (55%) | total: 1000g,Pour Over Recommended
S-AUT-188,Autumn,Seasonal Blend,Amber Autumn Blend,Bukit Barisan Dark Honey 70% | Temanggung Medium Wine 30%,Dark,"Hangat seperti senja musim gugur, blend golden ini memadukan biji-biji terbaik dari Bukit Barisan dan Temanggung. Diproses dengan metode Honey & Wine, menghadirkan profil rasa burnt caramel, dark sugar, balsamic yang kompleks namun harmonis. Sebuah perpaduan yang dirancang untuk memuaskan selera pecinta kopi sejati.",Thick,Bukit Barisan (Dark / Honey): 700g (70%) | Temanggung (Medium / Wine): 300g (30%) | total: 1000g,Ideal untuk Ristretto
S-AUT-189,Autumn,Seasonal Blend,Summit Autumn Edition,Bali Ulian Light Natural 40% | Flores Bajawa Dark Anaerobic 60%,Medium,"Hangat seperti senja musim gugur, blend mellow ini memadukan biji-biji terbaik dari Bali Ulian dan Flores Bajawa. Diproses dengan metode Natural & Anaerobic, menghadirkan profil rasa dark rum, blueberry, smoke yang kompleks namun harmonis. Sebuah perpaduan yang dirancang untuk memuaskan selera pecinta kopi sejati.",Smooth,Bali Ulian (Light / Natural): 400g (40%) | Flores Bajawa (Dark / Anaerobic): 600g (60%) | total: 1000g,Cocok untuk French Press & Espresso
S-AUT-190,Autumn,Seasonal Blend,Serenity Autumn Signature,Solok Radjo Dark Honey 50% | Java Garut Light Natural 25% | Gunung Halu Medium Anaerobic 25%,Medium,"Aroma karamel dan rempah yang khas, blend rustic ini memadukan biji-biji terbaik dari Solok Radjo dan Java Garut dan Gunung Halu. Diproses dengan metode Honey & Natural, menghadirkan profil rasa tropical fruit, hibiscus, tropical punch yang kompleks namun harmonis. Sebuah perpaduan yang dirancang untuk memuaskan selera pecinta kopi sejati.",Round,Solok Radjo (Dark / Honey): 500g (50%) | Java Garut (Light / Natural): 250g (25%) | Gunung Halu (Medium / Anaerobic): 250g (25%) | total: 1000g,Versatile for Espresso & Filter
S-AUT-191,Autumn,Seasonal Blend,Ancient Autumn Select,Bukit Barisan Light WetHulled 40% | Flores Manggarai Medium SemiWashed 35% | Solok Radjo Light Anaerobic 25%,Light,"Aroma karamel dan rempah yang khas, blend rustic ini memadukan biji-biji terbaik dari Bukit Barisan dan Flores Manggarai dan Solok Radjo. Diproses dengan metode SemiWashed & WetHulled, menghadirkan profil rasa raspberry, passion fruit, cola yang kompleks namun harmonis. Sebuah perpaduan yang dirancang untuk memuaskan selera pecinta kopi sejati.",Silky,Bukit Barisan (Light / WetHulled): 400g (40%) | Flores Manggarai (Medium / SemiWashed): 350g (35%) | Solok Radjo (Light / Anaerobic): 250g (25%) | total: 1000g,Best for V60
S-AUT-192,Autumn,Seasonal Blend,Golden Autumn Blend,Toraja Sapan Light Washed 45% | Dampit Malang Dark Natural 55%,Medium,"Aroma karamel dan rempah yang khas, blend caramelized ini memadukan biji-biji terbaik dari Toraja Sapan dan Dampit Malang. Diproses dengan metode Washed & Natural, menghadirkan profil rasa green tea, citrus, charcoal yang kompleks namun harmonis. Sebuah perpaduan yang dirancang untuk memuaskan selera pecinta kopi sejati.",Medium Body,Toraja Sapan (Light / Washed): 450g (45%) | Dampit Malang (Dark / Natural): 550g (55%) | total: 1000g,Versatile for Espresso & Filter
S-AUT-193,Autumn,Seasonal Blend,Golden Autumn Story,Bali Ulian Light Washed 60% | Semeru Dark Washed 25% | Gunung Halu Medium Anaerobic 15%,Light,"Hangat seperti senja musim gugur, blend golden ini memadukan biji-biji terbaik dari Bali Ulian dan Semeru dan Gunung Halu. Diproses dengan metode Washed & Anaerobic, menghadirkan profil rasa lemon zest, tamarind, molasses yang kompleks namun harmonis. Sebuah perpaduan yang dirancang untuk memuaskan selera pecinta kopi sejati.",Silky,Bali Ulian (Light / Washed): 600g (60%) | Semeru (Dark / Washed): 250g (25%) | Gunung Halu (Medium / Anaerobic): 150g (15%) | total: 1000g,Pour Over Recommended
S-AUT-194,Autumn,Seasonal Blend,Midnight Autumn Peak,Java Sindoro Light SemiWashed 40% | Java Garut Dark WetHulled 60%,Medium,"Hangat seperti senja musim gugur, blend warm ini memadukan biji-biji terbaik dari Java Sindoro dan Java Garut. Diproses dengan metode SemiWashed & WetHulled, menghadirkan profil rasa oolong tea, intense earth, light caramel yang kompleks namun harmonis. Sebuah perpaduan yang dirancang untuk memuaskan selera pecinta kopi sejati.",Smooth,Java Sindoro (Light / SemiWashed): 400g (40%) | Java Garut (Dark / WetHulled): 600g (60%) | total: 1000g,Cocok untuk French Press & Espresso
S-AUT-195,Autumn,Seasonal Blend,Archipelago Autumn Series,Java Garut Dark SemiWashed 55% | Java Ciwidey Medium SemiWashed 30% | Java Ijen Raung Dark WetHulled 15%,Dark,"Aroma karamel dan rempah yang khas, blend golden ini memadukan biji-biji terbaik dari Java Garut dan Java Ciwidey dan Java Ijen Raung. Diproses dengan metode SemiWashed & WetHulled, menghadirkan profil rasa peat, intense earth, intense spice yang kompleks namun harmonis. Sebuah perpaduan yang dirancang untuk memuaskan selera pecinta kopi sejati.",Thick,Java Garut (Dark / SemiWashed): 550g (55%) | Java Ciwidey (Medium / SemiWashed): 300g (30%) | Java Ijen Raung (Dark / WetHulled): 150g (15%) | total: 1000g,Best for Batch Brew
S-AUT-196,Autumn,Seasonal Blend,Celestial Autumn Series,Flores Bajawa Light SemiWashed 40% | Semeru Medium Wine 60%,Light,"Hangat seperti senja musim gugur, blend warm ini memadukan biji-biji terbaik dari Flores Bajawa dan Semeru. Diproses dengan metode SemiWashed & Wine, menghadirkan profil rasa oolong tea, dark plum, light caramel yang kompleks namun harmonis. Sebuah perpaduan yang dirancang untuk memuaskan selera pecinta kopi sejati.",Clean,Flores Bajawa (Light / SemiWashed): 400g (40%) | Semeru (Medium / Wine): 600g (60%) | total: 1000g,Ideal for Chemex
S-AUT-197,Autumn,Seasonal Blend,Twilight Autumn Journey,Java Garut Light Wine 70% | Flores Manggarai Dark Washed 30%,Light,"Aroma karamel dan rempah yang khas, blend golden ini memadukan biji-biji terbaik dari Java Garut dan Flores Manggarai. Diproses dengan metode Washed & Wine, menghadirkan profil rasa blackcurrant, bitter chocolate, molasses yang kompleks namun harmonis. Sebuah perpaduan yang dirancang untuk memuaskan selera pecinta kopi sejati.",Light Body,Java Garut (Light / Wine): 700g (70%) | Flores Manggarai (Dark / Washed): 300g (30%) | total: 1000g,Ideal for Chemex
S-AUT-198,Autumn,Seasonal Blend,Ancient Autumn Story,Wanoja Kamojang Medium Washed 50% | Flores Manggarai Medium Natural 50%,Medium,"Karakter earthy yang menenangkan, blend earthy ini memadukan biji-biji terbaik dari Wanoja Kamojang dan Flores Manggarai. Diproses dengan metode Washed & Natural, menghadirkan profil rasa milk chocolate, molasses, hazelnut yang kompleks namun harmonis. Sebuah perpaduan yang dirancang untuk memuaskan selera pecinta kopi sejati.",Medium Body,Wanoja Kamojang (Medium / Washed): 500g (50%) | Flores Manggarai (Medium / Natural): 500g (50%) | total: 1000g,Cocok untuk French Press & Espresso
S-AUT-199,Autumn,Seasonal Blend,Volcano Autumn Collection,Semeru Medium Natural 50% | Java Puntang Medium Natural 25% | Toraja Kalosi Dark SemiWashed 25%,Medium,"Karakter earthy yang menenangkan, blend golden ini memadukan biji-biji terbaik dari Semeru dan Java Puntang dan Toraja Kalosi. Diproses dengan metode SemiWashed & Natural, menghadirkan profil rasa intense spice, prune, berry jam yang kompleks namun harmonis. Sebuah perpaduan yang dirancang untuk memuaskan selera pecinta kopi sejati.",Velvety,Semeru (Medium / Natural): 500g (50%) | Java Puntang (Medium / Natural): 250g (25%) | Toraja Kalosi (Dark / SemiWashed): 250g (25%) | total: 1000g,Best for Moka Pot
S-AUT-200,Autumn,Seasonal Blend,Silk Autumn Craft,Sidikalang Light SemiWashed 55% | Solok Radjo Light Anaerobic 30% | Semeru Dark Anaerobic 15%,Light,"Karakter earthy yang menenangkan, blend golden ini memadukan biji-biji terbaik dari Sidikalang dan Solok Radjo dan Semeru. Diproses dengan metode SemiWashed & Anaerobic, menghadirkan profil rasa cola, raspberry, papaya yang kompleks namun harmonis. Sebuah perpaduan yang dirancang untuk memuaskan selera pecinta kopi sejati.",Clean,Sidikalang (Light / SemiWashed): 550g (55%) | Solok Radjo (Light / Anaerobic): 300g (30%) | Semeru (Dark / Anaerobic): 150g (15%) | total: 1000g,Ideal for Chemex
S-AUT-201,Autumn,Speciality Blend,Benchmark Autumn Blend,Toraja Sapan Dark Anaerobic 40% | Papua Dogiyai Dark Anaerobic 60%,Dark,"Aroma karamel dan rempah yang khas, blend earthy ini memadukan biji-biji terbaik dari Toraja Sapan dan Papua Dogiyai. Diproses dengan metode Anaerobic, menghadirkan profil rasa dark rum, fermented cocoa, black cherry yang kompleks namun harmonis. Sebuah perpaduan yang dirancang untuk memuaskan selera pecinta kopi sejati.",Thick,Toraja Sapan (Dark / Anaerobic): 400g (40%) | Papua Dogiyai (Dark / Anaerobic): 600g (60%) | total: 1000g,Best for Espresso
S-AUT-202,Autumn,Speciality Blend,Paragon Autumn Crest,Java Sindoro Light Anaerobic 60% | Flores Manggarai Light Anaerobic 25% | Aceh Gayo Medium Wine 15%,Light,"Hangat seperti senja musim gugur, blend caramelized ini memadukan biji-biji terbaik dari Java Sindoro dan Flores Manggarai dan Aceh Gayo. Diproses dengan metode Wine & Anaerobic, menghadirkan profil rasa cola, lychee, espresso yang kompleks namun harmonis. Sebuah perpaduan yang dirancang untuk memuaskan selera pecinta kopi sejati.",Tea-like,Java Sindoro (Light / Anaerobic): 600g (60%) | Flores Manggarai (Light / Anaerobic): 250g (25%) | Aceh Gayo (Medium / Wine): 150g (15%) | total: 1000g,Ideal for Chemex
S-AUT-203,Autumn,Speciality Blend,Distinguished Autumn Journey,Papua Dogiyai Dark Wine 50% | Java Manglayang Dark Wine 25% | Java Puntang Medium Natural 25%,Dark,"Karakter earthy yang menenangkan, blend mellow ini memadukan biji-biji terbaik dari Papua Dogiyai dan Java Manglayang dan Java Puntang. Diproses dengan metode Wine & Natural, menghadirkan profil rasa aged wine, tobacco, smoked plum yang kompleks namun harmonis. Sebuah perpaduan yang dirancang untuk memuaskan selera pecinta kopi sejati.",Full Body,Papua Dogiyai (Dark / Wine): 500g (50%) | Java Manglayang (Dark / Wine): 250g (25%) | Java Puntang (Medium / Natural): 250g (25%) | total: 1000g,Cocok untuk Cold Brew
S-AUT-204,Autumn,Speciality Blend,Paragon Autumn Select,Toraja Sapan Light Wine 55% | Java Puntang Dark Natural 30% | Aceh Gayo Dark Anaerobic 15%,Medium,"Kaya rasa dengan kedalaman yang tak tertandingi, blend caramelized ini memadukan biji-biji terbaik dari Toraja Sapan dan Java Puntang dan Aceh Gayo. Diproses dengan metode Wine & Natural, menghadirkan profil rasa espresso, fermented cocoa, dark berry yang kompleks namun harmonis. Sebuah perpaduan yang dirancang untuk memuaskan selera pecinta kopi sejati.",Smooth,Toraja Sapan (Light / Wine): 550g (55%) | Java Puntang (Dark / Natural): 300g (30%) | Aceh Gayo (Dark / Anaerobic): 150g (15%) | total: 1000g,Cocok untuk French Press & Espresso
S-AUT-205,Autumn,Speciality Blend,Premier Autumn Valley,Toraja Kalosi Light Anaerobic 50% | Java Manglayang Medium Wine 25% | Arjuno Dark Anaerobic 25%,Medium,"Karakter earthy yang menenangkan, blend rustic ini memadukan biji-biji terbaik dari Toraja Kalosi dan Java Manglayang dan Arjuno. Diproses dengan metode Wine & Anaerobic, menghadirkan profil rasa port wine, cola, fermented cocoa yang kompleks namun harmonis. Sebuah perpaduan yang dirancang untuk memuaskan selera pecinta kopi sejati.",Round,Toraja Kalosi (Light / Anaerobic): 500g (50%) | Java Manglayang (Medium / Wine): 250g (25%) | Arjuno (Dark / Anaerobic): 250g (25%) | total: 1000g,Versatile for Espresso & Filter
S-AUT-206,Autumn,Speciality Blend,Grand Autumn Legacy,Java Ijen Raung Medium Wine 45% | Java Manglayang Light Natural 35% | Java Puntang Medium Natural 20%,Light,"Karakter earthy yang menenangkan, blend golden ini memadukan biji-biji terbaik dari Java Ijen Raung dan Java Manglayang dan Java Puntang. Diproses dengan metode Wine & Natural, menghadirkan profil rasa port wine, molasses, roasted grape yang kompleks namun harmonis. Sebuah perpaduan yang dirancang untuk memuaskan selera pecinta kopi sejati.",Light Body,Java Ijen Raung (Medium / Wine): 450g (45%) | Java Manglayang (Light / Natural): 350g (35%) | Java Puntang (Medium / Natural): 200g (20%) | total: 1000g,Best for V60
S-AUT-207,Autumn,Speciality Blend,Luxe Autumn Fusion,Toraja Sapan Light Natural 45% | Lintong Onan Dark Natural 35% | Sembalun Rinjani Dark Natural 20%,Medium,"Kaya rasa dengan kedalaman yang tak tertandingi, blend earthy ini memadukan biji-biji terbaik dari Toraja Sapan dan Lintong Onan dan Sembalun Rinjani. Diproses dengan metode Natural, menghadirkan profil rasa tar, watermelon, strawberry yang kompleks namun harmonis. Sebuah perpaduan yang dirancang untuk memuaskan selera pecinta kopi sejati.",Round,Toraja Sapan (Light / Natural): 450g (45%) | Lintong Onan (Dark / Natural): 350g (35%) | Sembalun Rinjani (Dark / Natural): 200g (20%) | total: 1000g,Best for Moka Pot
S-AUT-208,Autumn,Speciality Blend,Paragon Autumn Collection,Java Puntang Light Wine 50% | Lintong Onan Light Natural 30% | Toraja Kalosi Medium Wine 20%,Light,"Kaya rasa dengan kedalaman yang tak tertandingi, blend warm ini memadukan biji-biji terbaik dari Java Puntang dan Lintong Onan dan Toraja Kalosi. Diproses dengan metode Wine & Natural, menghadirkan profil rasa balsamic, watermelon, wine yang kompleks namun harmonis. Sebuah perpaduan yang dirancang untuk memuaskan selera pecinta kopi sejati.",Silky,Java Puntang (Light / Wine): 500g (50%) | Lintong Onan (Light / Natural): 300g (30%) | Toraja Kalosi (Medium / Wine): 200g (20%) | total: 1000g,Cocok untuk AeroPress
S-AUT-209,Autumn,Speciality Blend,Crown Autumn Peak,Mandheling Dark Wine 40% | Temanggung Light Anaerobic 60%,Medium,"Karakter earthy yang menenangkan, blend warm ini memadukan biji-biji terbaik dari Mandheling dan Temanggung. Diproses dengan metode Wine & Anaerobic, menghadirkan profil rasa dark espresso, raspberry, smoked plum yang kompleks namun harmonis. Sebuah perpaduan yang dirancang untuk memuaskan selera pecinta kopi sejati.",Medium Body,Mandheling (Dark / Wine): 400g (40%) | Temanggung (Light / Anaerobic): 600g (60%) | total: 1000g,Versatile for Espresso & Filter
S-AUT-210,Autumn,Speciality Blend,Opulent Autumn Signature,Arjuno Light Wine 60% | Toraja Kalosi Light Wine 40%,Light,"Aroma karamel dan rempah yang khas, blend earthy ini memadukan biji-biji terbaik dari Arjuno dan Toraja Kalosi. Diproses dengan metode Wine, menghadirkan profil rasa plum, wine, dark cherry yang kompleks namun harmonis. Sebuah perpaduan yang dirancang untuk memuaskan selera pecinta kopi sejati.",Clean,Arjuno (Light / Wine): 600g (60%) | Toraja Kalosi (Light / Wine): 400g (40%) | total: 1000g,Best for V60
S-AUT-211,Autumn,Speciality Blend,Opulent Autumn Select,Lampung Robusta Premium Medium Natural 40% | Dampit Malang Light Wine 35% | Java Ciwidey Medium Anaerobic 25%,Light,"Kaya rasa dengan kedalaman yang tak tertandingi, blend warm ini memadukan biji-biji terbaik dari Lampung Robusta Premium dan Dampit Malang dan Java Ciwidey. Diproses dengan metode Wine & Natural, menghadirkan profil rasa blackcurrant, cacao nib, dark cherry yang kompleks namun harmonis. Sebuah perpaduan yang dirancang untuk memuaskan selera pecinta kopi sejati.",Delicate,Lampung Robusta Premium (Medium / Natural): 400g (40%) | Dampit Malang (Light / Wine): 350g (35%) | Java Ciwidey (Medium / Anaerobic): 250g (25%) | total: 1000g,Best for V60
S-AUT-212,Autumn,Speciality Blend,Pinnacle Autumn Origin,Flores Manggarai Dark Anaerobic 45% | Java Preanger Light Natural 55%,Medium,"Hangat seperti senja musim gugur, blend rustic ini memadukan biji-biji terbaik dari Flores Manggarai dan Java Preanger. Diproses dengan metode Natural & Anaerobic, menghadirkan profil rasa strawberry, smoke, blueberry yang kompleks namun harmonis. Sebuah perpaduan yang dirancang untuk memuaskan selera pecinta kopi sejati.",Medium Body,Flores Manggarai (Dark / Anaerobic): 450g (45%) | Java Preanger (Light / Natural): 550g (55%) | total: 1000g,Cocok untuk French Press & Espresso
S-AUT-213,Autumn,Speciality Blend,Opulent Autumn Crest,Bukit Barisan Dark Wine 60% | Sembalun Rinjani Medium Anaerobic 40%,Dark,"Kaya rasa dengan kedalaman yang tak tertandingi, blend earthy ini memadukan biji-biji terbaik dari Bukit Barisan dan Sembalun Rinjani. Diproses dengan metode Wine & Anaerobic, menghadirkan profil rasa smoked plum, aged wine, tropical punch yang kompleks namun harmonis. Sebuah perpaduan yang dirancang untuk memuaskan selera pecinta kopi sejati.",Full Body,Bukit Barisan (Dark / Wine): 600g (60%) | Sembalun Rinjani (Medium / Anaerobic): 400g (40%) | total: 1000g,Best for Batch Brew
S-AUT-214,Autumn,Speciality Blend,Quintessential Autumn Estate,Java Ijen Raung Medium Wine 55% | Java Temanggung Light Wine 45%,Light,"Hangat seperti senja musim gugur, blend caramelized ini memadukan biji-biji terbaik dari Java Ijen Raung dan Java Temanggung. Diproses dengan metode Wine, menghadirkan profil rasa blackcurrant, port wine, plum yang kompleks namun harmonis. Sebuah perpaduan yang dirancang untuk memuaskan selera pecinta kopi sejati.",Tea-like,Java Ijen Raung (Medium / Wine): 550g (55%) | Java Temanggung (Light / Wine): 450g (45%) | total: 1000g,Ideal for Chemex
S-AUT-215,Autumn,Speciality Blend,Pinnacle Autumn Estate,Sidikalang Medium Anaerobic 50% | Sembalun Rinjani Medium Wine 30% | Java Ciwidey Medium Natural 20%,Medium,"Hangat seperti senja musim gugur, blend earthy ini memadukan biji-biji terbaik dari Sidikalang dan Sembalun Rinjani dan Java Ciwidey. Diproses dengan metode Wine & Natural, menghadirkan profil rasa dark chocolate, dried fig, cacao nib yang kompleks namun harmonis. Sebuah perpaduan yang dirancang untuk memuaskan selera pecinta kopi sejati.",Smooth,Sidikalang (Medium / Anaerobic): 500g (50%) | Sembalun Rinjani (Medium / Wine): 300g (30%) | Java Ciwidey (Medium / Natural): 200g (20%) | total: 1000g,Versatile for Espresso & Filter
S-AUT-216,Autumn,Speciality Blend,Ultra Autumn Fusion,Aceh Gayo Light Anaerobic 45% | Toraja Sapan Dark Natural 35% | Java Ijen Raung Medium Natural 20%,Medium,"Karakter earthy yang menenangkan, blend earthy ini memadukan biji-biji terbaik dari Aceh Gayo dan Toraja Sapan dan Java Ijen Raung. Diproses dengan metode Natural & Anaerobic, menghadirkan profil rasa cola, lychee, tar yang kompleks namun harmonis. Sebuah perpaduan yang dirancang untuk memuaskan selera pecinta kopi sejati.",Smooth,Aceh Gayo (Light / Anaerobic): 450g (45%) | Toraja Sapan (Dark / Natural): 350g (35%) | Java Ijen Raung (Medium / Natural): 200g (20%) | total: 1000g,Versatile for Espresso & Filter
S-AUT-217,Autumn,Speciality Blend,Imperial Autumn Journey,Sembalun Rinjani Light Natural 55% | Lampung Robusta Premium Light Anaerobic 45%,Light,"Karakter earthy yang menenangkan, blend mellow ini memadukan biji-biji terbaik dari Sembalun Rinjani dan Lampung Robusta Premium. Diproses dengan metode Natural & Anaerobic, menghadirkan profil rasa strawberry, blueberry, rum raisin yang kompleks namun harmonis. Sebuah perpaduan yang dirancang untuk memuaskan selera pecinta kopi sejati.",Delicate,Sembalun Rinjani (Light / Natural): 550g (55%) | Lampung Robusta Premium (Light / Anaerobic): 450g (45%) | total: 1000g,Pour Over Recommended
S-AUT-218,Autumn,Speciality Blend,Luxe Autumn Signature,Java Sindoro Medium Natural 40% | Bali Ulian Dark Wine 60%,Dark,"Hangat seperti senja musim gugur, blend mellow ini memadukan biji-biji terbaik dari Java Sindoro dan Bali Ulian. Diproses dengan metode Wine & Natural, menghadirkan profil rasa prune, molasses, smoked plum yang kompleks namun harmonis. Sebuah perpaduan yang dirancang untuk memuaskan selera pecinta kopi sejati.",Thick,Java Sindoro (Medium / Natural): 400g (40%) | Bali Ulian (Dark / Wine): 600g (60%) | total: 1000g,Cocok untuk Cold Brew
S-AUT-219,Autumn,Speciality Blend,Rare Autumn Collection,Lampung Robusta Premium Medium Natural 50% | Dampit Malang Dark Natural 50%,Dark,"Kaya rasa dengan kedalaman yang tak tertandingi, blend mellow ini memadukan biji-biji terbaik dari Lampung Robusta Premium dan Dampit Malang. Diproses dengan metode Natural, menghadirkan profil rasa dark berry, berry jam, molasses yang kompleks namun harmonis. Sebuah perpaduan yang dirancang untuk memuaskan selera pecinta kopi sejati.",Syrupy,Lampung Robusta Premium (Medium / Natural): 500g (50%) | Dampit Malang (Dark / Natural): 500g (50%) | total: 1000g,Ideal untuk Ristretto
S-AUT-220,Autumn,Speciality Blend,Opulent Autumn Legacy,Aceh Gayo Light Natural 50% | Papua Wamena Light Anaerobic 30% | Papua Dogiyai Medium Anaerobic 20%,Light,"Aroma karamel dan rempah yang khas, blend mellow ini memadukan biji-biji terbaik dari Aceh Gayo dan Papua Wamena dan Papua Dogiyai. Diproses dengan metode Natural & Anaerobic, menghadirkan profil rasa passion fruit, tropical punch, fermented fruit yang kompleks namun harmonis. Sebuah perpaduan yang dirancang untuk memuaskan selera pecinta kopi sejati.",Light Body,Aceh Gayo (Light / Natural): 500g (50%) | Papua Wamena (Light / Anaerobic): 300g (30%) | Papua Dogiyai (Medium / Anaerobic): 200g (20%) | total: 1000g,Cocok untuk AeroPress
S-AUT-221,Autumn,Speciality Blend,Elite Autumn Peak,Java Sindoro Dark Anaerobic 50% | Java Manglayang Light Anaerobic 50%,Medium,"Hangat seperti senja musim gugur, blend mellow ini memadukan biji-biji terbaik dari Java Sindoro dan Java Manglayang. Diproses dengan metode Anaerobic, menghadirkan profil rasa lychee, raspberry, cola yang kompleks namun harmonis. Sebuah perpaduan yang dirancang untuk memuaskan selera pecinta kopi sejati.",Round,Java Sindoro (Dark / Anaerobic): 500g (50%) | Java Manglayang (Light / Anaerobic): 500g (50%) | total: 1000g,Versatile for Espresso & Filter
S-AUT-222,Autumn,Speciality Blend,Imperial Autumn Craft,Mandheling Medium Natural 45% | Java Manglayang Dark Wine 35% | Java Temanggung Medium Wine 20%,Medium,"Hangat seperti senja musim gugur, blend golden ini memadukan biji-biji terbaik dari Mandheling dan Java Manglayang dan Java Temanggung. Diproses dengan metode Wine & Natural, menghadirkan profil rasa tobacco, aged wine, balsamic yang kompleks namun harmonis. Sebuah perpaduan yang dirancang untuk memuaskan selera pecinta kopi sejati.",Round,Mandheling (Medium / Natural): 450g (45%) | Java Manglayang (Dark / Wine): 350g (35%) | Java Temanggung (Medium / Wine): 200g (20%) | total: 1000g,Cocok untuk French Press & Espresso
S-AUT-223,Autumn,Speciality Blend,Crown Autumn Origin,Aceh Gayo Dark Anaerobic 40% | Flores Bajawa Medium Natural 60%,Medium,"Aroma karamel dan rempah yang khas, blend rustic ini memadukan biji-biji terbaik dari Aceh Gayo dan Flores Bajawa. Diproses dengan metode Natural & Anaerobic, menghadirkan profil rasa dried fig, prune, dark chocolate yang kompleks namun harmonis. Sebuah perpaduan yang dirancang untuk memuaskan selera pecinta kopi sejati.",Medium Body,Aceh Gayo (Dark / Anaerobic): 400g (40%) | Flores Bajawa (Medium / Natural): 600g (60%) | total: 1000g,Versatile for Espresso & Filter
S-AUT-224,Autumn,Speciality Blend,Sovereign Autumn Edition,Toraja Sapan Light Anaerobic 50% | Java Temanggung Dark Natural 25% | Papua Dogiyai Medium Natural 25%,Medium,"Karakter earthy yang menenangkan, blend mellow ini memadukan biji-biji terbaik dari Toraja Sapan dan Java Temanggung dan Papua Dogiyai. Diproses dengan metode Natural & Anaerobic, menghadirkan profil rasa passion fruit, berry jam, lychee yang kompleks namun harmonis. Sebuah perpaduan yang dirancang untuk memuaskan selera pecinta kopi sejati.",Velvety,Toraja Sapan (Light / Anaerobic): 500g (50%) | Java Temanggung (Dark / Natural): 250g (25%) | Papua Dogiyai (Medium / Natural): 250g (25%) | total: 1000g,Versatile for Espresso & Filter
S-AUT-225,Autumn,Speciality Blend,Benchmark Autumn Ridge,Solok Radjo Medium Wine 50% | Bali Ulian Medium Natural 50%,Medium,"Aroma karamel dan rempah yang khas, blend rustic ini memadukan biji-biji terbaik dari Solok Radjo dan Bali Ulian. Diproses dengan metode Wine & Natural, menghadirkan profil rasa berry jam, molasses, espresso yang kompleks namun harmonis. Sebuah perpaduan yang dirancang untuk memuaskan selera pecinta kopi sejati.",Velvety,Solok Radjo (Medium / Wine): 500g (50%) | Bali Ulian (Medium / Natural): 500g (50%) | total: 1000g,Best for Moka Pot
S-AUT-226,Autumn,Speciality Blend,Pinnacle Autumn Fusion,Gunung Halu Medium Natural 55% | Java Puntang Dark Wine 45%,Medium,"Aroma karamel dan rempah yang khas, blend mellow ini memadukan biji-biji terbaik dari Gunung Halu dan Java Puntang. Diproses dengan metode Wine & Natural, menghadirkan profil rasa dark chocolate, prune, berry jam yang kompleks namun harmonis. Sebuah perpaduan yang dirancang untuk memuaskan selera pecinta kopi sejati.",Smooth,Gunung Halu (Medium / Natural): 550g (55%) | Java Puntang (Dark / Wine): 450g (45%) | total: 1000g,Versatile for Espresso & Filter
S-AUT-227,Autumn,Speciality Blend,Prestige Autumn Crest,Papua Dogiyai Medium Natural 50% | Flores Manggarai Light Anaerobic 25% | Toraja Kalosi Light Wine 25%,Light,"Karakter earthy yang menenangkan, blend golden ini memadukan biji-biji terbaik dari Papua Dogiyai dan Flores Manggarai dan Toraja Kalosi. Diproses dengan metode Wine & Natural, menghadirkan profil rasa cola, dried fig, raspberry yang kompleks namun harmonis. Sebuah perpaduan yang dirancang untuk memuaskan selera pecinta kopi sejati.",Tea-like,Papua Dogiyai (Medium / Natural): 500g (50%) | Flores Manggarai (Light / Anaerobic): 250g (25%) | Toraja Kalosi (Light / Wine): 250g (25%) | total: 1000g,Ideal for Chemex
S-AUT-228,Autumn,Speciality Blend,Hallmark Autumn Crest,Java Garut Medium Wine 45% | Java Manglayang Medium Natural 35% | Toraja Kalosi Medium Anaerobic 20%,Medium,"Kaya rasa dengan kedalaman yang tak tertandingi, blend caramelized ini memadukan biji-biji terbaik dari Java Garut dan Java Manglayang dan Toraja Kalosi. Diproses dengan metode Wine & Natural, menghadirkan profil rasa tamarind, cacao nib, molasses yang kompleks namun harmonis. Sebuah perpaduan yang dirancang untuk memuaskan selera pecinta kopi sejati.",Smooth,Java Garut (Medium / Wine): 450g (45%) | Java Manglayang (Medium / Natural): 350g (35%) | Toraja Kalosi (Medium / Anaerobic): 200g (20%) | total: 1000g,Best for Moka Pot
S-AUT-229,Autumn,Speciality Blend,Prestige Autumn Spring,Gunung Halu Medium Wine 50% | Java Ijen Raung Light Anaerobic 50%,Light,"Karakter earthy yang menenangkan, blend caramelized ini memadukan biji-biji terbaik dari Gunung Halu dan Java Ijen Raung. Diproses dengan metode Wine & Anaerobic, menghadirkan profil rasa dark plum, roasted grape, balsamic yang kompleks namun harmonis. Sebuah perpaduan yang dirancang untuk memuaskan selera pecinta kopi sejati.",Light Body,Gunung Halu (Medium / Wine): 500g (50%) | Java Ijen Raung (Light / Anaerobic): 500g (50%) | total: 1000g,Ideal for Chemex
S-AUT-230,Autumn,Speciality Blend,Elite Autumn Signature,Arjuno Dark Natural 40% | Java Temanggung Dark Wine 35% | Lintong Onan Medium Anaerobic 25%,Dark,"Hangat seperti senja musim gugur, blend golden ini memadukan biji-biji terbaik dari Arjuno dan Java Temanggung dan Lintong Onan. Diproses dengan metode Wine & Natural, menghadirkan profil rasa tobacco, charcoal, dark berry yang kompleks namun harmonis. Sebuah perpaduan yang dirancang untuk memuaskan selera pecinta kopi sejati.",Thick,Arjuno (Dark / Natural): 400g (40%) | Java Temanggung (Dark / Wine): 350g (35%) | Lintong Onan (Medium / Anaerobic): 250g (25%) | total: 1000g,Best for Batch Brew
S-AUT-231,Autumn,Speciality Blend,Crown Autumn Chapter,Bengkulu Medium Wine 65% | Papua Wamena Light Anaerobic 35%,Light,"Kaya rasa dengan kedalaman yang tak tertandingi, blend mellow ini memadukan biji-biji terbaik dari Bengkulu dan Papua Wamena. Diproses dengan metode Wine & Anaerobic, menghadirkan profil rasa lychee, roasted grape, cola yang kompleks namun harmonis. Sebuah perpaduan yang dirancang untuk memuaskan selera pecinta kopi sejati.",Delicate,Bengkulu (Medium / Wine): 650g (65%) | Papua Wamena (Light / Anaerobic): 350g (35%) | total: 1000g,Best for V60
S-AUT-232,Autumn,Speciality Blend,Elite Autumn Series,Flores Manggarai Dark Natural 45% | Kerinci Kayu Aro Medium Natural 35% | Toraja Kalosi Light Wine 20%,Medium,"Karakter earthy yang menenangkan, blend caramelized ini memadukan biji-biji terbaik dari Flores Manggarai dan Kerinci Kayu Aro dan Toraja Kalosi. Diproses dengan metode Wine & Natural, menghadirkan profil rasa molasses, charcoal, berry jam yang kompleks namun harmonis. Sebuah perpaduan yang dirancang untuk memuaskan selera pecinta kopi sejati.",Smooth,Flores Manggarai (Dark / Natural): 450g (45%) | Kerinci Kayu Aro (Medium / Natural): 350g (35%) | Toraja Kalosi (Light / Wine): 200g (20%) | total: 1000g,Cocok untuk French Press & Espresso
S-AUT-233,Autumn,Speciality Blend,Ultra Autumn Estate,Flores Manggarai Medium Anaerobic 50% | Toraja Sapan Light Anaerobic 30% | Arjuno Dark Natural 20%,Medium,"Karakter earthy yang menenangkan, blend caramelized ini memadukan biji-biji terbaik dari Flores Manggarai dan Toraja Sapan dan Arjuno. Diproses dengan metode Natural & Anaerobic, menghadirkan profil rasa rum raisin, charcoal, tropical punch yang kompleks namun harmonis. Sebuah perpaduan yang dirancang untuk memuaskan selera pecinta kopi sejati.",Smooth,Flores Manggarai (Medium / Anaerobic): 500g (50%) | Toraja Sapan (Light / Anaerobic): 300g (30%) | Arjuno (Dark / Natural): 200g (20%) | total: 1000g,Best for Moka Pot
S-AUT-234,Autumn,Speciality Blend,Rare Autumn Chapter,Mandheling Light Anaerobic 55% | Aceh Gayo Dark Anaerobic 30% | Temanggung Light Natural 15%,Light,"Kaya rasa dengan kedalaman yang tak tertandingi, blend warm ini memadukan biji-biji terbaik dari Mandheling dan Aceh Gayo dan Temanggung. Diproses dengan metode Natural & Anaerobic, menghadirkan profil rasa rum raisin, raspberry, smoke yang kompleks namun harmonis. Sebuah perpaduan yang dirancang untuk memuaskan selera pecinta kopi sejati.",Delicate,Mandheling (Light / Anaerobic): 550g (55%) | Aceh Gayo (Dark / Anaerobic): 300g (30%) | Temanggung (Light / Natural): 150g (15%) | total: 1000g,Cocok untuk AeroPress
S-AUT-235,Autumn,Speciality Blend,Pinnacle Autumn Spring,Mandheling Medium Natural 45% | Flores Manggarai Light Wine 35% | Java Garut Dark Natural 20%,Medium,"Hangat seperti senja musim gugur, blend warm ini memadukan biji-biji terbaik dari Mandheling dan Flores Manggarai dan Java Garut. Diproses dengan metode Wine & Natural, menghadirkan profil rasa plum, licorice, berry jam yang kompleks namun harmonis. Sebuah perpaduan yang dirancang untuk memuaskan selera pecinta kopi sejati.",Round,Mandheling (Medium / Natural): 450g (45%) | Flores Manggarai (Light / Wine): 350g (35%) | Java Garut (Dark / Natural): 200g (20%) | total: 1000g,Versatile for Espresso & Filter
S-AUT-236,Autumn,Speciality Blend,Masterwork Autumn Collection,Bali Ulian Medium Natural 60% | Bukit Barisan Dark Anaerobic 25% | Toraja Sapan Medium Anaerobic 15%,Medium,"Kaya rasa dengan kedalaman yang tak tertandingi, blend rustic ini memadukan biji-biji terbaik dari Bali Ulian dan Bukit Barisan dan Toraja Sapan. Diproses dengan metode Natural & Anaerobic, menghadirkan profil rasa fermented cocoa, dark rum, tropical punch yang kompleks namun harmonis. Sebuah perpaduan yang dirancang untuk memuaskan selera pecinta kopi sejati.",Smooth,Bali Ulian (Medium / Natural): 600g (60%) | Bukit Barisan (Dark / Anaerobic): 250g (25%) | Toraja Sapan (Medium / Anaerobic): 150g (15%) | total: 1000g,Best for Moka Pot
S-AUT-237,Autumn,Speciality Blend,Crown Autumn Spring,Bali Ulian Light Natural 55% | Dampit Malang Medium Wine 30% | Mandheling Light Anaerobic 15%,Light,"Aroma karamel dan rempah yang khas, blend earthy ini memadukan biji-biji terbaik dari Bali Ulian dan Dampit Malang dan Mandheling. Diproses dengan metode Wine & Natural, menghadirkan profil rasa dark plum, passion fruit, roasted grape yang kompleks namun harmonis. Sebuah perpaduan yang dirancang untuk memuaskan selera pecinta kopi sejati.",Clean,Bali Ulian (Light / Natural): 550g (55%) | Dampit Malang (Medium / Wine): 300g (30%) | Mandheling (Light / Anaerobic): 150g (15%) | total: 1000g,Ideal for Chemex
S-AUT-238,Autumn,Speciality Blend,Luxe Autumn Collection,Arjuno Light Anaerobic 40% | Papua Wamena Medium Natural 35% | Papua Wamena Light Anaerobic 25%,Light,"Aroma karamel dan rempah yang khas, blend caramelized ini memadukan biji-biji terbaik dari Arjuno dan Papua Wamena dan Papua Wamena. Diproses dengan metode Natural & Anaerobic, menghadirkan profil rasa cola, rum raisin, berry jam yang kompleks namun harmonis. Sebuah perpaduan yang dirancang untuk memuaskan selera pecinta kopi sejati.",Tea-like,Arjuno (Light / Anaerobic): 400g (40%) | Papua Wamena (Medium / Natural): 350g (35%) | Papua Wamena (Light / Anaerobic): 250g (25%) | total: 1000g,Ideal for Chemex
S-AUT-239,Autumn,Speciality Blend,Paragon Autumn Valley,Java Sindoro Light Wine 60% | Gunung Halu Dark Wine 40%,Medium,"Aroma karamel dan rempah yang khas, blend warm ini memadukan biji-biji terbaik dari Java Sindoro dan Gunung Halu. Diproses dengan metode Wine, menghadirkan profil rasa tobacco, wine, smoked plum yang kompleks namun harmonis. Sebuah perpaduan yang dirancang untuk memuaskan selera pecinta kopi sejati.",Balanced,Java Sindoro (Light / Wine): 600g (60%) | Gunung Halu (Dark / Wine): 400g (40%) | total: 1000g,Versatile for Espresso & Filter
S-AUT-240,Autumn,Speciality Blend,Pinnacle Autumn Legacy,Lintong Onan Medium Natural 60% | Mandheling Medium Wine 40%,Medium,"Karakter earthy yang menenangkan, blend rustic ini memadukan biji-biji terbaik dari Lintong Onan dan Mandheling. Diproses dengan metode Wine & Natural, menghadirkan profil rasa prune, balsamic, molasses yang kompleks namun harmonis. Sebuah perpaduan yang dirancang untuk memuaskan selera pecinta kopi sejati.",Medium Body,Lintong Onan (Medium / Natural): 600g (60%) | Mandheling (Medium / Wine): 400g (40%) | total: 1000g,Best for Moka Pot
S-AUT-241,Autumn,Speciality Blend,Opulent Autumn Story,Papua Dogiyai Dark Anaerobic 40% | Flores Bajawa Medium Natural 35% | Arjuno Medium Wine 25%,Medium,"Aroma karamel dan rempah yang khas, blend mellow ini memadukan biji-biji terbaik dari Papua Dogiyai dan Flores Bajawa dan Arjuno. Diproses dengan metode Wine & Natural, menghadirkan profil rasa dried fig, dark chocolate, smoke yang kompleks namun harmonis. Sebuah perpaduan yang dirancang untuk memuaskan selera pecinta kopi sejati.",Velvety,Papua Dogiyai (Dark / Anaerobic): 400g (40%) | Flores Bajawa (Medium / Natural): 350g (35%) | Arjuno (Medium / Wine): 250g (25%) | total: 1000g,Cocok untuk French Press & Espresso
S-AUT-242,Autumn,Speciality Blend,Rare Autumn Series,Java Puntang Light Wine 40% | Java Temanggung Medium Wine 35% | Java Puntang Medium Wine 25%,Light,"Kaya rasa dengan kedalaman yang tak tertandingi, blend earthy ini memadukan biji-biji terbaik dari Java Puntang dan Java Temanggung dan Java Puntang. Diproses dengan metode Wine, menghadirkan profil rasa grape must, balsamic, dark plum yang kompleks namun harmonis. Sebuah perpaduan yang dirancang untuk memuaskan selera pecinta kopi sejati.",Light Body,Java Puntang (Light / Wine): 400g (40%) | Java Temanggung (Medium / Wine): 350g (35%) | Java Puntang (Medium / Wine): 250g (25%) | total: 1000g,Ideal for Chemex
S-AUT-243,Autumn,Speciality Blend,Sovereign Autumn Legacy,Papua Dogiyai Medium Anaerobic 55% | Java Temanggung Medium Anaerobic 45%,Medium,"Kaya rasa dengan kedalaman yang tak tertandingi, blend earthy ini memadukan biji-biji terbaik dari Papua Dogiyai dan Java Temanggung. Diproses dengan metode Anaerobic, menghadirkan profil rasa tamarind, fermented fruit, tropical punch yang kompleks namun harmonis. Sebuah perpaduan yang dirancang untuk memuaskan selera pecinta kopi sejati.",Velvety,Papua Dogiyai (Medium / Anaerobic): 550g (55%) | Java Temanggung (Medium / Anaerobic): 450g (45%) | total: 1000g,Versatile for Espresso & Filter
S-AUT-244,Autumn,Speciality Blend,Paragon Autumn Signature,Mandheling Medium Wine 50% | Toraja Sapan Medium Natural 30% | Bali Ulian Light Natural 20%,Medium,"Karakter earthy yang menenangkan, blend rustic ini memadukan biji-biji terbaik dari Mandheling dan Toraja Sapan dan Bali Ulian. Diproses dengan metode Wine & Natural, menghadirkan profil rasa hibiscus, watermelon, port wine yang kompleks namun harmonis. Sebuah perpaduan yang dirancang untuk memuaskan selera pecinta kopi sejati.",Balanced,Mandheling (Medium / Wine): 500g (50%) | Toraja Sapan (Medium / Natural): 300g (30%) | Bali Ulian (Light / Natural): 200g (20%) | total: 1000g,Cocok untuk French Press & Espresso
S-AUT-245,Autumn,Speciality Blend,Premier Autumn Reserve,Dampit Malang Medium Wine 60% | Gunung Halu Light Wine 40%,Light,"Karakter earthy yang menenangkan, blend earthy ini memadukan biji-biji terbaik dari Dampit Malang dan Gunung Halu. Diproses dengan metode Wine, menghadirkan profil rasa port wine, plum, balsamic yang kompleks namun harmonis. Sebuah perpaduan yang dirancang untuk memuaskan selera pecinta kopi sejati.",Delicate,Dampit Malang (Medium / Wine): 600g (60%) | Gunung Halu (Light / Wine): 400g (40%) | total: 1000g,Ideal for Chemex
S-AUT-246,Autumn,Speciality Blend,Rare Autumn Edition,Sidikalang Medium Natural 70% | Java Garut Dark Anaerobic 30%,Medium,"Aroma karamel dan rempah yang khas, blend rustic ini memadukan biji-biji terbaik dari Sidikalang dan Java Garut. Diproses dengan metode Natural & Anaerobic, menghadirkan profil rasa dark chocolate, berry jam, molasses yang kompleks namun harmonis. Sebuah perpaduan yang dirancang untuk memuaskan selera pecinta kopi sejati.",Balanced,Sidikalang (Medium / Natural): 700g (70%) | Java Garut (Dark / Anaerobic): 300g (30%) | total: 1000g,Cocok untuk French Press & Espresso
S-AUT-247,Autumn,Speciality Blend,Premier Autumn Story,Sembalun Rinjani Light Anaerobic 50% | Java Ijen Raung Dark Anaerobic 30% | Papua Wamena Medium Anaerobic 20%,Medium,"Aroma karamel dan rempah yang khas, blend caramelized ini memadukan biji-biji terbaik dari Sembalun Rinjani dan Java Ijen Raung dan Papua Wamena. Diproses dengan metode Anaerobic, menghadirkan profil rasa fermented fruit, tropical punch, cacao nib yang kompleks namun harmonis. Sebuah perpaduan yang dirancang untuk memuaskan selera pecinta kopi sejati.",Velvety,Sembalun Rinjani (Light / Anaerobic): 500g (50%) | Java Ijen Raung (Dark / Anaerobic): 300g (30%) | Papua Wamena (Medium / Anaerobic): 200g (20%) | total: 1000g,Cocok untuk French Press & Espresso
S-AUT-248,Autumn,Speciality Blend,Distinguished Autumn Spring,Mandheling Light Wine 45% | Papua Wamena Dark Wine 55%,Medium,"Karakter earthy yang menenangkan, blend golden ini memadukan biji-biji terbaik dari Mandheling dan Papua Wamena. Diproses dengan metode Wine, menghadirkan profil rasa blackcurrant, dark espresso, aged wine yang kompleks namun harmonis. Sebuah perpaduan yang dirancang untuk memuaskan selera pecinta kopi sejati.",Velvety,Mandheling (Light / Wine): 450g (45%) | Papua Wamena (Dark / Wine): 550g (55%) | total: 1000g,Cocok untuk French Press & Espresso
S-AUT-249,Autumn,Speciality Blend,Exclusive Autumn Reserve,Papua Wamena Light Anaerobic 50% | Dampit Malang Light Wine 50%,Light,"Kaya rasa dengan kedalaman yang tak tertandingi, blend warm ini memadukan biji-biji terbaik dari Papua Wamena dan Dampit Malang. Diproses dengan metode Wine & Anaerobic, menghadirkan profil rasa dark cherry, raspberry, blackcurrant yang kompleks namun harmonis. Sebuah perpaduan yang dirancang untuk memuaskan selera pecinta kopi sejati.",Light Body,Papua Wamena (Light / Anaerobic): 500g (50%) | Dampit Malang (Light / Wine): 500g (50%) | total: 1000g,Cocok untuk AeroPress
S-AUT-250,Autumn,Speciality Blend,Hallmark Autumn Edition,Java Preanger Medium Wine 50% | Kerinci Kayu Aro Medium Wine 25% | Bali Kintamani Medium Anaerobic 25%,Medium,"Hangat seperti senja musim gugur, blend warm ini memadukan biji-biji terbaik dari Java Preanger dan Kerinci Kayu Aro dan Bali Kintamani. Diproses dengan metode Wine & Anaerobic, menghadirkan profil rasa dark plum, port wine, fermented fruit yang kompleks namun harmonis. Sebuah perpaduan yang dirancang untuk memuaskan selera pecinta kopi sejati.",Balanced,Java Preanger (Medium / Wine): 500g (50%) | Kerinci Kayu Aro (Medium / Wine): 250g (25%) | Bali Kintamani (Medium / Anaerobic): 250g (25%) | total: 1000g,Versatile for Espresso & Filter
S-SPR-001,Spring,Seasonal Blend,Timeless Spring Origin,Papua Wamena Light Wine 60% | Gunung Halu Dark WetHulled 25% | Java Ciwidey Dark Wine 15%,Medium,"Halus seperti angin semi, blend clean ini memadukan biji-biji terbaik dari Papua Wamena dan Gunung Halu dan Java Ciwidey. Diproses dengan metode Wine & WetHulled, menghadirkan profil rasa aged wine, dark tobacco, plum yang kompleks namun harmonis. Sebuah perpaduan yang dirancang untuk memuaskan selera pecinta kopi sejati.",Round,Papua Wamena (Light / Wine): 600g (60%) | Gunung Halu (Dark / WetHulled): 250g (25%) | Java Ciwidey (Dark / Wine): 150g (15%) | total: 1000g,Versatile for Espresso & Filter
S-SPR-002,Spring,Seasonal Blend,Horizon Spring Fusion,Bali Ulian Light Wine 50% | Java Preanger Light WetHulled 30% | Mandheling Medium Honey 20%,Light,"Halus seperti angin semi, blend clean ini memadukan biji-biji terbaik dari Bali Ulian dan Java Preanger dan Mandheling. Diproses dengan metode Wine & WetHulled, menghadirkan profil rasa tobacco leaf, plum, toffee yang kompleks namun harmonis. Sebuah perpaduan yang dirancang untuk memuaskan selera pecinta kopi sejati.",Clean,Bali Ulian (Light / Wine): 500g (50%) | Java Preanger (Light / WetHulled): 300g (30%) | Mandheling (Medium / Honey): 200g (20%) | total: 1000g,Pour Over Recommended
S-SPR-003,Spring,Seasonal Blend,Horizon Spring Estate,Mandheling Light Natural 50% | Java Puntang Dark Washed 30% | Papua Wamena Light WetHulled 20%,Light,"Aroma bunga yang menyegarkan, blend delicate ini memadukan biji-biji terbaik dari Mandheling dan Java Puntang dan Papua Wamena. Diproses dengan metode Washed & WetHulled, menghadirkan profil rasa smoky caramel, cedar, tobacco leaf yang kompleks namun harmonis. Sebuah perpaduan yang dirancang untuk memuaskan selera pecinta kopi sejati.",Light Body,Mandheling (Light / Natural): 500g (50%) | Java Puntang (Dark / Washed): 300g (30%) | Papua Wamena (Light / WetHulled): 200g (20%) | total: 1000g,Ideal for Chemex
S-SPR-004,Spring,Seasonal Blend,Celestial Spring Estate,Dampit Malang Dark SemiWashed 40% | Java Preanger Dark Anaerobic 35% | Temanggung Light Honey 25%,Dark,"Aroma bunga yang menyegarkan, blend clean ini memadukan biji-biji terbaik dari Dampit Malang dan Java Preanger dan Temanggung. Diproses dengan metode SemiWashed & Honey, menghadirkan profil rasa dark caramel, walnut, fermented cocoa yang kompleks namun harmonis. Sebuah perpaduan yang dirancang untuk memuaskan selera pecinta kopi sejati.",Bold,Dampit Malang (Dark / SemiWashed): 400g (40%) | Java Preanger (Dark / Anaerobic): 350g (35%) | Temanggung (Light / Honey): 250g (25%) | total: 1000g,Best for Batch Brew
S-SPR-005,Spring,Seasonal Blend,Ancient Spring Select,Lintong Onan Light Wine 50% | Arjuno Light Anaerobic 50%,Light,"Karakter floral yang memanjakan indra, blend delicate ini memadukan biji-biji terbaik dari Lintong Onan dan Arjuno. Diproses dengan metode Wine & Anaerobic, menghadirkan profil rasa grape must, passion fruit, cola yang kompleks namun harmonis. Sebuah perpaduan yang dirancang untuk memuaskan selera pecinta kopi sejati.",Silky,Lintong Onan (Light / Wine): 500g (50%) | Arjuno (Light / Anaerobic): 500g (50%) | total: 1000g,Ideal for Chemex
S-SPR-006,Spring,Seasonal Blend,Volcano Spring Estate,Arjuno Dark Wine 40% | Wanoja Kamojang Medium Natural 35% | Solok Radjo Medium Washed 25%,Medium,"Halus seperti angin semi, blend fresh ini memadukan biji-biji terbaik dari Arjuno dan Wanoja Kamojang dan Solok Radjo. Diproses dengan metode Washed & Wine, menghadirkan profil rasa caramel, dark espresso, prune yang kompleks namun harmonis. Sebuah perpaduan yang dirancang untuk memuaskan selera pecinta kopi sejati.",Velvety,Arjuno (Dark / Wine): 400g (40%) | Wanoja Kamojang (Medium / Natural): 350g (35%) | Solok Radjo (Medium / Washed): 250g (25%) | total: 1000g,Versatile for Espresso & Filter
S-SPR-007,Spring,Seasonal Blend,Summit Spring Craft,Java Ijen Raung Light Natural 70% | Lampung Robusta Premium Dark Washed 30%,Light,"Profil rasa yang bersih dan elegan, blend floral ini memadukan biji-biji terbaik dari Java Ijen Raung dan Lampung Robusta Premium. Diproses dengan metode Washed & Natural, menghadirkan profil rasa bitter chocolate, dark roast, smoky caramel yang kompleks namun harmonis. Sebuah perpaduan yang dirancang untuk memuaskan selera pecinta kopi sejati.",Light Body,Java Ijen Raung (Light / Natural): 700g (70%) | Lampung Robusta Premium (Dark / Washed): 300g (30%) | total: 1000g,Ideal for Chemex
S-SPR-008,Spring,Seasonal Blend,Equator Spring Legacy,Wanoja Kamojang Dark WetHulled 55% | Toraja Kalosi Dark Washed 30% | Java Preanger Light Anaerobic 15%,Dark,"Halus seperti angin semi, blend floral ini memadukan biji-biji terbaik dari Wanoja Kamojang dan Toraja Kalosi dan Java Preanger. Diproses dengan metode Washed & WetHulled, menghadirkan profil rasa bark, peat, passion fruit yang kompleks namun harmonis. Sebuah perpaduan yang dirancang untuk memuaskan selera pecinta kopi sejati.",Heavy Body,Wanoja Kamojang (Dark / WetHulled): 550g (55%) | Toraja Kalosi (Dark / Washed): 300g (30%) | Java Preanger (Light / Anaerobic): 150g (15%) | total: 1000g,Best for Espresso
S-SPR-009,Spring,Seasonal Blend,Sacred Spring Reserve,Java Garut Light Anaerobic 45% | Wanoja Kamojang Light Washed 35% | Lampung Robusta Premium Light Natural 20%,Light,"Halus seperti angin semi, blend floral ini memadukan biji-biji terbaik dari Java Garut dan Wanoja Kamojang dan Lampung Robusta Premium. Diproses dengan metode Washed & Natural, menghadirkan profil rasa jasmine, cola, hibiscus yang kompleks namun harmonis. Sebuah perpaduan yang dirancang untuk memuaskan selera pecinta kopi sejati.",Silky,Java Garut (Light / Anaerobic): 450g (45%) | Wanoja Kamojang (Light / Washed): 350g (35%) | Lampung Robusta Premium (Light / Natural): 200g (20%) | total: 1000g,Cocok untuk AeroPress
S-SPR-010,Spring,Seasonal Blend,Ember Spring Origin,Bali Ulian Dark WetHulled 40% | Solok Radjo Dark Wine 60%,Dark,"Profil rasa yang bersih dan elegan, blend light ini memadukan biji-biji terbaik dari Bali Ulian dan Solok Radjo. Diproses dengan metode Wine & WetHulled, menghadirkan profil rasa tobacco, clove, dark tobacco yang kompleks namun harmonis. Sebuah perpaduan yang dirancang untuk memuaskan selera pecinta kopi sejati.",Syrupy,Bali Ulian (Dark / WetHulled): 400g (40%) | Solok Radjo (Dark / Wine): 600g (60%) | total: 1000g,Best for Espresso
S-SPR-011,Spring,Seasonal Blend,Serenity Spring Collection,Gunung Halu Medium Anaerobic 60% | Mandheling Light Honey 25% | Gunung Halu Medium Wine 15%,Medium,"Profil rasa yang bersih dan elegan, blend fresh ini memadukan biji-biji terbaik dari Gunung Halu dan Mandheling dan Gunung Halu. Diproses dengan metode Honey & Wine, menghadirkan profil rasa apricot, cacao nib, nectarine yang kompleks namun harmonis. Sebuah perpaduan yang dirancang untuk memuaskan selera pecinta kopi sejati.",Balanced,Gunung Halu (Medium / Anaerobic): 600g (60%) | Mandheling (Light / Honey): 250g (25%) | Gunung Halu (Medium / Wine): 150g (15%) | total: 1000g,Best for Moka Pot
S-SPR-012,Spring,Seasonal Blend,Bronze Spring Origin,Java Garut Medium Washed 65% | Java Temanggung Medium SemiWashed 35%,Medium,"Karakter floral yang memanjakan indra, blend delicate ini memadukan biji-biji terbaik dari Java Garut dan Java Temanggung. Diproses dengan metode SemiWashed & Washed, menghadirkan profil rasa vanilla, apricot jam, caramel yang kompleks namun harmonis. Sebuah perpaduan yang dirancang untuk memuaskan selera pecinta kopi sejati.",Velvety,Java Garut (Medium / Washed): 650g (65%) | Java Temanggung (Medium / SemiWashed): 350g (35%) | total: 1000g,Cocok untuk French Press & Espresso
S-SPR-013,Spring,Seasonal Blend,Ritual Spring Story,Aceh Gayo Light Natural 50% | Bukit Barisan Medium Wine 30% | Java Ciwidey Medium WetHulled 20%,Light,"Profil rasa yang bersih dan elegan, blend delicate ini memadukan biji-biji terbaik dari Aceh Gayo dan Bukit Barisan dan Java Ciwidey. Diproses dengan metode Wine & WetHulled, menghadirkan profil rasa watermelon, strawberry, blueberry yang kompleks namun harmonis. Sebuah perpaduan yang dirancang untuk memuaskan selera pecinta kopi sejati.",Silky,Aceh Gayo (Light / Natural): 500g (50%) | Bukit Barisan (Medium / Wine): 300g (30%) | Java Ciwidey (Medium / WetHulled): 200g (20%) | total: 1000g,Pour Over Recommended
S-SPR-014,Spring,Seasonal Blend,Whisper Spring Edition,Lintong Onan Medium Anaerobic 50% | Java Ciwidey Dark Washed 30% | Flores Bajawa Dark Washed 20%,Dark,"Profil rasa yang bersih dan elegan, blend clean ini memadukan biji-biji terbaik dari Lintong Onan dan Java Ciwidey dan Flores Bajawa. Diproses dengan metode Washed & Anaerobic, menghadirkan profil rasa molasses, bitter chocolate, fermented fruit yang kompleks namun harmonis. Sebuah perpaduan yang dirancang untuk memuaskan selera pecinta kopi sejati.",Syrupy,Lintong Onan (Medium / Anaerobic): 500g (50%) | Java Ciwidey (Dark / Washed): 300g (30%) | Flores Bajawa (Dark / Washed): 200g (20%) | total: 1000g,Ideal untuk Ristretto
S-SPR-015,Spring,Seasonal Blend,Serenity Spring Spring,Java Ijen Raung Medium Wine 55% | Dampit Malang Light Natural 30% | Toraja Kalosi Medium Washed 15%,Medium,"Halus seperti angin semi, blend light ini memadukan biji-biji terbaik dari Java Ijen Raung dan Dampit Malang dan Toraja Kalosi. Diproses dengan metode Washed & Wine, menghadirkan profil rasa balsamic, blueberry, caramel yang kompleks namun harmonis. Sebuah perpaduan yang dirancang untuk memuaskan selera pecinta kopi sejati.",Velvety,Java Ijen Raung (Medium / Wine): 550g (55%) | Dampit Malang (Light / Natural): 300g (30%) | Toraja Kalosi (Medium / Washed): 150g (15%) | total: 1000g,Cocok untuk French Press & Espresso
S-SPR-016,Spring,Seasonal Blend,Horizon Spring Edition,Aceh Gayo Dark SemiWashed 50% | Papua Wamena Medium WetHulled 25% | Mandheling Medium WetHulled 25%,Dark,"Profil rasa yang bersih dan elegan, blend delicate ini memadukan biji-biji terbaik dari Aceh Gayo dan Papua Wamena dan Mandheling. Diproses dengan metode SemiWashed & WetHulled, menghadirkan profil rasa earthy, leather, walnut yang kompleks namun harmonis. Sebuah perpaduan yang dirancang untuk memuaskan selera pecinta kopi sejati.",Heavy Body,Aceh Gayo (Dark / SemiWashed): 500g (50%) | Papua Wamena (Medium / WetHulled): 250g (25%) | Mandheling (Medium / WetHulled): 250g (25%) | total: 1000g,Best for Batch Brew
S-SPR-017,Spring,Seasonal Blend,Volcano Spring Crest,Toraja Kalosi Dark SemiWashed 65% | Toraja Kalosi Dark Anaerobic 35%,Dark,"Halus seperti angin semi, blend floral ini memadukan biji-biji terbaik dari Toraja Kalosi dan Toraja Kalosi. Diproses dengan metode SemiWashed & Anaerobic, menghadirkan profil rasa walnut, smoke, intense spice yang kompleks namun harmonis. Sebuah perpaduan yang dirancang untuk memuaskan selera pecinta kopi sejati.",Bold,Toraja Kalosi (Dark / SemiWashed): 650g (65%) | Toraja Kalosi (Dark / Anaerobic): 350g (35%) | total: 1000g,Cocok untuk Cold Brew
S-SPR-018,Spring,Seasonal Blend,Serenity Spring Chapter,Bali Kintamani Light Natural 55% | Flores Manggarai Light Honey 30% | Java Temanggung Light Wine 15%,Light,"Karakter floral yang memanjakan indra, blend light ini memadukan biji-biji terbaik dari Bali Kintamani dan Flores Manggarai dan Java Temanggung. Diproses dengan metode Honey & Wine, menghadirkan profil rasa strawberry, grape must, plum yang kompleks namun harmonis. Sebuah perpaduan yang dirancang untuk memuaskan selera pecinta kopi sejati.",Light Body,Bali Kintamani (Light / Natural): 550g (55%) | Flores Manggarai (Light / Honey): 300g (30%) | Java Temanggung (Light / Wine): 150g (15%) | total: 1000g,Cocok untuk AeroPress
S-SPR-019,Spring,Seasonal Blend,Archipelago Spring Fusion,Gunung Halu Light Honey 70% | Sidikalang Dark SemiWashed 30%,Light,"Karakter floral yang memanjakan indra, blend floral ini memadukan biji-biji terbaik dari Gunung Halu dan Sidikalang. Diproses dengan metode SemiWashed & Honey, menghadirkan profil rasa apricot, intense spice, floral yang kompleks namun harmonis. Sebuah perpaduan yang dirancang untuk memuaskan selera pecinta kopi sejati.",Light Body,Gunung Halu (Light / Honey): 700g (70%) | Sidikalang (Dark / SemiWashed): 300g (30%) | total: 1000g,Pour Over Recommended
S-SPR-020,Spring,Seasonal Blend,Nusantara Spring Spring,Toraja Sapan Dark Wine 45% | Toraja Sapan Medium Washed 55%,Medium,"Karakter floral yang memanjakan indra, blend delicate ini memadukan biji-biji terbaik dari Toraja Sapan dan Toraja Sapan. Diproses dengan metode Washed & Wine, menghadirkan profil rasa aged wine, caramel, brown sugar yang kompleks namun harmonis. Sebuah perpaduan yang dirancang untuk memuaskan selera pecinta kopi sejati.",Balanced,Toraja Sapan (Dark / Wine): 450g (45%) | Toraja Sapan (Medium / Washed): 550g (55%) | total: 1000g,Cocok untuk French Press & Espresso
S-SPR-021,Spring,Seasonal Blend,Amber Spring Select,Java Sindoro Light Washed 60% | Bali Ulian Medium WetHulled 40%,Light,"Profil rasa yang bersih dan elegan, blend clean ini memadukan biji-biji terbaik dari Java Sindoro dan Bali Ulian. Diproses dengan metode Washed & WetHulled, menghadirkan profil rasa mushroom, green tea, earthy yang kompleks namun harmonis. Sebuah perpaduan yang dirancang untuk memuaskan selera pecinta kopi sejati.",Light Body,Java Sindoro (Light / Washed): 600g (60%) | Bali Ulian (Medium / WetHulled): 400g (40%) | total: 1000g,Best for V60
S-SPR-022,Spring,Seasonal Blend,Horizon Spring Ridge,Java Puntang Light Wine 40% | Java Preanger Dark Wine 35% | Bali Ulian Medium Washed 25%,Medium,"Karakter floral yang memanjakan indra, blend fresh ini memadukan biji-biji terbaik dari Java Puntang dan Java Preanger dan Bali Ulian. Diproses dengan metode Washed & Wine, menghadirkan profil rasa milk chocolate, hazelnut, grape must yang kompleks namun harmonis. Sebuah perpaduan yang dirancang untuk memuaskan selera pecinta kopi sejati.",Medium Body,Java Puntang (Light / Wine): 400g (40%) | Java Preanger (Dark / Wine): 350g (35%) | Bali Ulian (Medium / Washed): 250g (25%) | total: 1000g,Cocok untuk French Press & Espresso
S-SPR-023,Spring,Seasonal Blend,Ember Spring Chapter,Aceh Gayo Light Anaerobic 60% | Aceh Gayo Dark Honey 25% | Lampung Robusta Premium Medium WetHulled 15%,Light,"Karakter floral yang memanjakan indra, blend floral ini memadukan biji-biji terbaik dari Aceh Gayo dan Aceh Gayo dan Lampung Robusta Premium. Diproses dengan metode Honey & WetHulled, menghadirkan profil rasa spice, toffee, raspberry yang kompleks namun harmonis. Sebuah perpaduan yang dirancang untuk memuaskan selera pecinta kopi sejati.",Silky,Aceh Gayo (Light / Anaerobic): 600g (60%) | Aceh Gayo (Dark / Honey): 250g (25%) | Lampung Robusta Premium (Medium / WetHulled): 150g (15%) | total: 1000g,Cocok untuk AeroPress
S-SPR-024,Spring,Seasonal Blend,Silk Spring Edition,Flores Bajawa Medium SemiWashed 50% | Toraja Sapan Dark Anaerobic 30% | Gunung Halu Medium Honey 20%,Medium,"Halus seperti angin semi, blend delicate ini memadukan biji-biji terbaik dari Flores Bajawa dan Toraja Sapan dan Gunung Halu. Diproses dengan metode SemiWashed & Honey, menghadirkan profil rasa macadamia, toffee, fermented cocoa yang kompleks namun harmonis. Sebuah perpaduan yang dirancang untuk memuaskan selera pecinta kopi sejati.",Medium Body,Flores Bajawa (Medium / SemiWashed): 500g (50%) | Toraja Sapan (Dark / Anaerobic): 300g (30%) | Gunung Halu (Medium / Honey): 200g (20%) | total: 1000g,Versatile for Espresso & Filter
S-SPR-025,Spring,Seasonal Blend,Sunrise Spring Fusion,Solok Radjo Light Honey 40% | Bali Kintamani Medium WetHulled 35% | Papua Wamena Dark Honey 25%,Medium,"Profil rasa yang bersih dan elegan, blend floral ini memadukan biji-biji terbaik dari Solok Radjo dan Bali Kintamani dan Papua Wamena. Diproses dengan metode Honey & WetHulled, menghadirkan profil rasa mushroom, floral, nectarine yang kompleks namun harmonis. Sebuah perpaduan yang dirancang untuk memuaskan selera pecinta kopi sejati.",Medium Body,Solok Radjo (Light / Honey): 400g (40%) | Bali Kintamani (Medium / WetHulled): 350g (35%) | Papua Wamena (Dark / Honey): 250g (25%) | total: 1000g,Cocok untuk French Press & Espresso
S-SPR-026,Spring,Seasonal Blend,Volcano Spring Signature,Flores Bajawa Dark Wine 50% | Solok Radjo Light Honey 25% | Semeru Medium Wine 25%,Medium,"Halus seperti angin semi, blend delicate ini memadukan biji-biji terbaik dari Flores Bajawa dan Solok Radjo dan Semeru. Diproses dengan metode Wine & Honey, menghadirkan profil rasa dark plum, balsamic, white grape yang kompleks namun harmonis. Sebuah perpaduan yang dirancang untuk memuaskan selera pecinta kopi sejati.",Velvety,Flores Bajawa (Dark / Wine): 500g (50%) | Solok Radjo (Light / Honey): 250g (25%) | Semeru (Medium / Wine): 250g (25%) | total: 1000g,Cocok untuk French Press & Espresso
S-SPR-027,Spring,Seasonal Blend,Golden Spring Valley,Java Manglayang Light Anaerobic 70% | Gunung Halu Light Honey 30%,Light,"Halus seperti angin semi, blend aromatic ini memadukan biji-biji terbaik dari Java Manglayang dan Gunung Halu. Diproses dengan metode Honey & Anaerobic, menghadirkan profil rasa passion fruit, honeysuckle, raspberry yang kompleks namun harmonis. Sebuah perpaduan yang dirancang untuk memuaskan selera pecinta kopi sejati.",Delicate,Java Manglayang (Light / Anaerobic): 700g (70%) | Gunung Halu (Light / Honey): 300g (30%) | total: 1000g,Best for V60
S-SPR-028,Spring,Seasonal Blend,Horizon Spring Collection,Mandheling Medium WetHulled 55% | Java Temanggung Dark Natural 30% | Kerinci Kayu Aro Medium Anaerobic 15%,Medium,"Halus seperti angin semi, blend aromatic ini memadukan biji-biji terbaik dari Mandheling dan Java Temanggung dan Kerinci Kayu Aro. Diproses dengan metode WetHulled & Natural, menghadirkan profil rasa tar, cacao nib, earthy yang kompleks namun harmonis. Sebuah perpaduan yang dirancang untuk memuaskan selera pecinta kopi sejati.",Velvety,Mandheling (Medium / WetHulled): 550g (55%) | Java Temanggung (Dark / Natural): 300g (30%) | Kerinci Kayu Aro (Medium / Anaerobic): 150g (15%) | total: 1000g,Versatile for Espresso & Filter
S-SPR-029,Spring,Seasonal Blend,Horizon Spring Spring,Gunung Halu Medium Honey 40% | Bengkulu Dark WetHulled 35% | Java Ciwidey Light Wine 25%,Medium,"Karakter floral yang memanjakan indra, blend light ini memadukan biji-biji terbaik dari Gunung Halu dan Bengkulu dan Java Ciwidey. Diproses dengan metode Honey & WetHulled, menghadirkan profil rasa grape must, honey, toffee yang kompleks namun harmonis. Sebuah perpaduan yang dirancang untuk memuaskan selera pecinta kopi sejati.",Medium Body,Gunung Halu (Medium / Honey): 400g (40%) | Bengkulu (Dark / WetHulled): 350g (35%) | Java Ciwidey (Light / Wine): 250g (25%) | total: 1000g,Cocok untuk French Press & Espresso
S-SPR-030,Spring,Seasonal Blend,Summit Spring Spring,Lampung Robusta Premium Light Natural 55% | Mandheling Dark Washed 30% | Arjuno Dark WetHulled 15%,Medium,"Karakter floral yang memanjakan indra, blend light ini memadukan biji-biji terbaik dari Lampung Robusta Premium dan Mandheling dan Arjuno. Diproses dengan metode Washed & WetHulled, menghadirkan profil rasa blueberry, smoky caramel, bark yang kompleks namun harmonis. Sebuah perpaduan yang dirancang untuk memuaskan selera pecinta kopi sejati.",Round,Lampung Robusta Premium (Light / Natural): 550g (55%) | Mandheling (Dark / Washed): 300g (30%) | Arjuno (Dark / WetHulled): 150g (15%) | total: 1000g,Best for Moka Pot
S-SPR-031,Spring,Seasonal Blend,Sacred Spring Ridge,Kerinci Kayu Aro Medium SemiWashed 55% | Bukit Barisan Medium Anaerobic 30% | Dampit Malang Light Natural 15%,Medium,"Profil rasa yang bersih dan elegan, blend delicate ini memadukan biji-biji terbaik dari Kerinci Kayu Aro dan Bukit Barisan dan Dampit Malang. Diproses dengan metode SemiWashed & Natural, menghadirkan profil rasa roasted nut, tamarind, milk caramel yang kompleks namun harmonis. Sebuah perpaduan yang dirancang untuk memuaskan selera pecinta kopi sejati.",Smooth,Kerinci Kayu Aro (Medium / SemiWashed): 550g (55%) | Bukit Barisan (Medium / Anaerobic): 300g (30%) | Dampit Malang (Light / Natural): 150g (15%) | total: 1000g,Cocok untuk French Press & Espresso
S-SPR-032,Spring,Seasonal Blend,Copper Spring Select,Aceh Gayo Dark WetHulled 45% | Java Ijen Raung Dark Wine 35% | Mandheling Medium Honey 20%,Dark,"Halus seperti angin semi, blend floral ini memadukan biji-biji terbaik dari Aceh Gayo dan Java Ijen Raung dan Mandheling. Diproses dengan metode Wine & WetHulled, menghadirkan profil rasa clove, bark, macadamia yang kompleks namun harmonis. Sebuah perpaduan yang dirancang untuk memuaskan selera pecinta kopi sejati.",Thick,Aceh Gayo (Dark / WetHulled): 450g (45%) | Java Ijen Raung (Dark / Wine): 350g (35%) | Mandheling (Medium / Honey): 200g (20%) | total: 1000g,Ideal untuk Ristretto
S-SPR-033,Spring,Seasonal Blend,Horizon Spring Journey,Arjuno Dark Anaerobic 50% | Java Preanger Dark Honey 25% | Bali Ulian Medium SemiWashed 25%,Dark,"Profil rasa yang bersih dan elegan, blend floral ini memadukan biji-biji terbaik dari Arjuno dan Java Preanger dan Bali Ulian. Diproses dengan metode SemiWashed & Honey, menghadirkan profil rasa smoke, toffee, apricot jam yang kompleks namun harmonis. Sebuah perpaduan yang dirancang untuk memuaskan selera pecinta kopi sejati.",Thick,Arjuno (Dark / Anaerobic): 500g (50%) | Java Preanger (Dark / Honey): 250g (25%) | Bali Ulian (Medium / SemiWashed): 250g (25%) | total: 1000g,Ideal untuk Ristretto
S-SPR-034,Spring,Seasonal Blend,Silk Spring Journey,Java Ciwidey Dark Honey 40% | Sidikalang Light SemiWashed 60%,Medium,"Halus seperti angin semi, blend fresh ini memadukan biji-biji terbaik dari Java Ciwidey dan Sidikalang. Diproses dengan metode SemiWashed & Honey, menghadirkan profil rasa papaya, dark sugar, oolong tea yang kompleks namun harmonis. Sebuah perpaduan yang dirancang untuk memuaskan selera pecinta kopi sejati.",Smooth,Java Ciwidey (Dark / Honey): 400g (40%) | Sidikalang (Light / SemiWashed): 600g (60%) | total: 1000g,Cocok untuk French Press & Espresso
S-SPR-035,Spring,Seasonal Blend,Copper Spring Ridge,Flores Bajawa Light Wine 60% | Wanoja Kamojang Medium Wine 40%,Light,"Halus seperti angin semi, blend clean ini memadukan biji-biji terbaik dari Flores Bajawa dan Wanoja Kamojang. Diproses dengan metode Wine, menghadirkan profil rasa wine, balsamic, grape must yang kompleks namun harmonis. Sebuah perpaduan yang dirancang untuk memuaskan selera pecinta kopi sejati.",Tea-like,Flores Bajawa (Light / Wine): 600g (60%) | Wanoja Kamojang (Medium / Wine): 400g (40%) | total: 1000g,Cocok untuk AeroPress
S-SPR-036,Spring,Seasonal Blend,Ember Spring Legacy,Java Preanger Light Anaerobic 50% | Sidikalang Medium SemiWashed 25% | Solok Radjo Dark Anaerobic 25%,Medium,"Aroma bunga yang menyegarkan, blend delicate ini memadukan biji-biji terbaik dari Java Preanger dan Sidikalang dan Solok Radjo. Diproses dengan metode SemiWashed & Anaerobic, menghadirkan profil rasa apricot jam, smoke, milk caramel yang kompleks namun harmonis. Sebuah perpaduan yang dirancang untuk memuaskan selera pecinta kopi sejati.",Smooth,Java Preanger (Light / Anaerobic): 500g (50%) | Sidikalang (Medium / SemiWashed): 250g (25%) | Solok Radjo (Dark / Anaerobic): 250g (25%) | total: 1000g,Best for Moka Pot
S-SPR-037,Spring,Seasonal Blend,Ember Spring Edition,Java Ijen Raung Light SemiWashed 55% | Bengkulu Medium Washed 45%,Light,"Karakter floral yang memanjakan indra, blend floral ini memadukan biji-biji terbaik dari Java Ijen Raung dan Bengkulu. Diproses dengan metode SemiWashed & Washed, menghadirkan profil rasa papaya, light caramel, hazelnut yang kompleks namun harmonis. Sebuah perpaduan yang dirancang untuk memuaskan selera pecinta kopi sejati.",Delicate,Java Ijen Raung (Light / SemiWashed): 550g (55%) | Bengkulu (Medium / Washed): 450g (45%) | total: 1000g,Cocok untuk AeroPress
S-SPR-038,Spring,Seasonal Blend,Ritual Spring Edition,Java Puntang Medium Wine 70% | Flores Bajawa Light Natural 30%,Medium,"Karakter floral yang memanjakan indra, blend delicate ini memadukan biji-biji terbaik dari Java Puntang dan Flores Bajawa. Diproses dengan metode Wine & Natural, menghadirkan profil rasa roasted grape, strawberry, dark plum yang kompleks namun harmonis. Sebuah perpaduan yang dirancang untuk memuaskan selera pecinta kopi sejati.",Medium Body,Java Puntang (Medium / Wine): 700g (70%) | Flores Bajawa (Light / Natural): 300g (30%) | total: 1000g,Best for Moka Pot
S-SPR-039,Spring,Seasonal Blend,Sacred Spring Collection,Bengkulu Medium Natural 55% | Java Temanggung Light WetHulled 45%,Light,"Halus seperti angin semi, blend aromatic ini memadukan biji-biji terbaik dari Bengkulu dan Java Temanggung. Diproses dengan metode WetHulled & Natural, menghadirkan profil rasa cedar, dried fig, dark chocolate yang kompleks namun harmonis. Sebuah perpaduan yang dirancang untuk memuaskan selera pecinta kopi sejati.",Delicate,Bengkulu (Medium / Natural): 550g (55%) | Java Temanggung (Light / WetHulled): 450g (45%) | total: 1000g,Cocok untuk AeroPress
S-SPR-040,Spring,Seasonal Blend,Ritual Spring Valley,Java Sindoro Dark Wine 55% | Java Puntang Light Wine 45%,Medium,"Aroma bunga yang menyegarkan, blend delicate ini memadukan biji-biji terbaik dari Java Sindoro dan Java Puntang. Diproses dengan metode Wine, menghadirkan profil rasa blackcurrant, tobacco, plum yang kompleks namun harmonis. Sebuah perpaduan yang dirancang untuk memuaskan selera pecinta kopi sejati.",Velvety,Java Sindoro (Dark / Wine): 550g (55%) | Java Puntang (Light / Wine): 450g (45%) | total: 1000g,Versatile for Espresso & Filter
S-SPR-041,Spring,Seasonal Blend,Ancient Spring Collection,Bengkulu Light Wine 50% | Kerinci Kayu Aro Light WetHulled 25% | Java Garut Dark SemiWashed 25%,Light,"Profil rasa yang bersih dan elegan, blend aromatic ini memadukan biji-biji terbaik dari Bengkulu dan Kerinci Kayu Aro dan Java Garut. Diproses dengan metode SemiWashed & Wine, menghadirkan profil rasa plum, tobacco leaf, dark cherry yang kompleks namun harmonis. Sebuah perpaduan yang dirancang untuk memuaskan selera pecinta kopi sejati.",Clean,Bengkulu (Light / Wine): 500g (50%) | Kerinci Kayu Aro (Light / WetHulled): 250g (25%) | Java Garut (Dark / SemiWashed): 250g (25%) | total: 1000g,Ideal for Chemex
S-SPR-042,Spring,Seasonal Blend,Celestial Spring Signature,Flores Bajawa Medium WetHulled 70% | Bukit Barisan Light Honey 30%,Medium,"Karakter floral yang memanjakan indra, blend aromatic ini memadukan biji-biji terbaik dari Flores Bajawa dan Bukit Barisan. Diproses dengan metode Honey & WetHulled, menghadirkan profil rasa floral, pear, honeysuckle yang kompleks namun harmonis. Sebuah perpaduan yang dirancang untuk memuaskan selera pecinta kopi sejati.",Balanced,Flores Bajawa (Medium / WetHulled): 700g (70%) | Bukit Barisan (Light / Honey): 300g (30%) | total: 1000g,Versatile for Espresso & Filter
S-SPR-043,Spring,Seasonal Blend,Midnight Spring Story,Solok Radjo Medium Washed 65% | Java Garut Medium Anaerobic 35%,Medium,"Profil rasa yang bersih dan elegan, blend fresh ini memadukan biji-biji terbaik dari Solok Radjo dan Java Garut. Diproses dengan metode Washed & Anaerobic, menghadirkan profil rasa milk chocolate, fermented fruit, almond yang kompleks namun harmonis. Sebuah perpaduan yang dirancang untuk memuaskan selera pecinta kopi sejati.",Round,Solok Radjo (Medium / Washed): 650g (65%) | Java Garut (Medium / Anaerobic): 350g (35%) | total: 1000g,Versatile for Espresso & Filter
S-SPR-044,Spring,Seasonal Blend,Twilight Spring Edition,Kerinci Kayu Aro Medium Honey 70% | Java Ijen Raung Dark Wine 30%,Medium,"Halus seperti angin semi, blend aromatic ini memadukan biji-biji terbaik dari Kerinci Kayu Aro dan Java Ijen Raung. Diproses dengan metode Honey & Wine, menghadirkan profil rasa dark espresso, maple syrup, macadamia yang kompleks namun harmonis. Sebuah perpaduan yang dirancang untuk memuaskan selera pecinta kopi sejati.",Smooth,Kerinci Kayu Aro (Medium / Honey): 700g (70%) | Java Ijen Raung (Dark / Wine): 300g (30%) | total: 1000g,Versatile for Espresso & Filter
S-SPR-045,Spring,Seasonal Blend,Equator Spring Fusion,Java Ijen Raung Light Natural 50% | Bukit Barisan Dark SemiWashed 25% | Java Ciwidey Dark Anaerobic 25%,Medium,"Halus seperti angin semi, blend light ini memadukan biji-biji terbaik dari Java Ijen Raung dan Bukit Barisan dan Java Ciwidey. Diproses dengan metode SemiWashed & Natural, menghadirkan profil rasa black cherry, dark caramel, intense spice yang kompleks namun harmonis. Sebuah perpaduan yang dirancang untuk memuaskan selera pecinta kopi sejati.",Smooth,Java Ijen Raung (Light / Natural): 500g (50%) | Bukit Barisan (Dark / SemiWashed): 250g (25%) | Java Ciwidey (Dark / Anaerobic): 250g (25%) | total: 1000g,Best for Moka Pot
S-SPR-046,Spring,Seasonal Blend,Sunrise Spring Estate,Java Puntang Medium Anaerobic 50% | Mandheling Medium WetHulled 25% | Papua Wamena Dark Natural 25%,Medium,"Halus seperti angin semi, blend clean ini memadukan biji-biji terbaik dari Java Puntang dan Mandheling dan Papua Wamena. Diproses dengan metode Natural & WetHulled, menghadirkan profil rasa mushroom, tropical punch, fermented fruit yang kompleks namun harmonis. Sebuah perpaduan yang dirancang untuk memuaskan selera pecinta kopi sejati.",Smooth,Java Puntang (Medium / Anaerobic): 500g (50%) | Mandheling (Medium / WetHulled): 250g (25%) | Papua Wamena (Dark / Natural): 250g (25%) | total: 1000g,Best for Moka Pot
S-SPR-047,Spring,Seasonal Blend,Amber Spring Edition,Bali Kintamani Dark Honey 45% | Java Garut Medium Wine 35% | Toraja Sapan Medium Honey 20%,Medium,"Karakter floral yang memanjakan indra, blend delicate ini memadukan biji-biji terbaik dari Bali Kintamani dan Java Garut dan Toraja Sapan. Diproses dengan metode Honey & Wine, menghadirkan profil rasa maple syrup, honey, smoked almond yang kompleks namun harmonis. Sebuah perpaduan yang dirancang untuk memuaskan selera pecinta kopi sejati.",Balanced,Bali Kintamani (Dark / Honey): 450g (45%) | Java Garut (Medium / Wine): 350g (35%) | Toraja Sapan (Medium / Honey): 200g (20%) | total: 1000g,Versatile for Espresso & Filter
S-SPR-048,Spring,Seasonal Blend,Dawn Spring Estate,Papua Dogiyai Light Honey 50% | Flores Bajawa Dark Anaerobic 50%,Medium,"Aroma bunga yang menyegarkan, blend fresh ini memadukan biji-biji terbaik dari Papua Dogiyai dan Flores Bajawa. Diproses dengan metode Honey & Anaerobic, menghadirkan profil rasa pear, apricot, dark rum yang kompleks namun harmonis. Sebuah perpaduan yang dirancang untuk memuaskan selera pecinta kopi sejati.",Smooth,Papua Dogiyai (Light / Honey): 500g (50%) | Flores Bajawa (Dark / Anaerobic): 500g (50%) | total: 1000g,Versatile for Espresso & Filter
S-SPR-049,Spring,Seasonal Blend,Equator Spring Blend,Sidikalang Light Honey 55% | Java Temanggung Light Honey 45%,Light,"Aroma bunga yang menyegarkan, blend light ini memadukan biji-biji terbaik dari Sidikalang dan Java Temanggung. Diproses dengan metode Honey, menghadirkan profil rasa floral, white grape, apricot yang kompleks namun harmonis. Sebuah perpaduan yang dirancang untuk memuaskan selera pecinta kopi sejati.",Silky,Sidikalang (Light / Honey): 550g (55%) | Java Temanggung (Light / Honey): 450g (45%) | total: 1000g,Ideal for Chemex
S-SPR-050,Spring,Seasonal Blend,Twilight Spring Spring,Flores Manggarai Light Wine 65% | Gunung Halu Medium Honey 35%,Light,"Karakter floral yang memanjakan indra, blend light ini memadukan biji-biji terbaik dari Flores Manggarai dan Gunung Halu. Diproses dengan metode Wine & Honey, menghadirkan profil rasa grape must, honey, toffee yang kompleks namun harmonis. Sebuah perpaduan yang dirancang untuk memuaskan selera pecinta kopi sejati.",Clean,Flores Manggarai (Light / Wine): 650g (65%) | Gunung Halu (Medium / Honey): 350g (35%) | total: 1000g,Cocok untuk AeroPress
S-SPR-051,Spring,Seasonal Blend,Timeless Spring Story,Aceh Gayo Dark Wine 60% | Kerinci Kayu Aro Dark SemiWashed 40%,Dark,"Aroma bunga yang menyegarkan, blend delicate ini memadukan biji-biji terbaik dari Aceh Gayo dan Kerinci Kayu Aro. Diproses dengan metode SemiWashed & Wine, menghadirkan profil rasa intense spice, roasted grain, dark espresso yang kompleks namun harmonis. Sebuah perpaduan yang dirancang untuk memuaskan selera pecinta kopi sejati.",Full Body,Aceh Gayo (Dark / Wine): 600g (60%) | Kerinci Kayu Aro (Dark / SemiWashed): 400g (40%) | total: 1000g,Ideal untuk Ristretto
S-SPR-052,Spring,Seasonal Blend,Dawn Spring Edition,Sidikalang Light WetHulled 55% | Java Garut Light Wine 45%,Light,"Profil rasa yang bersih dan elegan, blend delicate ini memadukan biji-biji terbaik dari Sidikalang dan Java Garut. Diproses dengan metode Wine & WetHulled, menghadirkan profil rasa blackcurrant, wine, plum yang kompleks namun harmonis. Sebuah perpaduan yang dirancang untuk memuaskan selera pecinta kopi sejati.",Delicate,Sidikalang (Light / WetHulled): 550g (55%) | Java Garut (Light / Wine): 450g (45%) | total: 1000g,Best for V60
S-SPR-053,Spring,Seasonal Blend,Bronze Spring Chapter,Java Puntang Medium Wine 55% | Java Ciwidey Medium Natural 30% | Semeru Light Wine 15%,Medium,"Profil rasa yang bersih dan elegan, blend fresh ini memadukan biji-biji terbaik dari Java Puntang dan Java Ciwidey dan Semeru. Diproses dengan metode Wine & Natural, menghadirkan profil rasa berry jam, molasses, espresso yang kompleks namun harmonis. Sebuah perpaduan yang dirancang untuk memuaskan selera pecinta kopi sejati.",Balanced,Java Puntang (Medium / Wine): 550g (55%) | Java Ciwidey (Medium / Natural): 300g (30%) | Semeru (Light / Wine): 150g (15%) | total: 1000g,Cocok untuk French Press & Espresso
S-SPR-054,Spring,Seasonal Blend,Whisper Spring Peak,Java Puntang Light Honey 60% | Semeru Medium WetHulled 40%,Light,"Karakter floral yang memanjakan indra, blend floral ini memadukan biji-biji terbaik dari Java Puntang dan Semeru. Diproses dengan metode Honey & WetHulled, menghadirkan profil rasa nectarine, white grape, honeysuckle yang kompleks namun harmonis. Sebuah perpaduan yang dirancang untuk memuaskan selera pecinta kopi sejati.",Delicate,Java Puntang (Light / Honey): 600g (60%) | Semeru (Medium / WetHulled): 400g (40%) | total: 1000g,Cocok untuk AeroPress
S-SPR-055,Spring,Seasonal Blend,Dawn Spring Origin,Semeru Dark Washed 50% | Flores Bajawa Dark SemiWashed 25% | Gunung Halu Light WetHulled 25%,Dark,"Profil rasa yang bersih dan elegan, blend floral ini memadukan biji-biji terbaik dari Semeru dan Flores Bajawa dan Gunung Halu. Diproses dengan metode SemiWashed & Washed, menghadirkan profil rasa dark roast, tobacco leaf, cedar yang kompleks namun harmonis. Sebuah perpaduan yang dirancang untuk memuaskan selera pecinta kopi sejati.",Full Body,Semeru (Dark / Washed): 500g (50%) | Flores Bajawa (Dark / SemiWashed): 250g (25%) | Gunung Halu (Light / WetHulled): 250g (25%) | total: 1000g,Ideal untuk Ristretto
S-SPR-056,Spring,Seasonal Blend,Timeless Spring Blend,Gunung Halu Medium Wine 70% | Mandheling Light WetHulled 30%,Medium,"Profil rasa yang bersih dan elegan, blend delicate ini memadukan biji-biji terbaik dari Gunung Halu dan Mandheling. Diproses dengan metode Wine & WetHulled, menghadirkan profil rasa roasted grape, lime, espresso yang kompleks namun harmonis. Sebuah perpaduan yang dirancang untuk memuaskan selera pecinta kopi sejati.",Medium Body,Gunung Halu (Medium / Wine): 700g (70%) | Mandheling (Light / WetHulled): 300g (30%) | total: 1000g,Best for Moka Pot
S-SPR-057,Spring,Seasonal Blend,Bronze Spring Collection,Java Puntang Dark Wine 60% | Mandheling Medium Natural 25% | Semeru Dark SemiWashed 15%,Dark,"Halus seperti angin semi, blend floral ini memadukan biji-biji terbaik dari Java Puntang dan Mandheling dan Semeru. Diproses dengan metode SemiWashed & Wine, menghadirkan profil rasa aged wine, berry jam, prune yang kompleks namun harmonis. Sebuah perpaduan yang dirancang untuk memuaskan selera pecinta kopi sejati.",Heavy Body,Java Puntang (Dark / Wine): 600g (60%) | Mandheling (Medium / Natural): 250g (25%) | Semeru (Dark / SemiWashed): 150g (15%) | total: 1000g,Best for Espresso
S-SPR-058,Spring,Seasonal Blend,Serenity Spring Blend,Flores Manggarai Medium Anaerobic 40% | Java Preanger Light Washed 60%,Light,"Halus seperti angin semi, blend floral ini memadukan biji-biji terbaik dari Flores Manggarai dan Java Preanger. Diproses dengan metode Washed & Anaerobic, menghadirkan profil rasa citrus, green tea, peach yang kompleks namun harmonis. Sebuah perpaduan yang dirancang untuk memuaskan selera pecinta kopi sejati.",Clean,Flores Manggarai (Medium / Anaerobic): 400g (40%) | Java Preanger (Light / Washed): 600g (60%) | total: 1000g,Ideal for Chemex
S-SPR-059,Spring,Seasonal Blend,Mystic Spring Craft,Wanoja Kamojang Medium Honey 50% | Flores Manggarai Light Anaerobic 25% | Java Ciwidey Medium Anaerobic 25%,Medium,"Profil rasa yang bersih dan elegan, blend delicate ini memadukan biji-biji terbaik dari Wanoja Kamojang dan Flores Manggarai dan Java Ciwidey. Diproses dengan metode Honey & Anaerobic, menghadirkan profil rasa macadamia, tamarind, passion fruit yang kompleks namun harmonis. Sebuah perpaduan yang dirancang untuk memuaskan selera pecinta kopi sejati.",Medium Body,Wanoja Kamojang (Medium / Honey): 500g (50%) | Flores Manggarai (Light / Anaerobic): 250g (25%) | Java Ciwidey (Medium / Anaerobic): 250g (25%) | total: 1000g,Versatile for Espresso & Filter
S-SPR-060,Spring,Seasonal Blend,Amber Spring Story,Semeru Medium SemiWashed 55% | Java Puntang Medium SemiWashed 30% | Bengkulu Light Anaerobic 15%,Medium,"Profil rasa yang bersih dan elegan, blend light ini memadukan biji-biji terbaik dari Semeru dan Java Puntang dan Bengkulu. Diproses dengan metode SemiWashed & Anaerobic, menghadirkan profil rasa roasted nut, vanilla, raspberry yang kompleks namun harmonis. Sebuah perpaduan yang dirancang untuk memuaskan selera pecinta kopi sejati.",Balanced,Semeru (Medium / SemiWashed): 550g (55%) | Java Puntang (Medium / SemiWashed): 300g (30%) | Bengkulu (Light / Anaerobic): 150g (15%) | total: 1000g,Cocok untuk French Press & Espresso
S-SPR-061,Spring,Seasonal Blend,Sunrise Spring Series,Lintong Onan Dark Washed 40% | Toraja Sapan Medium Anaerobic 35% | Papua Dogiyai Medium Wine 25%,Medium,"Aroma bunga yang menyegarkan, blend delicate ini memadukan biji-biji terbaik dari Lintong Onan dan Toraja Sapan dan Papua Dogiyai. Diproses dengan metode Washed & Wine, menghadirkan profil rasa cacao nib, port wine, dark plum yang kompleks namun harmonis. Sebuah perpaduan yang dirancang untuk memuaskan selera pecinta kopi sejati.",Velvety,Lintong Onan (Dark / Washed): 400g (40%) | Toraja Sapan (Medium / Anaerobic): 350g (35%) | Papua Dogiyai (Medium / Wine): 250g (25%) | total: 1000g,Cocok untuk French Press & Espresso
S-SPR-062,Spring,Seasonal Blend,Velvet Spring Chapter,Wanoja Kamojang Light WetHulled 60% | Temanggung Medium Honey 40%,Light,"Profil rasa yang bersih dan elegan, blend delicate ini memadukan biji-biji terbaik dari Wanoja Kamojang dan Temanggung. Diproses dengan metode Honey & WetHulled, menghadirkan profil rasa cedar, honey, maple syrup yang kompleks namun harmonis. Sebuah perpaduan yang dirancang untuk memuaskan selera pecinta kopi sejati.",Light Body,Wanoja Kamojang (Light / WetHulled): 600g (60%) | Temanggung (Medium / Honey): 400g (40%) | total: 1000g,Pour Over Recommended
S-SPR-063,Spring,Seasonal Blend,Copper Spring Spring,Mandheling Light WetHulled 40% | Aceh Gayo Medium Anaerobic 60%,Light,"Profil rasa yang bersih dan elegan, blend clean ini memadukan biji-biji terbaik dari Mandheling dan Aceh Gayo. Diproses dengan metode WetHulled & Anaerobic, menghadirkan profil rasa herb, cacao nib, tobacco leaf yang kompleks namun harmonis. Sebuah perpaduan yang dirancang untuk memuaskan selera pecinta kopi sejati.",Delicate,Mandheling (Light / WetHulled): 400g (40%) | Aceh Gayo (Medium / Anaerobic): 600g (60%) | total: 1000g,Ideal for Chemex
S-SPR-064,Spring,Seasonal Blend,Primal Spring Signature,Java Preanger Light Washed 55% | Arjuno Light WetHulled 45%,Light,"Halus seperti angin semi, blend floral ini memadukan biji-biji terbaik dari Java Preanger dan Arjuno. Diproses dengan metode Washed & WetHulled, menghadirkan profil rasa lime, herb, bergamot yang kompleks namun harmonis. Sebuah perpaduan yang dirancang untuk memuaskan selera pecinta kopi sejati.",Delicate,Java Preanger (Light / Washed): 550g (55%) | Arjuno (Light / WetHulled): 450g (45%) | total: 1000g,Cocok untuk AeroPress
S-SPR-065,Spring,Seasonal Blend,Velvet Spring Craft,Bukit Barisan Dark Wine 50% | Aceh Gayo Medium SemiWashed 30% | Wanoja Kamojang Light Wine 20%,Medium,"Aroma bunga yang menyegarkan, blend aromatic ini memadukan biji-biji terbaik dari Bukit Barisan dan Aceh Gayo dan Wanoja Kamojang. Diproses dengan metode SemiWashed & Wine, menghadirkan profil rasa aged wine, plum, dark cherry yang kompleks namun harmonis. Sebuah perpaduan yang dirancang untuk memuaskan selera pecinta kopi sejati.",Round,Bukit Barisan (Dark / Wine): 500g (50%) | Aceh Gayo (Medium / SemiWashed): 300g (30%) | Wanoja Kamojang (Light / Wine): 200g (20%) | total: 1000g,Cocok untuk French Press & Espresso
S-SPR-066,Spring,Seasonal Blend,Silk Spring Legacy,Bali Ulian Medium SemiWashed 40% | Semeru Medium Natural 35% | Papua Wamena Medium SemiWashed 25%,Medium,"Aroma bunga yang menyegarkan, blend light ini memadukan biji-biji terbaik dari Bali Ulian dan Semeru dan Papua Wamena. Diproses dengan metode SemiWashed & Natural, menghadirkan profil rasa apricot jam, roasted nut, vanilla yang kompleks namun harmonis. Sebuah perpaduan yang dirancang untuk memuaskan selera pecinta kopi sejati.",Round,Bali Ulian (Medium / SemiWashed): 400g (40%) | Semeru (Medium / Natural): 350g (35%) | Papua Wamena (Medium / SemiWashed): 250g (25%) | total: 1000g,Cocok untuk French Press & Espresso
S-SPR-067,Spring,Seasonal Blend,Archipelago Spring Craft,Semeru Dark Anaerobic 65% | Lampung Robusta Premium Dark Honey 35%,Dark,"Halus seperti angin semi, blend delicate ini memadukan biji-biji terbaik dari Semeru dan Lampung Robusta Premium. Diproses dengan metode Honey & Anaerobic, menghadirkan profil rasa dark sugar, fermented cocoa, toffee yang kompleks namun harmonis. Sebuah perpaduan yang dirancang untuk memuaskan selera pecinta kopi sejati.",Bold,Semeru (Dark / Anaerobic): 650g (65%) | Lampung Robusta Premium (Dark / Honey): 350g (35%) | total: 1000g,Best for Batch Brew
S-SPR-068,Spring,Seasonal Blend,Highland Spring Select,Wanoja Kamojang Medium Honey 40% | Flores Manggarai Medium Wine 60%,Medium,"Halus seperti angin semi, blend delicate ini memadukan biji-biji terbaik dari Wanoja Kamojang dan Flores Manggarai. Diproses dengan metode Honey & Wine, menghadirkan profil rasa port wine, maple syrup, espresso yang kompleks namun harmonis. Sebuah perpaduan yang dirancang untuk memuaskan selera pecinta kopi sejati.",Balanced,Wanoja Kamojang (Medium / Honey): 400g (40%) | Flores Manggarai (Medium / Wine): 600g (60%) | total: 1000g,Best for Moka Pot
S-SPR-069,Spring,Seasonal Blend,Serenity Spring Valley,Wanoja Kamojang Light Washed 55% | Java Manglayang Dark Honey 30% | Papua Wamena Light Honey 15%,Light,"Aroma bunga yang menyegarkan, blend aromatic ini memadukan biji-biji terbaik dari Wanoja Kamojang dan Java Manglayang dan Papua Wamena. Diproses dengan metode Washed & Honey, menghadirkan profil rasa white grape, dark sugar, bergamot yang kompleks namun harmonis. Sebuah perpaduan yang dirancang untuk memuaskan selera pecinta kopi sejati.",Delicate,Wanoja Kamojang (Light / Washed): 550g (55%) | Java Manglayang (Dark / Honey): 300g (30%) | Papua Wamena (Light / Honey): 150g (15%) | total: 1000g,Ideal for Chemex
S-SPR-070,Spring,Seasonal Blend,Whisper Spring Series,Java Ciwidey Dark Honey 40% | Flores Manggarai Medium WetHulled 35% | Sembalun Rinjani Light Honey 25%,Medium,"Profil rasa yang bersih dan elegan, blend floral ini memadukan biji-biji terbaik dari Java Ciwidey dan Flores Manggarai dan Sembalun Rinjani. Diproses dengan metode Honey & WetHulled, menghadirkan profil rasa tobacco, mushroom, leather yang kompleks namun harmonis. Sebuah perpaduan yang dirancang untuk memuaskan selera pecinta kopi sejati.",Velvety,Java Ciwidey (Dark / Honey): 400g (40%) | Flores Manggarai (Medium / WetHulled): 350g (35%) | Sembalun Rinjani (Light / Honey): 250g (25%) | total: 1000g,Best for Moka Pot
S-SPR-071,Spring,Seasonal Blend,Horizon Spring Blend,Java Temanggung Light WetHulled 60% | Java Manglayang Medium Honey 25% | Sidikalang Dark Anaerobic 15%,Light,"Profil rasa yang bersih dan elegan, blend aromatic ini memadukan biji-biji terbaik dari Java Temanggung dan Java Manglayang dan Sidikalang. Diproses dengan metode Honey & WetHulled, menghadirkan profil rasa lime, black cherry, dark rum yang kompleks namun harmonis. Sebuah perpaduan yang dirancang untuk memuaskan selera pecinta kopi sejati.",Light Body,Java Temanggung (Light / WetHulled): 600g (60%) | Java Manglayang (Medium / Honey): 250g (25%) | Sidikalang (Dark / Anaerobic): 150g (15%) | total: 1000g,Pour Over Recommended
S-SPR-072,Spring,Seasonal Blend,Copper Spring Chapter,Java Manglayang Dark Wine 45% | Lintong Onan Dark Honey 55%,Dark,"Karakter floral yang memanjakan indra, blend aromatic ini memadukan biji-biji terbaik dari Java Manglayang dan Lintong Onan. Diproses dengan metode Wine & Honey, menghadirkan profil rasa smoked almond, toffee, dark sugar yang kompleks namun harmonis. Sebuah perpaduan yang dirancang untuk memuaskan selera pecinta kopi sejati.",Syrupy,Java Manglayang (Dark / Wine): 450g (45%) | Lintong Onan (Dark / Honey): 550g (55%) | total: 1000g,Cocok untuk Cold Brew
S-SPR-073,Spring,Seasonal Blend,Highland Spring Series,Solok Radjo Dark SemiWashed 45% | Aceh Gayo Medium Washed 35% | Java Ciwidey Dark WetHulled 20%,Dark,"Aroma bunga yang menyegarkan, blend aromatic ini memadukan biji-biji terbaik dari Solok Radjo dan Aceh Gayo dan Java Ciwidey. Diproses dengan metode SemiWashed & Washed, menghadirkan profil rasa caramel, brown sugar, dark caramel yang kompleks namun harmonis. Sebuah perpaduan yang dirancang untuk memuaskan selera pecinta kopi sejati.",Syrupy,Solok Radjo (Dark / SemiWashed): 450g (45%) | Aceh Gayo (Medium / Washed): 350g (35%) | Java Ciwidey (Dark / WetHulled): 200g (20%) | total: 1000g,Best for Batch Brew
S-SPR-074,Spring,Seasonal Blend,Elysian Spring Valley,Papua Wamena Medium Anaerobic 50% | Java Sindoro Medium Honey 25% | Bali Kintamani Dark Natural 25%,Medium,"Aroma bunga yang menyegarkan, blend light ini memadukan biji-biji terbaik dari Papua Wamena dan Java Sindoro dan Bali Kintamani. Diproses dengan metode Honey & Natural, menghadirkan profil rasa maple syrup, dark berry, tropical punch yang kompleks namun harmonis. Sebuah perpaduan yang dirancang untuk memuaskan selera pecinta kopi sejati.",Velvety,Papua Wamena (Medium / Anaerobic): 500g (50%) | Java Sindoro (Medium / Honey): 250g (25%) | Bali Kintamani (Dark / Natural): 250g (25%) | total: 1000g,Best for Moka Pot
S-SPR-075,Spring,Seasonal Blend,Ritual Spring Series,Lintong Onan Dark Honey 50% | Solok Radjo Medium Anaerobic 30% | Java Ciwidey Medium WetHulled 20%,Dark,"Profil rasa yang bersih dan elegan, blend light ini memadukan biji-biji terbaik dari Lintong Onan dan Solok Radjo dan Java Ciwidey. Diproses dengan metode Honey & WetHulled, menghadirkan profil rasa spice, tropical punch, dark sugar yang kompleks namun harmonis. Sebuah perpaduan yang dirancang untuk memuaskan selera pecinta kopi sejati.",Heavy Body,Lintong Onan (Dark / Honey): 500g (50%) | Solok Radjo (Medium / Anaerobic): 300g (30%) | Java Ciwidey (Medium / WetHulled): 200g (20%) | total: 1000g,Cocok untuk Cold Brew
S-SPR-076,Spring,Seasonal Blend,Volcano Spring Fusion,Java Manglayang Dark Anaerobic 50% | Arjuno Medium Honey 25% | Toraja Kalosi Dark Natural 25%,Dark,"Profil rasa yang bersih dan elegan, blend aromatic ini memadukan biji-biji terbaik dari Java Manglayang dan Arjuno dan Toraja Kalosi. Diproses dengan metode Honey & Natural, menghadirkan profil rasa espresso, maple syrup, tar yang kompleks namun harmonis. Sebuah perpaduan yang dirancang untuk memuaskan selera pecinta kopi sejati.",Heavy Body,Java Manglayang (Dark / Anaerobic): 500g (50%) | Arjuno (Medium / Honey): 250g (25%) | Toraja Kalosi (Dark / Natural): 250g (25%) | total: 1000g,Best for Espresso
S-SPR-077,Spring,Seasonal Blend,Celestial Spring Select,Java Garut Dark Honey 50% | Sidikalang Medium Washed 30% | Dampit Malang Medium SemiWashed 20%,Dark,"Halus seperti angin semi, blend light ini memadukan biji-biji terbaik dari Java Garut dan Sidikalang dan Dampit Malang. Diproses dengan metode SemiWashed & Washed, menghadirkan profil rasa hazelnut, brown sugar, roasted nut yang kompleks namun harmonis. Sebuah perpaduan yang dirancang untuk memuaskan selera pecinta kopi sejati.",Bold,Java Garut (Dark / Honey): 500g (50%) | Sidikalang (Medium / Washed): 300g (30%) | Dampit Malang (Medium / SemiWashed): 200g (20%) | total: 1000g,Ideal untuk Ristretto
S-SPR-078,Spring,Seasonal Blend,Dawn Spring Reserve,Java Ijen Raung Medium WetHulled 65% | Flores Bajawa Dark Washed 35%,Medium,"Profil rasa yang bersih dan elegan, blend clean ini memadukan biji-biji terbaik dari Java Ijen Raung dan Flores Bajawa. Diproses dengan metode Washed & WetHulled, menghadirkan profil rasa bitter chocolate, molasses, spice yang kompleks namun harmonis. Sebuah perpaduan yang dirancang untuk memuaskan selera pecinta kopi sejati.",Round,Java Ijen Raung (Medium / WetHulled): 650g (65%) | Flores Bajawa (Dark / Washed): 350g (35%) | total: 1000g,Cocok untuk French Press & Espresso
S-SPR-079,Spring,Seasonal Blend,Ancient Spring Ridge,Kerinci Kayu Aro Light SemiWashed 60% | Java Preanger Light Washed 25% | Papua Wamena Dark SemiWashed 15%,Light,"Halus seperti angin semi, blend fresh ini memadukan biji-biji terbaik dari Kerinci Kayu Aro dan Java Preanger dan Papua Wamena. Diproses dengan metode SemiWashed & Washed, menghadirkan profil rasa intense spice, jasmine, roasted grain yang kompleks namun harmonis. Sebuah perpaduan yang dirancang untuk memuaskan selera pecinta kopi sejati.",Clean,Kerinci Kayu Aro (Light / SemiWashed): 600g (60%) | Java Preanger (Light / Washed): 250g (25%) | Papua Wamena (Dark / SemiWashed): 150g (15%) | total: 1000g,Pour Over Recommended
S-SPR-080,Spring,Seasonal Blend,Serenity Spring Ridge,Bukit Barisan Light Washed 40% | Java Preanger Dark WetHulled 60%,Medium,"Halus seperti angin semi, blend delicate ini memadukan biji-biji terbaik dari Bukit Barisan dan Java Preanger. Diproses dengan metode Washed & WetHulled, menghadirkan profil rasa dark tobacco, citrus, peach yang kompleks namun harmonis. Sebuah perpaduan yang dirancang untuk memuaskan selera pecinta kopi sejati.",Smooth,Bukit Barisan (Light / Washed): 400g (40%) | Java Preanger (Dark / WetHulled): 600g (60%) | total: 1000g,Versatile for Espresso & Filter
S-SPR-081,Spring,Seasonal Blend,Primal Spring Series,Lintong Onan Light Washed 60% | Mandheling Medium WetHulled 25% | Bali Ulian Dark Wine 15%,Light,"Profil rasa yang bersih dan elegan, blend aromatic ini memadukan biji-biji terbaik dari Lintong Onan dan Mandheling dan Bali Ulian. Diproses dengan metode Washed & Wine, menghadirkan profil rasa bergamot, green tea, tobacco yang kompleks namun harmonis. Sebuah perpaduan yang dirancang untuk memuaskan selera pecinta kopi sejati.",Silky,Lintong Onan (Light / Washed): 600g (60%) | Mandheling (Medium / WetHulled): 250g (25%) | Bali Ulian (Dark / Wine): 150g (15%) | total: 1000g,Pour Over Recommended
S-SPR-082,Spring,Seasonal Blend,Archipelago Spring Journey,Java Garut Dark Anaerobic 55% | Bali Kintamani Dark Honey 30% | Solok Radjo Medium Natural 15%,Dark,"Aroma bunga yang menyegarkan, blend floral ini memadukan biji-biji terbaik dari Java Garut dan Bali Kintamani dan Solok Radjo. Diproses dengan metode Honey & Natural, menghadirkan profil rasa burnt caramel, smoke, black cherry yang kompleks namun harmonis. Sebuah perpaduan yang dirancang untuk memuaskan selera pecinta kopi sejati.",Thick,Java Garut (Dark / Anaerobic): 550g (55%) | Bali Kintamani (Dark / Honey): 300g (30%) | Solok Radjo (Medium / Natural): 150g (15%) | total: 1000g,Best for Espresso
S-SPR-083,Spring,Seasonal Blend,Ritual Spring Peak,Solok Radjo Dark Washed 45% | Sembalun Rinjani Medium Honey 35% | Solok Radjo Light Wine 20%,Medium,"Karakter floral yang memanjakan indra, blend delicate ini memadukan biji-biji terbaik dari Solok Radjo dan Sembalun Rinjani dan Solok Radjo. Diproses dengan metode Washed & Honey, menghadirkan profil rasa wine, plum, macadamia yang kompleks namun harmonis. Sebuah perpaduan yang dirancang untuk memuaskan selera pecinta kopi sejati.",Smooth,Solok Radjo (Dark / Washed): 450g (45%) | Sembalun Rinjani (Medium / Honey): 350g (35%) | Solok Radjo (Light / Wine): 200g (20%) | total: 1000g,Cocok untuk French Press & Espresso
S-SPR-084,Spring,Seasonal Blend,Primal Spring Blend,Gunung Halu Medium WetHulled 60% | Mandheling Medium Washed 25% | Java Garut Light SemiWashed 15%,Medium,"Profil rasa yang bersih dan elegan, blend fresh ini memadukan biji-biji terbaik dari Gunung Halu dan Mandheling dan Java Garut. Diproses dengan metode SemiWashed & Washed, menghadirkan profil rasa mandarin, milk chocolate, almond yang kompleks namun harmonis. Sebuah perpaduan yang dirancang untuk memuaskan selera pecinta kopi sejati.",Round,Gunung Halu (Medium / WetHulled): 600g (60%) | Mandheling (Medium / Washed): 250g (25%) | Java Garut (Light / SemiWashed): 150g (15%) | total: 1000g,Versatile for Espresso & Filter
S-SPR-085,Spring,Seasonal Blend,Midnight Spring Select,Kerinci Kayu Aro Medium SemiWashed 65% | Bengkulu Dark Honey 35%,Medium,"Aroma bunga yang menyegarkan, blend fresh ini memadukan biji-biji terbaik dari Kerinci Kayu Aro dan Bengkulu. Diproses dengan metode SemiWashed & Honey, menghadirkan profil rasa roasted nut, vanilla, apricot jam yang kompleks namun harmonis. Sebuah perpaduan yang dirancang untuk memuaskan selera pecinta kopi sejati.",Round,Kerinci Kayu Aro (Medium / SemiWashed): 650g (65%) | Bengkulu (Dark / Honey): 350g (35%) | total: 1000g,Best for Moka Pot
S-SPR-086,Spring,Seasonal Blend,Primal Spring Journey,Wanoja Kamojang Light SemiWashed 40% | Gunung Halu Dark WetHulled 35% | Java Sindoro Medium Wine 25%,Medium,"Profil rasa yang bersih dan elegan, blend clean ini memadukan biji-biji terbaik dari Wanoja Kamojang dan Gunung Halu dan Java Sindoro. Diproses dengan metode SemiWashed & Wine, menghadirkan profil rasa dark plum, peat, light caramel yang kompleks namun harmonis. Sebuah perpaduan yang dirancang untuk memuaskan selera pecinta kopi sejati.",Balanced,Wanoja Kamojang (Light / SemiWashed): 400g (40%) | Gunung Halu (Dark / WetHulled): 350g (35%) | Java Sindoro (Medium / Wine): 250g (25%) | total: 1000g,Versatile for Espresso & Filter
S-SPR-087,Spring,Seasonal Blend,Dawn Spring Select,Java Garut Dark Natural 40% | Java Ijen Raung Dark Washed 35% | Java Ijen Raung Light Washed 25%,Dark,"Halus seperti angin semi, blend floral ini memadukan biji-biji terbaik dari Java Garut dan Java Ijen Raung dan Java Ijen Raung. Diproses dengan metode Washed & Natural, menghadirkan profil rasa licorice, green tea, lemon zest yang kompleks namun harmonis. Sebuah perpaduan yang dirancang untuk memuaskan selera pecinta kopi sejati.",Heavy Body,Java Garut (Dark / Natural): 400g (40%) | Java Ijen Raung (Dark / Washed): 350g (35%) | Java Ijen Raung (Light / Washed): 250g (25%) | total: 1000g,Ideal untuk Ristretto
S-SPR-088,Spring,Seasonal Blend,Elysian Spring Edition,Aceh Gayo Dark Honey 55% | Solok Radjo Dark Wine 45%,Dark,"Aroma bunga yang menyegarkan, blend delicate ini memadukan biji-biji terbaik dari Aceh Gayo dan Solok Radjo. Diproses dengan metode Honey & Wine, menghadirkan profil rasa dark sugar, toffee, smoked almond yang kompleks namun harmonis. Sebuah perpaduan yang dirancang untuk memuaskan selera pecinta kopi sejati.",Bold,Aceh Gayo (Dark / Honey): 550g (55%) | Solok Radjo (Dark / Wine): 450g (45%) | total: 1000g,Cocok untuk Cold Brew
S-SPR-089,Spring,Seasonal Blend,Silk Spring Ridge,Semeru Light Washed 60% | Java Sindoro Dark Washed 40%,Medium,"Halus seperti angin semi, blend floral ini memadukan biji-biji terbaik dari Semeru dan Java Sindoro. Diproses dengan metode Washed, menghadirkan profil rasa peach, molasses, citrus yang kompleks namun harmonis. Sebuah perpaduan yang dirancang untuk memuaskan selera pecinta kopi sejati.",Round,Semeru (Light / Washed): 600g (60%) | Java Sindoro (Dark / Washed): 400g (40%) | total: 1000g,Best for Moka Pot
S-SPR-090,Spring,Seasonal Blend,Whisper Spring Origin,Toraja Kalosi Medium SemiWashed 50% | Lampung Robusta Premium Medium SemiWashed 30% | Java Ijen Raung Medium WetHulled 20%,Medium,"Profil rasa yang bersih dan elegan, blend floral ini memadukan biji-biji terbaik dari Toraja Kalosi dan Lampung Robusta Premium dan Java Ijen Raung. Diproses dengan metode SemiWashed & WetHulled, menghadirkan profil rasa vanilla, leather, spice yang kompleks namun harmonis. Sebuah perpaduan yang dirancang untuk memuaskan selera pecinta kopi sejati.",Smooth,Toraja Kalosi (Medium / SemiWashed): 500g (50%) | Lampung Robusta Premium (Medium / SemiWashed): 300g (30%) | Java Ijen Raung (Medium / WetHulled): 200g (20%) | total: 1000g,Best for Moka Pot
S-SPR-091,Spring,Seasonal Blend,Summit Spring Crest,Java Temanggung Medium Anaerobic 55% | Bali Ulian Dark Washed 30% | Papua Dogiyai Dark Honey 15%,Medium,"Aroma bunga yang menyegarkan, blend light ini memadukan biji-biji terbaik dari Java Temanggung dan Bali Ulian dan Papua Dogiyai. Diproses dengan metode Washed & Honey, menghadirkan profil rasa tamarind, burnt caramel, dark sugar yang kompleks namun harmonis. Sebuah perpaduan yang dirancang untuk memuaskan selera pecinta kopi sejati.",Smooth,Java Temanggung (Medium / Anaerobic): 550g (55%) | Bali Ulian (Dark / Washed): 300g (30%) | Papua Dogiyai (Dark / Honey): 150g (15%) | total: 1000g,Best for Moka Pot
S-SPR-092,Spring,Seasonal Blend,Copper Spring Journey,Bali Kintamani Dark Anaerobic 60% | Papua Dogiyai Light Washed 40%,Medium,"Halus seperti angin semi, blend delicate ini memadukan biji-biji terbaik dari Bali Kintamani dan Papua Dogiyai. Diproses dengan metode Washed & Anaerobic, menghadirkan profil rasa bergamot, citrus, fermented cocoa yang kompleks namun harmonis. Sebuah perpaduan yang dirancang untuk memuaskan selera pecinta kopi sejati.",Smooth,Bali Kintamani (Dark / Anaerobic): 600g (60%) | Papua Dogiyai (Light / Washed): 400g (40%) | total: 1000g,Best for Moka Pot
S-SPR-093,Spring,Seasonal Blend,Dawn Spring Series,Java Preanger Dark Natural 40% | Aceh Gayo Dark WetHulled 60%,Dark,"Aroma bunga yang menyegarkan, blend fresh ini memadukan biji-biji terbaik dari Java Preanger dan Aceh Gayo. Diproses dengan metode WetHulled & Natural, menghadirkan profil rasa charcoal, intense earth, peat yang kompleks namun harmonis. Sebuah perpaduan yang dirancang untuk memuaskan selera pecinta kopi sejati.",Thick,Java Preanger (Dark / Natural): 400g (40%) | Aceh Gayo (Dark / WetHulled): 600g (60%) | total: 1000g,Ideal untuk Ristretto
S-SPR-094,Spring,Seasonal Blend,Harvest Spring Legacy,Kerinci Kayu Aro Light Anaerobic 65% | Papua Dogiyai Dark Washed 35%,Medium,"Profil rasa yang bersih dan elegan, blend light ini memadukan biji-biji terbaik dari Kerinci Kayu Aro dan Papua Dogiyai. Diproses dengan metode Washed & Anaerobic, menghadirkan profil rasa passion fruit, raspberry, smoky caramel yang kompleks namun harmonis. Sebuah perpaduan yang dirancang untuk memuaskan selera pecinta kopi sejati.",Velvety,Kerinci Kayu Aro (Light / Anaerobic): 650g (65%) | Papua Dogiyai (Dark / Washed): 350g (35%) | total: 1000g,Best for Moka Pot
S-SPR-095,Spring,Seasonal Blend,Twilight Spring Origin,Java Sindoro Dark Wine 40% | Solok Radjo Dark Washed 35% | Lintong Onan Light Natural 25%,Dark,"Halus seperti angin semi, blend clean ini memadukan biji-biji terbaik dari Java Sindoro dan Solok Radjo dan Lintong Onan. Diproses dengan metode Washed & Wine, menghadirkan profil rasa smoked plum, smoky caramel, tropical fruit yang kompleks namun harmonis. Sebuah perpaduan yang dirancang untuk memuaskan selera pecinta kopi sejati.",Bold,Java Sindoro (Dark / Wine): 400g (40%) | Solok Radjo (Dark / Washed): 350g (35%) | Lintong Onan (Light / Natural): 250g (25%) | total: 1000g,Ideal untuk Ristretto
S-SPR-096,Spring,Seasonal Blend,Timeless Spring Select,Papua Dogiyai Light Natural 50% | Bali Ulian Light SemiWashed 30% | Java Ijen Raung Light WetHulled 20%,Light,"Aroma bunga yang menyegarkan, blend floral ini memadukan biji-biji terbaik dari Papua Dogiyai dan Bali Ulian dan Java Ijen Raung. Diproses dengan metode SemiWashed & WetHulled, menghadirkan profil rasa lime, oolong tea, light caramel yang kompleks namun harmonis. Sebuah perpaduan yang dirancang untuk memuaskan selera pecinta kopi sejati.",Tea-like,Papua Dogiyai (Light / Natural): 500g (50%) | Bali Ulian (Light / SemiWashed): 300g (30%) | Java Ijen Raung (Light / WetHulled): 200g (20%) | total: 1000g,Pour Over Recommended
S-SPR-097,Spring,Seasonal Blend,Midnight Spring Reserve,Toraja Kalosi Light Washed 55% | Dampit Malang Medium Natural 30% | Papua Wamena Medium WetHulled 15%,Light,"Halus seperti angin semi, blend fresh ini memadukan biji-biji terbaik dari Toraja Kalosi dan Dampit Malang dan Papua Wamena. Diproses dengan metode Washed & WetHulled, menghadirkan profil rasa spice, earthy, citrus yang kompleks namun harmonis. Sebuah perpaduan yang dirancang untuk memuaskan selera pecinta kopi sejati.",Light Body,Toraja Kalosi (Light / Washed): 550g (55%) | Dampit Malang (Medium / Natural): 300g (30%) | Papua Wamena (Medium / WetHulled): 150g (15%) | total: 1000g,Best for V60
S-SPR-098,Spring,Seasonal Blend,Nusantara Spring Legacy,Java Preanger Medium Washed 60% | Bengkulu Dark Washed 40%,Medium,"Aroma bunga yang menyegarkan, blend light ini memadukan biji-biji terbaik dari Java Preanger dan Bengkulu. Diproses dengan metode Washed, menghadirkan profil rasa almond, caramel, smoky caramel yang kompleks namun harmonis. Sebuah perpaduan yang dirancang untuk memuaskan selera pecinta kopi sejati.",Medium Body,Java Preanger (Medium / Washed): 600g (60%) | Bengkulu (Dark / Washed): 400g (40%) | total: 1000g,Best for Moka Pot
S-SPR-099,Spring,Seasonal Blend,Whisper Spring Collection,Bali Kintamani Medium Honey 65% | Java Manglayang Light Honey 35%,Light,"Aroma bunga yang menyegarkan, blend light ini memadukan biji-biji terbaik dari Bali Kintamani dan Java Manglayang. Diproses dengan metode Honey, menghadirkan profil rasa honeysuckle, white grape, apricot yang kompleks namun harmonis. Sebuah perpaduan yang dirancang untuk memuaskan selera pecinta kopi sejati.",Tea-like,Bali Kintamani (Medium / Honey): 650g (65%) | Java Manglayang (Light / Honey): 350g (35%) | total: 1000g,Best for V60
S-SPR-100,Spring,Seasonal Blend,Velvet Spring Ridge,Dampit Malang Light Anaerobic 60% | Java Ciwidey Medium Wine 40%,Light,"Profil rasa yang bersih dan elegan, blend fresh ini memadukan biji-biji terbaik dari Dampit Malang dan Java Ciwidey. Diproses dengan metode Wine & Anaerobic, menghadirkan profil rasa rum raisin, lychee, raspberry yang kompleks namun harmonis. Sebuah perpaduan yang dirancang untuk memuaskan selera pecinta kopi sejati.",Delicate,Dampit Malang (Light / Anaerobic): 600g (60%) | Java Ciwidey (Medium / Wine): 400g (40%) | total: 1000g,Cocok untuk AeroPress
S-SPR-101,Spring,Seasonal Blend,Sunrise Spring Valley,Kerinci Kayu Aro Light SemiWashed 60% | Java Garut Dark Anaerobic 40%,Medium,"Aroma bunga yang menyegarkan, blend light ini memadukan biji-biji terbaik dari Kerinci Kayu Aro dan Java Garut. Diproses dengan metode SemiWashed & Anaerobic, menghadirkan profil rasa fermented cocoa, oolong tea, smoke yang kompleks namun harmonis. Sebuah perpaduan yang dirancang untuk memuaskan selera pecinta kopi sejati.",Round,Kerinci Kayu Aro (Light / SemiWashed): 600g (60%) | Java Garut (Dark / Anaerobic): 400g (40%) | total: 1000g,Best for Moka Pot
S-SPR-102,Spring,Seasonal Blend,Mystic Spring Blend,Java Ciwidey Dark Natural 50% | Bengkulu Dark Honey 25% | Java Preanger Light Natural 25%,Dark,"Aroma bunga yang menyegarkan, blend delicate ini memadukan biji-biji terbaik dari Java Ciwidey dan Bengkulu dan Java Preanger. Diproses dengan metode Honey & Natural, menghadirkan profil rasa strawberry, licorice, tar yang kompleks namun harmonis. Sebuah perpaduan yang dirancang untuk memuaskan selera pecinta kopi sejati.",Heavy Body,Java Ciwidey (Dark / Natural): 500g (50%) | Bengkulu (Dark / Honey): 250g (25%) | Java Preanger (Light / Natural): 250g (25%) | total: 1000g,Best for Espresso
S-SPR-103,Spring,Seasonal Blend,Bronze Spring Signature,Aceh Gayo Light Natural 70% | Bali Kintamani Medium Wine 30%,Light,"Karakter floral yang memanjakan indra, blend aromatic ini memadukan biji-biji terbaik dari Aceh Gayo dan Bali Kintamani. Diproses dengan metode Wine & Natural, menghadirkan profil rasa port wine, roasted grape, hibiscus yang kompleks namun harmonis. Sebuah perpaduan yang dirancang untuk memuaskan selera pecinta kopi sejati.",Clean,Aceh Gayo (Light / Natural): 700g (70%) | Bali Kintamani (Medium / Wine): 300g (30%) | total: 1000g,Ideal for Chemex
S-SPR-104,Spring,Seasonal Blend,Sacred Spring Peak,Aceh Gayo Light Wine 55% | Kerinci Kayu Aro Light SemiWashed 30% | Solok Radjo Dark WetHulled 15%,Light,"Profil rasa yang bersih dan elegan, blend delicate ini memadukan biji-biji terbaik dari Aceh Gayo dan Kerinci Kayu Aro dan Solok Radjo. Diproses dengan metode SemiWashed & Wine, menghadirkan profil rasa papaya, wine, clove yang kompleks namun harmonis. Sebuah perpaduan yang dirancang untuk memuaskan selera pecinta kopi sejati.",Delicate,Aceh Gayo (Light / Wine): 550g (55%) | Kerinci Kayu Aro (Light / SemiWashed): 300g (30%) | Solok Radjo (Dark / WetHulled): 150g (15%) | total: 1000g,Best for V60
S-SPR-105,Spring,Seasonal Blend,Copper Spring Fusion,Toraja Sapan Medium Wine 50% | Bali Ulian Light Anaerobic 50%,Light,"Karakter floral yang memanjakan indra, blend delicate ini memadukan biji-biji terbaik dari Toraja Sapan dan Bali Ulian. Diproses dengan metode Wine & Anaerobic, menghadirkan profil rasa espresso, raspberry, dark plum yang kompleks namun harmonis. Sebuah perpaduan yang dirancang untuk memuaskan selera pecinta kopi sejati.",Silky,Toraja Sapan (Medium / Wine): 500g (50%) | Bali Ulian (Light / Anaerobic): 500g (50%) | total: 1000g,Cocok untuk AeroPress
S-SPR-106,Spring,Seasonal Blend,Heritage Spring Journey,Aceh Gayo Light WetHulled 60% | Sembalun Rinjani Medium SemiWashed 25% | Aceh Gayo Dark Washed 15%,Light,"Profil rasa yang bersih dan elegan, blend clean ini memadukan biji-biji terbaik dari Aceh Gayo dan Sembalun Rinjani dan Aceh Gayo. Diproses dengan metode SemiWashed & Washed, menghadirkan profil rasa bitter chocolate, molasses, apricot jam yang kompleks namun harmonis. Sebuah perpaduan yang dirancang untuk memuaskan selera pecinta kopi sejati.",Silky,Aceh Gayo (Light / WetHulled): 600g (60%) | Sembalun Rinjani (Medium / SemiWashed): 250g (25%) | Aceh Gayo (Dark / Washed): 150g (15%) | total: 1000g,Best for V60
S-SPR-107,Spring,Seasonal Blend,Serenity Spring Estate,Flores Bajawa Medium Natural 50% | Java Ciwidey Medium Wine 25% | Java Ijen Raung Dark WetHulled 25%,Medium,"Aroma bunga yang menyegarkan, blend delicate ini memadukan biji-biji terbaik dari Flores Bajawa dan Java Ciwidey dan Java Ijen Raung. Diproses dengan metode Wine & WetHulled, menghadirkan profil rasa molasses, berry jam, dark plum yang kompleks namun harmonis. Sebuah perpaduan yang dirancang untuk memuaskan selera pecinta kopi sejati.",Balanced,Flores Bajawa (Medium / Natural): 500g (50%) | Java Ciwidey (Medium / Wine): 250g (25%) | Java Ijen Raung (Dark / WetHulled): 250g (25%) | total: 1000g,Versatile for Espresso & Filter
S-SPR-108,Spring,Seasonal Blend,Equator Spring Series,Java Temanggung Medium Natural 70% | Kerinci Kayu Aro Medium Wine 30%,Medium,"Karakter floral yang memanjakan indra, blend clean ini memadukan biji-biji terbaik dari Java Temanggung dan Kerinci Kayu Aro. Diproses dengan metode Wine & Natural, menghadirkan profil rasa espresso, dried fig, dark plum yang kompleks namun harmonis. Sebuah perpaduan yang dirancang untuk memuaskan selera pecinta kopi sejati.",Round,Java Temanggung (Medium / Natural): 700g (70%) | Kerinci Kayu Aro (Medium / Wine): 300g (30%) | total: 1000g,Best for Moka Pot
S-SPR-109,Spring,Seasonal Blend,Bronze Spring Estate,Bali Ulian Medium Washed 50% | Papua Wamena Medium Washed 25% | Aceh Gayo Dark Natural 25%,Medium,"Halus seperti angin semi, blend clean ini memadukan biji-biji terbaik dari Bali Ulian dan Papua Wamena dan Aceh Gayo. Diproses dengan metode Washed & Natural, menghadirkan profil rasa almond, brown sugar, hazelnut yang kompleks namun harmonis. Sebuah perpaduan yang dirancang untuk memuaskan selera pecinta kopi sejati.",Medium Body,Bali Ulian (Medium / Washed): 500g (50%) | Papua Wamena (Medium / Washed): 250g (25%) | Aceh Gayo (Dark / Natural): 250g (25%) | total: 1000g,Cocok untuk French Press & Espresso
S-SPR-110,Spring,Seasonal Blend,Timeless Spring Journey,Temanggung Medium Wine 45% | Sidikalang Dark Wine 35% | Flores Manggarai Light SemiWashed 20%,Medium,"Aroma bunga yang menyegarkan, blend clean ini memadukan biji-biji terbaik dari Temanggung dan Sidikalang dan Flores Manggarai. Diproses dengan metode SemiWashed & Wine, menghadirkan profil rasa aged wine, balsamic, roasted grape yang kompleks namun harmonis. Sebuah perpaduan yang dirancang untuk memuaskan selera pecinta kopi sejati.",Medium Body,Temanggung (Medium / Wine): 450g (45%) | Sidikalang (Dark / Wine): 350g (35%) | Flores Manggarai (Light / SemiWashed): 200g (20%) | total: 1000g,Cocok untuk French Press & Espresso
S-SPR-111,Spring,Seasonal Blend,Equator Spring Peak,Java Ijen Raung Dark Anaerobic 45% | Aceh Gayo Medium Anaerobic 35% | Wanoja Kamojang Dark WetHulled 20%,Dark,"Halus seperti angin semi, blend floral ini memadukan biji-biji terbaik dari Java Ijen Raung dan Aceh Gayo dan Wanoja Kamojang. Diproses dengan metode WetHulled & Anaerobic, menghadirkan profil rasa peat, dark rum, cacao nib yang kompleks namun harmonis. Sebuah perpaduan yang dirancang untuk memuaskan selera pecinta kopi sejati.",Syrupy,Java Ijen Raung (Dark / Anaerobic): 450g (45%) | Aceh Gayo (Medium / Anaerobic): 350g (35%) | Wanoja Kamojang (Dark / WetHulled): 200g (20%) | total: 1000g,Cocok untuk Cold Brew
S-SPR-112,Spring,Seasonal Blend,Summit Spring Legacy,Sembalun Rinjani Medium WetHulled 45% | Papua Dogiyai Light Washed 55%,Light,"Aroma bunga yang menyegarkan, blend floral ini memadukan biji-biji terbaik dari Sembalun Rinjani dan Papua Dogiyai. Diproses dengan metode Washed & WetHulled, menghadirkan profil rasa green tea, spice, lemon zest yang kompleks namun harmonis. Sebuah perpaduan yang dirancang untuk memuaskan selera pecinta kopi sejati.",Clean,Sembalun Rinjani (Medium / WetHulled): 450g (45%) | Papua Dogiyai (Light / Washed): 550g (55%) | total: 1000g,Ideal for Chemex
S-SPR-113,Spring,Seasonal Blend,Dawn Spring Journey,Wanoja Kamojang Dark Natural 50% | Wanoja Kamojang Medium Wine 30% | Toraja Sapan Medium Anaerobic 20%,Dark,"Halus seperti angin semi, blend floral ini memadukan biji-biji terbaik dari Wanoja Kamojang dan Wanoja Kamojang dan Toraja Sapan. Diproses dengan metode Wine & Natural, menghadirkan profil rasa fermented fruit, charcoal, tamarind yang kompleks namun harmonis. Sebuah perpaduan yang dirancang untuk memuaskan selera pecinta kopi sejati.",Heavy Body,Wanoja Kamojang (Dark / Natural): 500g (50%) | Wanoja Kamojang (Medium / Wine): 300g (30%) | Toraja Sapan (Medium / Anaerobic): 200g (20%) | total: 1000g,Ideal untuk Ristretto
S-SPR-114,Spring,Seasonal Blend,Sunrise Spring Story,Java Sindoro Light Anaerobic 45% | Aceh Gayo Dark Washed 55%,Medium,"Profil rasa yang bersih dan elegan, blend fresh ini memadukan biji-biji terbaik dari Java Sindoro dan Aceh Gayo. Diproses dengan metode Washed & Anaerobic, menghadirkan profil rasa smoky caramel, lychee, cola yang kompleks namun harmonis. Sebuah perpaduan yang dirancang untuk memuaskan selera pecinta kopi sejati.",Medium Body,Java Sindoro (Light / Anaerobic): 450g (45%) | Aceh Gayo (Dark / Washed): 550g (55%) | total: 1000g,Versatile for Espresso & Filter
S-SPR-115,Spring,Seasonal Blend,Horizon Spring Chapter,Java Manglayang Dark Washed 50% | Papua Wamena Light SemiWashed 50%,Medium,"Aroma bunga yang menyegarkan, blend clean ini memadukan biji-biji terbaik dari Java Manglayang dan Papua Wamena. Diproses dengan metode SemiWashed & Washed, menghadirkan profil rasa light caramel, papaya, mandarin yang kompleks namun harmonis. Sebuah perpaduan yang dirancang untuk memuaskan selera pecinta kopi sejati.",Velvety,Java Manglayang (Dark / Washed): 500g (50%) | Papua Wamena (Light / SemiWashed): 500g (50%) | total: 1000g,Versatile for Espresso & Filter
S-SPR-116,Spring,Seasonal Blend,Summit Spring Ridge,Semeru Light Anaerobic 50% | Sembalun Rinjani Light SemiWashed 30% | Java Ciwidey Medium Wine 20%,Light,"Halus seperti angin semi, blend floral ini memadukan biji-biji terbaik dari Semeru dan Sembalun Rinjani dan Java Ciwidey. Diproses dengan metode SemiWashed & Wine, menghadirkan profil rasa balsamic, dark plum, mandarin yang kompleks namun harmonis. Sebuah perpaduan yang dirancang untuk memuaskan selera pecinta kopi sejati.",Silky,Semeru (Light / Anaerobic): 500g (50%) | Sembalun Rinjani (Light / SemiWashed): 300g (30%) | Java Ciwidey (Medium / Wine): 200g (20%) | total: 1000g,Best for V60
S-SPR-117,Spring,Seasonal Blend,Midnight Spring Legacy,Bali Ulian Light Washed 50% | Java Sindoro Light Anaerobic 30% | Bukit Barisan Medium Washed 20%,Light,"Karakter floral yang memanjakan indra, blend fresh ini memadukan biji-biji terbaik dari Bali Ulian dan Java Sindoro dan Bukit Barisan. Diproses dengan metode Washed & Anaerobic, menghadirkan profil rasa lychee, caramel, passion fruit yang kompleks namun harmonis. Sebuah perpaduan yang dirancang untuk memuaskan selera pecinta kopi sejati.",Clean,Bali Ulian (Light / Washed): 500g (50%) | Java Sindoro (Light / Anaerobic): 300g (30%) | Bukit Barisan (Medium / Washed): 200g (20%) | total: 1000g,Cocok untuk AeroPress
S-SPR-118,Spring,Seasonal Blend,Sunrise Spring Spring,Bengkulu Light Natural 55% | Java Garut Dark Wine 30% | Java Garut Dark WetHulled 15%,Medium,"Halus seperti angin semi, blend light ini memadukan biji-biji terbaik dari Bengkulu dan Java Garut dan Java Garut. Diproses dengan metode Wine & WetHulled, menghadirkan profil rasa tobacco, blueberry, aged wine yang kompleks namun harmonis. Sebuah perpaduan yang dirancang untuk memuaskan selera pecinta kopi sejati.",Round,Bengkulu (Light / Natural): 550g (55%) | Java Garut (Dark / Wine): 300g (30%) | Java Garut (Dark / WetHulled): 150g (15%) | total: 1000g,Versatile for Espresso & Filter
S-SPR-119,Spring,Seasonal Blend,Highland Spring Chapter,Bengkulu Medium Honey 60% | Java Ijen Raung Dark WetHulled 25% | Sembalun Rinjani Medium SemiWashed 15%,Medium,"Karakter floral yang memanjakan indra, blend fresh ini memadukan biji-biji terbaik dari Bengkulu dan Java Ijen Raung dan Sembalun Rinjani. Diproses dengan metode SemiWashed & Honey, menghadirkan profil rasa dark tobacco, clove, vanilla yang kompleks namun harmonis. Sebuah perpaduan yang dirancang untuk memuaskan selera pecinta kopi sejati.",Smooth,Bengkulu (Medium / Honey): 600g (60%) | Java Ijen Raung (Dark / WetHulled): 250g (25%) | Sembalun Rinjani (Medium / SemiWashed): 150g (15%) | total: 1000g,Versatile for Espresso & Filter
S-SPR-120,Spring,Seasonal Blend,Sunrise Spring Select,Toraja Sapan Light Anaerobic 45% | Java Temanggung Dark Wine 35% | Bengkulu Light Natural 20%,Medium,"Profil rasa yang bersih dan elegan, blend floral ini memadukan biji-biji terbaik dari Toraja Sapan dan Java Temanggung dan Bengkulu. Diproses dengan metode Wine & Natural, menghadirkan profil rasa lychee, passion fruit, dark espresso yang kompleks namun harmonis. Sebuah perpaduan yang dirancang untuk memuaskan selera pecinta kopi sejati.",Medium Body,Toraja Sapan (Light / Anaerobic): 450g (45%) | Java Temanggung (Dark / Wine): 350g (35%) | Bengkulu (Light / Natural): 200g (20%) | total: 1000g,Best for Moka Pot
S-SPR-121,Spring,Seasonal Blend,Celestial Spring Fusion,Bali Kintamani Medium WetHulled 50% | Dampit Malang Light Wine 25% | Java Ijen Raung Medium Honey 25%,Medium,"Karakter floral yang memanjakan indra, blend fresh ini memadukan biji-biji terbaik dari Bali Kintamani dan Dampit Malang dan Java Ijen Raung. Diproses dengan metode Wine & WetHulled, menghadirkan profil rasa plum, tobacco, leather yang kompleks namun harmonis. Sebuah perpaduan yang dirancang untuk memuaskan selera pecinta kopi sejati.",Balanced,Bali Kintamani (Medium / WetHulled): 500g (50%) | Dampit Malang (Light / Wine): 250g (25%) | Java Ijen Raung (Medium / Honey): 250g (25%) | total: 1000g,Versatile for Espresso & Filter
S-SPR-122,Spring,Seasonal Blend,Twilight Spring Select,Papua Wamena Dark Washed 45% | Java Sindoro Light WetHulled 35% | Papua Dogiyai Medium Anaerobic 20%,Medium,"Aroma bunga yang menyegarkan, blend clean ini memadukan biji-biji terbaik dari Papua Wamena dan Java Sindoro dan Papua Dogiyai. Diproses dengan metode Washed & WetHulled, menghadirkan profil rasa green pepper, tropical punch, cacao nib yang kompleks namun harmonis. Sebuah perpaduan yang dirancang untuk memuaskan selera pecinta kopi sejati.",Smooth,Papua Wamena (Dark / Washed): 450g (45%) | Java Sindoro (Light / WetHulled): 350g (35%) | Papua Dogiyai (Medium / Anaerobic): 200g (20%) | total: 1000g,Best for Moka Pot
S-SPR-123,Spring,Seasonal Blend,Whisper Spring Crest,Java Garut Medium WetHulled 50% | Lampung Robusta Premium Medium Washed 30% | Java Ciwidey Dark Wine 20%,Medium,"Halus seperti angin semi, blend fresh ini memadukan biji-biji terbaik dari Java Garut dan Lampung Robusta Premium dan Java Ciwidey. Diproses dengan metode Washed & Wine, menghadirkan profil rasa tobacco, smoked plum, milk chocolate yang kompleks namun harmonis. Sebuah perpaduan yang dirancang untuk memuaskan selera pecinta kopi sejati.",Medium Body,Java Garut (Medium / WetHulled): 500g (50%) | Lampung Robusta Premium (Medium / Washed): 300g (30%) | Java Ciwidey (Dark / Wine): 200g (20%) | total: 1000g,Versatile for Espresso & Filter
S-SPR-124,Spring,Seasonal Blend,Midnight Spring Signature,Wanoja Kamojang Medium Natural 50% | Java Temanggung Medium WetHulled 30% | Aceh Gayo Dark Natural 20%,Medium,"Aroma bunga yang menyegarkan, blend clean ini memadukan biji-biji terbaik dari Wanoja Kamojang dan Java Temanggung dan Aceh Gayo. Diproses dengan metode WetHulled & Natural, menghadirkan profil rasa molasses, charcoal, spice yang kompleks namun harmonis. Sebuah perpaduan yang dirancang untuk memuaskan selera pecinta kopi sejati.",Round,Wanoja Kamojang (Medium / Natural): 500g (50%) | Java Temanggung (Medium / WetHulled): 300g (30%) | Aceh Gayo (Dark / Natural): 200g (20%) | total: 1000g,Best for Moka Pot
S-SPR-125,Spring,Seasonal Blend,Midnight Spring Journey,Lampung Robusta Premium Light Honey 55% | Gunung Halu Light Washed 30% | Aceh Gayo Medium Wine 15%,Light,"Aroma bunga yang menyegarkan, blend light ini memadukan biji-biji terbaik dari Lampung Robusta Premium dan Gunung Halu dan Aceh Gayo. Diproses dengan metode Washed & Honey, menghadirkan profil rasa white grape, nectarine, peach yang kompleks namun harmonis. Sebuah perpaduan yang dirancang untuk memuaskan selera pecinta kopi sejati.",Tea-like,Lampung Robusta Premium (Light / Honey): 550g (55%) | Gunung Halu (Light / Washed): 300g (30%) | Aceh Gayo (Medium / Wine): 150g (15%) | total: 1000g,Best for V60
S-SPR-126,Spring,Seasonal Blend,Ember Spring Ridge,Toraja Sapan Dark Wine 45% | Java Puntang Dark Wine 35% | Sembalun Rinjani Dark Wine 20%,Dark,"Aroma bunga yang menyegarkan, blend light ini memadukan biji-biji terbaik dari Toraja Sapan dan Java Puntang dan Sembalun Rinjani. Diproses dengan metode Wine, menghadirkan profil rasa aged wine, tobacco, smoked plum yang kompleks namun harmonis. Sebuah perpaduan yang dirancang untuk memuaskan selera pecinta kopi sejati.",Heavy Body,Toraja Sapan (Dark / Wine): 450g (45%) | Java Puntang (Dark / Wine): 350g (35%) | Sembalun Rinjani (Dark / Wine): 200g (20%) | total: 1000g,Cocok untuk Cold Brew
S-SPR-127,Spring,Seasonal Blend,Volcano Spring Ridge,Java Preanger Dark Natural 45% | Solok Radjo Light Anaerobic 35% | Java Sindoro Medium Natural 20%,Medium,"Aroma bunga yang menyegarkan, blend clean ini memadukan biji-biji terbaik dari Java Preanger dan Solok Radjo dan Java Sindoro. Diproses dengan metode Natural & Anaerobic, menghadirkan profil rasa dark chocolate, dried fig, licorice yang kompleks namun harmonis. Sebuah perpaduan yang dirancang untuk memuaskan selera pecinta kopi sejati.",Velvety,Java Preanger (Dark / Natural): 450g (45%) | Solok Radjo (Light / Anaerobic): 350g (35%) | Java Sindoro (Medium / Natural): 200g (20%) | total: 1000g,Cocok untuk French Press & Espresso
S-SPR-128,Spring,Seasonal Blend,Heritage Spring Valley,Dampit Malang Light Natural 60% | Java Preanger Medium SemiWashed 40%,Light,"Halus seperti angin semi, blend fresh ini memadukan biji-biji terbaik dari Dampit Malang dan Java Preanger. Diproses dengan metode SemiWashed & Natural, menghadirkan profil rasa tropical fruit, watermelon, roasted nut yang kompleks namun harmonis. Sebuah perpaduan yang dirancang untuk memuaskan selera pecinta kopi sejati.",Clean,Dampit Malang (Light / Natural): 600g (60%) | Java Preanger (Medium / SemiWashed): 400g (40%) | total: 1000g,Ideal for Chemex
S-SPR-129,Spring,Seasonal Blend,Velvet Spring Story,Temanggung Medium WetHulled 45% | Aceh Gayo Medium Natural 35% | Dampit Malang Light Anaerobic 20%,Medium,"Aroma bunga yang menyegarkan, blend delicate ini memadukan biji-biji terbaik dari Temanggung dan Aceh Gayo dan Dampit Malang. Diproses dengan metode WetHulled & Natural, menghadirkan profil rasa passion fruit, cola, mushroom yang kompleks namun harmonis. Sebuah perpaduan yang dirancang untuk memuaskan selera pecinta kopi sejati.",Velvety,Temanggung (Medium / WetHulled): 450g (45%) | Aceh Gayo (Medium / Natural): 350g (35%) | Dampit Malang (Light / Anaerobic): 200g (20%) | total: 1000g,Versatile for Espresso & Filter
S-SPR-130,Spring,Seasonal Blend,Harvest Spring Origin,Java Puntang Light Anaerobic 40% | Bengkulu Light SemiWashed 60%,Light,"Profil rasa yang bersih dan elegan, blend fresh ini memadukan biji-biji terbaik dari Java Puntang dan Bengkulu. Diproses dengan metode SemiWashed & Anaerobic, menghadirkan profil rasa oolong tea, cola, rum raisin yang kompleks namun harmonis. Sebuah perpaduan yang dirancang untuk memuaskan selera pecinta kopi sejati.",Clean,Java Puntang (Light / Anaerobic): 400g (40%) | Bengkulu (Light / SemiWashed): 600g (60%) | total: 1000g,Pour Over Recommended
S-SPR-131,Spring,Seasonal Blend,Golden Spring Origin,Bukit Barisan Light Honey 45% | Flores Bajawa Dark Natural 35% | Papua Dogiyai Medium Anaerobic 20%,Medium,"Halus seperti angin semi, blend aromatic ini memadukan biji-biji terbaik dari Bukit Barisan dan Flores Bajawa dan Papua Dogiyai. Diproses dengan metode Honey & Natural, menghadirkan profil rasa dark berry, charcoal, apricot yang kompleks namun harmonis. Sebuah perpaduan yang dirancang untuk memuaskan selera pecinta kopi sejati.",Velvety,Bukit Barisan (Light / Honey): 450g (45%) | Flores Bajawa (Dark / Natural): 350g (35%) | Papua Dogiyai (Medium / Anaerobic): 200g (20%) | total: 1000g,Cocok untuk French Press & Espresso
S-SPR-132,Spring,Seasonal Blend,Sunrise Spring Collection,Bengkulu Medium Washed 55% | Flores Manggarai Medium Anaerobic 30% | Lintong Onan Dark Honey 15%,Medium,"Aroma bunga yang menyegarkan, blend delicate ini memadukan biji-biji terbaik dari Bengkulu dan Flores Manggarai dan Lintong Onan. Diproses dengan metode Washed & Honey, menghadirkan profil rasa caramel, fermented fruit, burnt caramel yang kompleks namun harmonis. Sebuah perpaduan yang dirancang untuk memuaskan selera pecinta kopi sejati.",Smooth,Bengkulu (Medium / Washed): 550g (55%) | Flores Manggarai (Medium / Anaerobic): 300g (30%) | Lintong Onan (Dark / Honey): 150g (15%) | total: 1000g,Cocok untuk French Press & Espresso
S-SPR-133,Spring,Seasonal Blend,Whisper Spring Signature,Java Puntang Dark WetHulled 55% | Toraja Sapan Dark SemiWashed 45%,Dark,"Aroma bunga yang menyegarkan, blend light ini memadukan biji-biji terbaik dari Java Puntang dan Toraja Sapan. Diproses dengan metode SemiWashed & WetHulled, menghadirkan profil rasa intense spice, bark, walnut yang kompleks namun harmonis. Sebuah perpaduan yang dirancang untuk memuaskan selera pecinta kopi sejati.",Heavy Body,Java Puntang (Dark / WetHulled): 550g (55%) | Toraja Sapan (Dark / SemiWashed): 450g (45%) | total: 1000g,Best for Batch Brew
S-SPR-134,Spring,Seasonal Blend,Bronze Spring Spring,Semeru Medium Wine 50% | Java Ciwidey Dark Anaerobic 25% | Papua Dogiyai Medium SemiWashed 25%,Medium,"Aroma bunga yang menyegarkan, blend fresh ini memadukan biji-biji terbaik dari Semeru dan Java Ciwidey dan Papua Dogiyai. Diproses dengan metode SemiWashed & Wine, menghadirkan profil rasa milk caramel, roasted grape, black cherry yang kompleks namun harmonis. Sebuah perpaduan yang dirancang untuk memuaskan selera pecinta kopi sejati.",Medium Body,Semeru (Medium / Wine): 500g (50%) | Java Ciwidey (Dark / Anaerobic): 250g (25%) | Papua Dogiyai (Medium / SemiWashed): 250g (25%) | total: 1000g,Cocok untuk French Press & Espresso
S-SPR-135,Spring,Seasonal Blend,Heritage Spring Blend,Java Garut Medium SemiWashed 60% | Arjuno Light WetHulled 40%,Light,"Karakter floral yang memanjakan indra, blend floral ini memadukan biji-biji terbaik dari Java Garut dan Arjuno. Diproses dengan metode SemiWashed & WetHulled, menghadirkan profil rasa vanilla, apricot jam, cedar yang kompleks namun harmonis. Sebuah perpaduan yang dirancang untuk memuaskan selera pecinta kopi sejati.",Delicate,Java Garut (Medium / SemiWashed): 600g (60%) | Arjuno (Light / WetHulled): 400g (40%) | total: 1000g,Pour Over Recommended
S-SPR-136,Spring,Seasonal Blend,Ancient Spring Fusion,Java Manglayang Light WetHulled 60% | Papua Dogiyai Medium Wine 40%,Light,"Halus seperti angin semi, blend fresh ini memadukan biji-biji terbaik dari Java Manglayang dan Papua Dogiyai. Diproses dengan metode Wine & WetHulled, menghadirkan profil rasa tobacco leaf, balsamic, herb yang kompleks namun harmonis. Sebuah perpaduan yang dirancang untuk memuaskan selera pecinta kopi sejati.",Light Body,Java Manglayang (Light / WetHulled): 600g (60%) | Papua Dogiyai (Medium / Wine): 400g (40%) | total: 1000g,Pour Over Recommended
S-SPR-137,Spring,Seasonal Blend,Twilight Spring Signature,Solok Radjo Light Wine 50% | Java Preanger Light Washed 25% | Sidikalang Medium WetHulled 25%,Light,"Profil rasa yang bersih dan elegan, blend floral ini memadukan biji-biji terbaik dari Solok Radjo dan Java Preanger dan Sidikalang. Diproses dengan metode Washed & Wine, menghadirkan profil rasa blackcurrant, mushroom, jasmine yang kompleks namun harmonis. Sebuah perpaduan yang dirancang untuk memuaskan selera pecinta kopi sejati.",Tea-like,Solok Radjo (Light / Wine): 500g (50%) | Java Preanger (Light / Washed): 250g (25%) | Sidikalang (Medium / WetHulled): 250g (25%) | total: 1000g,Cocok untuk AeroPress
S-SPR-138,Spring,Seasonal Blend,Harvest Spring Craft,Java Ciwidey Light Honey 55% | Mandheling Medium Washed 30% | Sidikalang Light Honey 15%,Light,"Karakter floral yang memanjakan indra, blend clean ini memadukan biji-biji terbaik dari Java Ciwidey dan Mandheling dan Sidikalang. Diproses dengan metode Washed & Honey, menghadirkan profil rasa honeysuckle, floral, apricot yang kompleks namun harmonis. Sebuah perpaduan yang dirancang untuk memuaskan selera pecinta kopi sejati.",Delicate,Java Ciwidey (Light / Honey): 550g (55%) | Mandheling (Medium / Washed): 300g (30%) | Sidikalang (Light / Honey): 150g (15%) | total: 1000g,Pour Over Recommended
S-SPR-139,Spring,Seasonal Blend,Bronze Spring Crest,Java Temanggung Dark SemiWashed 50% | Bukit Barisan Medium Natural 50%,Dark,"Halus seperti angin semi, blend light ini memadukan biji-biji terbaik dari Java Temanggung dan Bukit Barisan. Diproses dengan metode SemiWashed & Natural, menghadirkan profil rasa molasses, roasted grain, dried fig yang kompleks namun harmonis. Sebuah perpaduan yang dirancang untuk memuaskan selera pecinta kopi sejati.",Syrupy,Java Temanggung (Dark / SemiWashed): 500g (50%) | Bukit Barisan (Medium / Natural): 500g (50%) | total: 1000g,Best for Batch Brew
S-SPR-140,Spring,Seasonal Blend,Golden Spring Ridge,Lintong Onan Medium Anaerobic 45% | Temanggung Dark Wine 55%,Dark,"Profil rasa yang bersih dan elegan, blend floral ini memadukan biji-biji terbaik dari Lintong Onan dan Temanggung. Diproses dengan metode Wine & Anaerobic, menghadirkan profil rasa dark espresso, fermented fruit, aged wine yang kompleks namun harmonis. Sebuah perpaduan yang dirancang untuk memuaskan selera pecinta kopi sejati.",Full Body,Lintong Onan (Medium / Anaerobic): 450g (45%) | Temanggung (Dark / Wine): 550g (55%) | total: 1000g,Ideal untuk Ristretto
S-SPR-141,Spring,Seasonal Blend,Midnight Spring Chapter,Java Manglayang Medium Honey 55% | Flores Bajawa Medium SemiWashed 30% | Papua Dogiyai Light Natural 15%,Medium,"Profil rasa yang bersih dan elegan, blend delicate ini memadukan biji-biji terbaik dari Java Manglayang dan Flores Bajawa dan Papua Dogiyai. Diproses dengan metode SemiWashed & Honey, menghadirkan profil rasa watermelon, toffee, tropical fruit yang kompleks namun harmonis. Sebuah perpaduan yang dirancang untuk memuaskan selera pecinta kopi sejati.",Balanced,Java Manglayang (Medium / Honey): 550g (55%) | Flores Bajawa (Medium / SemiWashed): 300g (30%) | Papua Dogiyai (Light / Natural): 150g (15%) | total: 1000g,Versatile for Espresso & Filter
S-SPR-142,Spring,Seasonal Blend,Celestial Spring Ridge,Lampung Robusta Premium Dark Honey 40% | Sembalun Rinjani Medium Anaerobic 60%,Medium,"Halus seperti angin semi, blend floral ini memadukan biji-biji terbaik dari Lampung Robusta Premium dan Sembalun Rinjani. Diproses dengan metode Honey & Anaerobic, menghadirkan profil rasa tamarind, smoked almond, tropical punch yang kompleks namun harmonis. Sebuah perpaduan yang dirancang untuk memuaskan selera pecinta kopi sejati.",Balanced,Lampung Robusta Premium (Dark / Honey): 400g (40%) | Sembalun Rinjani (Medium / Anaerobic): 600g (60%) | total: 1000g,Best for Moka Pot
S-SPR-143,Spring,Seasonal Blend,Ritual Spring Legacy,Lampung Robusta Premium Dark Wine 50% | Toraja Sapan Light Natural 50%,Medium,"Karakter floral yang memanjakan indra, blend aromatic ini memadukan biji-biji terbaik dari Lampung Robusta Premium dan Toraja Sapan. Diproses dengan metode Wine & Natural, menghadirkan profil rasa smoked plum, watermelon, tropical fruit yang kompleks namun harmonis. Sebuah perpaduan yang dirancang untuk memuaskan selera pecinta kopi sejati.",Smooth,Lampung Robusta Premium (Dark / Wine): 500g (50%) | Toraja Sapan (Light / Natural): 500g (50%) | total: 1000g,Cocok untuk French Press & Espresso
S-SPR-144,Spring,Seasonal Blend,Elysian Spring Origin,Solok Radjo Light Honey 45% | Flores Manggarai Medium WetHulled 35% | Java Ijen Raung Medium Honey 20%,Light,"Karakter floral yang memanjakan indra, blend clean ini memadukan biji-biji terbaik dari Solok Radjo dan Flores Manggarai dan Java Ijen Raung. Diproses dengan metode Honey & WetHulled, menghadirkan profil rasa nectarine, earthy, spice yang kompleks namun harmonis. Sebuah perpaduan yang dirancang untuk memuaskan selera pecinta kopi sejati.",Clean,Solok Radjo (Light / Honey): 450g (45%) | Flores Manggarai (Medium / WetHulled): 350g (35%) | Java Ijen Raung (Medium / Honey): 200g (20%) | total: 1000g,Best for V60
S-SPR-145,Spring,Seasonal Blend,Whisper Spring Journey,Bali Ulian Dark Anaerobic 40% | Gunung Halu Light Natural 35% | Wanoja Kamojang Medium Natural 25%,Medium,"Karakter floral yang memanjakan indra, blend light ini memadukan biji-biji terbaik dari Bali Ulian dan Gunung Halu dan Wanoja Kamojang. Diproses dengan metode Natural & Anaerobic, menghadirkan profil rasa black cherry, blueberry, tropical fruit yang kompleks namun harmonis. Sebuah perpaduan yang dirancang untuk memuaskan selera pecinta kopi sejati.",Velvety,Bali Ulian (Dark / Anaerobic): 400g (40%) | Gunung Halu (Light / Natural): 350g (35%) | Wanoja Kamojang (Medium / Natural): 250g (25%) | total: 1000g,Best for Moka Pot
S-SPR-146,Spring,Seasonal Blend,Heritage Spring Legacy,Dampit Malang Medium WetHulled 50% | Java Preanger Medium Washed 25% | Wanoja Kamojang Medium Wine 25%,Medium,"Halus seperti angin semi, blend fresh ini memadukan biji-biji terbaik dari Dampit Malang dan Java Preanger dan Wanoja Kamojang. Diproses dengan metode Washed & Wine, menghadirkan profil rasa tobacco, woody, earthy yang kompleks namun harmonis. Sebuah perpaduan yang dirancang untuk memuaskan selera pecinta kopi sejati.",Medium Body,Dampit Malang (Medium / WetHulled): 500g (50%) | Java Preanger (Medium / Washed): 250g (25%) | Wanoja Kamojang (Medium / Wine): 250g (25%) | total: 1000g,Best for Moka Pot
S-SPR-147,Spring,Seasonal Blend,Summit Spring Reserve,Java Temanggung Medium WetHulled 50% | Dampit Malang Dark Honey 30% | Wanoja Kamojang Light Natural 20%,Medium,"Profil rasa yang bersih dan elegan, blend aromatic ini memadukan biji-biji terbaik dari Java Temanggung dan Dampit Malang dan Wanoja Kamojang. Diproses dengan metode Honey & WetHulled, menghadirkan profil rasa smoked almond, strawberry, blueberry yang kompleks namun harmonis. Sebuah perpaduan yang dirancang untuk memuaskan selera pecinta kopi sejati.",Balanced,Java Temanggung (Medium / WetHulled): 500g (50%) | Dampit Malang (Dark / Honey): 300g (30%) | Wanoja Kamojang (Light / Natural): 200g (20%) | total: 1000g,Versatile for Espresso & Filter
S-SPR-148,Spring,Seasonal Blend,Bronze Spring Ridge,Lampung Robusta Premium Medium Anaerobic 50% | Lampung Robusta Premium Light Anaerobic 25% | Flores Manggarai Medium WetHulled 25%,Medium,"Karakter floral yang memanjakan indra, blend fresh ini memadukan biji-biji terbaik dari Lampung Robusta Premium dan Lampung Robusta Premium dan Flores Manggarai. Diproses dengan metode WetHulled & Anaerobic, menghadirkan profil rasa leather, mushroom, fermented fruit yang kompleks namun harmonis. Sebuah perpaduan yang dirancang untuk memuaskan selera pecinta kopi sejati.",Velvety,Lampung Robusta Premium (Medium / Anaerobic): 500g (50%) | Lampung Robusta Premium (Light / Anaerobic): 250g (25%) | Flores Manggarai (Medium / WetHulled): 250g (25%) | total: 1000g,Best for Moka Pot
S-SPR-149,Spring,Seasonal Blend,Primal Spring Edition,Sembalun Rinjani Dark WetHulled 60% | Bengkulu Light Anaerobic 25% | Toraja Sapan Light SemiWashed 15%,Medium,"Halus seperti angin semi, blend delicate ini memadukan biji-biji terbaik dari Sembalun Rinjani dan Bengkulu dan Toraja Sapan. Diproses dengan metode SemiWashed & WetHulled, menghadirkan profil rasa clove, lychee, intense earth yang kompleks namun harmonis. Sebuah perpaduan yang dirancang untuk memuaskan selera pecinta kopi sejati.",Smooth,Sembalun Rinjani (Dark / WetHulled): 600g (60%) | Bengkulu (Light / Anaerobic): 250g (25%) | Toraja Sapan (Light / SemiWashed): 150g (15%) | total: 1000g,Versatile for Espresso & Filter
S-SPR-150,Spring,Seasonal Blend,Ritual Spring Reserve,Bengkulu Medium Wine 40% | Wanoja Kamojang Dark Natural 35% | Lampung Robusta Premium Dark Washed 25%,Dark,"Aroma bunga yang menyegarkan, blend aromatic ini memadukan biji-biji terbaik dari Bengkulu dan Wanoja Kamojang dan Lampung Robusta Premium. Diproses dengan metode Washed & Wine, menghadirkan profil rasa dark berry, espresso, molasses yang kompleks namun harmonis. Sebuah perpaduan yang dirancang untuk memuaskan selera pecinta kopi sejati.",Syrupy,Bengkulu (Medium / Wine): 400g (40%) | Wanoja Kamojang (Dark / Natural): 350g (35%) | Lampung Robusta Premium (Dark / Washed): 250g (25%) | total: 1000g,Best for Batch Brew
S-SPR-151,Spring,Seasonal Blend,Timeless Spring Edition,Toraja Sapan Medium WetHulled 60% | Bali Ulian Light WetHulled 25% | Java Manglayang Dark Honey 15%,Medium,"Halus seperti angin semi, blend clean ini memadukan biji-biji terbaik dari Toraja Sapan dan Bali Ulian dan Java Manglayang. Diproses dengan metode Honey & WetHulled, menghadirkan profil rasa burnt caramel, earthy, spice yang kompleks namun harmonis. Sebuah perpaduan yang dirancang untuk memuaskan selera pecinta kopi sejati.",Round,Toraja Sapan (Medium / WetHulled): 600g (60%) | Bali Ulian (Light / WetHulled): 250g (25%) | Java Manglayang (Dark / Honey): 150g (15%) | total: 1000g,Cocok untuk French Press & Espresso
S-SPR-152,Spring,Seasonal Blend,Silk Spring Origin,Sidikalang Light SemiWashed 55% | Papua Dogiyai Light Washed 30% | Java Ijen Raung Medium WetHulled 15%,Light,"Aroma bunga yang menyegarkan, blend floral ini memadukan biji-biji terbaik dari Sidikalang dan Papua Dogiyai dan Java Ijen Raung. Diproses dengan metode SemiWashed & Washed, menghadirkan profil rasa spice, leather, jasmine yang kompleks namun harmonis. Sebuah perpaduan yang dirancang untuk memuaskan selera pecinta kopi sejati.",Clean,Sidikalang (Light / SemiWashed): 550g (55%) | Papua Dogiyai (Light / Washed): 300g (30%) | Java Ijen Raung (Medium / WetHulled): 150g (15%) | total: 1000g,Cocok untuk AeroPress
S-SPR-153,Spring,Seasonal Blend,Golden Spring Select,Java Puntang Dark Washed 60% | Arjuno Medium Honey 40%,Dark,"Aroma bunga yang menyegarkan, blend delicate ini memadukan biji-biji terbaik dari Java Puntang dan Arjuno. Diproses dengan metode Washed & Honey, menghadirkan profil rasa maple syrup, toffee, honey yang kompleks namun harmonis. Sebuah perpaduan yang dirancang untuk memuaskan selera pecinta kopi sejati.",Syrupy,Java Puntang (Dark / Washed): 600g (60%) | Arjuno (Medium / Honey): 400g (40%) | total: 1000g,Ideal untuk Ristretto
S-SPR-154,Spring,Seasonal Blend,Horizon Spring Story,Java Ciwidey Light WetHulled 70% | Java Ijen Raung Dark Anaerobic 30%,Light,"Aroma bunga yang menyegarkan, blend delicate ini memadukan biji-biji terbaik dari Java Ciwidey dan Java Ijen Raung. Diproses dengan metode WetHulled & Anaerobic, menghadirkan profil rasa dark rum, herb, cedar yang kompleks namun harmonis. Sebuah perpaduan yang dirancang untuk memuaskan selera pecinta kopi sejati.",Delicate,Java Ciwidey (Light / WetHulled): 700g (70%) | Java Ijen Raung (Dark / Anaerobic): 300g (30%) | total: 1000g,Pour Over Recommended
S-SPR-155,Spring,Seasonal Blend,Archipelago Spring Signature,Java Sindoro Medium Wine 50% | Java Ijen Raung Dark Natural 50%,Dark,"Aroma bunga yang menyegarkan, blend aromatic ini memadukan biji-biji terbaik dari Java Sindoro dan Java Ijen Raung. Diproses dengan metode Wine & Natural, menghadirkan profil rasa espresso, roasted grape, balsamic yang kompleks namun harmonis. Sebuah perpaduan yang dirancang untuk memuaskan selera pecinta kopi sejati.",Syrupy,Java Sindoro (Medium / Wine): 500g (50%) | Java Ijen Raung (Dark / Natural): 500g (50%) | total: 1000g,Best for Espresso
S-SPR-156,Spring,Seasonal Blend,Sunrise Spring Origin,Wanoja Kamojang Light SemiWashed 65% | Arjuno Light Washed 35%,Light,"Aroma bunga yang menyegarkan, blend delicate ini memadukan biji-biji terbaik dari Wanoja Kamojang dan Arjuno. Diproses dengan metode SemiWashed & Washed, menghadirkan profil rasa peach, citrus, light caramel yang kompleks namun harmonis. Sebuah perpaduan yang dirancang untuk memuaskan selera pecinta kopi sejati.",Clean,Wanoja Kamojang (Light / SemiWashed): 650g (65%) | Arjuno (Light / Washed): 350g (35%) | total: 1000g,Ideal for Chemex
S-SPR-157,Spring,Seasonal Blend,Velvet Spring Estate,Flores Manggarai Light Natural 70% | Dampit Malang Dark Washed 30%,Light,"Karakter floral yang memanjakan indra, blend clean ini memadukan biji-biji terbaik dari Flores Manggarai dan Dampit Malang. Diproses dengan metode Washed & Natural, menghadirkan profil rasa hibiscus, tropical fruit, watermelon yang kompleks namun harmonis. Sebuah perpaduan yang dirancang untuk memuaskan selera pecinta kopi sejati.",Silky,Flores Manggarai (Light / Natural): 700g (70%) | Dampit Malang (Dark / Washed): 300g (30%) | total: 1000g,Pour Over Recommended
S-SPR-158,Spring,Seasonal Blend,Ancient Spring Peak,Java Manglayang Medium SemiWashed 40% | Java Ijen Raung Medium WetHulled 35% | Flores Bajawa Light Anaerobic 25%,Medium,"Karakter floral yang memanjakan indra, blend fresh ini memadukan biji-biji terbaik dari Java Manglayang dan Java Ijen Raung dan Flores Bajawa. Diproses dengan metode SemiWashed & WetHulled, menghadirkan profil rasa spice, woody, milk caramel yang kompleks namun harmonis. Sebuah perpaduan yang dirancang untuk memuaskan selera pecinta kopi sejati.",Smooth,Java Manglayang (Medium / SemiWashed): 400g (40%) | Java Ijen Raung (Medium / WetHulled): 350g (35%) | Flores Bajawa (Light / Anaerobic): 250g (25%) | total: 1000g,Versatile for Espresso & Filter
S-SPR-159,Spring,Seasonal Blend,Serenity Spring Reserve,Java Ijen Raung Dark Wine 45% | Temanggung Dark Honey 35% | Flores Bajawa Dark Natural 20%,Dark,"Profil rasa yang bersih dan elegan, blend delicate ini memadukan biji-biji terbaik dari Java Ijen Raung dan Temanggung dan Flores Bajawa. Diproses dengan metode Wine & Natural, menghadirkan profil rasa dark sugar, espresso, tar yang kompleks namun harmonis. Sebuah perpaduan yang dirancang untuk memuaskan selera pecinta kopi sejati.",Heavy Body,Java Ijen Raung (Dark / Wine): 450g (45%) | Temanggung (Dark / Honey): 350g (35%) | Flores Bajawa (Dark / Natural): 200g (20%) | total: 1000g,Best for Batch Brew
S-SPR-160,Spring,Seasonal Blend,Volcano Spring Edition,Java Manglayang Light Wine 40% | Kerinci Kayu Aro Medium Anaerobic 60%,Light,"Halus seperti angin semi, blend fresh ini memadukan biji-biji terbaik dari Java Manglayang dan Kerinci Kayu Aro. Diproses dengan metode Wine & Anaerobic, menghadirkan profil rasa dark cherry, blackcurrant, tropical punch yang kompleks namun harmonis. Sebuah perpaduan yang dirancang untuk memuaskan selera pecinta kopi sejati.",Delicate,Java Manglayang (Light / Wine): 400g (40%) | Kerinci Kayu Aro (Medium / Anaerobic): 600g (60%) | total: 1000g,Ideal for Chemex
S-SPR-161,Spring,Seasonal Blend,Twilight Spring Fusion,Bali Kintamani Dark Honey 50% | Toraja Kalosi Medium Honey 30% | Java Puntang Medium SemiWashed 20%,Dark,"Aroma bunga yang menyegarkan, blend delicate ini memadukan biji-biji terbaik dari Bali Kintamani dan Toraja Kalosi dan Java Puntang. Diproses dengan metode SemiWashed & Honey, menghadirkan profil rasa toffee, macadamia, dark sugar yang kompleks namun harmonis. Sebuah perpaduan yang dirancang untuk memuaskan selera pecinta kopi sejati.",Heavy Body,Bali Kintamani (Dark / Honey): 500g (50%) | Toraja Kalosi (Medium / Honey): 300g (30%) | Java Puntang (Medium / SemiWashed): 200g (20%) | total: 1000g,Best for Espresso
S-SPR-162,Spring,Seasonal Blend,Celestial Spring Crest,Java Ciwidey Dark Washed 45% | Bali Kintamani Dark WetHulled 55%,Dark,"Karakter floral yang memanjakan indra, blend light ini memadukan biji-biji terbaik dari Java Ciwidey dan Bali Kintamani. Diproses dengan metode Washed & WetHulled, menghadirkan profil rasa bitter chocolate, molasses, dark roast yang kompleks namun harmonis. Sebuah perpaduan yang dirancang untuk memuaskan selera pecinta kopi sejati.",Thick,Java Ciwidey (Dark / Washed): 450g (45%) | Bali Kintamani (Dark / WetHulled): 550g (55%) | total: 1000g,Ideal untuk Ristretto
S-SPR-163,Spring,Seasonal Blend,Sacred Spring Craft,Java Manglayang Light WetHulled 55% | Bali Ulian Dark SemiWashed 30% | Temanggung Light WetHulled 15%,Light,"Profil rasa yang bersih dan elegan, blend floral ini memadukan biji-biji terbaik dari Java Manglayang dan Bali Ulian dan Temanggung. Diproses dengan metode SemiWashed & WetHulled, menghadirkan profil rasa lime, cedar, tobacco leaf yang kompleks namun harmonis. Sebuah perpaduan yang dirancang untuk memuaskan selera pecinta kopi sejati.",Tea-like,Java Manglayang (Light / WetHulled): 550g (55%) | Bali Ulian (Dark / SemiWashed): 300g (30%) | Temanggung (Light / WetHulled): 150g (15%) | total: 1000g,Cocok untuk AeroPress
S-SPR-164,Spring,Seasonal Blend,Horizon Spring Reserve,Gunung Halu Medium Natural 45% | Java Garut Light Honey 35% | Bukit Barisan Dark Wine 20%,Medium,"Aroma bunga yang menyegarkan, blend aromatic ini memadukan biji-biji terbaik dari Gunung Halu dan Java Garut dan Bukit Barisan. Diproses dengan metode Honey & Wine, menghadirkan profil rasa prune, aged wine, smoked plum yang kompleks namun harmonis. Sebuah perpaduan yang dirancang untuk memuaskan selera pecinta kopi sejati.",Medium Body,Gunung Halu (Medium / Natural): 450g (45%) | Java Garut (Light / Honey): 350g (35%) | Bukit Barisan (Dark / Wine): 200g (20%) | total: 1000g,Versatile for Espresso & Filter
S-SPR-165,Spring,Seasonal Blend,Bronze Spring Reserve,Kerinci Kayu Aro Light Natural 50% | Flores Manggarai Medium SemiWashed 50%,Light,"Halus seperti angin semi, blend fresh ini memadukan biji-biji terbaik dari Kerinci Kayu Aro dan Flores Manggarai. Diproses dengan metode SemiWashed & Natural, menghadirkan profil rasa strawberry, vanilla, blueberry yang kompleks namun harmonis. Sebuah perpaduan yang dirancang untuk memuaskan selera pecinta kopi sejati.",Silky,Kerinci Kayu Aro (Light / Natural): 500g (50%) | Flores Manggarai (Medium / SemiWashed): 500g (50%) | total: 1000g,Ideal for Chemex
S-SPR-166,Spring,Seasonal Blend,Ancient Spring Estate,Gunung Halu Dark Wine 55% | Sidikalang Dark Honey 45%,Dark,"Halus seperti angin semi, blend aromatic ini memadukan biji-biji terbaik dari Gunung Halu dan Sidikalang. Diproses dengan metode Wine & Honey, menghadirkan profil rasa smoked almond, toffee, aged wine yang kompleks namun harmonis. Sebuah perpaduan yang dirancang untuk memuaskan selera pecinta kopi sejati.",Bold,Gunung Halu (Dark / Wine): 550g (55%) | Sidikalang (Dark / Honey): 450g (45%) | total: 1000g,Best for Espresso
S-SPR-167,Spring,Seasonal Blend,Copper Spring Reserve,Semeru Light Natural 55% | Java Temanggung Light Honey 45%,Light,"Profil rasa yang bersih dan elegan, blend floral ini memadukan biji-biji terbaik dari Semeru dan Java Temanggung. Diproses dengan metode Honey & Natural, menghadirkan profil rasa honeysuckle, nectarine, strawberry yang kompleks namun harmonis. Sebuah perpaduan yang dirancang untuk memuaskan selera pecinta kopi sejati.",Tea-like,Semeru (Light / Natural): 550g (55%) | Java Temanggung (Light / Honey): 450g (45%) | total: 1000g,Ideal for Chemex
S-SPR-168,Spring,Seasonal Blend,Celestial Spring Blend,Java Sindoro Medium Natural 50% | Sembalun Rinjani Medium Washed 50%,Medium,"Profil rasa yang bersih dan elegan, blend aromatic ini memadukan biji-biji terbaik dari Java Sindoro dan Sembalun Rinjani. Diproses dengan metode Washed & Natural, menghadirkan profil rasa brown sugar, prune, berry jam yang kompleks namun harmonis. Sebuah perpaduan yang dirancang untuk memuaskan selera pecinta kopi sejati.",Balanced,Java Sindoro (Medium / Natural): 500g (50%) | Sembalun Rinjani (Medium / Washed): 500g (50%) | total: 1000g,Versatile for Espresso & Filter
S-SPR-169,Spring,Seasonal Blend,Nusantara Spring Crest,Arjuno Medium WetHulled 60% | Gunung Halu Medium Anaerobic 25% | Flores Bajawa Medium SemiWashed 15%,Medium,"Karakter floral yang memanjakan indra, blend clean ini memadukan biji-biji terbaik dari Arjuno dan Gunung Halu dan Flores Bajawa. Diproses dengan metode SemiWashed & WetHulled, menghadirkan profil rasa milk caramel, woody, spice yang kompleks namun harmonis. Sebuah perpaduan yang dirancang untuk memuaskan selera pecinta kopi sejati.",Medium Body,Arjuno (Medium / WetHulled): 600g (60%) | Gunung Halu (Medium / Anaerobic): 250g (25%) | Flores Bajawa (Medium / SemiWashed): 150g (15%) | total: 1000g,Versatile for Espresso & Filter
S-SPR-170,Spring,Seasonal Blend,Amber Spring Blend,Mandheling Light Wine 70% | Java Garut Medium Wine 30%,Light,"Halus seperti angin semi, blend delicate ini memadukan biji-biji terbaik dari Mandheling dan Java Garut. Diproses dengan metode Wine, menghadirkan profil rasa espresso, dark plum, balsamic yang kompleks namun harmonis. Sebuah perpaduan yang dirancang untuk memuaskan selera pecinta kopi sejati.",Delicate,Mandheling (Light / Wine): 700g (70%) | Java Garut (Medium / Wine): 300g (30%) | total: 1000g,Best for V60
S-SPR-171,Spring,Seasonal Blend,Nusantara Spring Peak,Flores Bajawa Dark WetHulled 45% | Java Sindoro Dark SemiWashed 35% | Sidikalang Medium Wine 20%,Dark,"Profil rasa yang bersih dan elegan, blend aromatic ini memadukan biji-biji terbaik dari Flores Bajawa dan Java Sindoro dan Sidikalang. Diproses dengan metode SemiWashed & Wine, menghadirkan profil rasa dark tobacco, roasted grain, intense earth yang kompleks namun harmonis. Sebuah perpaduan yang dirancang untuk memuaskan selera pecinta kopi sejati.",Full Body,Flores Bajawa (Dark / WetHulled): 450g (45%) | Java Sindoro (Dark / SemiWashed): 350g (35%) | Sidikalang (Medium / Wine): 200g (20%) | total: 1000g,Cocok untuk Cold Brew
S-SPR-172,Spring,Seasonal Blend,Ember Spring Journey,Lintong Onan Medium Washed 40% | Java Manglayang Medium Washed 60%,Medium,"Profil rasa yang bersih dan elegan, blend aromatic ini memadukan biji-biji terbaik dari Lintong Onan dan Java Manglayang. Diproses dengan metode Washed, menghadirkan profil rasa caramel, hazelnut, brown sugar yang kompleks namun harmonis. Sebuah perpaduan yang dirancang untuk memuaskan selera pecinta kopi sejati.",Velvety,Lintong Onan (Medium / Washed): 400g (40%) | Java Manglayang (Medium / Washed): 600g (60%) | total: 1000g,Versatile for Espresso & Filter
S-SPR-173,Spring,Seasonal Blend,Copper Spring Edition,Papua Dogiyai Light Anaerobic 50% | Wanoja Kamojang Dark WetHulled 50%,Medium,"Profil rasa yang bersih dan elegan, blend clean ini memadukan biji-biji terbaik dari Papua Dogiyai dan Wanoja Kamojang. Diproses dengan metode WetHulled & Anaerobic, menghadirkan profil rasa passion fruit, cola, dark tobacco yang kompleks namun harmonis. Sebuah perpaduan yang dirancang untuk memuaskan selera pecinta kopi sejati.",Medium Body,Papua Dogiyai (Light / Anaerobic): 500g (50%) | Wanoja Kamojang (Dark / WetHulled): 500g (50%) | total: 1000g,Versatile for Espresso & Filter
S-SPR-174,Spring,Seasonal Blend,Nusantara Spring Story,Dampit Malang Medium WetHulled 50% | Gunung Halu Light SemiWashed 30% | Java Sindoro Dark Anaerobic 20%,Medium,"Karakter floral yang memanjakan indra, blend fresh ini memadukan biji-biji terbaik dari Dampit Malang dan Gunung Halu dan Java Sindoro. Diproses dengan metode SemiWashed & WetHulled, menghadirkan profil rasa light caramel, papaya, woody yang kompleks namun harmonis. Sebuah perpaduan yang dirancang untuk memuaskan selera pecinta kopi sejati.",Round,Dampit Malang (Medium / WetHulled): 500g (50%) | Gunung Halu (Light / SemiWashed): 300g (30%) | Java Sindoro (Dark / Anaerobic): 200g (20%) | total: 1000g,Best for Moka Pot
S-SPR-175,Spring,Seasonal Blend,Timeless Spring Ridge,Arjuno Light Natural 40% | Java Ciwidey Medium Natural 60%,Light,"Profil rasa yang bersih dan elegan, blend delicate ini memadukan biji-biji terbaik dari Arjuno dan Java Ciwidey. Diproses dengan metode Natural, menghadirkan profil rasa dried fig, blueberry, molasses yang kompleks namun harmonis. Sebuah perpaduan yang dirancang untuk memuaskan selera pecinta kopi sejati.",Light Body,Arjuno (Light / Natural): 400g (40%) | Java Ciwidey (Medium / Natural): 600g (60%) | total: 1000g,Best for V60
S-SPR-176,Spring,Seasonal Blend,Summit Spring Story,Bukit Barisan Medium SemiWashed 40% | Java Preanger Medium Wine 60%,Medium,"Karakter floral yang memanjakan indra, blend fresh ini memadukan biji-biji terbaik dari Bukit Barisan dan Java Preanger. Diproses dengan metode SemiWashed & Wine, menghadirkan profil rasa vanilla, milk caramel, roasted nut yang kompleks namun harmonis. Sebuah perpaduan yang dirancang untuk memuaskan selera pecinta kopi sejati.",Round,Bukit Barisan (Medium / SemiWashed): 400g (40%) | Java Preanger (Medium / Wine): 600g (60%) | total: 1000g,Versatile for Espresso & Filter
S-SPR-177,Spring,Seasonal Blend,Horizon Spring Origin,Sidikalang Dark Honey 55% | Java Garut Medium Anaerobic 30% | Papua Dogiyai Dark Honey 15%,Dark,"Aroma bunga yang menyegarkan, blend delicate ini memadukan biji-biji terbaik dari Sidikalang dan Java Garut dan Papua Dogiyai. Diproses dengan metode Honey & Anaerobic, menghadirkan profil rasa dark sugar, tropical punch, burnt caramel yang kompleks namun harmonis. Sebuah perpaduan yang dirancang untuk memuaskan selera pecinta kopi sejati.",Full Body,Sidikalang (Dark / Honey): 550g (55%) | Java Garut (Medium / Anaerobic): 300g (30%) | Papua Dogiyai (Dark / Honey): 150g (15%) | total: 1000g,Ideal untuk Ristretto
S-SPR-178,Spring,Seasonal Blend,Harvest Spring Journey,Flores Bajawa Light Natural 55% | Java Manglayang Dark Anaerobic 30% | Toraja Kalosi Dark WetHulled 15%,Medium,"Halus seperti angin semi, blend delicate ini memadukan biji-biji terbaik dari Flores Bajawa dan Java Manglayang dan Toraja Kalosi. Diproses dengan metode WetHulled & Natural, menghadirkan profil rasa black cherry, dark rum, tropical fruit yang kompleks namun harmonis. Sebuah perpaduan yang dirancang untuk memuaskan selera pecinta kopi sejati.",Smooth,Flores Bajawa (Light / Natural): 550g (55%) | Java Manglayang (Dark / Anaerobic): 300g (30%) | Toraja Kalosi (Dark / WetHulled): 150g (15%) | total: 1000g,Best for Moka Pot
S-SPR-179,Spring,Seasonal Blend,Volcano Spring Select,Bali Ulian Medium Wine 70% | Toraja Kalosi Light Anaerobic 30%,Medium,"Aroma bunga yang menyegarkan, blend light ini memadukan biji-biji terbaik dari Bali Ulian dan Toraja Kalosi. Diproses dengan metode Wine & Anaerobic, menghadirkan profil rasa lychee, espresso, cola yang kompleks namun harmonis. Sebuah perpaduan yang dirancang untuk memuaskan selera pecinta kopi sejati.",Medium Body,Bali Ulian (Medium / Wine): 700g (70%) | Toraja Kalosi (Light / Anaerobic): 300g (30%) | total: 1000g,Cocok untuk French Press & Espresso
S-SPR-180,Spring,Seasonal Blend,Copper Spring Collection,Bukit Barisan Dark Wine 50% | Java Ijen Raung Light Anaerobic 25% | Kerinci Kayu Aro Light Washed 25%,Medium,"Karakter floral yang memanjakan indra, blend light ini memadukan biji-biji terbaik dari Bukit Barisan dan Java Ijen Raung dan Kerinci Kayu Aro. Diproses dengan metode Washed & Wine, menghadirkan profil rasa green tea, raspberry, smoked plum yang kompleks namun harmonis. Sebuah perpaduan yang dirancang untuk memuaskan selera pecinta kopi sejati.",Round,Bukit Barisan (Dark / Wine): 500g (50%) | Java Ijen Raung (Light / Anaerobic): 250g (25%) | Kerinci Kayu Aro (Light / Washed): 250g (25%) | total: 1000g,Best for Moka Pot
S-SPR-181,Spring,Seasonal Blend,Timeless Spring Chapter,Java Puntang Dark Natural 40% | Bali Kintamani Light Anaerobic 35% | Bali Ulian Light Washed 25%,Medium,"Aroma bunga yang menyegarkan, blend delicate ini memadukan biji-biji terbaik dari Java Puntang dan Bali Kintamani dan Bali Ulian. Diproses dengan metode Washed & Natural, menghadirkan profil rasa charcoal, licorice, espresso yang kompleks namun harmonis. Sebuah perpaduan yang dirancang untuk memuaskan selera pecinta kopi sejati.",Medium Body,Java Puntang (Dark / Natural): 400g (40%) | Bali Kintamani (Light / Anaerobic): 350g (35%) | Bali Ulian (Light / Washed): 250g (25%) | total: 1000g,Best for Moka Pot
S-SPR-182,Spring,Seasonal Blend,Highland Spring Craft,Lampung Robusta Premium Medium Honey 50% | Java Garut Medium Washed 30% | Lintong Onan Light SemiWashed 20%,Medium,"Karakter floral yang memanjakan indra, blend fresh ini memadukan biji-biji terbaik dari Lampung Robusta Premium dan Java Garut dan Lintong Onan. Diproses dengan metode SemiWashed & Washed, menghadirkan profil rasa honey, maple syrup, hazelnut yang kompleks namun harmonis. Sebuah perpaduan yang dirancang untuk memuaskan selera pecinta kopi sejati.",Smooth,Lampung Robusta Premium (Medium / Honey): 500g (50%) | Java Garut (Medium / Washed): 300g (30%) | Lintong Onan (Light / SemiWashed): 200g (20%) | total: 1000g,Best for Moka Pot
S-SPR-183,Spring,Seasonal Blend,Nusantara Spring Chapter,Gunung Halu Dark WetHulled 40% | Lampung Robusta Premium Dark Wine 35% | Aceh Gayo Light Wine 25%,Dark,"Aroma bunga yang menyegarkan, blend delicate ini memadukan biji-biji terbaik dari Gunung Halu dan Lampung Robusta Premium dan Aceh Gayo. Diproses dengan metode Wine & WetHulled, menghadirkan profil rasa dark cherry, dark tobacco, dark espresso yang kompleks namun harmonis. Sebuah perpaduan yang dirancang untuk memuaskan selera pecinta kopi sejati.",Syrupy,Gunung Halu (Dark / WetHulled): 400g (40%) | Lampung Robusta Premium (Dark / Wine): 350g (35%) | Aceh Gayo (Light / Wine): 250g (25%) | total: 1000g,Best for Batch Brew
S-SPR-184,Spring,Seasonal Blend,Sacred Spring Estate,Papua Wamena Medium Wine 45% | Papua Dogiyai Light WetHulled 55%,Light,"Karakter floral yang memanjakan indra, blend fresh ini memadukan biji-biji terbaik dari Papua Wamena dan Papua Dogiyai. Diproses dengan metode Wine & WetHulled, menghadirkan profil rasa roasted grape, dark plum, lime yang kompleks namun harmonis. Sebuah perpaduan yang dirancang untuk memuaskan selera pecinta kopi sejati.",Clean,Papua Wamena (Medium / Wine): 450g (45%) | Papua Dogiyai (Light / WetHulled): 550g (55%) | total: 1000g,Cocok untuk AeroPress
S-SPR-185,Spring,Seasonal Blend,Archipelago Spring Edition,Aceh Gayo Dark Natural 60% | Sidikalang Dark SemiWashed 25% | Papua Wamena Light SemiWashed 15%,Dark,"Profil rasa yang bersih dan elegan, blend floral ini memadukan biji-biji terbaik dari Aceh Gayo dan Sidikalang dan Papua Wamena. Diproses dengan metode SemiWashed & Natural, menghadirkan profil rasa roasted grain, oolong tea, intense spice yang kompleks namun harmonis. Sebuah perpaduan yang dirancang untuk memuaskan selera pecinta kopi sejati.",Syrupy,Aceh Gayo (Dark / Natural): 600g (60%) | Sidikalang (Dark / SemiWashed): 250g (25%) | Papua Wamena (Light / SemiWashed): 150g (15%) | total: 1000g,Best for Batch Brew
S-SPR-186,Spring,Seasonal Blend,Elysian Spring Craft,Java Temanggung Dark Natural 70% | Arjuno Dark WetHulled 30%,Dark,"Halus seperti angin semi, blend aromatic ini memadukan biji-biji terbaik dari Java Temanggung dan Arjuno. Diproses dengan metode WetHulled & Natural, menghadirkan profil rasa peat, intense earth, tar yang kompleks namun harmonis. Sebuah perpaduan yang dirancang untuk memuaskan selera pecinta kopi sejati.",Bold,Java Temanggung (Dark / Natural): 700g (70%) | Arjuno (Dark / WetHulled): 300g (30%) | total: 1000g,Ideal untuk Ristretto
S-SPR-187,Spring,Seasonal Blend,Sacred Spring Signature,Mandheling Dark WetHulled 50% | Gunung Halu Medium Anaerobic 25% | Gunung Halu Light Anaerobic 25%,Medium,"Karakter floral yang memanjakan indra, blend floral ini memadukan biji-biji terbaik dari Mandheling dan Gunung Halu dan Gunung Halu. Diproses dengan metode WetHulled & Anaerobic, menghadirkan profil rasa clove, fermented fruit, intense earth yang kompleks namun harmonis. Sebuah perpaduan yang dirancang untuk memuaskan selera pecinta kopi sejati.",Smooth,Mandheling (Dark / WetHulled): 500g (50%) | Gunung Halu (Medium / Anaerobic): 250g (25%) | Gunung Halu (Light / Anaerobic): 250g (25%) | total: 1000g,Versatile for Espresso & Filter
S-SPR-188,Spring,Seasonal Blend,Silk Spring Signature,Lintong Onan Light Anaerobic 50% | Wanoja Kamojang Light Washed 50%,Light,"Profil rasa yang bersih dan elegan, blend light ini memadukan biji-biji terbaik dari Lintong Onan dan Wanoja Kamojang. Diproses dengan metode Washed & Anaerobic, menghadirkan profil rasa bergamot, jasmine, lychee yang kompleks namun harmonis. Sebuah perpaduan yang dirancang untuk memuaskan selera pecinta kopi sejati.",Silky,Lintong Onan (Light / Anaerobic): 500g (50%) | Wanoja Kamojang (Light / Washed): 500g (50%) | total: 1000g,Pour Over Recommended
S-SPR-189,Spring,Seasonal Blend,Twilight Spring Collection,Bali Ulian Light Honey 40% | Sembalun Rinjani Dark Washed 60%,Medium,"Karakter floral yang memanjakan indra, blend fresh ini memadukan biji-biji terbaik dari Bali Ulian dan Sembalun Rinjani. Diproses dengan metode Washed & Honey, menghadirkan profil rasa floral, bitter chocolate, smoky caramel yang kompleks namun harmonis. Sebuah perpaduan yang dirancang untuk memuaskan selera pecinta kopi sejati.",Velvety,Bali Ulian (Light / Honey): 400g (40%) | Sembalun Rinjani (Dark / Washed): 600g (60%) | total: 1000g,Versatile for Espresso & Filter
S-SPR-190,Spring,Seasonal Blend,Equator Spring Story,Bali Ulian Medium SemiWashed 50% | Semeru Medium Honey 25% | Semeru Dark Wine 25%,Medium,"Karakter floral yang memanjakan indra, blend clean ini memadukan biji-biji terbaik dari Bali Ulian dan Semeru dan Semeru. Diproses dengan metode SemiWashed & Honey, menghadirkan profil rasa roasted nut, honey, maple syrup yang kompleks namun harmonis. Sebuah perpaduan yang dirancang untuk memuaskan selera pecinta kopi sejati.",Balanced,Bali Ulian (Medium / SemiWashed): 500g (50%) | Semeru (Medium / Honey): 250g (25%) | Semeru (Dark / Wine): 250g (25%) | total: 1000g,Versatile for Espresso & Filter
S-SPR-191,Spring,Seasonal Blend,Celestial Spring Peak,Temanggung Dark Anaerobic 45% | Sembalun Rinjani Dark Natural 35% | Kerinci Kayu Aro Light Washed 20%,Dark,"Profil rasa yang bersih dan elegan, blend light ini memadukan biji-biji terbaik dari Temanggung dan Sembalun Rinjani dan Kerinci Kayu Aro. Diproses dengan metode Washed & Natural, menghadirkan profil rasa black cherry, dark rum, smoke yang kompleks namun harmonis. Sebuah perpaduan yang dirancang untuk memuaskan selera pecinta kopi sejati.",Heavy Body,Temanggung (Dark / Anaerobic): 450g (45%) | Sembalun Rinjani (Dark / Natural): 350g (35%) | Kerinci Kayu Aro (Light / Washed): 200g (20%) | total: 1000g,Cocok untuk Cold Brew
S-SPR-192,Spring,Seasonal Blend,Equator Spring Chapter,Aceh Gayo Medium Anaerobic 50% | Flores Bajawa Medium Anaerobic 25% | Bali Ulian Dark Washed 25%,Medium,"Karakter floral yang memanjakan indra, blend fresh ini memadukan biji-biji terbaik dari Aceh Gayo dan Flores Bajawa dan Bali Ulian. Diproses dengan metode Washed & Anaerobic, menghadirkan profil rasa cacao nib, fermented fruit, tropical punch yang kompleks namun harmonis. Sebuah perpaduan yang dirancang untuk memuaskan selera pecinta kopi sejati.",Medium Body,Aceh Gayo (Medium / Anaerobic): 500g (50%) | Flores Bajawa (Medium / Anaerobic): 250g (25%) | Bali Ulian (Dark / Washed): 250g (25%) | total: 1000g,Cocok untuk French Press & Espresso
S-SPR-193,Spring,Seasonal Blend,Volcano Spring Craft,Java Garut Dark Washed 70% | Toraja Kalosi Light WetHulled 30%,Medium,"Profil rasa yang bersih dan elegan, blend light ini memadukan biji-biji terbaik dari Java Garut dan Toraja Kalosi. Diproses dengan metode Washed & WetHulled, menghadirkan profil rasa herb, dark roast, cedar yang kompleks namun harmonis. Sebuah perpaduan yang dirancang untuk memuaskan selera pecinta kopi sejati.",Round,Java Garut (Dark / Washed): 700g (70%) | Toraja Kalosi (Light / WetHulled): 300g (30%) | total: 1000g,Best for Moka Pot
S-SPR-194,Spring,Seasonal Blend,Heritage Spring Fusion,Aceh Gayo Dark Wine 50% | Java Puntang Medium SemiWashed 30% | Wanoja Kamojang Light Anaerobic 20%,Medium,"Profil rasa yang bersih dan elegan, blend fresh ini memadukan biji-biji terbaik dari Aceh Gayo dan Java Puntang dan Wanoja Kamojang. Diproses dengan metode SemiWashed & Wine, menghadirkan profil rasa tobacco, smoked plum, cola yang kompleks namun harmonis. Sebuah perpaduan yang dirancang untuk memuaskan selera pecinta kopi sejati.",Velvety,Aceh Gayo (Dark / Wine): 500g (50%) | Java Puntang (Medium / SemiWashed): 300g (30%) | Wanoja Kamojang (Light / Anaerobic): 200g (20%) | total: 1000g,Cocok untuk French Press & Espresso
S-SPR-195,Spring,Seasonal Blend,Amber Spring Peak,Flores Bajawa Medium Washed 50% | Java Preanger Medium WetHulled 30% | Toraja Sapan Light Washed 20%,Medium,"Aroma bunga yang menyegarkan, blend delicate ini memadukan biji-biji terbaik dari Flores Bajawa dan Java Preanger dan Toraja Sapan. Diproses dengan metode Washed & WetHulled, menghadirkan profil rasa woody, hazelnut, citrus yang kompleks namun harmonis. Sebuah perpaduan yang dirancang untuk memuaskan selera pecinta kopi sejati.",Balanced,Flores Bajawa (Medium / Washed): 500g (50%) | Java Preanger (Medium / WetHulled): 300g (30%) | Toraja Sapan (Light / Washed): 200g (20%) | total: 1000g,Cocok untuk French Press & Espresso
S-SPR-196,Spring,Seasonal Blend,Nusantara Spring Series,Java Temanggung Dark Anaerobic 60% | Flores Manggarai Light WetHulled 25% | Bali Ulian Light Anaerobic 15%,Medium,"Profil rasa yang bersih dan elegan, blend clean ini memadukan biji-biji terbaik dari Java Temanggung dan Flores Manggarai dan Bali Ulian. Diproses dengan metode WetHulled & Anaerobic, menghadirkan profil rasa black cherry, lime, lychee yang kompleks namun harmonis. Sebuah perpaduan yang dirancang untuk memuaskan selera pecinta kopi sejati.",Velvety,Java Temanggung (Dark / Anaerobic): 600g (60%) | Flores Manggarai (Light / WetHulled): 250g (25%) | Bali Ulian (Light / Anaerobic): 150g (15%) | total: 1000g,Cocok untuk French Press & Espresso
S-SPR-197,Spring,Seasonal Blend,Dawn Spring Chapter,Sidikalang Medium Honey 65% | Wanoja Kamojang Light Wine 35%,Light,"Profil rasa yang bersih dan elegan, blend aromatic ini memadukan biji-biji terbaik dari Sidikalang dan Wanoja Kamojang. Diproses dengan metode Honey & Wine, menghadirkan profil rasa maple syrup, macadamia, plum yang kompleks namun harmonis. Sebuah perpaduan yang dirancang untuk memuaskan selera pecinta kopi sejati.",Delicate,Sidikalang (Medium / Honey): 650g (65%) | Wanoja Kamojang (Light / Wine): 350g (35%) | total: 1000g,Ideal for Chemex
S-SPR-198,Spring,Seasonal Blend,Archipelago Spring Series,Bukit Barisan Medium Anaerobic 50% | Mandheling Dark WetHulled 30% | Mandheling Medium Washed 20%,Medium,"Karakter floral yang memanjakan indra, blend aromatic ini memadukan biji-biji terbaik dari Bukit Barisan dan Mandheling dan Mandheling. Diproses dengan metode Washed & WetHulled, menghadirkan profil rasa intense earth, clove, fermented fruit yang kompleks namun harmonis. Sebuah perpaduan yang dirancang untuk memuaskan selera pecinta kopi sejati.",Velvety,Bukit Barisan (Medium / Anaerobic): 500g (50%) | Mandheling (Dark / WetHulled): 300g (30%) | Mandheling (Medium / Washed): 200g (20%) | total: 1000g,Cocok untuk French Press & Espresso
S-SPR-199,Spring,Seasonal Blend,Equator Spring Edition,Papua Dogiyai Medium WetHulled 50% | Bali Ulian Light WetHulled 30% | Solok Radjo Dark Washed 20%,Medium,"Aroma bunga yang menyegarkan, blend floral ini memadukan biji-biji terbaik dari Papua Dogiyai dan Bali Ulian dan Solok Radjo. Diproses dengan metode Washed & WetHulled, menghadirkan profil rasa tobacco leaf, herb, smoky caramel yang kompleks namun harmonis. Sebuah perpaduan yang dirancang untuk memuaskan selera pecinta kopi sejati.",Medium Body,Papua Dogiyai (Medium / WetHulled): 500g (50%) | Bali Ulian (Light / WetHulled): 300g (30%) | Solok Radjo (Dark / Washed): 200g (20%) | total: 1000g,Versatile for Espresso & Filter
S-SPR-200,Spring,Seasonal Blend,Heritage Spring Edition,Papua Dogiyai Light SemiWashed 60% | Gunung Halu Dark Natural 25% | Java Sindoro Medium SemiWashed 15%,Light,"Aroma bunga yang menyegarkan, blend clean ini memadukan biji-biji terbaik dari Papua Dogiyai dan Gunung Halu dan Java Sindoro. Diproses dengan metode SemiWashed & Natural, menghadirkan profil rasa charcoal, roasted nut, vanilla yang kompleks namun harmonis. Sebuah perpaduan yang dirancang untuk memuaskan selera pecinta kopi sejati.",Light Body,Papua Dogiyai (Light / SemiWashed): 600g (60%) | Gunung Halu (Dark / Natural): 250g (25%) | Java Sindoro (Medium / SemiWashed): 150g (15%) | total: 1000g,Cocok untuk AeroPress
S-SPR-201,Spring,Speciality Blend,Elite Spring Crest,Flores Manggarai Medium Natural 50% | Bengkulu Medium Anaerobic 30% | Sidikalang Light Anaerobic 20%,Medium,"Karakter floral yang memanjakan indra, blend light ini memadukan biji-biji terbaik dari Flores Manggarai dan Bengkulu dan Sidikalang. Diproses dengan metode Natural & Anaerobic, menghadirkan profil rasa molasses, rum raisin, dark chocolate yang kompleks namun harmonis. Sebuah perpaduan yang dirancang untuk memuaskan selera pecinta kopi sejati.",Smooth,Flores Manggarai (Medium / Natural): 500g (50%) | Bengkulu (Medium / Anaerobic): 300g (30%) | Sidikalang (Light / Anaerobic): 200g (20%) | total: 1000g,Cocok untuk French Press & Espresso
S-SPR-202,Spring,Speciality Blend,Pinnacle Spring Signature,Java Ijen Raung Dark Wine 45% | Flores Manggarai Dark Anaerobic 35% | Solok Radjo Dark Natural 20%,Dark,"Karakter floral yang memanjakan indra, blend light ini memadukan biji-biji terbaik dari Java Ijen Raung dan Flores Manggarai dan Solok Radjo. Diproses dengan metode Wine & Natural, menghadirkan profil rasa dark berry, charcoal, fermented cocoa yang kompleks namun harmonis. Sebuah perpaduan yang dirancang untuk memuaskan selera pecinta kopi sejati.",Heavy Body,Java Ijen Raung (Dark / Wine): 450g (45%) | Flores Manggarai (Dark / Anaerobic): 350g (35%) | Solok Radjo (Dark / Natural): 200g (20%) | total: 1000g,Best for Espresso
S-SPR-203,Spring,Speciality Blend,Pinnacle Spring Ridge,Mandheling Dark Wine 60% | Lintong Onan Dark Anaerobic 25% | Bali Ulian Light Natural 15%,Dark,"Halus seperti angin semi, blend floral ini memadukan biji-biji terbaik dari Mandheling dan Lintong Onan dan Bali Ulian. Diproses dengan metode Wine & Natural, menghadirkan profil rasa fermented cocoa, blueberry, strawberry yang kompleks namun harmonis. Sebuah perpaduan yang dirancang untuk memuaskan selera pecinta kopi sejati.",Full Body,Mandheling (Dark / Wine): 600g (60%) | Lintong Onan (Dark / Anaerobic): 250g (25%) | Bali Ulian (Light / Natural): 150g (15%) | total: 1000g,Best for Espresso
S-SPR-204,Spring,Speciality Blend,Prestige Spring Select,Dampit Malang Light Natural 50% | Kerinci Kayu Aro Medium Natural 25% | Papua Wamena Dark Wine 25%,Medium,"Profil rasa yang bersih dan elegan, blend fresh ini memadukan biji-biji terbaik dari Dampit Malang dan Kerinci Kayu Aro dan Papua Wamena. Diproses dengan metode Wine & Natural, menghadirkan profil rasa blueberry, hibiscus, tobacco yang kompleks namun harmonis. Sebuah perpaduan yang dirancang untuk memuaskan selera pecinta kopi sejati.",Smooth,Dampit Malang (Light / Natural): 500g (50%) | Kerinci Kayu Aro (Medium / Natural): 250g (25%) | Papua Wamena (Dark / Wine): 250g (25%) | total: 1000g,Versatile for Espresso & Filter
S-SPR-205,Spring,Speciality Blend,Masterwork Spring Origin,Arjuno Light Wine 50% | Solok Radjo Dark Natural 30% | Bengkulu Medium Wine 20%,Medium,"Karakter floral yang memanjakan indra, blend clean ini memadukan biji-biji terbaik dari Arjuno dan Solok Radjo dan Bengkulu. Diproses dengan metode Wine & Natural, menghadirkan profil rasa espresso, licorice, dark cherry yang kompleks namun harmonis. Sebuah perpaduan yang dirancang untuk memuaskan selera pecinta kopi sejati.",Round,Arjuno (Light / Wine): 500g (50%) | Solok Radjo (Dark / Natural): 300g (30%) | Bengkulu (Medium / Wine): 200g (20%) | total: 1000g,Cocok untuk French Press & Espresso
S-SPR-206,Spring,Speciality Blend,Prestige Spring Collection,Java Manglayang Dark Anaerobic 40% | Mandheling Dark Wine 35% | Java Temanggung Medium Wine 25%,Dark,"Karakter floral yang memanjakan indra, blend fresh ini memadukan biji-biji terbaik dari Java Manglayang dan Mandheling dan Java Temanggung. Diproses dengan metode Wine & Anaerobic, menghadirkan profil rasa tobacco, black cherry, balsamic yang kompleks namun harmonis. Sebuah perpaduan yang dirancang untuk memuaskan selera pecinta kopi sejati.",Syrupy,Java Manglayang (Dark / Anaerobic): 400g (40%) | Mandheling (Dark / Wine): 350g (35%) | Java Temanggung (Medium / Wine): 250g (25%) | total: 1000g,Cocok untuk Cold Brew
S-SPR-207,Spring,Speciality Blend,Elite Spring Series,Java Puntang Light Natural 70% | Java Ijen Raung Medium Natural 30%,Light,"Karakter floral yang memanjakan indra, blend floral ini memadukan biji-biji terbaik dari Java Puntang dan Java Ijen Raung. Diproses dengan metode Natural, menghadirkan profil rasa prune, blueberry, tropical fruit yang kompleks namun harmonis. Sebuah perpaduan yang dirancang untuk memuaskan selera pecinta kopi sejati.",Clean,Java Puntang (Light / Natural): 700g (70%) | Java Ijen Raung (Medium / Natural): 300g (30%) | total: 1000g,Pour Over Recommended
S-SPR-208,Spring,Speciality Blend,Exceptional Spring Signature,Java Manglayang Medium Wine 50% | Java Ijen Raung Dark Wine 25% | Solok Radjo Dark Anaerobic 25%,Dark,"Halus seperti angin semi, blend floral ini memadukan biji-biji terbaik dari Java Manglayang dan Java Ijen Raung dan Solok Radjo. Diproses dengan metode Wine & Anaerobic, menghadirkan profil rasa tobacco, dark espresso, smoke yang kompleks namun harmonis. Sebuah perpaduan yang dirancang untuk memuaskan selera pecinta kopi sejati.",Heavy Body,Java Manglayang (Medium / Wine): 500g (50%) | Java Ijen Raung (Dark / Wine): 250g (25%) | Solok Radjo (Dark / Anaerobic): 250g (25%) | total: 1000g,Best for Batch Brew
S-SPR-209,Spring,Speciality Blend,Apex Spring Fusion,Bali Kintamani Medium Natural 50% | Dampit Malang Light Natural 30% | Sidikalang Medium Natural 20%,Medium,"Profil rasa yang bersih dan elegan, blend floral ini memadukan biji-biji terbaik dari Bali Kintamani dan Dampit Malang dan Sidikalang. Diproses dengan metode Natural, menghadirkan profil rasa dried fig, molasses, berry jam yang kompleks namun harmonis. Sebuah perpaduan yang dirancang untuk memuaskan selera pecinta kopi sejati.",Medium Body,Bali Kintamani (Medium / Natural): 500g (50%) | Dampit Malang (Light / Natural): 300g (30%) | Sidikalang (Medium / Natural): 200g (20%) | total: 1000g,Cocok untuk French Press & Espresso
S-SPR-210,Spring,Speciality Blend,Imperial Spring Select,Bengkulu Dark Wine 50% | Wanoja Kamojang Dark Wine 50%,Dark,"Aroma bunga yang menyegarkan, blend light ini memadukan biji-biji terbaik dari Bengkulu dan Wanoja Kamojang. Diproses dengan metode Wine, menghadirkan profil rasa smoked plum, dark espresso, tobacco yang kompleks namun harmonis. Sebuah perpaduan yang dirancang untuk memuaskan selera pecinta kopi sejati.",Bold,Bengkulu (Dark / Wine): 500g (50%) | Wanoja Kamojang (Dark / Wine): 500g (50%) | total: 1000g,Cocok untuk Cold Brew
S-SPR-211,Spring,Speciality Blend,Apex Spring Valley,Java Ciwidey Dark Wine 40% | Bali Kintamani Medium Natural 60%,Medium,"Karakter floral yang memanjakan indra, blend aromatic ini memadukan biji-biji terbaik dari Java Ciwidey dan Bali Kintamani. Diproses dengan metode Wine & Natural, menghadirkan profil rasa tobacco, dark espresso, dried fig yang kompleks namun harmonis. Sebuah perpaduan yang dirancang untuk memuaskan selera pecinta kopi sejati.",Balanced,Java Ciwidey (Dark / Wine): 400g (40%) | Bali Kintamani (Medium / Natural): 600g (60%) | total: 1000g,Versatile for Espresso & Filter
S-SPR-212,Spring,Speciality Blend,Apex Spring Peak,Sidikalang Dark Natural 55% | Java Manglayang Dark Anaerobic 45%,Dark,"Halus seperti angin semi, blend fresh ini memadukan biji-biji terbaik dari Sidikalang dan Java Manglayang. Diproses dengan metode Natural & Anaerobic, menghadirkan profil rasa charcoal, espresso, dark rum yang kompleks namun harmonis. Sebuah perpaduan yang dirancang untuk memuaskan selera pecinta kopi sejati.",Heavy Body,Sidikalang (Dark / Natural): 550g (55%) | Java Manglayang (Dark / Anaerobic): 450g (45%) | total: 1000g,Ideal untuk Ristretto
S-SPR-213,Spring,Speciality Blend,Imperial Spring Journey,Wanoja Kamojang Medium Natural 40% | Kerinci Kayu Aro Medium Wine 35% | Lampung Robusta Premium Dark Anaerobic 25%,Medium,"Aroma bunga yang menyegarkan, blend light ini memadukan biji-biji terbaik dari Wanoja Kamojang dan Kerinci Kayu Aro dan Lampung Robusta Premium. Diproses dengan metode Wine & Natural, menghadirkan profil rasa fermented cocoa, port wine, molasses yang kompleks namun harmonis. Sebuah perpaduan yang dirancang untuk memuaskan selera pecinta kopi sejati.",Round,Wanoja Kamojang (Medium / Natural): 400g (40%) | Kerinci Kayu Aro (Medium / Wine): 350g (35%) | Lampung Robusta Premium (Dark / Anaerobic): 250g (25%) | total: 1000g,Cocok untuk French Press & Espresso
S-SPR-214,Spring,Speciality Blend,Sovereign Spring Craft,Sembalun Rinjani Medium Wine 45% | Gunung Halu Light Natural 55%,Light,"Halus seperti angin semi, blend light ini memadukan biji-biji terbaik dari Sembalun Rinjani dan Gunung Halu. Diproses dengan metode Wine & Natural, menghadirkan profil rasa blueberry, hibiscus, roasted grape yang kompleks namun harmonis. Sebuah perpaduan yang dirancang untuk memuaskan selera pecinta kopi sejati.",Delicate,Sembalun Rinjani (Medium / Wine): 450g (45%) | Gunung Halu (Light / Natural): 550g (55%) | total: 1000g,Best for V60
S-SPR-215,Spring,Speciality Blend,Elite Spring Reserve,Java Preanger Medium Wine 50% | Toraja Kalosi Medium Anaerobic 50%,Medium,"Aroma bunga yang menyegarkan, blend aromatic ini memadukan biji-biji terbaik dari Java Preanger dan Toraja Kalosi. Diproses dengan metode Wine & Anaerobic, menghadirkan profil rasa tamarind, tropical punch, roasted grape yang kompleks namun harmonis. Sebuah perpaduan yang dirancang untuk memuaskan selera pecinta kopi sejati.",Medium Body,Java Preanger (Medium / Wine): 500g (50%) | Toraja Kalosi (Medium / Anaerobic): 500g (50%) | total: 1000g,Cocok untuk French Press & Espresso
S-SPR-216,Spring,Speciality Blend,Apex Spring Spring,Toraja Sapan Medium Wine 50% | Solok Radjo Light Wine 25% | Bukit Barisan Light Anaerobic 25%,Light,"Profil rasa yang bersih dan elegan, blend floral ini memadukan biji-biji terbaik dari Toraja Sapan dan Solok Radjo dan Bukit Barisan. Diproses dengan metode Wine & Anaerobic, menghadirkan profil rasa wine, balsamic, dark cherry yang kompleks namun harmonis. Sebuah perpaduan yang dirancang untuk memuaskan selera pecinta kopi sejati.",Clean,Toraja Sapan (Medium / Wine): 500g (50%) | Solok Radjo (Light / Wine): 250g (25%) | Bukit Barisan (Light / Anaerobic): 250g (25%) | total: 1000g,Pour Over Recommended
S-SPR-217,Spring,Speciality Blend,Distinguished Spring Signature,Java Sindoro Light Natural 45% | Flores Bajawa Dark Natural 35% | Java Puntang Light Wine 20%,Medium,"Aroma bunga yang menyegarkan, blend clean ini memadukan biji-biji terbaik dari Java Sindoro dan Flores Bajawa dan Java Puntang. Diproses dengan metode Wine & Natural, menghadirkan profil rasa grape must, dark cherry, dark berry yang kompleks namun harmonis. Sebuah perpaduan yang dirancang untuk memuaskan selera pecinta kopi sejati.",Smooth,Java Sindoro (Light / Natural): 450g (45%) | Flores Bajawa (Dark / Natural): 350g (35%) | Java Puntang (Light / Wine): 200g (20%) | total: 1000g,Best for Moka Pot
S-SPR-218,Spring,Speciality Blend,Apex Spring Chapter,Toraja Sapan Medium Anaerobic 40% | Solok Radjo Medium Natural 60%,Medium,"Profil rasa yang bersih dan elegan, blend aromatic ini memadukan biji-biji terbaik dari Toraja Sapan dan Solok Radjo. Diproses dengan metode Natural & Anaerobic, menghadirkan profil rasa prune, molasses, tamarind yang kompleks namun harmonis. Sebuah perpaduan yang dirancang untuk memuaskan selera pecinta kopi sejati.",Medium Body,Toraja Sapan (Medium / Anaerobic): 400g (40%) | Solok Radjo (Medium / Natural): 600g (60%) | total: 1000g,Cocok untuk French Press & Espresso
S-SPR-219,Spring,Speciality Blend,Exceptional Spring Spring,Java Preanger Light Natural 70% | Gunung Halu Light Anaerobic 30%,Light,"Profil rasa yang bersih dan elegan, blend floral ini memadukan biji-biji terbaik dari Java Preanger dan Gunung Halu. Diproses dengan metode Natural & Anaerobic, menghadirkan profil rasa tropical fruit, strawberry, hibiscus yang kompleks namun harmonis. Sebuah perpaduan yang dirancang untuk memuaskan selera pecinta kopi sejati.",Delicate,Java Preanger (Light / Natural): 700g (70%) | Gunung Halu (Light / Anaerobic): 300g (30%) | total: 1000g,Pour Over Recommended
S-SPR-220,Spring,Speciality Blend,Grand Spring Estate,Java Puntang Medium Anaerobic 70% | Temanggung Light Wine 30%,Medium,"Karakter floral yang memanjakan indra, blend clean ini memadukan biji-biji terbaik dari Java Puntang dan Temanggung. Diproses dengan metode Wine & Anaerobic, menghadirkan profil rasa fermented fruit, blackcurrant, tamarind yang kompleks namun harmonis. Sebuah perpaduan yang dirancang untuk memuaskan selera pecinta kopi sejati.",Medium Body,Java Puntang (Medium / Anaerobic): 700g (70%) | Temanggung (Light / Wine): 300g (30%) | total: 1000g,Cocok untuk French Press & Espresso
S-SPR-221,Spring,Speciality Blend,Prestige Spring Blend,Java Garut Medium Wine 55% | Toraja Kalosi Medium Wine 30% | Kerinci Kayu Aro Dark Natural 15%,Medium,"Halus seperti angin semi, blend floral ini memadukan biji-biji terbaik dari Java Garut dan Toraja Kalosi dan Kerinci Kayu Aro. Diproses dengan metode Wine & Natural, menghadirkan profil rasa port wine, balsamic, tar yang kompleks namun harmonis. Sebuah perpaduan yang dirancang untuk memuaskan selera pecinta kopi sejati.",Round,Java Garut (Medium / Wine): 550g (55%) | Toraja Kalosi (Medium / Wine): 300g (30%) | Kerinci Kayu Aro (Dark / Natural): 150g (15%) | total: 1000g,Versatile for Espresso & Filter
S-SPR-222,Spring,Speciality Blend,Rare Spring Estate,Wanoja Kamojang Medium Natural 50% | Toraja Kalosi Dark Natural 30% | Toraja Kalosi Light Wine 20%,Medium,"Karakter floral yang memanjakan indra, blend floral ini memadukan biji-biji terbaik dari Wanoja Kamojang dan Toraja Kalosi dan Toraja Kalosi. Diproses dengan metode Wine & Natural, menghadirkan profil rasa prune, licorice, tar yang kompleks namun harmonis. Sebuah perpaduan yang dirancang untuk memuaskan selera pecinta kopi sejati.",Medium Body,Wanoja Kamojang (Medium / Natural): 500g (50%) | Toraja Kalosi (Dark / Natural): 300g (30%) | Toraja Kalosi (Light / Wine): 200g (20%) | total: 1000g,Best for Moka Pot
S-SPR-223,Spring,Speciality Blend,Imperial Spring Origin,Java Sindoro Light Wine 40% | Wanoja Kamojang Medium Anaerobic 35% | Java Ijen Raung Light Natural 25%,Light,"Aroma bunga yang menyegarkan, blend aromatic ini memadukan biji-biji terbaik dari Java Sindoro dan Wanoja Kamojang dan Java Ijen Raung. Diproses dengan metode Wine & Natural, menghadirkan profil rasa wine, grape must, tropical punch yang kompleks namun harmonis. Sebuah perpaduan yang dirancang untuk memuaskan selera pecinta kopi sejati.",Clean,Java Sindoro (Light / Wine): 400g (40%) | Wanoja Kamojang (Medium / Anaerobic): 350g (35%) | Java Ijen Raung (Light / Natural): 250g (25%) | total: 1000g,Cocok untuk AeroPress
S-SPR-224,Spring,Speciality Blend,Exclusive Spring Select,Lampung Robusta Premium Dark Natural 55% | Temanggung Light Wine 45%,Medium,"Aroma bunga yang menyegarkan, blend fresh ini memadukan biji-biji terbaik dari Lampung Robusta Premium dan Temanggung. Diproses dengan metode Wine & Natural, menghadirkan profil rasa tar, dark berry, charcoal yang kompleks namun harmonis. Sebuah perpaduan yang dirancang untuk memuaskan selera pecinta kopi sejati.",Medium Body,Lampung Robusta Premium (Dark / Natural): 550g (55%) | Temanggung (Light / Wine): 450g (45%) | total: 1000g,Versatile for Espresso & Filter
S-SPR-225,Spring,Speciality Blend,Rare Spring Blend,Sidikalang Medium Wine 45% | Sidikalang Medium Natural 55%,Medium,"Profil rasa yang bersih dan elegan, blend clean ini memadukan biji-biji terbaik dari Sidikalang dan Sidikalang. Diproses dengan metode Wine & Natural, menghadirkan profil rasa balsamic, roasted grape, espresso yang kompleks namun harmonis. Sebuah perpaduan yang dirancang untuk memuaskan selera pecinta kopi sejati.",Velvety,Sidikalang (Medium / Wine): 450g (45%) | Sidikalang (Medium / Natural): 550g (55%) | total: 1000g,Versatile for Espresso & Filter
S-SPR-226,Spring,Speciality Blend,Hallmark Spring Select,Java Manglayang Dark Natural 60% | Java Puntang Medium Wine 40%,Dark,"Profil rasa yang bersih dan elegan, blend light ini memadukan biji-biji terbaik dari Java Manglayang dan Java Puntang. Diproses dengan metode Wine & Natural, menghadirkan profil rasa tar, balsamic, espresso yang kompleks namun harmonis. Sebuah perpaduan yang dirancang untuk memuaskan selera pecinta kopi sejati.",Bold,Java Manglayang (Dark / Natural): 600g (60%) | Java Puntang (Medium / Wine): 400g (40%) | total: 1000g,Ideal untuk Ristretto
S-SPR-227,Spring,Speciality Blend,Prestige Spring Fusion,Toraja Kalosi Medium Natural 45% | Aceh Gayo Medium Natural 35% | Semeru Dark Wine 20%,Medium,"Karakter floral yang memanjakan indra, blend clean ini memadukan biji-biji terbaik dari Toraja Kalosi dan Aceh Gayo dan Semeru. Diproses dengan metode Wine & Natural, menghadirkan profil rasa tobacco, dark chocolate, berry jam yang kompleks namun harmonis. Sebuah perpaduan yang dirancang untuk memuaskan selera pecinta kopi sejati.",Balanced,Toraja Kalosi (Medium / Natural): 450g (45%) | Aceh Gayo (Medium / Natural): 350g (35%) | Semeru (Dark / Wine): 200g (20%) | total: 1000g,Best for Moka Pot
S-SPR-228,Spring,Speciality Blend,Prestige Spring Chapter,Flores Manggarai Light Anaerobic 45% | Dampit Malang Medium Natural 55%,Light,"Halus seperti angin semi, blend fresh ini memadukan biji-biji terbaik dari Flores Manggarai dan Dampit Malang. Diproses dengan metode Natural & Anaerobic, menghadirkan profil rasa prune, dark chocolate, lychee yang kompleks namun harmonis. Sebuah perpaduan yang dirancang untuk memuaskan selera pecinta kopi sejati.",Silky,Flores Manggarai (Light / Anaerobic): 450g (45%) | Dampit Malang (Medium / Natural): 550g (55%) | total: 1000g,Best for V60
S-SPR-229,Spring,Speciality Blend,Ultra Spring Reserve,Bali Kintamani Light Anaerobic 50% | Flores Manggarai Medium Anaerobic 25% | Toraja Kalosi Dark Anaerobic 25%,Medium,"Profil rasa yang bersih dan elegan, blend delicate ini memadukan biji-biji terbaik dari Bali Kintamani dan Flores Manggarai dan Toraja Kalosi. Diproses dengan metode Anaerobic, menghadirkan profil rasa dark rum, cacao nib, smoke yang kompleks namun harmonis. Sebuah perpaduan yang dirancang untuk memuaskan selera pecinta kopi sejati.",Velvety,Bali Kintamani (Light / Anaerobic): 500g (50%) | Flores Manggarai (Medium / Anaerobic): 250g (25%) | Toraja Kalosi (Dark / Anaerobic): 250g (25%) | total: 1000g,Best for Moka Pot
S-SPR-230,Spring,Speciality Blend,Imperial Spring Estate,Bengkulu Medium Anaerobic 50% | Flores Manggarai Medium Anaerobic 30% | Toraja Kalosi Medium Natural 20%,Medium,"Profil rasa yang bersih dan elegan, blend floral ini memadukan biji-biji terbaik dari Bengkulu dan Flores Manggarai dan Toraja Kalosi. Diproses dengan metode Natural & Anaerobic, menghadirkan profil rasa prune, dark chocolate, tamarind yang kompleks namun harmonis. Sebuah perpaduan yang dirancang untuk memuaskan selera pecinta kopi sejati.",Medium Body,Bengkulu (Medium / Anaerobic): 500g (50%) | Flores Manggarai (Medium / Anaerobic): 300g (30%) | Toraja Kalosi (Medium / Natural): 200g (20%) | total: 1000g,Best for Moka Pot
S-SPR-231,Spring,Speciality Blend,Luxe Spring Story,Toraja Kalosi Medium Wine 70% | Lintong Onan Medium Anaerobic 30%,Medium,"Aroma bunga yang menyegarkan, blend aromatic ini memadukan biji-biji terbaik dari Toraja Kalosi dan Lintong Onan. Diproses dengan metode Wine & Anaerobic, menghadirkan profil rasa balsamic, tropical punch, dark plum yang kompleks namun harmonis. Sebuah perpaduan yang dirancang untuk memuaskan selera pecinta kopi sejati.",Smooth,Toraja Kalosi (Medium / Wine): 700g (70%) | Lintong Onan (Medium / Anaerobic): 300g (30%) | total: 1000g,Cocok untuk French Press & Espresso
S-SPR-232,Spring,Speciality Blend,Rare Spring Origin,Toraja Sapan Dark Natural 60% | Flores Manggarai Dark Anaerobic 25% | Java Ciwidey Medium Natural 15%,Dark,"Halus seperti angin semi, blend light ini memadukan biji-biji terbaik dari Toraja Sapan dan Flores Manggarai dan Java Ciwidey. Diproses dengan metode Natural & Anaerobic, menghadirkan profil rasa fermented cocoa, dark chocolate, charcoal yang kompleks namun harmonis. Sebuah perpaduan yang dirancang untuk memuaskan selera pecinta kopi sejati.",Heavy Body,Toraja Sapan (Dark / Natural): 600g (60%) | Flores Manggarai (Dark / Anaerobic): 250g (25%) | Java Ciwidey (Medium / Natural): 150g (15%) | total: 1000g,Cocok untuk Cold Brew
S-SPR-233,Spring,Speciality Blend,Masterwork Spring Legacy,Java Ciwidey Dark Anaerobic 55% | Arjuno Light Anaerobic 45%,Medium,"Profil rasa yang bersih dan elegan, blend light ini memadukan biji-biji terbaik dari Java Ciwidey dan Arjuno. Diproses dengan metode Anaerobic, menghadirkan profil rasa smoke, lychee, fermented cocoa yang kompleks namun harmonis. Sebuah perpaduan yang dirancang untuk memuaskan selera pecinta kopi sejati.",Smooth,Java Ciwidey (Dark / Anaerobic): 550g (55%) | Arjuno (Light / Anaerobic): 450g (45%) | total: 1000g,Versatile for Espresso & Filter
S-SPR-234,Spring,Speciality Blend,Opulent Spring Chapter,Mandheling Light Wine 40% | Java Preanger Light Wine 35% | Sidikalang Medium Natural 25%,Light,"Halus seperti angin semi, blend fresh ini memadukan biji-biji terbaik dari Mandheling dan Java Preanger dan Sidikalang. Diproses dengan metode Wine & Natural, menghadirkan profil rasa dark cherry, molasses, wine yang kompleks namun harmonis. Sebuah perpaduan yang dirancang untuk memuaskan selera pecinta kopi sejati.",Silky,Mandheling (Light / Wine): 400g (40%) | Java Preanger (Light / Wine): 350g (35%) | Sidikalang (Medium / Natural): 250g (25%) | total: 1000g,Ideal for Chemex
S-SPR-235,Spring,Speciality Blend,Opulent Spring Fusion,Arjuno Dark Wine 55% | Bengkulu Light Anaerobic 30% | Gunung Halu Dark Natural 15%,Medium,"Profil rasa yang bersih dan elegan, blend light ini memadukan biji-biji terbaik dari Arjuno dan Bengkulu dan Gunung Halu. Diproses dengan metode Wine & Natural, menghadirkan profil rasa tar, dark espresso, rum raisin yang kompleks namun harmonis. Sebuah perpaduan yang dirancang untuk memuaskan selera pecinta kopi sejati.",Smooth,Arjuno (Dark / Wine): 550g (55%) | Bengkulu (Light / Anaerobic): 300g (30%) | Gunung Halu (Dark / Natural): 150g (15%) | total: 1000g,Versatile for Espresso & Filter
S-SPR-236,Spring,Speciality Blend,Exclusive Spring Series,Lintong Onan Dark Anaerobic 40% | Java Sindoro Dark Natural 60%,Dark,"Profil rasa yang bersih dan elegan, blend delicate ini memadukan biji-biji terbaik dari Lintong Onan dan Java Sindoro. Diproses dengan metode Natural & Anaerobic, menghadirkan profil rasa dark berry, black cherry, tar yang kompleks namun harmonis. Sebuah perpaduan yang dirancang untuk memuaskan selera pecinta kopi sejati.",Thick,Lintong Onan (Dark / Anaerobic): 400g (40%) | Java Sindoro (Dark / Natural): 600g (60%) | total: 1000g,Best for Espresso
S-SPR-237,Spring,Speciality Blend,Paragon Spring Select,Java Manglayang Light Natural 40% | Arjuno Dark Wine 35% | Semeru Medium Natural 25%,Medium,"Karakter floral yang memanjakan indra, blend clean ini memadukan biji-biji terbaik dari Java Manglayang dan Arjuno dan Semeru. Diproses dengan metode Wine & Natural, menghadirkan profil rasa dried fig, hibiscus, watermelon yang kompleks namun harmonis. Sebuah perpaduan yang dirancang untuk memuaskan selera pecinta kopi sejati.",Round,Java Manglayang (Light / Natural): 400g (40%) | Arjuno (Dark / Wine): 350g (35%) | Semeru (Medium / Natural): 250g (25%) | total: 1000g,Best for Moka Pot
S-SPR-238,Spring,Speciality Blend,Opulent Spring Spring,Java Manglayang Dark Natural 40% | Dampit Malang Dark Natural 60%,Dark,"Karakter floral yang memanjakan indra, blend light ini memadukan biji-biji terbaik dari Java Manglayang dan Dampit Malang. Diproses dengan metode Natural, menghadirkan profil rasa charcoal, tar, dark berry yang kompleks namun harmonis. Sebuah perpaduan yang dirancang untuk memuaskan selera pecinta kopi sejati.",Syrupy,Java Manglayang (Dark / Natural): 400g (40%) | Dampit Malang (Dark / Natural): 600g (60%) | total: 1000g,Ideal untuk Ristretto
S-SPR-239,Spring,Speciality Blend,Opulent Spring Blend,Java Preanger Medium Natural 45% | Java Ciwidey Medium Anaerobic 55%,Medium,"Aroma bunga yang menyegarkan, blend floral ini memadukan biji-biji terbaik dari Java Preanger dan Java Ciwidey. Diproses dengan metode Natural & Anaerobic, menghadirkan profil rasa prune, dried fig, cacao nib yang kompleks namun harmonis. Sebuah perpaduan yang dirancang untuk memuaskan selera pecinta kopi sejati.",Balanced,Java Preanger (Medium / Natural): 450g (45%) | Java Ciwidey (Medium / Anaerobic): 550g (55%) | total: 1000g,Best for Moka Pot
S-SPR-240,Spring,Speciality Blend,Premier Spring Blend,Toraja Kalosi Light Wine 50% | Java Temanggung Medium Wine 30% | Gunung Halu Light Anaerobic 20%,Light,"Halus seperti angin semi, blend clean ini memadukan biji-biji terbaik dari Toraja Kalosi dan Java Temanggung dan Gunung Halu. Diproses dengan metode Wine & Anaerobic, menghadirkan profil rasa plum, espresso, rum raisin yang kompleks namun harmonis. Sebuah perpaduan yang dirancang untuk memuaskan selera pecinta kopi sejati.",Clean,Toraja Kalosi (Light / Wine): 500g (50%) | Java Temanggung (Medium / Wine): 300g (30%) | Gunung Halu (Light / Anaerobic): 200g (20%) | total: 1000g,Pour Over Recommended
S-SPR-241,Spring,Speciality Blend,Hallmark Spring Story,Flores Manggarai Dark Anaerobic 50% | Flores Bajawa Light Wine 30% | Java Manglayang Light Anaerobic 20%,Medium,"Aroma bunga yang menyegarkan, blend fresh ini memadukan biji-biji terbaik dari Flores Manggarai dan Flores Bajawa dan Java Manglayang. Diproses dengan metode Wine & Anaerobic, menghadirkan profil rasa passion fruit, cola, lychee yang kompleks namun harmonis. Sebuah perpaduan yang dirancang untuk memuaskan selera pecinta kopi sejati.",Velvety,Flores Manggarai (Dark / Anaerobic): 500g (50%) | Flores Bajawa (Light / Wine): 300g (30%) | Java Manglayang (Light / Anaerobic): 200g (20%) | total: 1000g,Cocok untuk French Press & Espresso
S-SPR-242,Spring,Speciality Blend,Masterwork Spring Edition,Temanggung Dark Natural 40% | Java Garut Medium Wine 60%,Medium,"Karakter floral yang memanjakan indra, blend delicate ini memadukan biji-biji terbaik dari Temanggung dan Java Garut. Diproses dengan metode Wine & Natural, menghadirkan profil rasa tar, dark plum, espresso yang kompleks namun harmonis. Sebuah perpaduan yang dirancang untuk memuaskan selera pecinta kopi sejati.",Round,Temanggung (Dark / Natural): 400g (40%) | Java Garut (Medium / Wine): 600g (60%) | total: 1000g,Cocok untuk French Press & Espresso
S-SPR-243,Spring,Speciality Blend,Ultra Spring Select,Java Ciwidey Light Anaerobic 65% | Mandheling Light Natural 35%,Light,"Profil rasa yang bersih dan elegan, blend clean ini memadukan biji-biji terbaik dari Java Ciwidey dan Mandheling. Diproses dengan metode Natural & Anaerobic, menghadirkan profil rasa cola, tropical fruit, passion fruit yang kompleks namun harmonis. Sebuah perpaduan yang dirancang untuk memuaskan selera pecinta kopi sejati.",Tea-like,Java Ciwidey (Light / Anaerobic): 650g (65%) | Mandheling (Light / Natural): 350g (35%) | total: 1000g,Ideal for Chemex
S-SPR-244,Spring,Speciality Blend,Hallmark Spring Legacy,Java Garut Light Natural 50% | Java Puntang Light Anaerobic 30% | Java Manglayang Light Wine 20%,Light,"Halus seperti angin semi, blend fresh ini memadukan biji-biji terbaik dari Java Garut dan Java Puntang dan Java Manglayang. Diproses dengan metode Wine & Natural, menghadirkan profil rasa rum raisin, wine, grape must yang kompleks namun harmonis. Sebuah perpaduan yang dirancang untuk memuaskan selera pecinta kopi sejati.",Tea-like,Java Garut (Light / Natural): 500g (50%) | Java Puntang (Light / Anaerobic): 300g (30%) | Java Manglayang (Light / Wine): 200g (20%) | total: 1000g,Ideal for Chemex
S-SPR-245,Spring,Speciality Blend,Luxe Spring Ridge,Java Sindoro Medium Anaerobic 55% | Gunung Halu Medium Anaerobic 30% | Aceh Gayo Light Natural 15%,Medium,"Aroma bunga yang menyegarkan, blend floral ini memadukan biji-biji terbaik dari Java Sindoro dan Gunung Halu dan Aceh Gayo. Diproses dengan metode Natural & Anaerobic, menghadirkan profil rasa tamarind, hibiscus, cacao nib yang kompleks namun harmonis. Sebuah perpaduan yang dirancang untuk memuaskan selera pecinta kopi sejati.",Balanced,Java Sindoro (Medium / Anaerobic): 550g (55%) | Gunung Halu (Medium / Anaerobic): 300g (30%) | Aceh Gayo (Light / Natural): 150g (15%) | total: 1000g,Versatile for Espresso & Filter
S-SPR-246,Spring,Speciality Blend,Hallmark Spring Series,Java Puntang Medium Anaerobic 45% | Mandheling Medium Natural 35% | Sidikalang Light Anaerobic 20%,Medium,"Aroma bunga yang menyegarkan, blend delicate ini memadukan biji-biji terbaik dari Java Puntang dan Mandheling dan Sidikalang. Diproses dengan metode Natural & Anaerobic, menghadirkan profil rasa passion fruit, cacao nib, tropical punch yang kompleks namun harmonis. Sebuah perpaduan yang dirancang untuk memuaskan selera pecinta kopi sejati.",Round,Java Puntang (Medium / Anaerobic): 450g (45%) | Mandheling (Medium / Natural): 350g (35%) | Sidikalang (Light / Anaerobic): 200g (20%) | total: 1000g,Versatile for Espresso & Filter
S-SPR-247,Spring,Speciality Blend,Luxe Spring Reserve,Kerinci Kayu Aro Light Anaerobic 55% | Flores Bajawa Medium Natural 30% | Java Puntang Dark Natural 15%,Light,"Aroma bunga yang menyegarkan, blend fresh ini memadukan biji-biji terbaik dari Kerinci Kayu Aro dan Flores Bajawa dan Java Puntang. Diproses dengan metode Natural & Anaerobic, menghadirkan profil rasa rum raisin, dark chocolate, raspberry yang kompleks namun harmonis. Sebuah perpaduan yang dirancang untuk memuaskan selera pecinta kopi sejati.",Silky,Kerinci Kayu Aro (Light / Anaerobic): 550g (55%) | Flores Bajawa (Medium / Natural): 300g (30%) | Java Puntang (Dark / Natural): 150g (15%) | total: 1000g,Cocok untuk AeroPress
S-SPR-248,Spring,Speciality Blend,Quintessential Spring Estate,Bali Ulian Light Natural 45% | Bali Ulian Dark Anaerobic 55%,Medium,"Karakter floral yang memanjakan indra, blend clean ini memadukan biji-biji terbaik dari Bali Ulian dan Bali Ulian. Diproses dengan metode Natural & Anaerobic, menghadirkan profil rasa fermented cocoa, watermelon, black cherry yang kompleks namun harmonis. Sebuah perpaduan yang dirancang untuk memuaskan selera pecinta kopi sejati.",Balanced,Bali Ulian (Light / Natural): 450g (45%) | Bali Ulian (Dark / Anaerobic): 550g (55%) | total: 1000g,Best for Moka Pot
S-SPR-249,Spring,Speciality Blend,Distinguished Spring Peak,Java Puntang Medium Anaerobic 50% | Bali Ulian Light Wine 30% | Toraja Kalosi Light Anaerobic 20%,Light,"Karakter floral yang memanjakan indra, blend aromatic ini memadukan biji-biji terbaik dari Java Puntang dan Bali Ulian dan Toraja Kalosi. Diproses dengan metode Wine & Anaerobic, menghadirkan profil rasa wine, plum, rum raisin yang kompleks namun harmonis. Sebuah perpaduan yang dirancang untuk memuaskan selera pecinta kopi sejati.",Light Body,Java Puntang (Medium / Anaerobic): 500g (50%) | Bali Ulian (Light / Wine): 300g (30%) | Toraja Kalosi (Light / Anaerobic): 200g (20%) | total: 1000g,Pour Over Recommended
S-SPR-250,Spring,Speciality Blend,Imperial Spring Series,Java Temanggung Medium Wine 50% | Papua Wamena Medium Anaerobic 25% | Semeru Dark Anaerobic 25%,Medium,"Profil rasa yang bersih dan elegan, blend delicate ini memadukan biji-biji terbaik dari Java Temanggung dan Papua Wamena dan Semeru. Diproses dengan metode Wine & Anaerobic, menghadirkan profil rasa cacao nib, smoke, tamarind yang kompleks namun harmonis. Sebuah perpaduan yang dirancang untuk memuaskan selera pecinta kopi sejati.",Medium Body,Java Temanggung (Medium / Wine): 500g (50%) | Papua Wamena (Medium / Anaerobic): 250g (25%) | Semeru (Dark / Anaerobic): 250g (25%) | total: 1000g,Best for Moka Pot
