sku,season,season_universe,season_tagline,kategori,nama_blend,narrative_context,komposisi_biji,dominant_roast,deskripsi,texture,resep_gramasi,rekomendasi_penyajian
S-WIN-001,Winter,The Dark Passage,Di mana perjalanan dimulai — dalam kegelapan yang menyimpan bara.,Seasonal Blend,Shrouded Waystation,The Dark Passage · Seasonal collection,Java Temanggung Light WetHulled 60% | Java Garut Dark Anaerobic 25% | Java Ijen Raung Light Wine 15%,Light,"Di singgahan terakhir sebelum salju menutup jalur, blend ini mempertemukan biji-biji dari Java Temanggung serta Java Garut serta Java Ijen Raung dalam sebuah komposisi yang menceritakan kekayaan dataran Nusantara. Diproses dengan metode WetHulled dan Anaerobic, menghadirkan nuansa lime, plum, green pepper yang bersih namun penuh kedalaman. Diciptakan untuk jiwa-jiwa yang memahami bahwa perjalanan terbaik dimulai dari yang paling sunyi.",Clean,Java Temanggung (Light / WetHulled): 600g (60%) | Java Garut (Dark / Anaerobic): 250g (25%) | Java Ijen Raung (Light / Wine): 150g (15%) | total: 1000g,Pour Over Recommended
S-WIN-002,Winter,The Dark Passage,Di mana perjalanan dimulai — dalam kegelapan yang menyimpan bara.,Seasonal Blend,Shrouded Refuge,The Dark Passage · Seasonal collection,Wanoja Kamojang Medium Natural 40% | Java Puntang Dark WetHulled 35% | Flores Manggarai Medium Honey 25%,Medium,"Dalam keheningan malam di antara dua puncak, blend ini mempertemukan biji-biji dari Wanoja Kamojang serta Java Puntang serta Flores Manggarai dalam sebuah komposisi yang menceritakan kekayaan dataran Nusantara. Diproses dengan metode Natural dan WetHulled, menghadirkan nuansa dried apricot, dark tobacco, dark chocolate yang bersih namun penuh kedalaman. Untuk setiap ekspeditor yang pernah menemukan kehangatan di tempat yang paling dingin.",Velvety,Wanoja Kamojang (Medium / Natural): 400g (40%) | Java Puntang (Dark / WetHulled): 350g (35%) | Flores Manggarai (Medium / Honey): 250g (25%) | total: 1000g,Cocok untuk French Press & Espresso
S-WIN-003,Winter,The Dark Passage,Di mana perjalanan dimulai — dalam kegelapan yang menyimpan bara.,Seasonal Blend,Windswept Keep,The Dark Passage · Seasonal collection,Java Ciwidey Dark Honey 55% | Arjuno Light SemiWashed 30% | Kerinci Kayu Aro Light Anaerobic 15%,Medium,"Seperti api yang tak kunjung padam di pos terakhir, blend ini mempertemukan biji-biji dari Java Ciwidey serta Arjuno serta Kerinci Kayu Aro dalam sebuah komposisi yang menceritakan kekayaan dataran Nusantara. Diproses dengan metode Honey dan SemiWashed, menghadirkan nuansa passion fruit, smoked almond, oolong tea yang bersih namun penuh kedalaman. Untuk setiap ekspeditor yang pernah menemukan kehangatan di tempat yang paling dingin.",Balanced,Java Ciwidey (Dark / Honey): 550g (55%) | Arjuno (Light / SemiWashed): 300g (30%) | Kerinci Kayu Aro (Light / Anaerobic): 150g (15%) | total: 1000g,Best for Moka Pot
S-WIN-004,Winter,The Dark Passage,Di mana perjalanan dimulai — dalam kegelapan yang menyimpan bara.,Seasonal Blend,Dimmed Barracks,The Dark Passage · Seasonal collection,Java Garut Light Washed 40% | Temanggung Medium Honey 60%,Light,"Seperti api yang tak kunjung padam di pos terakhir, blend ini mempertemukan biji-biji dari Java Garut serta Temanggung dalam sebuah komposisi yang menceritakan kekayaan dataran Nusantara. Diproses dengan metode Washed dan Honey, menghadirkan nuansa honey, citrus, bergamot yang bersih namun penuh kedalaman. Sebuah penghormatan kepada mereka yang tak takut melangkah dalam gelap.",Light Body,Java Garut (Light / Washed): 400g (40%) | Temanggung (Medium / Honey): 600g (60%) | total: 1000g,Cocok untuk AeroPress
S-WIN-005,Winter,The Dark Passage,Di mana perjalanan dimulai — dalam kegelapan yang menyimpan bara.,Seasonal Blend,Hollow Burrow,The Dark Passage · Seasonal collection,Mandheling Light WetHulled 60% | Toraja Kalosi Light Natural 40%,Light,"Bagi para ekspeditor yang melewati malam terpanjang, blend ini mempertemukan biji-biji dari Mandheling serta Toraja Kalosi dalam sebuah komposisi yang menceritakan kekayaan dataran Nusantara. Diproses dengan metode WetHulled dan Natural, menghadirkan nuansa tobacco leaf, herb, green pepper yang bersih namun penuh kedalaman. Untuk setiap ekspeditor yang pernah menemukan kehangatan di tempat yang paling dingin.",Clean,Mandheling (Light / WetHulled): 600g (60%) | Toraja Kalosi (Light / Natural): 400g (40%) | total: 1000g,Pour Over Recommended
S-WIN-006,Winter,The Dark Passage,Di mana perjalanan dimulai — dalam kegelapan yang menyimpan bara.,Seasonal Blend,Sealed Passage,The Dark Passage · Seasonal collection,Mandheling Medium Wine 60% | Java Ciwidey Light SemiWashed 25% | Papua Wamena Dark SemiWashed 15%,Medium,"Ketika angin gunung membekukan jejak perjalanan, blend ini mempertemukan biji-biji dari Mandheling serta Java Ciwidey serta Papua Wamena dalam sebuah komposisi yang menceritakan kekayaan dataran Nusantara. Diproses dengan metode Wine dan SemiWashed, menghadirkan nuansa espresso, walnut, oolong tea yang bersih namun penuh kedalaman. Sebuah penghormatan kepada mereka yang tak takut melangkah dalam gelap.",Round,Mandheling (Medium / Wine): 600g (60%) | Java Ciwidey (Light / SemiWashed): 250g (25%) | Papua Wamena (Dark / SemiWashed): 150g (15%) | total: 1000g,Cocok untuk French Press & Espresso
S-WIN-007,Winter,The Dark Passage,Di mana perjalanan dimulai — dalam kegelapan yang menyimpan bara.,Seasonal Blend,Heavy Garrison,The Dark Passage · Seasonal collection,Toraja Kalosi Medium SemiWashed 40% | Java Garut Light Washed 35% | Bengkulu Medium WetHulled 25%,Light,"Bagi para ekspeditor yang melewati malam terpanjang, blend ini mempertemukan biji-biji dari Toraja Kalosi serta Java Garut serta Bengkulu dalam sebuah komposisi yang menceritakan kekayaan dataran Nusantara. Diproses dengan metode SemiWashed dan Washed, menghadirkan nuansa woody, mushroom, jasmine yang bersih namun penuh kedalaman. Sebuah penghormatan kepada mereka yang tak takut melangkah dalam gelap.",Clean,Toraja Kalosi (Medium / SemiWashed): 400g (40%) | Java Garut (Light / Washed): 350g (35%) | Bengkulu (Medium / WetHulled): 250g (25%) | total: 1000g,Cocok untuk AeroPress
S-WIN-008,Winter,The Dark Passage,Di mana perjalanan dimulai — dalam kegelapan yang menyimpan bara.,Seasonal Blend,Shrouded Garrison,The Dark Passage · Seasonal collection,Flores Bajawa Medium Wine 60% | Java Ciwidey Dark SemiWashed 25% | Lampung Robusta Premium Dark Wine 15%,Medium,"Bagi para ekspeditor yang melewati malam terpanjang, blend ini mempertemukan biji-biji dari Flores Bajawa serta Java Ciwidey serta Lampung Robusta Premium dalam sebuah komposisi yang menceritakan kekayaan dataran Nusantara. Diproses dengan metode Wine dan SemiWashed, menghadirkan nuansa roasted grape, dark espresso, roasted grain yang bersih namun penuh kedalaman. Blend yang diracik bagi mereka yang menghargai keberanian sebuah permulaan.",Balanced,Flores Bajawa (Medium / Wine): 600g (60%) | Java Ciwidey (Dark / SemiWashed): 250g (25%) | Lampung Robusta Premium (Dark / Wine): 150g (15%) | total: 1000g,Versatile for Espresso & Filter
S-WIN-009,Winter,The Dark Passage,Di mana perjalanan dimulai — dalam kegelapan yang menyimpan bara.,Seasonal Blend,Bitter Bastion,The Dark Passage · Seasonal collection,Solok Radjo Light Natural 55% | Bengkulu Dark SemiWashed 30% | Mandheling Medium Wine 15%,Medium,"Dalam keheningan malam di antara dua puncak, blend ini mempertemukan biji-biji dari Solok Radjo serta Bengkulu serta Mandheling dalam sebuah komposisi yang menceritakan kekayaan dataran Nusantara. Diproses dengan metode Natural dan SemiWashed, menghadirkan nuansa dark caramel, port wine, watermelon yang bersih namun penuh kedalaman. Sebuah penghormatan kepada mereka yang tak takut melangkah dalam gelap.",Medium Body,Solok Radjo (Light / Natural): 550g (55%) | Bengkulu (Dark / SemiWashed): 300g (30%) | Mandheling (Medium / Wine): 150g (15%) | total: 1000g,Versatile for Espresso & Filter
S-WIN-010,Winter,The Dark Passage,Di mana perjalanan dimulai — dalam kegelapan yang menyimpan bara.,Seasonal Blend,Hollow Hearth,The Dark Passage · Seasonal collection,Java Ciwidey Medium Washed 40% | Wanoja Kamojang Medium Honey 60%,Medium,"Di singgahan terakhir sebelum salju menutup jalur, blend ini mempertemukan biji-biji dari Java Ciwidey serta Wanoja Kamojang dalam sebuah komposisi yang menceritakan kekayaan dataran Nusantara. Diproses dengan metode Washed dan Honey, menghadirkan nuansa brown sugar, toffee, caramel yang bersih namun penuh kedalaman. Diciptakan untuk jiwa-jiwa yang memahami bahwa perjalanan terbaik dimulai dari yang paling sunyi.",Velvety,Java Ciwidey (Medium / Washed): 400g (40%) | Wanoja Kamojang (Medium / Honey): 600g (60%) | total: 1000g,Versatile for Espresso & Filter
S-WIN-011,Winter,The Dark Passage,Di mana perjalanan dimulai — dalam kegelapan yang menyimpan bara.,Seasonal Blend,Ember Rampart,The Dark Passage · Seasonal collection,Flores Bajawa Light Washed 55% | Java Temanggung Dark WetHulled 45%,Medium,"Seperti api yang tak kunjung padam di pos terakhir, blend ini mempertemukan biji-biji dari Flores Bajawa serta Java Temanggung dalam sebuah komposisi yang menceritakan kekayaan dataran Nusantara. Diproses dengan metode Washed dan WetHulled, menghadirkan nuansa clove, bergamot, green tea yang bersih namun penuh kedalaman. Blend yang diracik bagi mereka yang menghargai keberanian sebuah permulaan.",Velvety,Flores Bajawa (Light / Washed): 550g (55%) | Java Temanggung (Dark / WetHulled): 450g (45%) | total: 1000g,Versatile for Espresso & Filter
S-WIN-012,Winter,The Dark Passage,Di mana perjalanan dimulai — dalam kegelapan yang menyimpan bara.,Seasonal Blend,Ashen Station,The Dark Passage · Seasonal collection,Arjuno Medium SemiWashed 55% | Lintong Onan Medium SemiWashed 45%,Medium,"Di singgahan terakhir sebelum salju menutup jalur, blend ini mempertemukan biji-biji dari Arjuno serta Lintong Onan dalam sebuah komposisi yang menceritakan kekayaan dataran Nusantara. Diproses dengan metode SemiWashed, menghadirkan nuansa apricot jam, roasted nut, milk caramel yang bersih namun penuh kedalaman. Diciptakan untuk jiwa-jiwa yang memahami bahwa perjalanan terbaik dimulai dari yang paling sunyi.",Velvety,Arjuno (Medium / SemiWashed): 550g (55%) | Lintong Onan (Medium / SemiWashed): 450g (45%) | total: 1000g,Best for Moka Pot
S-WIN-013,Winter,The Dark Passage,Di mana perjalanan dimulai — dalam kegelapan yang menyimpan bara.,Seasonal Blend,Cracked Barracks,The Dark Passage · Seasonal collection,Java Preanger Medium Washed 45% | Aceh Gayo Dark Wine 35% | Wanoja Kamojang Medium Honey 20%,Medium,"Dalam keheningan malam di antara dua puncak, blend ini mempertemukan biji-biji dari Java Preanger serta Aceh Gayo serta Wanoja Kamojang dalam sebuah komposisi yang menceritakan kekayaan dataran Nusantara. Diproses dengan metode Washed dan Wine, menghadirkan nuansa milk chocolate, toffee, brown sugar yang bersih namun penuh kedalaman. Blend yang diracik bagi mereka yang menghargai keberanian sebuah permulaan.",Medium Body,Java Preanger (Medium / Washed): 450g (45%) | Aceh Gayo (Dark / Wine): 350g (35%) | Wanoja Kamojang (Medium / Honey): 200g (20%) | total: 1000g,Cocok untuk French Press & Espresso
S-WIN-014,Winter,The Dark Passage,Di mana perjalanan dimulai — dalam kegelapan yang menyimpan bara.,Seasonal Blend,Sealed Outpost,The Dark Passage · Seasonal collection,Solok Radjo Medium Anaerobic 50% | Java Puntang Medium SemiWashed 25% | Sidikalang Dark WetHulled 25%,Medium,"Dari kegelapan yang menjaga bara tetap hidup, blend ini mempertemukan biji-biji dari Solok Radjo serta Java Puntang serta Sidikalang dalam sebuah komposisi yang menceritakan kekayaan dataran Nusantara. Diproses dengan metode Anaerobic dan SemiWashed, menghadirkan nuansa roasted nut, vanilla, clove yang bersih namun penuh kedalaman. Untuk setiap ekspeditor yang pernah menemukan kehangatan di tempat yang paling dingin.",Velvety,Solok Radjo (Medium / Anaerobic): 500g (50%) | Java Puntang (Medium / SemiWashed): 250g (25%) | Sidikalang (Dark / WetHulled): 250g (25%) | total: 1000g,Best for Moka Pot
S-WIN-015,Winter,The Dark Passage,Di mana perjalanan dimulai — dalam kegelapan yang menyimpan bara.,Seasonal Blend,Frozen Passage,The Dark Passage · Seasonal collection,Bengkulu Medium Natural 50% | Java Ijen Raung Dark Honey 50%,Dark,"Bagi para ekspeditor yang melewati malam terpanjang, blend ini mempertemukan biji-biji dari Bengkulu serta Java Ijen Raung dalam sebuah komposisi yang menceritakan kekayaan dataran Nusantara. Diproses dengan metode Natural dan Honey, menghadirkan nuansa prune, dark chocolate, berry jam yang bersih namun penuh kedalaman. Sebuah penghormatan kepada mereka yang tak takut melangkah dalam gelap.",Syrupy,Bengkulu (Medium / Natural): 500g (50%) | Java Ijen Raung (Dark / Honey): 500g (50%) | total: 1000g,Best for Espresso
S-WIN-016,Winter,The Dark Passage,Di mana perjalanan dimulai — dalam kegelapan yang menyimpan bara.,Seasonal Blend,Hushed Alcove,The Dark Passage · Seasonal collection,Java Manglayang Medium SemiWashed 40% | Semeru Light Wine 35% | Bali Ulian Medium Wine 25%,Light,"Seperti api yang tak kunjung padam di pos terakhir, blend ini mempertemukan biji-biji dari Java Manglayang serta Semeru serta Bali Ulian dalam sebuah komposisi yang menceritakan kekayaan dataran Nusantara. Diproses dengan metode SemiWashed dan Wine, menghadirkan nuansa balsamic, espresso, port wine yang bersih namun penuh kedalaman. Untuk setiap ekspeditor yang pernah menemukan kehangatan di tempat yang paling dingin.",Light Body,Java Manglayang (Medium / SemiWashed): 400g (40%) | Semeru (Light / Wine): 350g (35%) | Bali Ulian (Medium / Wine): 250g (25%) | total: 1000g,Best for V60
S-WIN-017,Winter,The Dark Passage,Di mana perjalanan dimulai — dalam kegelapan yang menyimpan bara.,Seasonal Blend,Frozen Barracks,The Dark Passage · Seasonal collection,Papua Wamena Dark Wine 40% | Java Puntang Light Honey 35% | Java Garut Dark WetHulled 25%,Medium,"Dari kegelapan yang menjaga bara tetap hidup, blend ini mempertemukan biji-biji dari Papua Wamena serta Java Puntang serta Java Garut dalam sebuah komposisi yang menceritakan kekayaan dataran Nusantara. Diproses dengan metode Wine dan Honey, menghadirkan nuansa white grape, intense earth, tobacco yang bersih namun penuh kedalaman. Untuk setiap ekspeditor yang pernah menemukan kehangatan di tempat yang paling dingin.",Smooth,Papua Wamena (Dark / Wine): 400g (40%) | Java Puntang (Light / Honey): 350g (35%) | Java Garut (Dark / WetHulled): 250g (25%) | total: 1000g,Versatile for Espresso & Filter
S-WIN-018,Winter,The Dark Passage,Di mana perjalanan dimulai — dalam kegelapan yang menyimpan bara.,Seasonal Blend,Scorched Depot,The Dark Passage · Seasonal collection,Papua Wamena Medium Anaerobic 50% | Flores Manggarai Dark Natural 30% | Papua Dogiyai Dark Natural 20%,Dark,"Ketika angin gunung membekukan jejak perjalanan, blend ini mempertemukan biji-biji dari Papua Wamena serta Flores Manggarai serta Papua Dogiyai dalam sebuah komposisi yang menceritakan kekayaan dataran Nusantara. Diproses dengan metode Anaerobic dan Natural, menghadirkan nuansa charcoal, espresso, dark berry yang bersih namun penuh kedalaman. Diciptakan untuk jiwa-jiwa yang memahami bahwa perjalanan terbaik dimulai dari yang paling sunyi.",Heavy Body,Papua Wamena (Medium / Anaerobic): 500g (50%) | Flores Manggarai (Dark / Natural): 300g (30%) | Papua Dogiyai (Dark / Natural): 200g (20%) | total: 1000g,Ideal untuk Ristretto
S-WIN-019,Winter,The Dark Passage,Di mana perjalanan dimulai — dalam kegelapan yang menyimpan bara.,Seasonal Blend,Charred Vault,The Dark Passage · Seasonal collection,Java Temanggung Medium WetHulled 50% | Papua Dogiyai Light Natural 25% | Lintong Onan Medium Natural 25%,Medium,"Di singgahan terakhir sebelum salju menutup jalur, blend ini mempertemukan biji-biji dari Java Temanggung serta Papua Dogiyai serta Lintong Onan dalam sebuah komposisi yang menceritakan kekayaan dataran Nusantara. Diproses dengan metode WetHulled dan Natural, menghadirkan nuansa prune, strawberry, hibiscus yang bersih namun penuh kedalaman. Diciptakan untuk jiwa-jiwa yang memahami bahwa perjalanan terbaik dimulai dari yang paling sunyi.",Medium Body,Java Temanggung (Medium / WetHulled): 500g (50%) | Papua Dogiyai (Light / Natural): 250g (25%) | Lintong Onan (Medium / Natural): 250g (25%) | total: 1000g,Versatile for Espresso & Filter
S-WIN-020,Winter,The Dark Passage,Di mana perjalanan dimulai — dalam kegelapan yang menyimpan bara.,Seasonal Blend,Dimmed Keep,The Dark Passage · Seasonal collection,Bali Ulian Light Wine 60% | Java Temanggung Dark Washed 25% | Lampung Robusta Premium Medium Anaerobic 15%,Light,"Ketika angin gunung membekukan jejak perjalanan, blend ini mempertemukan biji-biji dari Bali Ulian serta Java Temanggung serta Lampung Robusta Premium dalam sebuah komposisi yang menceritakan kekayaan dataran Nusantara. Diproses dengan metode Wine dan Washed, menghadirkan nuansa bitter chocolate, blackcurrant, fermented fruit yang bersih namun penuh kedalaman. Sebuah penghormatan kepada mereka yang tak takut melangkah dalam gelap.",Clean,Bali Ulian (Light / Wine): 600g (60%) | Java Temanggung (Dark / Washed): 250g (25%) | Lampung Robusta Premium (Medium / Anaerobic): 150g (15%) | total: 1000g,Best for V60
S-WIN-021,Winter,The Dark Passage,Di mana perjalanan dimulai — dalam kegelapan yang menyimpan bara.,Seasonal Blend,Veiled Shelter,The Dark Passage · Seasonal collection,Semeru Light WetHulled 40% | Java Manglayang Dark SemiWashed 35% | Arjuno Medium Natural 25%,Medium,"Dalam keheningan malam di antara dua puncak, blend ini mempertemukan biji-biji dari Semeru serta Java Manglayang serta Arjuno dalam sebuah komposisi yang menceritakan kekayaan dataran Nusantara. Diproses dengan metode WetHulled dan SemiWashed, menghadirkan nuansa molasses, intense spice, tobacco leaf yang bersih namun penuh kedalaman. Diciptakan untuk jiwa-jiwa yang memahami bahwa perjalanan terbaik dimulai dari yang paling sunyi.",Velvety,Semeru (Light / WetHulled): 400g (40%) | Java Manglayang (Dark / SemiWashed): 350g (35%) | Arjuno (Medium / Natural): 250g (25%) | total: 1000g,Best for Moka Pot
S-WIN-022,Winter,The Dark Passage,Di mana perjalanan dimulai — dalam kegelapan yang menyimpan bara.,Seasonal Blend,Shrouded Camp,The Dark Passage · Seasonal collection,Wanoja Kamojang Medium Honey 50% | Sembalun Rinjani Medium Anaerobic 50%,Medium,"Di singgahan terakhir sebelum salju menutup jalur, blend ini mempertemukan biji-biji dari Wanoja Kamojang serta Sembalun Rinjani dalam sebuah komposisi yang menceritakan kekayaan dataran Nusantara. Diproses dengan metode Honey dan Anaerobic, menghadirkan nuansa honey, tropical punch, tamarind yang bersih namun penuh kedalaman. Blend yang diracik bagi mereka yang menghargai keberanian sebuah permulaan.",Smooth,Wanoja Kamojang (Medium / Honey): 500g (50%) | Sembalun Rinjani (Medium / Anaerobic): 500g (50%) | total: 1000g,Cocok untuk French Press & Espresso
S-WIN-023,Winter,The Dark Passage,Di mana perjalanan dimulai — dalam kegelapan yang menyimpan bara.,Seasonal Blend,Silent Sanctum,The Dark Passage · Seasonal collection,Java Preanger Dark Wine 40% | Sembalun Rinjani Light Washed 35% | Java Ijen Raung Medium WetHulled 25%,Medium,"Dari kegelapan yang menjaga bara tetap hidup, blend ini mempertemukan biji-biji dari Java Preanger serta Sembalun Rinjani serta Java Ijen Raung dalam sebuah komposisi yang menceritakan kekayaan dataran Nusantara. Diproses dengan metode Wine dan Washed, menghadirkan nuansa mushroom, earthy, dark espresso yang bersih namun penuh kedalaman. Sebuah penghormatan kepada mereka yang tak takut melangkah dalam gelap.",Smooth,Java Preanger (Dark / Wine): 400g (40%) | Sembalun Rinjani (Light / Washed): 350g (35%) | Java Ijen Raung (Medium / WetHulled): 250g (25%) | total: 1000g,Best for Moka Pot
S-WIN-024,Winter,The Dark Passage,Di mana perjalanan dimulai — dalam kegelapan yang menyimpan bara.,Seasonal Blend,Forgotten Station,The Dark Passage · Seasonal collection,Lampung Robusta Premium Light Anaerobic 50% | Sembalun Rinjani Dark SemiWashed 30% | Wanoja Kamojang Dark Natural 20%,Medium,"Seperti api yang tak kunjung padam di pos terakhir, blend ini mempertemukan biji-biji dari Lampung Robusta Premium serta Sembalun Rinjani serta Wanoja Kamojang dalam sebuah komposisi yang menceritakan kekayaan dataran Nusantara. Diproses dengan metode Anaerobic dan SemiWashed, menghadirkan nuansa raspberry, dark berry, walnut yang bersih namun penuh kedalaman. Blend yang diracik bagi mereka yang menghargai keberanian sebuah permulaan.",Round,Lampung Robusta Premium (Light / Anaerobic): 500g (50%) | Sembalun Rinjani (Dark / SemiWashed): 300g (30%) | Wanoja Kamojang (Dark / Natural): 200g (20%) | total: 1000g,Best for Moka Pot
S-WIN-025,Winter,The Dark Passage,Di mana perjalanan dimulai — dalam kegelapan yang menyimpan bara.,Seasonal Blend,Midnight Rampart,The Dark Passage · Seasonal collection,Gunung Halu Dark SemiWashed 65% | Temanggung Dark Wine 35%,Dark,"Dalam keheningan malam di antara dua puncak, blend ini mempertemukan biji-biji dari Gunung Halu serta Temanggung dalam sebuah komposisi yang menceritakan kekayaan dataran Nusantara. Diproses dengan metode SemiWashed dan Wine, menghadirkan nuansa walnut, aged wine, tobacco yang bersih namun penuh kedalaman. Blend yang diracik bagi mereka yang menghargai keberanian sebuah permulaan.",Bold,Gunung Halu (Dark / SemiWashed): 650g (65%) | Temanggung (Dark / Wine): 350g (35%) | total: 1000g,Ideal untuk Ristretto
S-WIN-026,Winter,The Dark Passage,Di mana perjalanan dimulai — dalam kegelapan yang menyimpan bara.,Seasonal Blend,Rugged Citadel,The Dark Passage · Seasonal collection,Solok Radjo Medium Anaerobic 40% | Papua Dogiyai Medium WetHulled 35% | Java Garut Medium Washed 25%,Medium,"Bagi para ekspeditor yang melewati malam terpanjang, blend ini mempertemukan biji-biji dari Solok Radjo serta Papua Dogiyai serta Java Garut dalam sebuah komposisi yang menceritakan kekayaan dataran Nusantara. Diproses dengan metode Anaerobic dan WetHulled, menghadirkan nuansa cacao nib, fermented fruit, almond yang bersih namun penuh kedalaman. Blend yang diracik bagi mereka yang menghargai keberanian sebuah permulaan.",Balanced,Solok Radjo (Medium / Anaerobic): 400g (40%) | Papua Dogiyai (Medium / WetHulled): 350g (35%) | Java Garut (Medium / Washed): 250g (25%) | total: 1000g,Cocok untuk French Press & Espresso
S-WIN-027,Winter,The Dark Passage,Di mana perjalanan dimulai — dalam kegelapan yang menyimpan bara.,Seasonal Blend,Hollow Quarters,The Dark Passage · Seasonal collection,Flores Bajawa Light Wine 65% | Lintong Onan Dark WetHulled 35%,Medium,"Dari kegelapan yang menjaga bara tetap hidup, blend ini mempertemukan biji-biji dari Flores Bajawa serta Lintong Onan dalam sebuah komposisi yang menceritakan kekayaan dataran Nusantara. Diproses dengan metode Wine dan WetHulled, menghadirkan nuansa blackcurrant, peat, clove yang bersih namun penuh kedalaman. Diciptakan untuk jiwa-jiwa yang memahami bahwa perjalanan terbaik dimulai dari yang paling sunyi.",Smooth,Flores Bajawa (Light / Wine): 650g (65%) | Lintong Onan (Dark / WetHulled): 350g (35%) | total: 1000g,Versatile for Espresso & Filter
S-WIN-028,Winter,The Dark Passage,Di mana perjalanan dimulai — dalam kegelapan yang menyimpan bara.,Seasonal Blend,Darkened Bivouac,The Dark Passage · Seasonal collection,Wanoja Kamojang Dark Honey 55% | Toraja Kalosi Medium Wine 45%,Dark,"Ketika angin gunung membekukan jejak perjalanan, blend ini mempertemukan biji-biji dari Wanoja Kamojang serta Toraja Kalosi dalam sebuah komposisi yang menceritakan kekayaan dataran Nusantara. Diproses dengan metode Honey dan Wine, menghadirkan nuansa port wine, espresso, smoked almond yang bersih namun penuh kedalaman. Blend yang diracik bagi mereka yang menghargai keberanian sebuah permulaan.",Full Body,Wanoja Kamojang (Dark / Honey): 550g (55%) | Toraja Kalosi (Medium / Wine): 450g (45%) | total: 1000g,Best for Batch Brew
S-WIN-029,Winter,The Dark Passage,Di mana perjalanan dimulai — dalam kegelapan yang menyimpan bara.,Seasonal Blend,Sealed Rampart,The Dark Passage · Seasonal collection,Papua Wamena Dark Honey 45% | Java Garut Dark Anaerobic 35% | Papua Wamena Medium WetHulled 20%,Dark,"Di singgahan terakhir sebelum salju menutup jalur, blend ini mempertemukan biji-biji dari Papua Wamena serta Java Garut serta Papua Wamena dalam sebuah komposisi yang menceritakan kekayaan dataran Nusantara. Diproses dengan metode Honey dan Anaerobic, menghadirkan nuansa smoked almond, tobacco, leather yang bersih namun penuh kedalaman. Sebuah penghormatan kepada mereka yang tak takut melangkah dalam gelap.",Heavy Body,Papua Wamena (Dark / Honey): 450g (45%) | Java Garut (Dark / Anaerobic): 350g (35%) | Papua Wamena (Medium / WetHulled): 200g (20%) | total: 1000g,Best for Espresso
S-WIN-030,Winter,The Dark Passage,Di mana perjalanan dimulai — dalam kegelapan yang menyimpan bara.,Seasonal Blend,Cracked Rampart,The Dark Passage · Seasonal collection,Dampit Malang Medium Honey 50% | Dampit Malang Light Washed 30% | Java Manglayang Light Anaerobic 20%,Light,"Ketika angin gunung membekukan jejak perjalanan, blend ini mempertemukan biji-biji dari Dampit Malang serta Dampit Malang serta Java Manglayang dalam sebuah komposisi yang menceritakan kekayaan dataran Nusantara. Diproses dengan metode Honey dan Washed, menghadirkan nuansa passion fruit, bergamot, toffee yang bersih namun penuh kedalaman. Diciptakan untuk jiwa-jiwa yang memahami bahwa perjalanan terbaik dimulai dari yang paling sunyi.",Light Body,Dampit Malang (Medium / Honey): 500g (50%) | Dampit Malang (Light / Washed): 300g (30%) | Java Manglayang (Light / Anaerobic): 200g (20%) | total: 1000g,Best for V60
S-WIN-031,Winter,The Dark Passage,Di mana perjalanan dimulai — dalam kegelapan yang menyimpan bara.,Seasonal Blend,Sealed Threshold,The Dark Passage · Seasonal collection,Temanggung Dark WetHulled 60% | Java Ciwidey Medium Wine 25% | Java Ciwidey Light Washed 15%,Medium,"Seperti api yang tak kunjung padam di pos terakhir, blend ini mempertemukan biji-biji dari Temanggung serta Java Ciwidey serta Java Ciwidey dalam sebuah komposisi yang menceritakan kekayaan dataran Nusantara. Diproses dengan metode WetHulled dan Wine, menghadirkan nuansa green tea, bergamot, port wine yang bersih namun penuh kedalaman. Untuk setiap ekspeditor yang pernah menemukan kehangatan di tempat yang paling dingin.",Medium Body,Temanggung (Dark / WetHulled): 600g (60%) | Java Ciwidey (Medium / Wine): 250g (25%) | Java Ciwidey (Light / Washed): 150g (15%) | total: 1000g,Versatile for Espresso & Filter
S-WIN-032,Winter,The Dark Passage,Di mana perjalanan dimulai — dalam kegelapan yang menyimpan bara.,Seasonal Blend,Buried Rampart,The Dark Passage · Seasonal collection,Bengkulu Dark SemiWashed 45% | Arjuno Light Honey 35% | Aceh Gayo Light Natural 20%,Medium,"Dari kegelapan yang menjaga bara tetap hidup, blend ini mempertemukan biji-biji dari Bengkulu serta Arjuno serta Aceh Gayo dalam sebuah komposisi yang menceritakan kekayaan dataran Nusantara. Diproses dengan metode SemiWashed dan Honey, menghadirkan nuansa pear, watermelon, walnut yang bersih namun penuh kedalaman. Untuk setiap ekspeditor yang pernah menemukan kehangatan di tempat yang paling dingin.",Velvety,Bengkulu (Dark / SemiWashed): 450g (45%) | Arjuno (Light / Honey): 350g (35%) | Aceh Gayo (Light / Natural): 200g (20%) | total: 1000g,Versatile for Espresso & Filter
S-WIN-033,Winter,The Dark Passage,Di mana perjalanan dimulai — dalam kegelapan yang menyimpan bara.,Seasonal Blend,Rugged Burrow,The Dark Passage · Seasonal collection,Java Sindoro Dark Honey 45% | Java Sindoro Medium Honey 35% | Toraja Sapan Dark Wine 20%,Dark,"Ketika angin gunung membekukan jejak perjalanan, blend ini mempertemukan biji-biji dari Java Sindoro serta Java Sindoro serta Toraja Sapan dalam sebuah komposisi yang menceritakan kekayaan dataran Nusantara. Diproses dengan metode Honey dan Wine, menghadirkan nuansa burnt caramel, aged wine, dark sugar yang bersih namun penuh kedalaman. Untuk setiap ekspeditor yang pernah menemukan kehangatan di tempat yang paling dingin.",Syrupy,Java Sindoro (Dark / Honey): 450g (45%) | Java Sindoro (Medium / Honey): 350g (35%) | Toraja Sapan (Dark / Wine): 200g (20%) | total: 1000g,Ideal untuk Ristretto
S-WIN-034,Winter,The Dark Passage,Di mana perjalanan dimulai — dalam kegelapan yang menyimpan bara.,Seasonal Blend,Silent Stronghold,The Dark Passage · Seasonal collection,Toraja Sapan Light WetHulled 60% | Bukit Barisan Medium Honey 25% | Bali Kintamani Dark Wine 15%,Light,"Ketika angin gunung membekukan jejak perjalanan, blend ini mempertemukan biji-biji dari Toraja Sapan serta Bukit Barisan serta Bali Kintamani dalam sebuah komposisi yang menceritakan kekayaan dataran Nusantara. Diproses dengan metode WetHulled dan Honey, menghadirkan nuansa maple syrup, green pepper, smoked plum yang bersih namun penuh kedalaman. Untuk setiap ekspeditor yang pernah menemukan kehangatan di tempat yang paling dingin.",Silky,Toraja Sapan (Light / WetHulled): 600g (60%) | Bukit Barisan (Medium / Honey): 250g (25%) | Bali Kintamani (Dark / Wine): 150g (15%) | total: 1000g,Best for V60
S-WIN-035,Winter,The Dark Passage,Di mana perjalanan dimulai — dalam kegelapan yang menyimpan bara.,Seasonal Blend,Frosted Bastion,The Dark Passage · Seasonal collection,Kerinci Kayu Aro Medium Natural 55% | Toraja Sapan Medium SemiWashed 30% | Java Ijen Raung Dark WetHulled 15%,Medium,"Dari kegelapan yang menjaga bara tetap hidup, blend ini mempertemukan biji-biji dari Kerinci Kayu Aro serta Toraja Sapan serta Java Ijen Raung dalam sebuah komposisi yang menceritakan kekayaan dataran Nusantara. Diproses dengan metode Natural dan SemiWashed, menghadirkan nuansa bark, berry jam, prune yang bersih namun penuh kedalaman. Untuk setiap ekspeditor yang pernah menemukan kehangatan di tempat yang paling dingin.",Balanced,Kerinci Kayu Aro (Medium / Natural): 550g (55%) | Toraja Sapan (Medium / SemiWashed): 300g (30%) | Java Ijen Raung (Dark / WetHulled): 150g (15%) | total: 1000g,Best for Moka Pot
S-WIN-036,Winter,The Dark Passage,Di mana perjalanan dimulai — dalam kegelapan yang menyimpan bara.,Seasonal Blend,Cracked Encampment,The Dark Passage · Seasonal collection,Java Sindoro Dark WetHulled 40% | Flores Manggarai Medium WetHulled 35% | Papua Wamena Dark Natural 25%,Dark,"Dari kegelapan yang menjaga bara tetap hidup, blend ini mempertemukan biji-biji dari Java Sindoro serta Flores Manggarai serta Papua Wamena dalam sebuah komposisi yang menceritakan kekayaan dataran Nusantara. Diproses dengan metode WetHulled dan Natural, menghadirkan nuansa tar, tobacco, earthy yang bersih namun penuh kedalaman. Untuk setiap ekspeditor yang pernah menemukan kehangatan di tempat yang paling dingin.",Full Body,Java Sindoro (Dark / WetHulled): 400g (40%) | Flores Manggarai (Medium / WetHulled): 350g (35%) | Papua Wamena (Dark / Natural): 250g (25%) | total: 1000g,Best for Espresso
S-WIN-037,Winter,The Dark Passage,Di mana perjalanan dimulai — dalam kegelapan yang menyimpan bara.,Seasonal Blend,Darkened Encampment,The Dark Passage · Seasonal collection,Sembalun Rinjani Light Wine 60% | Papua Dogiyai Light Honey 25% | Java Ciwidey Medium Honey 15%,Light,"Ketika angin gunung membekukan jejak perjalanan, blend ini mempertemukan biji-biji dari Sembalun Rinjani serta Papua Dogiyai serta Java Ciwidey dalam sebuah komposisi yang menceritakan kekayaan dataran Nusantara. Diproses dengan metode Wine dan Honey, menghadirkan nuansa dried apricot, honeysuckle, white grape yang bersih namun penuh kedalaman. Diciptakan untuk jiwa-jiwa yang memahami bahwa perjalanan terbaik dimulai dari yang paling sunyi.",Delicate,Sembalun Rinjani (Light / Wine): 600g (60%) | Papua Dogiyai (Light / Honey): 250g (25%) | Java Ciwidey (Medium / Honey): 150g (15%) | total: 1000g,Best for V60
S-WIN-038,Winter,The Dark Passage,Di mana perjalanan dimulai — dalam kegelapan yang menyimpan bara.,Seasonal Blend,Silent Crossing,The Dark Passage · Seasonal collection,Gunung Halu Light Natural 70% | Bali Kintamani Dark Washed 30%,Light,"Dalam keheningan malam di antara dua puncak, blend ini mempertemukan biji-biji dari Gunung Halu serta Bali Kintamani dalam sebuah komposisi yang menceritakan kekayaan dataran Nusantara. Diproses dengan metode Natural dan Washed, menghadirkan nuansa molasses, tropical fruit, bitter chocolate yang bersih namun penuh kedalaman. Diciptakan untuk jiwa-jiwa yang memahami bahwa perjalanan terbaik dimulai dari yang paling sunyi.",Silky,Gunung Halu (Light / Natural): 700g (70%) | Bali Kintamani (Dark / Washed): 300g (30%) | total: 1000g,Best for V60
S-WIN-039,Winter,The Dark Passage,Di mana perjalanan dimulai — dalam kegelapan yang menyimpan bara.,Seasonal Blend,Sealed Burrow,The Dark Passage · Seasonal collection,Toraja Sapan Light Natural 50% | Bukit Barisan Dark Washed 25% | Java Garut Dark Washed 25%,Medium,"Seperti api yang tak kunjung padam di pos terakhir, blend ini mempertemukan biji-biji dari Toraja Sapan serta Bukit Barisan serta Java Garut dalam sebuah komposisi yang menceritakan kekayaan dataran Nusantara. Diproses dengan metode Natural dan Washed, menghadirkan nuansa strawberry, blueberry, dark roast yang bersih namun penuh kedalaman. Diciptakan untuk jiwa-jiwa yang memahami bahwa perjalanan terbaik dimulai dari yang paling sunyi.",Medium Body,Toraja Sapan (Light / Natural): 500g (50%) | Bukit Barisan (Dark / Washed): 250g (25%) | Java Garut (Dark / Washed): 250g (25%) | total: 1000g,Best for Moka Pot
S-WIN-040,Winter,The Dark Passage,Di mana perjalanan dimulai — dalam kegelapan yang menyimpan bara.,Seasonal Blend,Frosted Vault,The Dark Passage · Seasonal collection,Java Puntang Light SemiWashed 50% | Java Ijen Raung Dark SemiWashed 25% | Java Preanger Medium Wine 25%,Medium,"Dalam keheningan malam di antara dua puncak, blend ini mempertemukan biji-biji dari Java Puntang serta Java Ijen Raung serta Java Preanger dalam sebuah komposisi yang menceritakan kekayaan dataran Nusantara. Diproses dengan metode SemiWashed dan Wine, menghadirkan nuansa dark caramel, roasted grain, papaya yang bersih namun penuh kedalaman. Diciptakan untuk jiwa-jiwa yang memahami bahwa perjalanan terbaik dimulai dari yang paling sunyi.",Velvety,Java Puntang (Light / SemiWashed): 500g (50%) | Java Ijen Raung (Dark / SemiWashed): 250g (25%) | Java Preanger (Medium / Wine): 250g (25%) | total: 1000g,Best for Moka Pot
S-WIN-041,Winter,The Dark Passage,Di mana perjalanan dimulai — dalam kegelapan yang menyimpan bara.,Seasonal Blend,Forgotten Refuge,The Dark Passage · Seasonal collection,Sembalun Rinjani Dark Wine 45% | Semeru Medium WetHulled 35% | Solok Radjo Light SemiWashed 20%,Medium,"Dari kegelapan yang menjaga bara tetap hidup, blend ini mempertemukan biji-biji dari Sembalun Rinjani serta Semeru serta Solok Radjo dalam sebuah komposisi yang menceritakan kekayaan dataran Nusantara. Diproses dengan metode Wine dan WetHulled, menghadirkan nuansa tobacco, light caramel, oolong tea yang bersih namun penuh kedalaman. Untuk setiap ekspeditor yang pernah menemukan kehangatan di tempat yang paling dingin.",Velvety,Sembalun Rinjani (Dark / Wine): 450g (45%) | Semeru (Medium / WetHulled): 350g (35%) | Solok Radjo (Light / SemiWashed): 200g (20%) | total: 1000g,Cocok untuk French Press & Espresso
S-WIN-042,Winter,The Dark Passage,Di mana perjalanan dimulai — dalam kegelapan yang menyimpan bara.,Seasonal Blend,Sealed Stronghold,The Dark Passage · Seasonal collection,Java Garut Dark WetHulled 60% | Java Preanger Medium Anaerobic 40%,Dark,"Dalam keheningan malam di antara dua puncak, blend ini mempertemukan biji-biji dari Java Garut serta Java Preanger dalam sebuah komposisi yang menceritakan kekayaan dataran Nusantara. Diproses dengan metode WetHulled dan Anaerobic, menghadirkan nuansa fermented fruit, bark, dark tobacco yang bersih namun penuh kedalaman. Diciptakan untuk jiwa-jiwa yang memahami bahwa perjalanan terbaik dimulai dari yang paling sunyi.",Heavy Body,Java Garut (Dark / WetHulled): 600g (60%) | Java Preanger (Medium / Anaerobic): 400g (40%) | total: 1000g,Best for Espresso
S-WIN-043,Winter,The Dark Passage,Di mana perjalanan dimulai — dalam kegelapan yang menyimpan bara.,Seasonal Blend,Muted Barracks,The Dark Passage · Seasonal collection,Java Garut Dark Honey 60% | Arjuno Medium Honey 25% | Java Ciwidey Medium Wine 15%,Dark,"Seperti api yang tak kunjung padam di pos terakhir, blend ini mempertemukan biji-biji dari Java Garut serta Arjuno serta Java Ciwidey dalam sebuah komposisi yang menceritakan kekayaan dataran Nusantara. Diproses dengan metode Honey dan Wine, menghadirkan nuansa port wine, balsamic, toffee yang bersih namun penuh kedalaman. Untuk setiap ekspeditor yang pernah menemukan kehangatan di tempat yang paling dingin.",Heavy Body,Java Garut (Dark / Honey): 600g (60%) | Arjuno (Medium / Honey): 250g (25%) | Java Ciwidey (Medium / Wine): 150g (15%) | total: 1000g,Best for Batch Brew
S-WIN-044,Winter,The Dark Passage,Di mana perjalanan dimulai — dalam kegelapan yang menyimpan bara.,Seasonal Blend,Ember Redoubt,The Dark Passage · Seasonal collection,Sembalun Rinjani Dark Washed 50% | Lintong Onan Medium Washed 30% | Papua Wamena Medium Natural 20%,Dark,"Bagi para ekspeditor yang melewati malam terpanjang, blend ini mempertemukan biji-biji dari Sembalun Rinjani serta Lintong Onan serta Papua Wamena dalam sebuah komposisi yang menceritakan kekayaan dataran Nusantara. Diproses dengan metode Washed dan Natural, menghadirkan nuansa bitter chocolate, dark chocolate, almond yang bersih namun penuh kedalaman. Blend yang diracik bagi mereka yang menghargai keberanian sebuah permulaan.",Full Body,Sembalun Rinjani (Dark / Washed): 500g (50%) | Lintong Onan (Medium / Washed): 300g (30%) | Papua Wamena (Medium / Natural): 200g (20%) | total: 1000g,Best for Batch Brew
S-WIN-045,Winter,The Dark Passage,Di mana perjalanan dimulai — dalam kegelapan yang menyimpan bara.,Seasonal Blend,Smoldering Bastion,The Dark Passage · Seasonal collection,Solok Radjo Dark Anaerobic 60% | Java Garut Light Washed 25% | Papua Wamena Dark WetHulled 15%,Dark,"Di singgahan terakhir sebelum salju menutup jalur, blend ini mempertemukan biji-biji dari Solok Radjo serta Java Garut serta Papua Wamena dalam sebuah komposisi yang menceritakan kekayaan dataran Nusantara. Diproses dengan metode Anaerobic dan Washed, menghadirkan nuansa peat, peach, clove yang bersih namun penuh kedalaman. Sebuah penghormatan kepada mereka yang tak takut melangkah dalam gelap.",Heavy Body,Solok Radjo (Dark / Anaerobic): 600g (60%) | Java Garut (Light / Washed): 250g (25%) | Papua Wamena (Dark / WetHulled): 150g (15%) | total: 1000g,Ideal untuk Ristretto
S-WIN-046,Winter,The Dark Passage,Di mana perjalanan dimulai — dalam kegelapan yang menyimpan bara.,Seasonal Blend,Heavy Hearth,The Dark Passage · Seasonal collection,Sembalun Rinjani Light WetHulled 45% | Java Manglayang Medium Natural 35% | Java Garut Medium Natural 20%,Light,"Ketika angin gunung membekukan jejak perjalanan, blend ini mempertemukan biji-biji dari Sembalun Rinjani serta Java Manglayang serta Java Garut dalam sebuah komposisi yang menceritakan kekayaan dataran Nusantara. Diproses dengan metode WetHulled dan Natural, menghadirkan nuansa prune, berry jam, herb yang bersih namun penuh kedalaman. Untuk setiap ekspeditor yang pernah menemukan kehangatan di tempat yang paling dingin.",Delicate,Sembalun Rinjani (Light / WetHulled): 450g (45%) | Java Manglayang (Medium / Natural): 350g (35%) | Java Garut (Medium / Natural): 200g (20%) | total: 1000g,Best for V60
S-WIN-047,Winter,The Dark Passage,Di mana perjalanan dimulai — dalam kegelapan yang menyimpan bara.,Seasonal Blend,Shrouded Den,The Dark Passage · Seasonal collection,Lampung Robusta Premium Dark Washed 60% | Semeru Dark Honey 40%,Dark,"Di singgahan terakhir sebelum salju menutup jalur, blend ini mempertemukan biji-biji dari Lampung Robusta Premium serta Semeru dalam sebuah komposisi yang menceritakan kekayaan dataran Nusantara. Diproses dengan metode Washed dan Honey, menghadirkan nuansa dark roast, bitter chocolate, toffee yang bersih namun penuh kedalaman. Blend yang diracik bagi mereka yang menghargai keberanian sebuah permulaan.",Syrupy,Lampung Robusta Premium (Dark / Washed): 600g (60%) | Semeru (Dark / Honey): 400g (40%) | total: 1000g,Cocok untuk Cold Brew
S-WIN-048,Winter,The Dark Passage,Di mana perjalanan dimulai — dalam kegelapan yang menyimpan bara.,Seasonal Blend,Stormy Crossing,The Dark Passage · Seasonal collection,Java Ijen Raung Light SemiWashed 60% | Java Ijen Raung Medium Anaerobic 25% | Sidikalang Medium SemiWashed 15%,Light,"Dalam keheningan malam di antara dua puncak, blend ini mempertemukan biji-biji dari Java Ijen Raung serta Java Ijen Raung serta Sidikalang dalam sebuah komposisi yang menceritakan kekayaan dataran Nusantara. Diproses dengan metode SemiWashed dan Anaerobic, menghadirkan nuansa fermented fruit, light caramel, roasted nut yang bersih namun penuh kedalaman. Blend yang diracik bagi mereka yang menghargai keberanian sebuah permulaan.",Silky,Java Ijen Raung (Light / SemiWashed): 600g (60%) | Java Ijen Raung (Medium / Anaerobic): 250g (25%) | Sidikalang (Medium / SemiWashed): 150g (15%) | total: 1000g,Best for V60
S-WIN-049,Winter,The Dark Passage,Di mana perjalanan dimulai — dalam kegelapan yang menyimpan bara.,Seasonal Blend,Faded Rampart,The Dark Passage · Seasonal collection,Bali Ulian Dark WetHulled 45% | Java Sindoro Medium WetHulled 35% | Gunung Halu Medium Washed 20%,Medium,"Bagi para ekspeditor yang melewati malam terpanjang, blend ini mempertemukan biji-biji dari Bali Ulian serta Java Sindoro serta Gunung Halu dalam sebuah komposisi yang menceritakan kekayaan dataran Nusantara. Diproses dengan metode WetHulled dan Washed, menghadirkan nuansa peat, mushroom, caramel yang bersih namun penuh kedalaman. Sebuah penghormatan kepada mereka yang tak takut melangkah dalam gelap.",Medium Body,Bali Ulian (Dark / WetHulled): 450g (45%) | Java Sindoro (Medium / WetHulled): 350g (35%) | Gunung Halu (Medium / Washed): 200g (20%) | total: 1000g,Versatile for Espresso & Filter
S-WIN-050,Winter,The Dark Passage,Di mana perjalanan dimulai — dalam kegelapan yang menyimpan bara.,Seasonal Blend,Ancient Camp,The Dark Passage · Seasonal collection,Sembalun Rinjani Light Washed 45% | Papua Dogiyai Light Honey 35% | Toraja Sapan Dark Anaerobic 20%,Light,"Bagi para ekspeditor yang melewati malam terpanjang, blend ini mempertemukan biji-biji dari Sembalun Rinjani serta Papua Dogiyai serta Toraja Sapan dalam sebuah komposisi yang menceritakan kekayaan dataran Nusantara. Diproses dengan metode Washed dan Honey, menghadirkan nuansa white grape, fermented cocoa, dark rum yang bersih namun penuh kedalaman. Blend yang diracik bagi mereka yang menghargai keberanian sebuah permulaan.",Tea-like,Sembalun Rinjani (Light / Washed): 450g (45%) | Papua Dogiyai (Light / Honey): 350g (35%) | Toraja Sapan (Dark / Anaerobic): 200g (20%) | total: 1000g,Ideal for Chemex
S-WIN-051,Winter,The Dark Passage,Di mana perjalanan dimulai — dalam kegelapan yang menyimpan bara.,Seasonal Blend,Forgotten Stronghold,The Dark Passage · Seasonal collection,Lintong Onan Dark Natural 70% | Bukit Barisan Light WetHulled 30%,Medium,"Di singgahan terakhir sebelum salju menutup jalur, blend ini mempertemukan biji-biji dari Lintong Onan serta Bukit Barisan dalam sebuah komposisi yang menceritakan kekayaan dataran Nusantara. Diproses dengan metode Natural dan WetHulled, menghadirkan nuansa dark berry, green pepper, tar yang bersih namun penuh kedalaman. Untuk setiap ekspeditor yang pernah menemukan kehangatan di tempat yang paling dingin.",Medium Body,Lintong Onan (Dark / Natural): 700g (70%) | Bukit Barisan (Light / WetHulled): 300g (30%) | total: 1000g,Cocok untuk French Press & Espresso
S-WIN-052,Winter,The Dark Passage,Di mana perjalanan dimulai — dalam kegelapan yang menyimpan bara.,Seasonal Blend,Bitter Lodge,The Dark Passage · Seasonal collection,Lintong Onan Medium Honey 50% | Bali Kintamani Medium Washed 25% | Java Sindoro Dark Natural 25%,Medium,"Dalam keheningan malam di antara dua puncak, blend ini mempertemukan biji-biji dari Lintong Onan serta Bali Kintamani serta Java Sindoro dalam sebuah komposisi yang menceritakan kekayaan dataran Nusantara. Diproses dengan metode Honey dan Washed, menghadirkan nuansa milk chocolate, dried apricot, brown sugar yang bersih namun penuh kedalaman. Blend yang diracik bagi mereka yang menghargai keberanian sebuah permulaan.",Balanced,Lintong Onan (Medium / Honey): 500g (50%) | Bali Kintamani (Medium / Washed): 250g (25%) | Java Sindoro (Dark / Natural): 250g (25%) | total: 1000g,Best for Moka Pot
S-WIN-053,Winter,The Dark Passage,Di mana perjalanan dimulai — dalam kegelapan yang menyimpan bara.,Seasonal Blend,Dimmed Den,The Dark Passage · Seasonal collection,Aceh Gayo Medium Anaerobic 65% | Bukit Barisan Dark Washed 35%,Medium,"Dari kegelapan yang menjaga bara tetap hidup, blend ini mempertemukan biji-biji dari Aceh Gayo serta Bukit Barisan dalam sebuah komposisi yang menceritakan kekayaan dataran Nusantara. Diproses dengan metode Anaerobic dan Washed, menghadirkan nuansa dark roast, tamarind, fermented fruit yang bersih namun penuh kedalaman. Sebuah penghormatan kepada mereka yang tak takut melangkah dalam gelap.",Smooth,Aceh Gayo (Medium / Anaerobic): 650g (65%) | Bukit Barisan (Dark / Washed): 350g (35%) | total: 1000g,Cocok untuk French Press & Espresso
S-WIN-054,Winter,The Dark Passage,Di mana perjalanan dimulai — dalam kegelapan yang menyimpan bara.,Seasonal Blend,Stormy Redoubt,The Dark Passage · Seasonal collection,Bengkulu Dark Washed 50% | Flores Bajawa Dark Wine 25% | Java Ciwidey Dark Honey 25%,Dark,"Seperti api yang tak kunjung padam di pos terakhir, blend ini mempertemukan biji-biji dari Bengkulu serta Flores Bajawa serta Java Ciwidey dalam sebuah komposisi yang menceritakan kekayaan dataran Nusantara. Diproses dengan metode Washed dan Wine, menghadirkan nuansa smoked almond, dark espresso, dark roast yang bersih namun penuh kedalaman. Untuk setiap ekspeditor yang pernah menemukan kehangatan di tempat yang paling dingin.",Full Body,Bengkulu (Dark / Washed): 500g (50%) | Flores Bajawa (Dark / Wine): 250g (25%) | Java Ciwidey (Dark / Honey): 250g (25%) | total: 1000g,Best for Batch Brew
S-WIN-055,Winter,The Dark Passage,Di mana perjalanan dimulai — dalam kegelapan yang menyimpan bara.,Seasonal Blend,Forgotten Depot,The Dark Passage · Seasonal collection,Sembalun Rinjani Medium Anaerobic 45% | Java Sindoro Light Washed 35% | Bali Kintamani Medium Honey 20%,Light,"Bagi para ekspeditor yang melewati malam terpanjang, blend ini mempertemukan biji-biji dari Sembalun Rinjani serta Java Sindoro serta Bali Kintamani dalam sebuah komposisi yang menceritakan kekayaan dataran Nusantara. Diproses dengan metode Anaerobic dan Washed, menghadirkan nuansa macadamia, citrus, lemon zest yang bersih namun penuh kedalaman. Blend yang diracik bagi mereka yang menghargai keberanian sebuah permulaan.",Silky,Sembalun Rinjani (Medium / Anaerobic): 450g (45%) | Java Sindoro (Light / Washed): 350g (35%) | Bali Kintamani (Medium / Honey): 200g (20%) | total: 1000g,Cocok untuk AeroPress
S-WIN-056,Winter,The Dark Passage,Di mana perjalanan dimulai — dalam kegelapan yang menyimpan bara.,Seasonal Blend,Windswept Station,The Dark Passage · Seasonal collection,Papua Dogiyai Medium Anaerobic 40% | Dampit Malang Dark Wine 60%,Dark,"Seperti api yang tak kunjung padam di pos terakhir, blend ini mempertemukan biji-biji dari Papua Dogiyai serta Dampit Malang dalam sebuah komposisi yang menceritakan kekayaan dataran Nusantara. Diproses dengan metode Anaerobic dan Wine, menghadirkan nuansa dark espresso, smoked plum, cacao nib yang bersih namun penuh kedalaman. Sebuah penghormatan kepada mereka yang tak takut melangkah dalam gelap.",Heavy Body,Papua Dogiyai (Medium / Anaerobic): 400g (40%) | Dampit Malang (Dark / Wine): 600g (60%) | total: 1000g,Best for Espresso
S-WIN-057,Winter,The Dark Passage,Di mana perjalanan dimulai — dalam kegelapan yang menyimpan bara.,Seasonal Blend,Blanketed Station,The Dark Passage · Seasonal collection,Java Preanger Light Washed 40% | Bali Kintamani Light SemiWashed 60%,Light,"Di singgahan terakhir sebelum salju menutup jalur, blend ini mempertemukan biji-biji dari Java Preanger serta Bali Kintamani dalam sebuah komposisi yang menceritakan kekayaan dataran Nusantara. Diproses dengan metode Washed dan SemiWashed, menghadirkan nuansa jasmine, citrus, bergamot yang bersih namun penuh kedalaman. Blend yang diracik bagi mereka yang menghargai keberanian sebuah permulaan.",Light Body,Java Preanger (Light / Washed): 400g (40%) | Bali Kintamani (Light / SemiWashed): 600g (60%) | total: 1000g,Cocok untuk AeroPress
S-WIN-058,Winter,The Dark Passage,Di mana perjalanan dimulai — dalam kegelapan yang menyimpan bara.,Seasonal Blend,Veiled Waystation,The Dark Passage · Seasonal collection,Aceh Gayo Dark Washed 55% | Papua Wamena Light Honey 45%,Medium,"Di singgahan terakhir sebelum salju menutup jalur, blend ini mempertemukan biji-biji dari Aceh Gayo serta Papua Wamena dalam sebuah komposisi yang menceritakan kekayaan dataran Nusantara. Diproses dengan metode Washed dan Honey, menghadirkan nuansa pear, smoky caramel, white grape yang bersih namun penuh kedalaman. Sebuah penghormatan kepada mereka yang tak takut melangkah dalam gelap.",Medium Body,Aceh Gayo (Dark / Washed): 550g (55%) | Papua Wamena (Light / Honey): 450g (45%) | total: 1000g,Cocok untuk French Press & Espresso
S-WIN-059,Winter,The Dark Passage,Di mana perjalanan dimulai — dalam kegelapan yang menyimpan bara.,Seasonal Blend,Bitter Waystation,The Dark Passage · Seasonal collection,Bengkulu Medium SemiWashed 40% | Java Garut Medium Honey 60%,Medium,"Ketika angin gunung membekukan jejak perjalanan, blend ini mempertemukan biji-biji dari Bengkulu serta Java Garut dalam sebuah komposisi yang menceritakan kekayaan dataran Nusantara. Diproses dengan metode SemiWashed dan Honey, menghadirkan nuansa apricot jam, roasted nut, macadamia yang bersih namun penuh kedalaman. Diciptakan untuk jiwa-jiwa yang memahami bahwa perjalanan terbaik dimulai dari yang paling sunyi.",Smooth,Bengkulu (Medium / SemiWashed): 400g (40%) | Java Garut (Medium / Honey): 600g (60%) | total: 1000g,Cocok untuk French Press & Espresso
S-WIN-060,Winter,The Dark Passage,Di mana perjalanan dimulai — dalam kegelapan yang menyimpan bara.,Seasonal Blend,Silent Hearth,The Dark Passage · Seasonal collection,Gunung Halu Dark Washed 60% | Bali Ulian Dark Natural 40%,Dark,"Bagi para ekspeditor yang melewati malam terpanjang, blend ini mempertemukan biji-biji dari Gunung Halu serta Bali Ulian dalam sebuah komposisi yang menceritakan kekayaan dataran Nusantara. Diproses dengan metode Washed dan Natural, menghadirkan nuansa charcoal, molasses, licorice yang bersih namun penuh kedalaman. Untuk setiap ekspeditor yang pernah menemukan kehangatan di tempat yang paling dingin.",Bold,Gunung Halu (Dark / Washed): 600g (60%) | Bali Ulian (Dark / Natural): 400g (40%) | total: 1000g,Best for Espresso
S-WIN-061,Winter,The Dark Passage,Di mana perjalanan dimulai — dalam kegelapan yang menyimpan bara.,Seasonal Blend,Shadowed Passage,The Dark Passage · Seasonal collection,Sidikalang Dark Washed 65% | Bali Ulian Medium SemiWashed 35%,Dark,"Seperti api yang tak kunjung padam di pos terakhir, blend ini mempertemukan biji-biji dari Sidikalang serta Bali Ulian dalam sebuah komposisi yang menceritakan kekayaan dataran Nusantara. Diproses dengan metode Washed dan SemiWashed, menghadirkan nuansa apricot jam, bitter chocolate, smoky caramel yang bersih namun penuh kedalaman. Sebuah penghormatan kepada mereka yang tak takut melangkah dalam gelap.",Syrupy,Sidikalang (Dark / Washed): 650g (65%) | Bali Ulian (Medium / SemiWashed): 350g (35%) | total: 1000g,Cocok untuk Cold Brew
S-WIN-062,Winter,The Dark Passage,Di mana perjalanan dimulai — dalam kegelapan yang menyimpan bara.,Seasonal Blend,Charred Threshold,The Dark Passage · Seasonal collection,Java Ciwidey Light Washed 45% | Sidikalang Medium Wine 35% | Gunung Halu Dark Natural 20%,Medium,"Ketika angin gunung membekukan jejak perjalanan, blend ini mempertemukan biji-biji dari Java Ciwidey serta Sidikalang serta Gunung Halu dalam sebuah komposisi yang menceritakan kekayaan dataran Nusantara. Diproses dengan metode Washed dan Wine, menghadirkan nuansa port wine, peach, lemon zest yang bersih namun penuh kedalaman. Blend yang diracik bagi mereka yang menghargai keberanian sebuah permulaan.",Round,Java Ciwidey (Light / Washed): 450g (45%) | Sidikalang (Medium / Wine): 350g (35%) | Gunung Halu (Dark / Natural): 200g (20%) | total: 1000g,Cocok untuk French Press & Espresso
S-WIN-063,Winter,The Dark Passage,Di mana perjalanan dimulai — dalam kegelapan yang menyimpan bara.,Seasonal Blend,Muted Station,The Dark Passage · Seasonal collection,Flores Manggarai Dark Natural 55% | Bali Kintamani Light Honey 30% | Temanggung Dark Anaerobic 15%,Medium,"Dari kegelapan yang menjaga bara tetap hidup, blend ini mempertemukan biji-biji dari Flores Manggarai serta Bali Kintamani serta Temanggung dalam sebuah komposisi yang menceritakan kekayaan dataran Nusantara. Diproses dengan metode Natural dan Honey, menghadirkan nuansa apricot, dark berry, espresso yang bersih namun penuh kedalaman. Untuk setiap ekspeditor yang pernah menemukan kehangatan di tempat yang paling dingin.",Balanced,Flores Manggarai (Dark / Natural): 550g (55%) | Bali Kintamani (Light / Honey): 300g (30%) | Temanggung (Dark / Anaerobic): 150g (15%) | total: 1000g,Best for Moka Pot
S-WIN-064,Winter,The Dark Passage,Di mana perjalanan dimulai — dalam kegelapan yang menyimpan bara.,Seasonal Blend,Ancient Depot,The Dark Passage · Seasonal collection,Gunung Halu Dark Honey 50% | Mandheling Dark WetHulled 30% | Toraja Sapan Light Wine 20%,Dark,"Dari kegelapan yang menjaga bara tetap hidup, blend ini mempertemukan biji-biji dari Gunung Halu serta Mandheling serta Toraja Sapan dalam sebuah komposisi yang menceritakan kekayaan dataran Nusantara. Diproses dengan metode Honey dan WetHulled, menghadirkan nuansa dark cherry, clove, dark sugar yang bersih namun penuh kedalaman. Sebuah penghormatan kepada mereka yang tak takut melangkah dalam gelap.",Thick,Gunung Halu (Dark / Honey): 500g (50%) | Mandheling (Dark / WetHulled): 300g (30%) | Toraja Sapan (Light / Wine): 200g (20%) | total: 1000g,Cocok untuk Cold Brew
S-WIN-065,Winter,The Dark Passage,Di mana perjalanan dimulai — dalam kegelapan yang menyimpan bara.,Seasonal Blend,Silent Station,The Dark Passage · Seasonal collection,Java Temanggung Light SemiWashed 50% | Flores Bajawa Dark Washed 25% | Arjuno Medium SemiWashed 25%,Medium,"Bagi para ekspeditor yang melewati malam terpanjang, blend ini mempertemukan biji-biji dari Java Temanggung serta Flores Bajawa serta Arjuno dalam sebuah komposisi yang menceritakan kekayaan dataran Nusantara. Diproses dengan metode SemiWashed dan Washed, menghadirkan nuansa smoky caramel, milk caramel, vanilla yang bersih namun penuh kedalaman. Sebuah penghormatan kepada mereka yang tak takut melangkah dalam gelap.",Round,Java Temanggung (Light / SemiWashed): 500g (50%) | Flores Bajawa (Dark / Washed): 250g (25%) | Arjuno (Medium / SemiWashed): 250g (25%) | total: 1000g,Cocok untuk French Press & Espresso
S-WIN-066,Winter,The Dark Passage,Di mana perjalanan dimulai — dalam kegelapan yang menyimpan bara.,Seasonal Blend,Cracked Citadel,The Dark Passage · Seasonal collection,Java Garut Medium Washed 40% | Java Temanggung Dark Anaerobic 35% | Java Manglayang Light Natural 25%,Medium,"Dalam keheningan malam di antara dua puncak, blend ini mempertemukan biji-biji dari Java Garut serta Java Temanggung serta Java Manglayang dalam sebuah komposisi yang menceritakan kekayaan dataran Nusantara. Diproses dengan metode Washed dan Anaerobic, menghadirkan nuansa blueberry, dark rum, fermented cocoa yang bersih namun penuh kedalaman. Diciptakan untuk jiwa-jiwa yang memahami bahwa perjalanan terbaik dimulai dari yang paling sunyi.",Medium Body,Java Garut (Medium / Washed): 400g (40%) | Java Temanggung (Dark / Anaerobic): 350g (35%) | Java Manglayang (Light / Natural): 250g (25%) | total: 1000g,Best for Moka Pot
S-WIN-067,Winter,The Dark Passage,Di mana perjalanan dimulai — dalam kegelapan yang menyimpan bara.,Seasonal Blend,Ashen Den,The Dark Passage · Seasonal collection,Java Sindoro Dark Honey 50% | Java Puntang Medium SemiWashed 50%,Dark,"Dalam keheningan malam di antara dua puncak, blend ini mempertemukan biji-biji dari Java Sindoro serta Java Puntang dalam sebuah komposisi yang menceritakan kekayaan dataran Nusantara. Diproses dengan metode Honey dan SemiWashed, menghadirkan nuansa toffee, roasted nut, dark sugar yang bersih namun penuh kedalaman. Sebuah penghormatan kepada mereka yang tak takut melangkah dalam gelap.",Syrupy,Java Sindoro (Dark / Honey): 500g (50%) | Java Puntang (Medium / SemiWashed): 500g (50%) | total: 1000g,Cocok untuk Cold Brew
S-WIN-068,Winter,The Dark Passage,Di mana perjalanan dimulai — dalam kegelapan yang menyimpan bara.,Seasonal Blend,Shadowed Lodge,The Dark Passage · Seasonal collection,Flores Manggarai Medium SemiWashed 60% | Java Puntang Medium SemiWashed 40%,Medium,"Di singgahan terakhir sebelum salju menutup jalur, blend ini mempertemukan biji-biji dari Flores Manggarai serta Java Puntang dalam sebuah komposisi yang menceritakan kekayaan dataran Nusantara. Diproses dengan metode SemiWashed, menghadirkan nuansa roasted nut, vanilla, milk caramel yang bersih namun penuh kedalaman. Untuk setiap ekspeditor yang pernah menemukan kehangatan di tempat yang paling dingin.",Round,Flores Manggarai (Medium / SemiWashed): 600g (60%) | Java Puntang (Medium / SemiWashed): 400g (40%) | total: 1000g,Versatile for Espresso & Filter
S-WIN-069,Winter,The Dark Passage,Di mana perjalanan dimulai — dalam kegelapan yang menyimpan bara.,Seasonal Blend,Frozen Encampment,The Dark Passage · Seasonal collection,Java Garut Light WetHulled 40% | Sidikalang Medium SemiWashed 60%,Light,"Seperti api yang tak kunjung padam di pos terakhir, blend ini mempertemukan biji-biji dari Java Garut serta Sidikalang dalam sebuah komposisi yang menceritakan kekayaan dataran Nusantara. Diproses dengan metode WetHulled dan SemiWashed, menghadirkan nuansa apricot jam, herb, milk caramel yang bersih namun penuh kedalaman. Diciptakan untuk jiwa-jiwa yang memahami bahwa perjalanan terbaik dimulai dari yang paling sunyi.",Delicate,Java Garut (Light / WetHulled): 400g (40%) | Sidikalang (Medium / SemiWashed): 600g (60%) | total: 1000g,Pour Over Recommended
S-WIN-070,Winter,The Dark Passage,Di mana perjalanan dimulai — dalam kegelapan yang menyimpan bara.,Seasonal Blend,Frosted Citadel,The Dark Passage · Seasonal collection,Papua Dogiyai Light WetHulled 55% | Java Preanger Medium Anaerobic 30% | Papua Dogiyai Medium WetHulled 15%,Light,"Ketika angin gunung membekukan jejak perjalanan, blend ini mempertemukan biji-biji dari Papua Dogiyai serta Java Preanger serta Papua Dogiyai dalam sebuah komposisi yang menceritakan kekayaan dataran Nusantara. Diproses dengan metode WetHulled dan Anaerobic, menghadirkan nuansa earthy, mushroom, leather yang bersih namun penuh kedalaman. Sebuah penghormatan kepada mereka yang tak takut melangkah dalam gelap.",Delicate,Papua Dogiyai (Light / WetHulled): 550g (55%) | Java Preanger (Medium / Anaerobic): 300g (30%) | Papua Dogiyai (Medium / WetHulled): 150g (15%) | total: 1000g,Pour Over Recommended
S-WIN-071,Winter,The Dark Passage,Di mana perjalanan dimulai — dalam kegelapan yang menyimpan bara.,Seasonal Blend,Stormy Outpost,The Dark Passage · Seasonal collection,Temanggung Dark Natural 70% | Java Preanger Light Anaerobic 30%,Medium,"Ketika angin gunung membekukan jejak perjalanan, blend ini mempertemukan biji-biji dari Temanggung serta Java Preanger dalam sebuah komposisi yang menceritakan kekayaan dataran Nusantara. Diproses dengan metode Natural dan Anaerobic, menghadirkan nuansa licorice, tar, rum raisin yang bersih namun penuh kedalaman. Untuk setiap ekspeditor yang pernah menemukan kehangatan di tempat yang paling dingin.",Velvety,Temanggung (Dark / Natural): 700g (70%) | Java Preanger (Light / Anaerobic): 300g (30%) | total: 1000g,Versatile for Espresso & Filter
S-WIN-072,Winter,The Dark Passage,Di mana perjalanan dimulai — dalam kegelapan yang menyimpan bara.,Seasonal Blend,Iron Stronghold,The Dark Passage · Seasonal collection,Java Preanger Dark SemiWashed 60% | Lintong Onan Light WetHulled 40%,Medium,"Seperti api yang tak kunjung padam di pos terakhir, blend ini mempertemukan biji-biji dari Java Preanger serta Lintong Onan dalam sebuah komposisi yang menceritakan kekayaan dataran Nusantara. Diproses dengan metode SemiWashed dan WetHulled, menghadirkan nuansa lime, herb, roasted grain yang bersih namun penuh kedalaman. Diciptakan untuk jiwa-jiwa yang memahami bahwa perjalanan terbaik dimulai dari yang paling sunyi.",Smooth,Java Preanger (Dark / SemiWashed): 600g (60%) | Lintong Onan (Light / WetHulled): 400g (40%) | total: 1000g,Cocok untuk French Press & Espresso
S-WIN-073,Winter,The Dark Passage,Di mana perjalanan dimulai — dalam kegelapan yang menyimpan bara.,Seasonal Blend,Darkened Passage,The Dark Passage · Seasonal collection,Lampung Robusta Premium Dark Honey 55% | Java Preanger Light Honey 45%,Medium,"Ketika angin gunung membekukan jejak perjalanan, blend ini mempertemukan biji-biji dari Lampung Robusta Premium serta Java Preanger dalam sebuah komposisi yang menceritakan kekayaan dataran Nusantara. Diproses dengan metode Honey, menghadirkan nuansa apricot, burnt caramel, dark sugar yang bersih namun penuh kedalaman. Sebuah penghormatan kepada mereka yang tak takut melangkah dalam gelap.",Balanced,Lampung Robusta Premium (Dark / Honey): 550g (55%) | Java Preanger (Light / Honey): 450g (45%) | total: 1000g,Best for Moka Pot
S-WIN-074,Winter,The Dark Passage,Di mana perjalanan dimulai — dalam kegelapan yang menyimpan bara.,Seasonal Blend,Muted Threshold,The Dark Passage · Seasonal collection,Bengkulu Dark Honey 50% | Dampit Malang Light Washed 30% | Bali Ulian Medium Washed 20%,Medium,"Bagi para ekspeditor yang melewati malam terpanjang, blend ini mempertemukan biji-biji dari Bengkulu serta Dampit Malang serta Bali Ulian dalam sebuah komposisi yang menceritakan kekayaan dataran Nusantara. Diproses dengan metode Honey dan Washed, menghadirkan nuansa smoked almond, lemon zest, green tea yang bersih namun penuh kedalaman. Diciptakan untuk jiwa-jiwa yang memahami bahwa perjalanan terbaik dimulai dari yang paling sunyi.",Velvety,Bengkulu (Dark / Honey): 500g (50%) | Dampit Malang (Light / Washed): 300g (30%) | Bali Ulian (Medium / Washed): 200g (20%) | total: 1000g,Versatile for Espresso & Filter
S-WIN-075,Winter,The Dark Passage,Di mana perjalanan dimulai — dalam kegelapan yang menyimpan bara.,Seasonal Blend,Dimmed Threshold,The Dark Passage · Seasonal collection,Java Sindoro Medium WetHulled 55% | Toraja Sapan Medium Honey 30% | Java Manglayang Medium Honey 15%,Medium,"Dari kegelapan yang menjaga bara tetap hidup, blend ini mempertemukan biji-biji dari Java Sindoro serta Toraja Sapan serta Java Manglayang dalam sebuah komposisi yang menceritakan kekayaan dataran Nusantara. Diproses dengan metode WetHulled dan Honey, menghadirkan nuansa maple syrup, leather, tobacco yang bersih namun penuh kedalaman. Untuk setiap ekspeditor yang pernah menemukan kehangatan di tempat yang paling dingin.",Medium Body,Java Sindoro (Medium / WetHulled): 550g (55%) | Toraja Sapan (Medium / Honey): 300g (30%) | Java Manglayang (Medium / Honey): 150g (15%) | total: 1000g,Versatile for Espresso & Filter
S-WIN-076,Winter,The Dark Passage,Di mana perjalanan dimulai — dalam kegelapan yang menyimpan bara.,Seasonal Blend,Windswept Hollow,The Dark Passage · Seasonal collection,Papua Dogiyai Dark SemiWashed 50% | Sidikalang Dark Natural 50%,Dark,"Seperti api yang tak kunjung padam di pos terakhir, blend ini mempertemukan biji-biji dari Papua Dogiyai serta Sidikalang dalam sebuah komposisi yang menceritakan kekayaan dataran Nusantara. Diproses dengan metode SemiWashed dan Natural, menghadirkan nuansa espresso, tar, intense spice yang bersih namun penuh kedalaman. Sebuah penghormatan kepada mereka yang tak takut melangkah dalam gelap.",Thick,Papua Dogiyai (Dark / SemiWashed): 500g (50%) | Sidikalang (Dark / Natural): 500g (50%) | total: 1000g,Cocok untuk Cold Brew
S-WIN-077,Winter,The Dark Passage,Di mana perjalanan dimulai — dalam kegelapan yang menyimpan bara.,Seasonal Blend,Iron Camp,The Dark Passage · Seasonal collection,Bengkulu Light Anaerobic 55% | Wanoja Kamojang Light Washed 30% | Bali Ulian Light WetHulled 15%,Light,"Ketika angin gunung membekukan jejak perjalanan, blend ini mempertemukan biji-biji dari Bengkulu serta Wanoja Kamojang serta Bali Ulian dalam sebuah komposisi yang menceritakan kekayaan dataran Nusantara. Diproses dengan metode Anaerobic dan Washed, menghadirkan nuansa herb, peach, bergamot yang bersih namun penuh kedalaman. Sebuah penghormatan kepada mereka yang tak takut melangkah dalam gelap.",Light Body,Bengkulu (Light / Anaerobic): 550g (55%) | Wanoja Kamojang (Light / Washed): 300g (30%) | Bali Ulian (Light / WetHulled): 150g (15%) | total: 1000g,Best for V60
S-WIN-078,Winter,The Dark Passage,Di mana perjalanan dimulai — dalam kegelapan yang menyimpan bara.,Seasonal Blend,Heavy Burrow,The Dark Passage · Seasonal collection,Sembalun Rinjani Dark Honey 45% | Bali Ulian Medium Anaerobic 35% | Java Garut Dark Honey 20%,Dark,"Seperti api yang tak kunjung padam di pos terakhir, blend ini mempertemukan biji-biji dari Sembalun Rinjani serta Bali Ulian serta Java Garut dalam sebuah komposisi yang menceritakan kekayaan dataran Nusantara. Diproses dengan metode Honey dan Anaerobic, menghadirkan nuansa cacao nib, fermented fruit, tropical punch yang bersih namun penuh kedalaman. Diciptakan untuk jiwa-jiwa yang memahami bahwa perjalanan terbaik dimulai dari yang paling sunyi.",Thick,Sembalun Rinjani (Dark / Honey): 450g (45%) | Bali Ulian (Medium / Anaerobic): 350g (35%) | Java Garut (Dark / Honey): 200g (20%) | total: 1000g,Cocok untuk Cold Brew
S-WIN-079,Winter,The Dark Passage,Di mana perjalanan dimulai — dalam kegelapan yang menyimpan bara.,Seasonal Blend,Windswept Encampment,The Dark Passage · Seasonal collection,Dampit Malang Light Anaerobic 55% | Kerinci Kayu Aro Medium Wine 30% | Java Ciwidey Light Wine 15%,Light,"Bagi para ekspeditor yang melewati malam terpanjang, blend ini mempertemukan biji-biji dari Dampit Malang serta Kerinci Kayu Aro serta Java Ciwidey dalam sebuah komposisi yang menceritakan kekayaan dataran Nusantara. Diproses dengan metode Anaerobic dan Wine, menghadirkan nuansa raspberry, passion fruit, rum raisin yang bersih namun penuh kedalaman. Sebuah penghormatan kepada mereka yang tak takut melangkah dalam gelap.",Silky,Dampit Malang (Light / Anaerobic): 550g (55%) | Kerinci Kayu Aro (Medium / Wine): 300g (30%) | Java Ciwidey (Light / Wine): 150g (15%) | total: 1000g,Best for V60
S-WIN-080,Winter,The Dark Passage,Di mana perjalanan dimulai — dalam kegelapan yang menyimpan bara.,Seasonal Blend,Midnight Quarters,The Dark Passage · Seasonal collection,Java Puntang Medium Natural 55% | Java Garut Light Natural 45%,Light,"Ketika angin gunung membekukan jejak perjalanan, blend ini mempertemukan biji-biji dari Java Puntang serta Java Garut dalam sebuah komposisi yang menceritakan kekayaan dataran Nusantara. Diproses dengan metode Natural, menghadirkan nuansa prune, blueberry, tropical fruit yang bersih namun penuh kedalaman. Diciptakan untuk jiwa-jiwa yang memahami bahwa perjalanan terbaik dimulai dari yang paling sunyi.",Clean,Java Puntang (Medium / Natural): 550g (55%) | Java Garut (Light / Natural): 450g (45%) | total: 1000g,Pour Over Recommended
S-WIN-081,Winter,The Dark Passage,Di mana perjalanan dimulai — dalam kegelapan yang menyimpan bara.,Seasonal Blend,Blanketed Outpost,The Dark Passage · Seasonal collection,Aceh Gayo Dark WetHulled 40% | Papua Wamena Light Wine 35% | Java Temanggung Light Anaerobic 25%,Medium,"Ketika angin gunung membekukan jejak perjalanan, blend ini mempertemukan biji-biji dari Aceh Gayo serta Papua Wamena serta Java Temanggung dalam sebuah komposisi yang menceritakan kekayaan dataran Nusantara. Diproses dengan metode WetHulled dan Wine, menghadirkan nuansa blackcurrant, dark cherry, intense earth yang bersih namun penuh kedalaman. Diciptakan untuk jiwa-jiwa yang memahami bahwa perjalanan terbaik dimulai dari yang paling sunyi.",Medium Body,Aceh Gayo (Dark / WetHulled): 400g (40%) | Papua Wamena (Light / Wine): 350g (35%) | Java Temanggung (Light / Anaerobic): 250g (25%) | total: 1000g,Versatile for Espresso & Filter
S-WIN-082,Winter,The Dark Passage,Di mana perjalanan dimulai — dalam kegelapan yang menyimpan bara.,Seasonal Blend,Rugged Sanctum,The Dark Passage · Seasonal collection,Bukit Barisan Medium SemiWashed 50% | Solok Radjo Light WetHulled 30% | Flores Manggarai Dark Honey 20%,Medium,"Bagi para ekspeditor yang melewati malam terpanjang, blend ini mempertemukan biji-biji dari Bukit Barisan serta Solok Radjo serta Flores Manggarai dalam sebuah komposisi yang menceritakan kekayaan dataran Nusantara. Diproses dengan metode SemiWashed dan WetHulled, menghadirkan nuansa tobacco leaf, roasted nut, lime yang bersih namun penuh kedalaman. Sebuah penghormatan kepada mereka yang tak takut melangkah dalam gelap.",Velvety,Bukit Barisan (Medium / SemiWashed): 500g (50%) | Solok Radjo (Light / WetHulled): 300g (30%) | Flores Manggarai (Dark / Honey): 200g (20%) | total: 1000g,Cocok untuk French Press & Espresso
S-WIN-083,Winter,The Dark Passage,Di mana perjalanan dimulai — dalam kegelapan yang menyimpan bara.,Seasonal Blend,Midnight Citadel,The Dark Passage · Seasonal collection,Java Ijen Raung Light Natural 45% | Gunung Halu Light Washed 35% | Sembalun Rinjani Dark SemiWashed 20%,Light,"Ketika angin gunung membekukan jejak perjalanan, blend ini mempertemukan biji-biji dari Java Ijen Raung serta Gunung Halu serta Sembalun Rinjani dalam sebuah komposisi yang menceritakan kekayaan dataran Nusantara. Diproses dengan metode Natural dan Washed, menghadirkan nuansa roasted grain, dark caramel, peach yang bersih namun penuh kedalaman. Untuk setiap ekspeditor yang pernah menemukan kehangatan di tempat yang paling dingin.",Delicate,Java Ijen Raung (Light / Natural): 450g (45%) | Gunung Halu (Light / Washed): 350g (35%) | Sembalun Rinjani (Dark / SemiWashed): 200g (20%) | total: 1000g,Best for V60
S-WIN-084,Winter,The Dark Passage,Di mana perjalanan dimulai — dalam kegelapan yang menyimpan bara.,Seasonal Blend,Rugged Den,The Dark Passage · Seasonal collection,Mandheling Light Natural 45% | Java Sindoro Medium Natural 55%,Light,"Dari kegelapan yang menjaga bara tetap hidup, blend ini mempertemukan biji-biji dari Mandheling serta Java Sindoro dalam sebuah komposisi yang menceritakan kekayaan dataran Nusantara. Diproses dengan metode Natural, menghadirkan nuansa prune, berry jam, hibiscus yang bersih namun penuh kedalaman. Blend yang diracik bagi mereka yang menghargai keberanian sebuah permulaan.",Delicate,Mandheling (Light / Natural): 450g (45%) | Java Sindoro (Medium / Natural): 550g (55%) | total: 1000g,Ideal for Chemex
S-WIN-085,Winter,The Dark Passage,Di mana perjalanan dimulai — dalam kegelapan yang menyimpan bara.,Seasonal Blend,Faded Den,The Dark Passage · Seasonal collection,Mandheling Light Honey 40% | Bali Ulian Medium Natural 35% | Java Ciwidey Light Natural 25%,Light,"Dari kegelapan yang menjaga bara tetap hidup, blend ini mempertemukan biji-biji dari Mandheling serta Bali Ulian serta Java Ciwidey dalam sebuah komposisi yang menceritakan kekayaan dataran Nusantara. Diproses dengan metode Honey dan Natural, menghadirkan nuansa honeysuckle, prune, blueberry yang bersih namun penuh kedalaman. Untuk setiap ekspeditor yang pernah menemukan kehangatan di tempat yang paling dingin.",Light Body,Mandheling (Light / Honey): 400g (40%) | Bali Ulian (Medium / Natural): 350g (35%) | Java Ciwidey (Light / Natural): 250g (25%) | total: 1000g,Cocok untuk AeroPress
S-WIN-086,Winter,The Dark Passage,Di mana perjalanan dimulai — dalam kegelapan yang menyimpan bara.,Seasonal Blend,Silent Outpost,The Dark Passage · Seasonal collection,Java Ciwidey Light Wine 55% | Flores Bajawa Light Natural 45%,Light,"Dalam keheningan malam di antara dua puncak, blend ini mempertemukan biji-biji dari Java Ciwidey serta Flores Bajawa dalam sebuah komposisi yang menceritakan kekayaan dataran Nusantara. Diproses dengan metode Wine dan Natural, menghadirkan nuansa wine, hibiscus, plum yang bersih namun penuh kedalaman. Blend yang diracik bagi mereka yang menghargai keberanian sebuah permulaan.",Delicate,Java Ciwidey (Light / Wine): 550g (55%) | Flores Bajawa (Light / Natural): 450g (45%) | total: 1000g,Ideal for Chemex
S-WIN-087,Winter,The Dark Passage,Di mana perjalanan dimulai — dalam kegelapan yang menyimpan bara.,Seasonal Blend,Sealed Station,The Dark Passage · Seasonal collection,Temanggung Light SemiWashed 40% | Flores Bajawa Light Washed 35% | Lintong Onan Medium Anaerobic 25%,Light,"Dari kegelapan yang menjaga bara tetap hidup, blend ini mempertemukan biji-biji dari Temanggung serta Flores Bajawa serta Lintong Onan dalam sebuah komposisi yang menceritakan kekayaan dataran Nusantara. Diproses dengan metode SemiWashed dan Washed, menghadirkan nuansa tropical punch, oolong tea, mandarin yang bersih namun penuh kedalaman. Sebuah penghormatan kepada mereka yang tak takut melangkah dalam gelap.",Silky,Temanggung (Light / SemiWashed): 400g (40%) | Flores Bajawa (Light / Washed): 350g (35%) | Lintong Onan (Medium / Anaerobic): 250g (25%) | total: 1000g,Best for V60
S-WIN-088,Winter,The Dark Passage,Di mana perjalanan dimulai — dalam kegelapan yang menyimpan bara.,Seasonal Blend,Sealed Camp,The Dark Passage · Seasonal collection,Lintong Onan Light Natural 55% | Java Ciwidey Light WetHulled 30% | Kerinci Kayu Aro Light Washed 15%,Light,"Ketika angin gunung membekukan jejak perjalanan, blend ini mempertemukan biji-biji dari Lintong Onan serta Java Ciwidey serta Kerinci Kayu Aro dalam sebuah komposisi yang menceritakan kekayaan dataran Nusantara. Diproses dengan metode Natural dan WetHulled, menghadirkan nuansa hibiscus, peach, cedar yang bersih namun penuh kedalaman. Untuk setiap ekspeditor yang pernah menemukan kehangatan di tempat yang paling dingin.",Delicate,Lintong Onan (Light / Natural): 550g (55%) | Java Ciwidey (Light / WetHulled): 300g (30%) | Kerinci Kayu Aro (Light / Washed): 150g (15%) | total: 1000g,Pour Over Recommended
S-WIN-089,Winter,The Dark Passage,Di mana perjalanan dimulai — dalam kegelapan yang menyimpan bara.,Seasonal Blend,Hushed Rampart,The Dark Passage · Seasonal collection,Java Ijen Raung Dark Wine 40% | Dampit Malang Dark SemiWashed 35% | Solok Radjo Medium Natural 25%,Dark,"Ketika angin gunung membekukan jejak perjalanan, blend ini mempertemukan biji-biji dari Java Ijen Raung serta Dampit Malang serta Solok Radjo dalam sebuah komposisi yang menceritakan kekayaan dataran Nusantara. Diproses dengan metode Wine dan SemiWashed, menghadirkan nuansa prune, berry jam, dark espresso yang bersih namun penuh kedalaman. Untuk setiap ekspeditor yang pernah menemukan kehangatan di tempat yang paling dingin.",Heavy Body,Java Ijen Raung (Dark / Wine): 400g (40%) | Dampit Malang (Dark / SemiWashed): 350g (35%) | Solok Radjo (Medium / Natural): 250g (25%) | total: 1000g,Best for Batch Brew
S-WIN-090,Winter,The Dark Passage,Di mana perjalanan dimulai — dalam kegelapan yang menyimpan bara.,Seasonal Blend,Smoldering Hearth,The Dark Passage · Seasonal collection,Bukit Barisan Dark Natural 65% | Bukit Barisan Dark Anaerobic 35%,Dark,"Dari kegelapan yang menjaga bara tetap hidup, blend ini mempertemukan biji-biji dari Bukit Barisan serta Bukit Barisan dalam sebuah komposisi yang menceritakan kekayaan dataran Nusantara. Diproses dengan metode Natural dan Anaerobic, menghadirkan nuansa tar, black cherry, licorice yang bersih namun penuh kedalaman. Untuk setiap ekspeditor yang pernah menemukan kehangatan di tempat yang paling dingin.",Full Body,Bukit Barisan (Dark / Natural): 650g (65%) | Bukit Barisan (Dark / Anaerobic): 350g (35%) | total: 1000g,Best for Espresso
S-WIN-091,Winter,The Dark Passage,Di mana perjalanan dimulai — dalam kegelapan yang menyimpan bara.,Seasonal Blend,Bitter Depot,The Dark Passage · Seasonal collection,Sembalun Rinjani Light SemiWashed 55% | Lampung Robusta Premium Dark Honey 30% | Java Puntang Medium SemiWashed 15%,Medium,"Bagi para ekspeditor yang melewati malam terpanjang, blend ini mempertemukan biji-biji dari Sembalun Rinjani serta Lampung Robusta Premium serta Java Puntang dalam sebuah komposisi yang menceritakan kekayaan dataran Nusantara. Diproses dengan metode SemiWashed dan Honey, menghadirkan nuansa vanilla, smoked almond, dark sugar yang bersih namun penuh kedalaman. Diciptakan untuk jiwa-jiwa yang memahami bahwa perjalanan terbaik dimulai dari yang paling sunyi.",Velvety,Sembalun Rinjani (Light / SemiWashed): 550g (55%) | Lampung Robusta Premium (Dark / Honey): 300g (30%) | Java Puntang (Medium / SemiWashed): 150g (15%) | total: 1000g,Cocok untuk French Press & Espresso
S-WIN-092,Winter,The Dark Passage,Di mana perjalanan dimulai — dalam kegelapan yang menyimpan bara.,Seasonal Blend,Iron Sanctum,The Dark Passage · Seasonal collection,Mandheling Dark SemiWashed 55% | Bengkulu Light Honey 30% | Mandheling Dark Anaerobic 15%,Medium,"Dari kegelapan yang menjaga bara tetap hidup, blend ini mempertemukan biji-biji dari Mandheling serta Bengkulu serta Mandheling dalam sebuah komposisi yang menceritakan kekayaan dataran Nusantara. Diproses dengan metode SemiWashed dan Honey, menghadirkan nuansa apricot, nectarine, fermented cocoa yang bersih namun penuh kedalaman. Diciptakan untuk jiwa-jiwa yang memahami bahwa perjalanan terbaik dimulai dari yang paling sunyi.",Round,Mandheling (Dark / SemiWashed): 550g (55%) | Bengkulu (Light / Honey): 300g (30%) | Mandheling (Dark / Anaerobic): 150g (15%) | total: 1000g,Versatile for Espresso & Filter
S-WIN-093,Winter,The Dark Passage,Di mana perjalanan dimulai — dalam kegelapan yang menyimpan bara.,Seasonal Blend,Buried Redoubt,The Dark Passage · Seasonal collection,Sidikalang Dark SemiWashed 60% | Bali Ulian Dark Washed 40%,Dark,"Dalam keheningan malam di antara dua puncak, blend ini mempertemukan biji-biji dari Sidikalang serta Bali Ulian dalam sebuah komposisi yang menceritakan kekayaan dataran Nusantara. Diproses dengan metode SemiWashed dan Washed, menghadirkan nuansa dark roast, roasted grain, intense spice yang bersih namun penuh kedalaman. Untuk setiap ekspeditor yang pernah menemukan kehangatan di tempat yang paling dingin.",Full Body,Sidikalang (Dark / SemiWashed): 600g (60%) | Bali Ulian (Dark / Washed): 400g (40%) | total: 1000g,Ideal untuk Ristretto
S-WIN-094,Winter,The Dark Passage,Di mana perjalanan dimulai — dalam kegelapan yang menyimpan bara.,Seasonal Blend,Rugged Vault,The Dark Passage · Seasonal collection,Papua Wamena Light Anaerobic 55% | Java Garut Medium Anaerobic 30% | Bali Ulian Medium Honey 15%,Light,"Dalam keheningan malam di antara dua puncak, blend ini mempertemukan biji-biji dari Papua Wamena serta Java Garut serta Bali Ulian dalam sebuah komposisi yang menceritakan kekayaan dataran Nusantara. Diproses dengan metode Anaerobic dan Honey, menghadirkan nuansa tropical punch, passion fruit, rum raisin yang bersih namun penuh kedalaman. Sebuah penghormatan kepada mereka yang tak takut melangkah dalam gelap.",Light Body,Papua Wamena (Light / Anaerobic): 550g (55%) | Java Garut (Medium / Anaerobic): 300g (30%) | Bali Ulian (Medium / Honey): 150g (15%) | total: 1000g,Cocok untuk AeroPress
S-WIN-095,Winter,The Dark Passage,Di mana perjalanan dimulai — dalam kegelapan yang menyimpan bara.,Seasonal Blend,Frosted Shelter,The Dark Passage · Seasonal collection,Java Ijen Raung Medium Anaerobic 55% | Toraja Sapan Medium Natural 30% | Sembalun Rinjani Dark Honey 15%,Medium,"Di singgahan terakhir sebelum salju menutup jalur, blend ini mempertemukan biji-biji dari Java Ijen Raung serta Toraja Sapan serta Sembalun Rinjani dalam sebuah komposisi yang menceritakan kekayaan dataran Nusantara. Diproses dengan metode Anaerobic dan Natural, menghadirkan nuansa smoked almond, dark sugar, berry jam yang bersih namun penuh kedalaman. Blend yang diracik bagi mereka yang menghargai keberanian sebuah permulaan.",Smooth,Java Ijen Raung (Medium / Anaerobic): 550g (55%) | Toraja Sapan (Medium / Natural): 300g (30%) | Sembalun Rinjani (Dark / Honey): 150g (15%) | total: 1000g,Best for Moka Pot
S-WIN-096,Winter,The Dark Passage,Di mana perjalanan dimulai — dalam kegelapan yang menyimpan bara.,Seasonal Blend,Shadowed Shelter,The Dark Passage · Seasonal collection,Java Sindoro Light Honey 40% | Bukit Barisan Light Honey 35% | Gunung Halu Light Washed 25%,Light,"Di singgahan terakhir sebelum salju menutup jalur, blend ini mempertemukan biji-biji dari Java Sindoro serta Bukit Barisan serta Gunung Halu dalam sebuah komposisi yang menceritakan kekayaan dataran Nusantara. Diproses dengan metode Honey dan Washed, menghadirkan nuansa floral, pear, green tea yang bersih namun penuh kedalaman. Blend yang diracik bagi mereka yang menghargai keberanian sebuah permulaan.",Silky,Java Sindoro (Light / Honey): 400g (40%) | Bukit Barisan (Light / Honey): 350g (35%) | Gunung Halu (Light / Washed): 250g (25%) | total: 1000g,Ideal for Chemex
S-WIN-097,Winter,The Dark Passage,Di mana perjalanan dimulai — dalam kegelapan yang menyimpan bara.,Seasonal Blend,Hollow Waystation,The Dark Passage · Seasonal collection,Java Puntang Light Natural 55% | Temanggung Medium Wine 30% | Arjuno Medium SemiWashed 15%,Light,"Ketika angin gunung membekukan jejak perjalanan, blend ini mempertemukan biji-biji dari Java Puntang serta Temanggung serta Arjuno dalam sebuah komposisi yang menceritakan kekayaan dataran Nusantara. Diproses dengan metode Natural dan Wine, menghadirkan nuansa apricot jam, dark plum, strawberry yang bersih namun penuh kedalaman. Sebuah penghormatan kepada mereka yang tak takut melangkah dalam gelap.",Clean,Java Puntang (Light / Natural): 550g (55%) | Temanggung (Medium / Wine): 300g (30%) | Arjuno (Medium / SemiWashed): 150g (15%) | total: 1000g,Best for V60
S-WIN-098,Winter,The Dark Passage,Di mana perjalanan dimulai — dalam kegelapan yang menyimpan bara.,Seasonal Blend,Blanketed Stronghold,The Dark Passage · Seasonal collection,Java Garut Dark Honey 65% | Temanggung Medium Anaerobic 35%,Dark,"Di singgahan terakhir sebelum salju menutup jalur, blend ini mempertemukan biji-biji dari Java Garut serta Temanggung dalam sebuah komposisi yang menceritakan kekayaan dataran Nusantara. Diproses dengan metode Honey dan Anaerobic, menghadirkan nuansa cacao nib, dark sugar, toffee yang bersih namun penuh kedalaman. Untuk setiap ekspeditor yang pernah menemukan kehangatan di tempat yang paling dingin.",Full Body,Java Garut (Dark / Honey): 650g (65%) | Temanggung (Medium / Anaerobic): 350g (35%) | total: 1000g,Best for Espresso
S-WIN-099,Winter,The Dark Passage,Di mana perjalanan dimulai — dalam kegelapan yang menyimpan bara.,Seasonal Blend,Rugged Threshold,The Dark Passage · Seasonal collection,Java Ijen Raung Light Natural 45% | Papua Dogiyai Medium Anaerobic 55%,Light,"Dalam keheningan malam di antara dua puncak, blend ini mempertemukan biji-biji dari Java Ijen Raung serta Papua Dogiyai dalam sebuah komposisi yang menceritakan kekayaan dataran Nusantara. Diproses dengan metode Natural dan Anaerobic, menghadirkan nuansa tropical punch, strawberry, tropical fruit yang bersih namun penuh kedalaman. Diciptakan untuk jiwa-jiwa yang memahami bahwa perjalanan terbaik dimulai dari yang paling sunyi.",Clean,Java Ijen Raung (Light / Natural): 450g (45%) | Papua Dogiyai (Medium / Anaerobic): 550g (55%) | total: 1000g,Best for V60
S-WIN-100,Winter,The Dark Passage,Di mana perjalanan dimulai — dalam kegelapan yang menyimpan bara.,Seasonal Blend,Iron Hollow,The Dark Passage · Seasonal collection,Java Sindoro Medium Washed 50% | Papua Dogiyai Dark SemiWashed 50%,Dark,"Di singgahan terakhir sebelum salju menutup jalur, blend ini mempertemukan biji-biji dari Java Sindoro serta Papua Dogiyai dalam sebuah komposisi yang menceritakan kekayaan dataran Nusantara. Diproses dengan metode Washed dan SemiWashed, menghadirkan nuansa hazelnut, intense spice, roasted grain yang bersih namun penuh kedalaman. Blend yang diracik bagi mereka yang menghargai keberanian sebuah permulaan.",Full Body,Java Sindoro (Medium / Washed): 500g (50%) | Papua Dogiyai (Dark / SemiWashed): 500g (50%) | total: 1000g,Ideal untuk Ristretto
S-WIN-101,Winter,The Dark Passage,Di mana perjalanan dimulai — dalam kegelapan yang menyimpan bara.,Seasonal Blend,Darkened Keep,The Dark Passage · Seasonal collection,Kerinci Kayu Aro Dark Honey 50% | Dampit Malang Medium Natural 25% | Temanggung Dark Wine 25%,Dark,"Ketika angin gunung membekukan jejak perjalanan, blend ini mempertemukan biji-biji dari Kerinci Kayu Aro serta Dampit Malang serta Temanggung dalam sebuah komposisi yang menceritakan kekayaan dataran Nusantara. Diproses dengan metode Honey dan Natural, menghadirkan nuansa burnt caramel, toffee, dark espresso yang bersih namun penuh kedalaman. Untuk setiap ekspeditor yang pernah menemukan kehangatan di tempat yang paling dingin.",Heavy Body,Kerinci Kayu Aro (Dark / Honey): 500g (50%) | Dampit Malang (Medium / Natural): 250g (25%) | Temanggung (Dark / Wine): 250g (25%) | total: 1000g,Best for Espresso
S-WIN-102,Winter,The Dark Passage,Di mana perjalanan dimulai — dalam kegelapan yang menyimpan bara.,Seasonal Blend,Midnight Crossing,The Dark Passage · Seasonal collection,Arjuno Medium Wine 50% | Bengkulu Light Washed 30% | Lampung Robusta Premium Medium SemiWashed 20%,Medium,"Seperti api yang tak kunjung padam di pos terakhir, blend ini mempertemukan biji-biji dari Arjuno serta Bengkulu serta Lampung Robusta Premium dalam sebuah komposisi yang menceritakan kekayaan dataran Nusantara. Diproses dengan metode Wine dan Washed, menghadirkan nuansa jasmine, roasted grape, roasted nut yang bersih namun penuh kedalaman. Sebuah penghormatan kepada mereka yang tak takut melangkah dalam gelap.",Medium Body,Arjuno (Medium / Wine): 500g (50%) | Bengkulu (Light / Washed): 300g (30%) | Lampung Robusta Premium (Medium / SemiWashed): 200g (20%) | total: 1000g,Best for Moka Pot
S-WIN-103,Winter,The Dark Passage,Di mana perjalanan dimulai — dalam kegelapan yang menyimpan bara.,Seasonal Blend,Frosted Camp,The Dark Passage · Seasonal collection,Gunung Halu Medium Anaerobic 65% | Toraja Sapan Dark Honey 35%,Medium,"Seperti api yang tak kunjung padam di pos terakhir, blend ini mempertemukan biji-biji dari Gunung Halu serta Toraja Sapan dalam sebuah komposisi yang menceritakan kekayaan dataran Nusantara. Diproses dengan metode Anaerobic dan Honey, menghadirkan nuansa tropical punch, fermented fruit, cacao nib yang bersih namun penuh kedalaman. Untuk setiap ekspeditor yang pernah menemukan kehangatan di tempat yang paling dingin.",Round,Gunung Halu (Medium / Anaerobic): 650g (65%) | Toraja Sapan (Dark / Honey): 350g (35%) | total: 1000g,Cocok untuk French Press & Espresso
S-WIN-104,Winter,The Dark Passage,Di mana perjalanan dimulai — dalam kegelapan yang menyimpan bara.,Seasonal Blend,Heavy Lodge,The Dark Passage · Seasonal collection,Aceh Gayo Light Anaerobic 45% | Bengkulu Light Natural 35% | Java Preanger Light Wine 20%,Light,"Dari kegelapan yang menjaga bara tetap hidup, blend ini mempertemukan biji-biji dari Aceh Gayo serta Bengkulu serta Java Preanger dalam sebuah komposisi yang menceritakan kekayaan dataran Nusantara. Diproses dengan metode Anaerobic dan Natural, menghadirkan nuansa blackcurrant, strawberry, passion fruit yang bersih namun penuh kedalaman. Blend yang diracik bagi mereka yang menghargai keberanian sebuah permulaan.",Tea-like,Aceh Gayo (Light / Anaerobic): 450g (45%) | Bengkulu (Light / Natural): 350g (35%) | Java Preanger (Light / Wine): 200g (20%) | total: 1000g,Cocok untuk AeroPress
S-WIN-105,Winter,The Dark Passage,Di mana perjalanan dimulai — dalam kegelapan yang menyimpan bara.,Seasonal Blend,Ember Waystation,The Dark Passage · Seasonal collection,Papua Dogiyai Medium Natural 50% | Java Garut Dark Natural 30% | Sembalun Rinjani Medium Washed 20%,Medium,"Ketika angin gunung membekukan jejak perjalanan, blend ini mempertemukan biji-biji dari Papua Dogiyai serta Java Garut serta Sembalun Rinjani dalam sebuah komposisi yang menceritakan kekayaan dataran Nusantara. Diproses dengan metode Natural dan Washed, menghadirkan nuansa tar, molasses, berry jam yang bersih namun penuh kedalaman. Untuk setiap ekspeditor yang pernah menemukan kehangatan di tempat yang paling dingin.",Round,Papua Dogiyai (Medium / Natural): 500g (50%) | Java Garut (Dark / Natural): 300g (30%) | Sembalun Rinjani (Medium / Washed): 200g (20%) | total: 1000g,Versatile for Espresso & Filter
S-WIN-106,Winter,The Dark Passage,Di mana perjalanan dimulai — dalam kegelapan yang menyimpan bara.,Seasonal Blend,Frosted Encampment,The Dark Passage · Seasonal collection,Semeru Medium Honey 45% | Java Ijen Raung Medium SemiWashed 55%,Medium,"Dari kegelapan yang menjaga bara tetap hidup, blend ini mempertemukan biji-biji dari Semeru serta Java Ijen Raung dalam sebuah komposisi yang menceritakan kekayaan dataran Nusantara. Diproses dengan metode Honey dan SemiWashed, menghadirkan nuansa roasted nut, dried apricot, vanilla yang bersih namun penuh kedalaman. Diciptakan untuk jiwa-jiwa yang memahami bahwa perjalanan terbaik dimulai dari yang paling sunyi.",Medium Body,Semeru (Medium / Honey): 450g (45%) | Java Ijen Raung (Medium / SemiWashed): 550g (55%) | total: 1000g,Versatile for Espresso & Filter
S-WIN-107,Winter,The Dark Passage,Di mana perjalanan dimulai — dalam kegelapan yang menyimpan bara.,Seasonal Blend,Hushed Watchtower,The Dark Passage · Seasonal collection,Java Puntang Dark SemiWashed 45% | Lintong Onan Dark Natural 35% | Temanggung Dark Natural 20%,Dark,"Di singgahan terakhir sebelum salju menutup jalur, blend ini mempertemukan biji-biji dari Java Puntang serta Lintong Onan serta Temanggung dalam sebuah komposisi yang menceritakan kekayaan dataran Nusantara. Diproses dengan metode SemiWashed dan Natural, menghadirkan nuansa tar, dark berry, walnut yang bersih namun penuh kedalaman. Diciptakan untuk jiwa-jiwa yang memahami bahwa perjalanan terbaik dimulai dari yang paling sunyi.",Bold,Java Puntang (Dark / SemiWashed): 450g (45%) | Lintong Onan (Dark / Natural): 350g (35%) | Temanggung (Dark / Natural): 200g (20%) | total: 1000g,Best for Espresso
S-WIN-108,Winter,The Dark Passage,Di mana perjalanan dimulai — dalam kegelapan yang menyimpan bara.,Seasonal Blend,Silent Refuge,The Dark Passage · Seasonal collection,Mandheling Light Anaerobic 55% | Java Preanger Light SemiWashed 30% | Kerinci Kayu Aro Light Honey 15%,Light,"Seperti api yang tak kunjung padam di pos terakhir, blend ini mempertemukan biji-biji dari Mandheling serta Java Preanger serta Kerinci Kayu Aro dalam sebuah komposisi yang menceritakan kekayaan dataran Nusantara. Diproses dengan metode Anaerobic dan SemiWashed, menghadirkan nuansa oolong tea, papaya, white grape yang bersih namun penuh kedalaman. Blend yang diracik bagi mereka yang menghargai keberanian sebuah permulaan.",Silky,Mandheling (Light / Anaerobic): 550g (55%) | Java Preanger (Light / SemiWashed): 300g (30%) | Kerinci Kayu Aro (Light / Honey): 150g (15%) | total: 1000g,Cocok untuk AeroPress
S-WIN-109,Winter,The Dark Passage,Di mana perjalanan dimulai — dalam kegelapan yang menyimpan bara.,Seasonal Blend,Ashen Camp,The Dark Passage · Seasonal collection,Java Sindoro Medium SemiWashed 50% | Wanoja Kamojang Light Wine 25% | Sembalun Rinjani Medium Anaerobic 25%,Medium,"Ketika angin gunung membekukan jejak perjalanan, blend ini mempertemukan biji-biji dari Java Sindoro serta Wanoja Kamojang serta Sembalun Rinjani dalam sebuah komposisi yang menceritakan kekayaan dataran Nusantara. Diproses dengan metode SemiWashed dan Wine, menghadirkan nuansa vanilla, grape must, blackcurrant yang bersih namun penuh kedalaman. Diciptakan untuk jiwa-jiwa yang memahami bahwa perjalanan terbaik dimulai dari yang paling sunyi.",Velvety,Java Sindoro (Medium / SemiWashed): 500g (50%) | Wanoja Kamojang (Light / Wine): 250g (25%) | Sembalun Rinjani (Medium / Anaerobic): 250g (25%) | total: 1000g,Versatile for Espresso & Filter
S-WIN-110,Winter,The Dark Passage,Di mana perjalanan dimulai — dalam kegelapan yang menyimpan bara.,Seasonal Blend,Midnight Alcove,The Dark Passage · Seasonal collection,Papua Dogiyai Dark Wine 70% | Bali Kintamani Dark WetHulled 30%,Dark,"Di singgahan terakhir sebelum salju menutup jalur, blend ini mempertemukan biji-biji dari Papua Dogiyai serta Bali Kintamani dalam sebuah komposisi yang menceritakan kekayaan dataran Nusantara. Diproses dengan metode Wine dan WetHulled, menghadirkan nuansa smoked plum, dark tobacco, tobacco yang bersih namun penuh kedalaman. Untuk setiap ekspeditor yang pernah menemukan kehangatan di tempat yang paling dingin.",Heavy Body,Papua Dogiyai (Dark / Wine): 700g (70%) | Bali Kintamani (Dark / WetHulled): 300g (30%) | total: 1000g,Ideal untuk Ristretto
S-WIN-111,Winter,The Dark Passage,Di mana perjalanan dimulai — dalam kegelapan yang menyimpan bara.,Seasonal Blend,Forgotten Burrow,The Dark Passage · Seasonal collection,Java Manglayang Light Washed 65% | Bengkulu Light SemiWashed 35%,Light,"Ketika angin gunung membekukan jejak perjalanan, blend ini mempertemukan biji-biji dari Java Manglayang serta Bengkulu dalam sebuah komposisi yang menceritakan kekayaan dataran Nusantara. Diproses dengan metode Washed dan SemiWashed, menghadirkan nuansa peach, citrus, lemon zest yang bersih namun penuh kedalaman. Blend yang diracik bagi mereka yang menghargai keberanian sebuah permulaan.",Clean,Java Manglayang (Light / Washed): 650g (65%) | Bengkulu (Light / SemiWashed): 350g (35%) | total: 1000g,Pour Over Recommended
S-WIN-112,Winter,The Dark Passage,Di mana perjalanan dimulai — dalam kegelapan yang menyimpan bara.,Seasonal Blend,Ashen Barracks,The Dark Passage · Seasonal collection,Papua Wamena Light SemiWashed 50% | Arjuno Dark Washed 30% | Java Garut Dark Washed 20%,Medium,"Di singgahan terakhir sebelum salju menutup jalur, blend ini mempertemukan biji-biji dari Papua Wamena serta Arjuno serta Java Garut dalam sebuah komposisi yang menceritakan kekayaan dataran Nusantara. Diproses dengan metode SemiWashed dan Washed, menghadirkan nuansa papaya, bitter chocolate, light caramel yang bersih namun penuh kedalaman. Sebuah penghormatan kepada mereka yang tak takut melangkah dalam gelap.",Round,Papua Wamena (Light / SemiWashed): 500g (50%) | Arjuno (Dark / Washed): 300g (30%) | Java Garut (Dark / Washed): 200g (20%) | total: 1000g,Cocok untuk French Press & Espresso
S-WIN-113,Winter,The Dark Passage,Di mana perjalanan dimulai — dalam kegelapan yang menyimpan bara.,Seasonal Blend,Shrouded Passage,The Dark Passage · Seasonal collection,Arjuno Light Wine 40% | Java Puntang Dark Natural 60%,Medium,"Dari kegelapan yang menjaga bara tetap hidup, blend ini mempertemukan biji-biji dari Arjuno serta Java Puntang dalam sebuah komposisi yang menceritakan kekayaan dataran Nusantara. Diproses dengan metode Wine dan Natural, menghadirkan nuansa dark cherry, licorice, dark berry yang bersih namun penuh kedalaman. Sebuah penghormatan kepada mereka yang tak takut melangkah dalam gelap.",Balanced,Arjuno (Light / Wine): 400g (40%) | Java Puntang (Dark / Natural): 600g (60%) | total: 1000g,Best for Moka Pot
S-WIN-114,Winter,The Dark Passage,Di mana perjalanan dimulai — dalam kegelapan yang menyimpan bara.,Seasonal Blend,Hushed Sanctum,The Dark Passage · Seasonal collection,Wanoja Kamojang Light SemiWashed 60% | Papua Wamena Dark Honey 40%,Medium,"Di singgahan terakhir sebelum salju menutup jalur, blend ini mempertemukan biji-biji dari Wanoja Kamojang serta Papua Wamena dalam sebuah komposisi yang menceritakan kekayaan dataran Nusantara. Diproses dengan metode SemiWashed dan Honey, menghadirkan nuansa dark sugar, toffee, burnt caramel yang bersih namun penuh kedalaman. Sebuah penghormatan kepada mereka yang tak takut melangkah dalam gelap.",Medium Body,Wanoja Kamojang (Light / SemiWashed): 600g (60%) | Papua Wamena (Dark / Honey): 400g (40%) | total: 1000g,Best for Moka Pot
S-WIN-115,Winter,The Dark Passage,Di mana perjalanan dimulai — dalam kegelapan yang menyimpan bara.,Seasonal Blend,Windswept Vault,The Dark Passage · Seasonal collection,Dampit Malang Medium Honey 65% | Bengkulu Dark WetHulled 35%,Medium,"Dalam keheningan malam di antara dua puncak, blend ini mempertemukan biji-biji dari Dampit Malang serta Bengkulu dalam sebuah komposisi yang menceritakan kekayaan dataran Nusantara. Diproses dengan metode Honey dan WetHulled, menghadirkan nuansa toffee, macadamia, dried apricot yang bersih namun penuh kedalaman. Diciptakan untuk jiwa-jiwa yang memahami bahwa perjalanan terbaik dimulai dari yang paling sunyi.",Balanced,Dampit Malang (Medium / Honey): 650g (65%) | Bengkulu (Dark / WetHulled): 350g (35%) | total: 1000g,Cocok untuk French Press & Espresso
S-WIN-116,Winter,The Dark Passage,Di mana perjalanan dimulai — dalam kegelapan yang menyimpan bara.,Seasonal Blend,Rugged Bastion,The Dark Passage · Seasonal collection,Bali Ulian Dark SemiWashed 70% | Papua Wamena Light Anaerobic 30%,Medium,"Di singgahan terakhir sebelum salju menutup jalur, blend ini mempertemukan biji-biji dari Bali Ulian serta Papua Wamena dalam sebuah komposisi yang menceritakan kekayaan dataran Nusantara. Diproses dengan metode SemiWashed dan Anaerobic, menghadirkan nuansa rum raisin, dark caramel, raspberry yang bersih namun penuh kedalaman. Untuk setiap ekspeditor yang pernah menemukan kehangatan di tempat yang paling dingin.",Smooth,Bali Ulian (Dark / SemiWashed): 700g (70%) | Papua Wamena (Light / Anaerobic): 300g (30%) | total: 1000g,Versatile for Espresso & Filter
S-WIN-117,Winter,The Dark Passage,Di mana perjalanan dimulai — dalam kegelapan yang menyimpan bara.,Seasonal Blend,Forgotten Bastion,The Dark Passage · Seasonal collection,Bali Kintamani Light Washed 70% | Java Ciwidey Dark Washed 30%,Light,"Seperti api yang tak kunjung padam di pos terakhir, blend ini mempertemukan biji-biji dari Bali Kintamani serta Java Ciwidey dalam sebuah komposisi yang menceritakan kekayaan dataran Nusantara. Diproses dengan metode Washed, menghadirkan nuansa peach, smoky caramel, molasses yang bersih namun penuh kedalaman. Sebuah penghormatan kepada mereka yang tak takut melangkah dalam gelap.",Clean,Bali Kintamani (Light / Washed): 700g (70%) | Java Ciwidey (Dark / Washed): 300g (30%) | total: 1000g,Ideal for Chemex
S-WIN-118,Winter,The Dark Passage,Di mana perjalanan dimulai — dalam kegelapan yang menyimpan bara.,Seasonal Blend,Bitter Sanctum,The Dark Passage · Seasonal collection,Sembalun Rinjani Medium Honey 40% | Papua Dogiyai Dark Anaerobic 35% | Arjuno Light Honey 25%,Medium,"Dari kegelapan yang menjaga bara tetap hidup, blend ini mempertemukan biji-biji dari Sembalun Rinjani serta Papua Dogiyai serta Arjuno dalam sebuah komposisi yang menceritakan kekayaan dataran Nusantara. Diproses dengan metode Honey dan Anaerobic, menghadirkan nuansa honey, dark rum, smoke yang bersih namun penuh kedalaman. Blend yang diracik bagi mereka yang menghargai keberanian sebuah permulaan.",Smooth,Sembalun Rinjani (Medium / Honey): 400g (40%) | Papua Dogiyai (Dark / Anaerobic): 350g (35%) | Arjuno (Light / Honey): 250g (25%) | total: 1000g,Cocok untuk French Press & Espresso
S-WIN-119,Winter,The Dark Passage,Di mana perjalanan dimulai — dalam kegelapan yang menyimpan bara.,Seasonal Blend,Shrouded Station,The Dark Passage · Seasonal collection,Java Sindoro Light Natural 50% | Bengkulu Light Anaerobic 25% | Sidikalang Light Honey 25%,Light,"Bagi para ekspeditor yang melewati malam terpanjang, blend ini mempertemukan biji-biji dari Java Sindoro serta Bengkulu serta Sidikalang dalam sebuah komposisi yang menceritakan kekayaan dataran Nusantara. Diproses dengan metode Natural dan Anaerobic, menghadirkan nuansa nectarine, blueberry, hibiscus yang bersih namun penuh kedalaman. Diciptakan untuk jiwa-jiwa yang memahami bahwa perjalanan terbaik dimulai dari yang paling sunyi.",Delicate,Java Sindoro (Light / Natural): 500g (50%) | Bengkulu (Light / Anaerobic): 250g (25%) | Sidikalang (Light / Honey): 250g (25%) | total: 1000g,Pour Over Recommended
S-WIN-120,Winter,The Dark Passage,Di mana perjalanan dimulai — dalam kegelapan yang menyimpan bara.,Seasonal Blend,Charred Alcove,The Dark Passage · Seasonal collection,Solok Radjo Dark Anaerobic 65% | Wanoja Kamojang Medium Honey 35%,Dark,"Bagi para ekspeditor yang melewati malam terpanjang, blend ini mempertemukan biji-biji dari Solok Radjo serta Wanoja Kamojang dalam sebuah komposisi yang menceritakan kekayaan dataran Nusantara. Diproses dengan metode Anaerobic dan Honey, menghadirkan nuansa toffee, fermented cocoa, honey yang bersih namun penuh kedalaman. Sebuah penghormatan kepada mereka yang tak takut melangkah dalam gelap.",Syrupy,Solok Radjo (Dark / Anaerobic): 650g (65%) | Wanoja Kamojang (Medium / Honey): 350g (35%) | total: 1000g,Best for Espresso
S-WIN-121,Winter,The Dark Passage,Di mana perjalanan dimulai — dalam kegelapan yang menyimpan bara.,Seasonal Blend,Cracked Den,The Dark Passage · Seasonal collection,Semeru Light SemiWashed 45% | Papua Dogiyai Medium WetHulled 55%,Light,"Seperti api yang tak kunjung padam di pos terakhir, blend ini mempertemukan biji-biji dari Semeru serta Papua Dogiyai dalam sebuah komposisi yang menceritakan kekayaan dataran Nusantara. Diproses dengan metode SemiWashed dan WetHulled, menghadirkan nuansa leather, mushroom, spice yang bersih namun penuh kedalaman. Diciptakan untuk jiwa-jiwa yang memahami bahwa perjalanan terbaik dimulai dari yang paling sunyi.",Delicate,Semeru (Light / SemiWashed): 450g (45%) | Papua Dogiyai (Medium / WetHulled): 550g (55%) | total: 1000g,Pour Over Recommended
S-WIN-122,Winter,The Dark Passage,Di mana perjalanan dimulai — dalam kegelapan yang menyimpan bara.,Seasonal Blend,Heavy Keep,The Dark Passage · Seasonal collection,Papua Wamena Dark Anaerobic 45% | Temanggung Medium SemiWashed 35% | Bukit Barisan Light Natural 20%,Medium,"Seperti api yang tak kunjung padam di pos terakhir, blend ini mempertemukan biji-biji dari Papua Wamena serta Temanggung serta Bukit Barisan dalam sebuah komposisi yang menceritakan kekayaan dataran Nusantara. Diproses dengan metode Anaerobic dan SemiWashed, menghadirkan nuansa roasted nut, smoke, black cherry yang bersih namun penuh kedalaman. Untuk setiap ekspeditor yang pernah menemukan kehangatan di tempat yang paling dingin.",Balanced,Papua Wamena (Dark / Anaerobic): 450g (45%) | Temanggung (Medium / SemiWashed): 350g (35%) | Bukit Barisan (Light / Natural): 200g (20%) | total: 1000g,Best for Moka Pot
S-WIN-123,Winter,The Dark Passage,Di mana perjalanan dimulai — dalam kegelapan yang menyimpan bara.,Seasonal Blend,Ember Barracks,The Dark Passage · Seasonal collection,Papua Dogiyai Light Wine 65% | Papua Wamena Light Natural 35%,Light,"Di singgahan terakhir sebelum salju menutup jalur, blend ini mempertemukan biji-biji dari Papua Dogiyai serta Papua Wamena dalam sebuah komposisi yang menceritakan kekayaan dataran Nusantara. Diproses dengan metode Wine dan Natural, menghadirkan nuansa watermelon, hibiscus, blackcurrant yang bersih namun penuh kedalaman. Diciptakan untuk jiwa-jiwa yang memahami bahwa perjalanan terbaik dimulai dari yang paling sunyi.",Tea-like,Papua Dogiyai (Light / Wine): 650g (65%) | Papua Wamena (Light / Natural): 350g (35%) | total: 1000g,Pour Over Recommended
S-WIN-124,Winter,The Dark Passage,Di mana perjalanan dimulai — dalam kegelapan yang menyimpan bara.,Seasonal Blend,Stormy Shelter,The Dark Passage · Seasonal collection,Wanoja Kamojang Medium Wine 55% | Semeru Dark Washed 30% | Java Puntang Medium Natural 15%,Medium,"Dari kegelapan yang menjaga bara tetap hidup, blend ini mempertemukan biji-biji dari Wanoja Kamojang serta Semeru serta Java Puntang dalam sebuah komposisi yang menceritakan kekayaan dataran Nusantara. Diproses dengan metode Wine dan Washed, menghadirkan nuansa smoky caramel, prune, port wine yang bersih namun penuh kedalaman. Sebuah penghormatan kepada mereka yang tak takut melangkah dalam gelap.",Medium Body,Wanoja Kamojang (Medium / Wine): 550g (55%) | Semeru (Dark / Washed): 300g (30%) | Java Puntang (Medium / Natural): 150g (15%) | total: 1000g,Versatile for Espresso & Filter
S-WIN-125,Winter,The Dark Passage,Di mana perjalanan dimulai — dalam kegelapan yang menyimpan bara.,Seasonal Blend,Frozen Bivouac,The Dark Passage · Seasonal collection,Lampung Robusta Premium Medium WetHulled 40% | Papua Dogiyai Dark WetHulled 60%,Dark,"Bagi para ekspeditor yang melewati malam terpanjang, blend ini mempertemukan biji-biji dari Lampung Robusta Premium serta Papua Dogiyai dalam sebuah komposisi yang menceritakan kekayaan dataran Nusantara. Diproses dengan metode WetHulled, menghadirkan nuansa mushroom, tobacco, peat yang bersih namun penuh kedalaman. Blend yang diracik bagi mereka yang menghargai keberanian sebuah permulaan.",Syrupy,Lampung Robusta Premium (Medium / WetHulled): 400g (40%) | Papua Dogiyai (Dark / WetHulled): 600g (60%) | total: 1000g,Best for Espresso
S-WIN-126,Winter,The Dark Passage,Di mana perjalanan dimulai — dalam kegelapan yang menyimpan bara.,Seasonal Blend,Stormy Camp,The Dark Passage · Seasonal collection,Java Garut Medium Anaerobic 50% | Toraja Kalosi Dark Honey 50%,Dark,"Seperti api yang tak kunjung padam di pos terakhir, blend ini mempertemukan biji-biji dari Java Garut serta Toraja Kalosi dalam sebuah komposisi yang menceritakan kekayaan dataran Nusantara. Diproses dengan metode Anaerobic dan Honey, menghadirkan nuansa smoked almond, cacao nib, dark sugar yang bersih namun penuh kedalaman. Untuk setiap ekspeditor yang pernah menemukan kehangatan di tempat yang paling dingin.",Bold,Java Garut (Medium / Anaerobic): 500g (50%) | Toraja Kalosi (Dark / Honey): 500g (50%) | total: 1000g,Cocok untuk Cold Brew
S-WIN-127,Winter,The Dark Passage,Di mana perjalanan dimulai — dalam kegelapan yang menyimpan bara.,Seasonal Blend,Smoldering Quarters,The Dark Passage · Seasonal collection,Mandheling Dark Natural 50% | Lintong Onan Dark Natural 50%,Dark,"Di singgahan terakhir sebelum salju menutup jalur, blend ini mempertemukan biji-biji dari Mandheling serta Lintong Onan dalam sebuah komposisi yang menceritakan kekayaan dataran Nusantara. Diproses dengan metode Natural, menghadirkan nuansa licorice, charcoal, dark berry yang bersih namun penuh kedalaman. Blend yang diracik bagi mereka yang menghargai keberanian sebuah permulaan.",Thick,Mandheling (Dark / Natural): 500g (50%) | Lintong Onan (Dark / Natural): 500g (50%) | total: 1000g,Best for Espresso
S-WIN-128,Winter,The Dark Passage,Di mana perjalanan dimulai — dalam kegelapan yang menyimpan bara.,Seasonal Blend,Hushed Outpost,The Dark Passage · Seasonal collection,Java Preanger Dark Natural 45% | Toraja Sapan Medium Washed 35% | Java Preanger Light Anaerobic 20%,Medium,"Bagi para ekspeditor yang melewati malam terpanjang, blend ini mempertemukan biji-biji dari Java Preanger serta Toraja Sapan serta Java Preanger dalam sebuah komposisi yang menceritakan kekayaan dataran Nusantara. Diproses dengan metode Natural dan Washed, menghadirkan nuansa tar, lychee, hazelnut yang bersih namun penuh kedalaman. Sebuah penghormatan kepada mereka yang tak takut melangkah dalam gelap.",Balanced,Java Preanger (Dark / Natural): 450g (45%) | Toraja Sapan (Medium / Washed): 350g (35%) | Java Preanger (Light / Anaerobic): 200g (20%) | total: 1000g,Versatile for Espresso & Filter
S-WIN-129,Winter,The Dark Passage,Di mana perjalanan dimulai — dalam kegelapan yang menyimpan bara.,Seasonal Blend,Silent Hollow,The Dark Passage · Seasonal collection,Bengkulu Dark Natural 50% | Java Sindoro Dark WetHulled 25% | Toraja Kalosi Medium Honey 25%,Dark,"Bagi para ekspeditor yang melewati malam terpanjang, blend ini mempertemukan biji-biji dari Bengkulu serta Java Sindoro serta Toraja Kalosi dalam sebuah komposisi yang menceritakan kekayaan dataran Nusantara. Diproses dengan metode Natural dan WetHulled, menghadirkan nuansa peat, dark berry, honey yang bersih namun penuh kedalaman. Untuk setiap ekspeditor yang pernah menemukan kehangatan di tempat yang paling dingin.",Heavy Body,Bengkulu (Dark / Natural): 500g (50%) | Java Sindoro (Dark / WetHulled): 250g (25%) | Toraja Kalosi (Medium / Honey): 250g (25%) | total: 1000g,Best for Espresso
S-WIN-130,Winter,The Dark Passage,Di mana perjalanan dimulai — dalam kegelapan yang menyimpan bara.,Seasonal Blend,Charred Station,The Dark Passage · Seasonal collection,Papua Dogiyai Medium Natural 50% | Lintong Onan Dark SemiWashed 50%,Dark,"Dari kegelapan yang menjaga bara tetap hidup, blend ini mempertemukan biji-biji dari Papua Dogiyai serta Lintong Onan dalam sebuah komposisi yang menceritakan kekayaan dataran Nusantara. Diproses dengan metode Natural dan SemiWashed, menghadirkan nuansa prune, intense spice, berry jam yang bersih namun penuh kedalaman. Blend yang diracik bagi mereka yang menghargai keberanian sebuah permulaan.",Bold,Papua Dogiyai (Medium / Natural): 500g (50%) | Lintong Onan (Dark / SemiWashed): 500g (50%) | total: 1000g,Best for Espresso
S-WIN-131,Winter,The Dark Passage,Di mana perjalanan dimulai — dalam kegelapan yang menyimpan bara.,Seasonal Blend,Heavy Stronghold,The Dark Passage · Seasonal collection,Sembalun Rinjani Medium Anaerobic 50% | Arjuno Light Washed 30% | Lintong Onan Light Honey 20%,Light,"Seperti api yang tak kunjung padam di pos terakhir, blend ini mempertemukan biji-biji dari Sembalun Rinjani serta Arjuno serta Lintong Onan dalam sebuah komposisi yang menceritakan kekayaan dataran Nusantara. Diproses dengan metode Anaerobic dan Washed, menghadirkan nuansa citrus, tamarind, tropical punch yang bersih namun penuh kedalaman. Sebuah penghormatan kepada mereka yang tak takut melangkah dalam gelap.",Light Body,Sembalun Rinjani (Medium / Anaerobic): 500g (50%) | Arjuno (Light / Washed): 300g (30%) | Lintong Onan (Light / Honey): 200g (20%) | total: 1000g,Ideal for Chemex
S-WIN-132,Winter,The Dark Passage,Di mana perjalanan dimulai — dalam kegelapan yang menyimpan bara.,Seasonal Blend,Silent Barracks,The Dark Passage · Seasonal collection,Papua Dogiyai Light SemiWashed 60% | Papua Dogiyai Dark Washed 40%,Medium,"Dalam keheningan malam di antara dua puncak, blend ini mempertemukan biji-biji dari Papua Dogiyai serta Papua Dogiyai dalam sebuah komposisi yang menceritakan kekayaan dataran Nusantara. Diproses dengan metode SemiWashed dan Washed, menghadirkan nuansa oolong tea, dark roast, papaya yang bersih namun penuh kedalaman. Untuk setiap ekspeditor yang pernah menemukan kehangatan di tempat yang paling dingin.",Velvety,Papua Dogiyai (Light / SemiWashed): 600g (60%) | Papua Dogiyai (Dark / Washed): 400g (40%) | total: 1000g,Best for Moka Pot
S-WIN-133,Winter,The Dark Passage,Di mana perjalanan dimulai — dalam kegelapan yang menyimpan bara.,Seasonal Blend,Veiled Encampment,The Dark Passage · Seasonal collection,Toraja Sapan Dark Honey 45% | Papua Dogiyai Dark WetHulled 55%,Dark,"Dalam keheningan malam di antara dua puncak, blend ini mempertemukan biji-biji dari Toraja Sapan serta Papua Dogiyai dalam sebuah komposisi yang menceritakan kekayaan dataran Nusantara. Diproses dengan metode Honey dan WetHulled, menghadirkan nuansa burnt caramel, clove, dark tobacco yang bersih namun penuh kedalaman. Diciptakan untuk jiwa-jiwa yang memahami bahwa perjalanan terbaik dimulai dari yang paling sunyi.",Bold,Toraja Sapan (Dark / Honey): 450g (45%) | Papua Dogiyai (Dark / WetHulled): 550g (55%) | total: 1000g,Best for Batch Brew
S-WIN-134,Winter,The Dark Passage,Di mana perjalanan dimulai — dalam kegelapan yang menyimpan bara.,Seasonal Blend,Iron Lodge,The Dark Passage · Seasonal collection,Lampung Robusta Premium Medium Honey 70% | Java Puntang Medium Honey 30%,Medium,"Di singgahan terakhir sebelum salju menutup jalur, blend ini mempertemukan biji-biji dari Lampung Robusta Premium serta Java Puntang dalam sebuah komposisi yang menceritakan kekayaan dataran Nusantara. Diproses dengan metode Honey, menghadirkan nuansa dried apricot, honey, toffee yang bersih namun penuh kedalaman. Untuk setiap ekspeditor yang pernah menemukan kehangatan di tempat yang paling dingin.",Medium Body,Lampung Robusta Premium (Medium / Honey): 700g (70%) | Java Puntang (Medium / Honey): 300g (30%) | total: 1000g,Cocok untuk French Press & Espresso
S-WIN-135,Winter,The Dark Passage,Di mana perjalanan dimulai — dalam kegelapan yang menyimpan bara.,Seasonal Blend,Ashen Quarters,The Dark Passage · Seasonal collection,Wanoja Kamojang Dark Washed 50% | Flores Bajawa Medium Wine 50%,Dark,"Ketika angin gunung membekukan jejak perjalanan, blend ini mempertemukan biji-biji dari Wanoja Kamojang serta Flores Bajawa dalam sebuah komposisi yang menceritakan kekayaan dataran Nusantara. Diproses dengan metode Washed dan Wine, menghadirkan nuansa dark roast, dark plum, molasses yang bersih namun penuh kedalaman. Blend yang diracik bagi mereka yang menghargai keberanian sebuah permulaan.",Full Body,Wanoja Kamojang (Dark / Washed): 500g (50%) | Flores Bajawa (Medium / Wine): 500g (50%) | total: 1000g,Ideal untuk Ristretto
S-WIN-136,Winter,The Dark Passage,Di mana perjalanan dimulai — dalam kegelapan yang menyimpan bara.,Seasonal Blend,Cracked Passage,The Dark Passage · Seasonal collection,Bukit Barisan Medium SemiWashed 50% | Mandheling Light SemiWashed 50%,Light,"Di singgahan terakhir sebelum salju menutup jalur, blend ini mempertemukan biji-biji dari Bukit Barisan serta Mandheling dalam sebuah komposisi yang menceritakan kekayaan dataran Nusantara. Diproses dengan metode SemiWashed, menghadirkan nuansa apricot jam, milk caramel, roasted nut yang bersih namun penuh kedalaman. Untuk setiap ekspeditor yang pernah menemukan kehangatan di tempat yang paling dingin.",Tea-like,Bukit Barisan (Medium / SemiWashed): 500g (50%) | Mandheling (Light / SemiWashed): 500g (50%) | total: 1000g,Best for V60
S-WIN-137,Winter,The Dark Passage,Di mana perjalanan dimulai — dalam kegelapan yang menyimpan bara.,Seasonal Blend,Shrouded Shelter,The Dark Passage · Seasonal collection,Lintong Onan Light Wine 55% | Java Preanger Dark Natural 30% | Dampit Malang Light Natural 15%,Light,"Dari kegelapan yang menjaga bara tetap hidup, blend ini mempertemukan biji-biji dari Lintong Onan serta Java Preanger serta Dampit Malang dalam sebuah komposisi yang menceritakan kekayaan dataran Nusantara. Diproses dengan metode Wine dan Natural, menghadirkan nuansa wine, tar, strawberry yang bersih namun penuh kedalaman. Sebuah penghormatan kepada mereka yang tak takut melangkah dalam gelap.",Silky,Lintong Onan (Light / Wine): 550g (55%) | Java Preanger (Dark / Natural): 300g (30%) | Dampit Malang (Light / Natural): 150g (15%) | total: 1000g,Best for V60
S-WIN-138,Winter,The Dark Passage,Di mana perjalanan dimulai — dalam kegelapan yang menyimpan bara.,Seasonal Blend,Charred Passage,The Dark Passage · Seasonal collection,Java Temanggung Medium Natural 50% | Java Preanger Medium Honey 25% | Temanggung Dark Washed 25%,Medium,"Dari kegelapan yang menjaga bara tetap hidup, blend ini mempertemukan biji-biji dari Java Temanggung serta Java Preanger serta Temanggung dalam sebuah komposisi yang menceritakan kekayaan dataran Nusantara. Diproses dengan metode Natural dan Honey, menghadirkan nuansa berry jam, molasses, prune yang bersih namun penuh kedalaman. Diciptakan untuk jiwa-jiwa yang memahami bahwa perjalanan terbaik dimulai dari yang paling sunyi.",Round,Java Temanggung (Medium / Natural): 500g (50%) | Java Preanger (Medium / Honey): 250g (25%) | Temanggung (Dark / Washed): 250g (25%) | total: 1000g,Best for Moka Pot
S-WIN-139,Winter,The Dark Passage,Di mana perjalanan dimulai — dalam kegelapan yang menyimpan bara.,Seasonal Blend,Cracked Hollow,The Dark Passage · Seasonal collection,Java Puntang Medium Washed 45% | Flores Bajawa Medium Honey 35% | Sembalun Rinjani Dark Anaerobic 20%,Medium,"Ketika angin gunung membekukan jejak perjalanan, blend ini mempertemukan biji-biji dari Java Puntang serta Flores Bajawa serta Sembalun Rinjani dalam sebuah komposisi yang menceritakan kekayaan dataran Nusantara. Diproses dengan metode Washed dan Honey, menghadirkan nuansa brown sugar, black cherry, dried apricot yang bersih namun penuh kedalaman. Sebuah penghormatan kepada mereka yang tak takut melangkah dalam gelap.",Velvety,Java Puntang (Medium / Washed): 450g (45%) | Flores Bajawa (Medium / Honey): 350g (35%) | Sembalun Rinjani (Dark / Anaerobic): 200g (20%) | total: 1000g,Best for Moka Pot
S-WIN-140,Winter,The Dark Passage,Di mana perjalanan dimulai — dalam kegelapan yang menyimpan bara.,Seasonal Blend,Muted Rampart,The Dark Passage · Seasonal collection,Bali Kintamani Medium Honey 70% | Java Temanggung Medium Honey 30%,Medium,"Di singgahan terakhir sebelum salju menutup jalur, blend ini mempertemukan biji-biji dari Bali Kintamani serta Java Temanggung dalam sebuah komposisi yang menceritakan kekayaan dataran Nusantara. Diproses dengan metode Honey, menghadirkan nuansa maple syrup, honey, dried apricot yang bersih namun penuh kedalaman. Diciptakan untuk jiwa-jiwa yang memahami bahwa perjalanan terbaik dimulai dari yang paling sunyi.",Velvety,Bali Kintamani (Medium / Honey): 700g (70%) | Java Temanggung (Medium / Honey): 300g (30%) | total: 1000g,Best for Moka Pot
S-WIN-141,Winter,The Dark Passage,Di mana perjalanan dimulai — dalam kegelapan yang menyimpan bara.,Seasonal Blend,Buried Barracks,The Dark Passage · Seasonal collection,Kerinci Kayu Aro Light Honey 45% | Bengkulu Light WetHulled 35% | Flores Bajawa Light Honey 20%,Light,"Di singgahan terakhir sebelum salju menutup jalur, blend ini mempertemukan biji-biji dari Kerinci Kayu Aro serta Bengkulu serta Flores Bajawa dalam sebuah komposisi yang menceritakan kekayaan dataran Nusantara. Diproses dengan metode Honey dan WetHulled, menghadirkan nuansa honeysuckle, tobacco leaf, white grape yang bersih namun penuh kedalaman. Sebuah penghormatan kepada mereka yang tak takut melangkah dalam gelap.",Tea-like,Kerinci Kayu Aro (Light / Honey): 450g (45%) | Bengkulu (Light / WetHulled): 350g (35%) | Flores Bajawa (Light / Honey): 200g (20%) | total: 1000g,Cocok untuk AeroPress
S-WIN-142,Winter,The Dark Passage,Di mana perjalanan dimulai — dalam kegelapan yang menyimpan bara.,Seasonal Blend,Hushed Threshold,The Dark Passage · Seasonal collection,Java Puntang Light Anaerobic 40% | Solok Radjo Light WetHulled 35% | Bengkulu Light SemiWashed 25%,Light,"Dalam keheningan malam di antara dua puncak, blend ini mempertemukan biji-biji dari Java Puntang serta Solok Radjo serta Bengkulu dalam sebuah komposisi yang menceritakan kekayaan dataran Nusantara. Diproses dengan metode Anaerobic dan WetHulled, menghadirkan nuansa passion fruit, tobacco leaf, mandarin yang bersih namun penuh kedalaman. Diciptakan untuk jiwa-jiwa yang memahami bahwa perjalanan terbaik dimulai dari yang paling sunyi.",Clean,Java Puntang (Light / Anaerobic): 400g (40%) | Solok Radjo (Light / WetHulled): 350g (35%) | Bengkulu (Light / SemiWashed): 250g (25%) | total: 1000g,Cocok untuk AeroPress
S-WIN-143,Winter,The Dark Passage,Di mana perjalanan dimulai — dalam kegelapan yang menyimpan bara.,Seasonal Blend,Bitter Quarters,The Dark Passage · Seasonal collection,Lampung Robusta Premium Medium Anaerobic 45% | Bali Kintamani Dark SemiWashed 55%,Dark,"Seperti api yang tak kunjung padam di pos terakhir, blend ini mempertemukan biji-biji dari Lampung Robusta Premium serta Bali Kintamani dalam sebuah komposisi yang menceritakan kekayaan dataran Nusantara. Diproses dengan metode Anaerobic dan SemiWashed, menghadirkan nuansa cacao nib, fermented fruit, walnut yang bersih namun penuh kedalaman. Blend yang diracik bagi mereka yang menghargai keberanian sebuah permulaan.",Thick,Lampung Robusta Premium (Medium / Anaerobic): 450g (45%) | Bali Kintamani (Dark / SemiWashed): 550g (55%) | total: 1000g,Ideal untuk Ristretto
S-WIN-144,Winter,The Dark Passage,Di mana perjalanan dimulai — dalam kegelapan yang menyimpan bara.,Seasonal Blend,Ancient Hollow,The Dark Passage · Seasonal collection,Java Puntang Light Anaerobic 60% | Sembalun Rinjani Light Honey 25% | Dampit Malang Dark Natural 15%,Light,"Di singgahan terakhir sebelum salju menutup jalur, blend ini mempertemukan biji-biji dari Java Puntang serta Sembalun Rinjani serta Dampit Malang dalam sebuah komposisi yang menceritakan kekayaan dataran Nusantara. Diproses dengan metode Anaerobic dan Honey, menghadirkan nuansa espresso, floral, honeysuckle yang bersih namun penuh kedalaman. Diciptakan untuk jiwa-jiwa yang memahami bahwa perjalanan terbaik dimulai dari yang paling sunyi.",Delicate,Java Puntang (Light / Anaerobic): 600g (60%) | Sembalun Rinjani (Light / Honey): 250g (25%) | Dampit Malang (Dark / Natural): 150g (15%) | total: 1000g,Best for V60
S-WIN-145,Winter,The Dark Passage,Di mana perjalanan dimulai — dalam kegelapan yang menyimpan bara.,Seasonal Blend,Forgotten Rampart,The Dark Passage · Seasonal collection,Papua Wamena Medium WetHulled 40% | Sembalun Rinjani Medium WetHulled 35% | Java Ciwidey Light Honey 25%,Medium,"Di singgahan terakhir sebelum salju menutup jalur, blend ini mempertemukan biji-biji dari Papua Wamena serta Sembalun Rinjani serta Java Ciwidey dalam sebuah komposisi yang menceritakan kekayaan dataran Nusantara. Diproses dengan metode WetHulled dan Honey, menghadirkan nuansa leather, floral, woody yang bersih namun penuh kedalaman. Sebuah penghormatan kepada mereka yang tak takut melangkah dalam gelap.",Smooth,Papua Wamena (Medium / WetHulled): 400g (40%) | Sembalun Rinjani (Medium / WetHulled): 350g (35%) | Java Ciwidey (Light / Honey): 250g (25%) | total: 1000g,Cocok untuk French Press & Espresso
S-WIN-146,Winter,The Dark Passage,Di mana perjalanan dimulai — dalam kegelapan yang menyimpan bara.,Seasonal Blend,Silent Waystation,The Dark Passage · Seasonal collection,Arjuno Dark Washed 45% | Lampung Robusta Premium Light Washed 35% | Java Ciwidey Light Honey 20%,Medium,"Dalam keheningan malam di antara dua puncak, blend ini mempertemukan biji-biji dari Arjuno serta Lampung Robusta Premium serta Java Ciwidey dalam sebuah komposisi yang menceritakan kekayaan dataran Nusantara. Diproses dengan metode Washed dan Honey, menghadirkan nuansa apricot, bitter chocolate, dark roast yang bersih namun penuh kedalaman. Untuk setiap ekspeditor yang pernah menemukan kehangatan di tempat yang paling dingin.",Smooth,Arjuno (Dark / Washed): 450g (45%) | Lampung Robusta Premium (Light / Washed): 350g (35%) | Java Ciwidey (Light / Honey): 200g (20%) | total: 1000g,Cocok untuk French Press & Espresso
S-WIN-147,Winter,The Dark Passage,Di mana perjalanan dimulai — dalam kegelapan yang menyimpan bara.,Seasonal Blend,Hushed Shelter,The Dark Passage · Seasonal collection,Toraja Kalosi Dark WetHulled 50% | Java Preanger Dark SemiWashed 50%,Dark,"Dari kegelapan yang menjaga bara tetap hidup, blend ini mempertemukan biji-biji dari Toraja Kalosi serta Java Preanger dalam sebuah komposisi yang menceritakan kekayaan dataran Nusantara. Diproses dengan metode WetHulled dan SemiWashed, menghadirkan nuansa roasted grain, bark, clove yang bersih namun penuh kedalaman. Diciptakan untuk jiwa-jiwa yang memahami bahwa perjalanan terbaik dimulai dari yang paling sunyi.",Full Body,Toraja Kalosi (Dark / WetHulled): 500g (50%) | Java Preanger (Dark / SemiWashed): 500g (50%) | total: 1000g,Ideal untuk Ristretto
S-WIN-148,Winter,The Dark Passage,Di mana perjalanan dimulai — dalam kegelapan yang menyimpan bara.,Seasonal Blend,Smoldering Citadel,The Dark Passage · Seasonal collection,Temanggung Dark SemiWashed 70% | Arjuno Dark Washed 30%,Dark,"Di singgahan terakhir sebelum salju menutup jalur, blend ini mempertemukan biji-biji dari Temanggung serta Arjuno dalam sebuah komposisi yang menceritakan kekayaan dataran Nusantara. Diproses dengan metode SemiWashed dan Washed, menghadirkan nuansa roasted grain, smoky caramel, molasses yang bersih namun penuh kedalaman. Untuk setiap ekspeditor yang pernah menemukan kehangatan di tempat yang paling dingin.",Heavy Body,Temanggung (Dark / SemiWashed): 700g (70%) | Arjuno (Dark / Washed): 300g (30%) | total: 1000g,Cocok untuk Cold Brew
S-WIN-149,Winter,The Dark Passage,Di mana perjalanan dimulai — dalam kegelapan yang menyimpan bara.,Seasonal Blend,Rugged Lodge,The Dark Passage · Seasonal collection,Java Puntang Light Natural 50% | Temanggung Medium Wine 30% | Arjuno Light Anaerobic 20%,Light,"Bagi para ekspeditor yang melewati malam terpanjang, blend ini mempertemukan biji-biji dari Java Puntang serta Temanggung serta Arjuno dalam sebuah komposisi yang menceritakan kekayaan dataran Nusantara. Diproses dengan metode Natural dan Wine, menghadirkan nuansa blueberry, tropical fruit, watermelon yang bersih namun penuh kedalaman. Diciptakan untuk jiwa-jiwa yang memahami bahwa perjalanan terbaik dimulai dari yang paling sunyi.",Silky,Java Puntang (Light / Natural): 500g (50%) | Temanggung (Medium / Wine): 300g (30%) | Arjuno (Light / Anaerobic): 200g (20%) | total: 1000g,Pour Over Recommended
S-WIN-150,Winter,The Dark Passage,Di mana perjalanan dimulai — dalam kegelapan yang menyimpan bara.,Seasonal Blend,Windswept Depot,The Dark Passage · Seasonal collection,Aceh Gayo Light Anaerobic 55% | Aceh Gayo Medium WetHulled 30% | Flores Manggarai Dark Natural 15%,Light,"Dalam keheningan malam di antara dua puncak, blend ini mempertemukan biji-biji dari Aceh Gayo serta Aceh Gayo serta Flores Manggarai dalam sebuah komposisi yang menceritakan kekayaan dataran Nusantara. Diproses dengan metode Anaerobic dan WetHulled, menghadirkan nuansa cola, leather, mushroom yang bersih namun penuh kedalaman. Untuk setiap ekspeditor yang pernah menemukan kehangatan di tempat yang paling dingin.",Silky,Aceh Gayo (Light / Anaerobic): 550g (55%) | Aceh Gayo (Medium / WetHulled): 300g (30%) | Flores Manggarai (Dark / Natural): 150g (15%) | total: 1000g,Ideal for Chemex
S-WIN-151,Winter,The Dark Passage,Di mana perjalanan dimulai — dalam kegelapan yang menyimpan bara.,Seasonal Blend,Iron Crossing,The Dark Passage · Seasonal collection,Lampung Robusta Premium Light Washed 65% | Lampung Robusta Premium Medium Anaerobic 35%,Light,"Bagi para ekspeditor yang melewati malam terpanjang, blend ini mempertemukan biji-biji dari Lampung Robusta Premium serta Lampung Robusta Premium dalam sebuah komposisi yang menceritakan kekayaan dataran Nusantara. Diproses dengan metode Washed dan Anaerobic, menghadirkan nuansa peach, bergamot, tamarind yang bersih namun penuh kedalaman. Blend yang diracik bagi mereka yang menghargai keberanian sebuah permulaan.",Tea-like,Lampung Robusta Premium (Light / Washed): 650g (65%) | Lampung Robusta Premium (Medium / Anaerobic): 350g (35%) | total: 1000g,Best for V60
S-WIN-152,Winter,The Dark Passage,Di mana perjalanan dimulai — dalam kegelapan yang menyimpan bara.,Seasonal Blend,Buried Sanctum,The Dark Passage · Seasonal collection,Java Sindoro Medium WetHulled 70% | Bali Kintamani Light Anaerobic 30%,Medium,"Seperti api yang tak kunjung padam di pos terakhir, blend ini mempertemukan biji-biji dari Java Sindoro serta Bali Kintamani dalam sebuah komposisi yang menceritakan kekayaan dataran Nusantara. Diproses dengan metode WetHulled dan Anaerobic, menghadirkan nuansa rum raisin, cola, mushroom yang bersih namun penuh kedalaman. Blend yang diracik bagi mereka yang menghargai keberanian sebuah permulaan.",Balanced,Java Sindoro (Medium / WetHulled): 700g (70%) | Bali Kintamani (Light / Anaerobic): 300g (30%) | total: 1000g,Versatile for Espresso & Filter
S-WIN-153,Winter,The Dark Passage,Di mana perjalanan dimulai — dalam kegelapan yang menyimpan bara.,Seasonal Blend,Iron Den,The Dark Passage · Seasonal collection,Dampit Malang Medium Wine 50% | Mandheling Dark Natural 25% | Solok Radjo Light Anaerobic 25%,Medium,"Bagi para ekspeditor yang melewati malam terpanjang, blend ini mempertemukan biji-biji dari Dampit Malang serta Mandheling serta Solok Radjo dalam sebuah komposisi yang menceritakan kekayaan dataran Nusantara. Diproses dengan metode Wine dan Natural, menghadirkan nuansa rum raisin, raspberry, cola yang bersih namun penuh kedalaman. Blend yang diracik bagi mereka yang menghargai keberanian sebuah permulaan.",Medium Body,Dampit Malang (Medium / Wine): 500g (50%) | Mandheling (Dark / Natural): 250g (25%) | Solok Radjo (Light / Anaerobic): 250g (25%) | total: 1000g,Best for Moka Pot
S-WIN-154,Winter,The Dark Passage,Di mana perjalanan dimulai — dalam kegelapan yang menyimpan bara.,Seasonal Blend,Scorched Citadel,The Dark Passage · Seasonal collection,Bengkulu Dark Natural 40% | Dampit Malang Medium Natural 35% | Arjuno Light Honey 25%,Medium,"Seperti api yang tak kunjung padam di pos terakhir, blend ini mempertemukan biji-biji dari Bengkulu serta Dampit Malang serta Arjuno dalam sebuah komposisi yang menceritakan kekayaan dataran Nusantara. Diproses dengan metode Natural dan Honey, menghadirkan nuansa floral, pear, nectarine yang bersih namun penuh kedalaman. Blend yang diracik bagi mereka yang menghargai keberanian sebuah permulaan.",Medium Body,Bengkulu (Dark / Natural): 400g (40%) | Dampit Malang (Medium / Natural): 350g (35%) | Arjuno (Light / Honey): 250g (25%) | total: 1000g,Best for Moka Pot
S-WIN-155,Winter,The Dark Passage,Di mana perjalanan dimulai — dalam kegelapan yang menyimpan bara.,Seasonal Blend,Dimmed Garrison,The Dark Passage · Seasonal collection,Java Preanger Light Anaerobic 60% | Bengkulu Medium Honey 40%,Light,"Dalam keheningan malam di antara dua puncak, blend ini mempertemukan biji-biji dari Java Preanger serta Bengkulu dalam sebuah komposisi yang menceritakan kekayaan dataran Nusantara. Diproses dengan metode Anaerobic dan Honey, menghadirkan nuansa dried apricot, cola, honey yang bersih namun penuh kedalaman. Sebuah penghormatan kepada mereka yang tak takut melangkah dalam gelap.",Delicate,Java Preanger (Light / Anaerobic): 600g (60%) | Bengkulu (Medium / Honey): 400g (40%) | total: 1000g,Best for V60
S-WIN-156,Winter,The Dark Passage,Di mana perjalanan dimulai — dalam kegelapan yang menyimpan bara.,Seasonal Blend,Veiled Outpost,The Dark Passage · Seasonal collection,Papua Wamena Light Washed 40% | Java Ciwidey Light Wine 60%,Light,"Dalam keheningan malam di antara dua puncak, blend ini mempertemukan biji-biji dari Papua Wamena serta Java Ciwidey dalam sebuah komposisi yang menceritakan kekayaan dataran Nusantara. Diproses dengan metode Washed dan Wine, menghadirkan nuansa jasmine, grape must, peach yang bersih namun penuh kedalaman. Diciptakan untuk jiwa-jiwa yang memahami bahwa perjalanan terbaik dimulai dari yang paling sunyi.",Silky,Papua Wamena (Light / Washed): 400g (40%) | Java Ciwidey (Light / Wine): 600g (60%) | total: 1000g,Ideal for Chemex
S-WIN-157,Winter,The Dark Passage,Di mana perjalanan dimulai — dalam kegelapan yang menyimpan bara.,Seasonal Blend,Scorched Alcove,The Dark Passage · Seasonal collection,Mandheling Dark Washed 55% | Semeru Medium Honey 30% | Lampung Robusta Premium Light Wine 15%,Medium,"Dalam keheningan malam di antara dua puncak, blend ini mempertemukan biji-biji dari Mandheling serta Semeru serta Lampung Robusta Premium dalam sebuah komposisi yang menceritakan kekayaan dataran Nusantara. Diproses dengan metode Washed dan Honey, menghadirkan nuansa bitter chocolate, grape must, wine yang bersih namun penuh kedalaman. Sebuah penghormatan kepada mereka yang tak takut melangkah dalam gelap.",Smooth,Mandheling (Dark / Washed): 550g (55%) | Semeru (Medium / Honey): 300g (30%) | Lampung Robusta Premium (Light / Wine): 150g (15%) | total: 1000g,Cocok untuk French Press & Espresso
S-WIN-158,Winter,The Dark Passage,Di mana perjalanan dimulai — dalam kegelapan yang menyimpan bara.,Seasonal Blend,Faded Stronghold,The Dark Passage · Seasonal collection,Java Sindoro Dark Washed 55% | Java Puntang Dark Wine 45%,Dark,"Dalam keheningan malam di antara dua puncak, blend ini mempertemukan biji-biji dari Java Sindoro serta Java Puntang dalam sebuah komposisi yang menceritakan kekayaan dataran Nusantara. Diproses dengan metode Washed dan Wine, menghadirkan nuansa smoked plum, dark roast, molasses yang bersih namun penuh kedalaman. Untuk setiap ekspeditor yang pernah menemukan kehangatan di tempat yang paling dingin.",Heavy Body,Java Sindoro (Dark / Washed): 550g (55%) | Java Puntang (Dark / Wine): 450g (45%) | total: 1000g,Best for Batch Brew
S-WIN-159,Winter,The Dark Passage,Di mana perjalanan dimulai — dalam kegelapan yang menyimpan bara.,Seasonal Blend,Buried Garrison,The Dark Passage · Seasonal collection,Mandheling Medium Honey 65% | Semeru Medium Natural 35%,Medium,"Dalam keheningan malam di antara dua puncak, blend ini mempertemukan biji-biji dari Mandheling serta Semeru dalam sebuah komposisi yang menceritakan kekayaan dataran Nusantara. Diproses dengan metode Honey dan Natural, menghadirkan nuansa dark chocolate, berry jam, molasses yang bersih namun penuh kedalaman. Sebuah penghormatan kepada mereka yang tak takut melangkah dalam gelap.",Balanced,Mandheling (Medium / Honey): 650g (65%) | Semeru (Medium / Natural): 350g (35%) | total: 1000g,Versatile for Espresso & Filter
S-WIN-160,Winter,The Dark Passage,Di mana perjalanan dimulai — dalam kegelapan yang menyimpan bara.,Seasonal Blend,Hollow Station,The Dark Passage · Seasonal collection,Wanoja Kamojang Dark Honey 60% | Aceh Gayo Light SemiWashed 25% | Java Sindoro Medium Honey 15%,Medium,"Ketika angin gunung membekukan jejak perjalanan, blend ini mempertemukan biji-biji dari Wanoja Kamojang serta Aceh Gayo serta Java Sindoro dalam sebuah komposisi yang menceritakan kekayaan dataran Nusantara. Diproses dengan metode Honey dan SemiWashed, menghadirkan nuansa maple syrup, toffee, dried apricot yang bersih namun penuh kedalaman. Sebuah penghormatan kepada mereka yang tak takut melangkah dalam gelap.",Balanced,Wanoja Kamojang (Dark / Honey): 600g (60%) | Aceh Gayo (Light / SemiWashed): 250g (25%) | Java Sindoro (Medium / Honey): 150g (15%) | total: 1000g,Cocok untuk French Press & Espresso
S-WIN-161,Winter,The Dark Passage,Di mana perjalanan dimulai — dalam kegelapan yang menyimpan bara.,Seasonal Blend,Faded Lodge,The Dark Passage · Seasonal collection,Java Preanger Dark Wine 45% | Sidikalang Dark Washed 55%,Dark,"Ketika angin gunung membekukan jejak perjalanan, blend ini mempertemukan biji-biji dari Java Preanger serta Sidikalang dalam sebuah komposisi yang menceritakan kekayaan dataran Nusantara. Diproses dengan metode Wine dan Washed, menghadirkan nuansa dark espresso, tobacco, smoky caramel yang bersih namun penuh kedalaman. Sebuah penghormatan kepada mereka yang tak takut melangkah dalam gelap.",Full Body,Java Preanger (Dark / Wine): 450g (45%) | Sidikalang (Dark / Washed): 550g (55%) | total: 1000g,Best for Batch Brew
S-WIN-162,Winter,The Dark Passage,Di mana perjalanan dimulai — dalam kegelapan yang menyimpan bara.,Seasonal Blend,Iron Bivouac,The Dark Passage · Seasonal collection,Solok Radjo Dark WetHulled 60% | Sembalun Rinjani Light WetHulled 40%,Medium,"Dalam keheningan malam di antara dua puncak, blend ini mempertemukan biji-biji dari Solok Radjo serta Sembalun Rinjani dalam sebuah komposisi yang menceritakan kekayaan dataran Nusantara. Diproses dengan metode WetHulled, menghadirkan nuansa herb, peat, cedar yang bersih namun penuh kedalaman. Diciptakan untuk jiwa-jiwa yang memahami bahwa perjalanan terbaik dimulai dari yang paling sunyi.",Velvety,Solok Radjo (Dark / WetHulled): 600g (60%) | Sembalun Rinjani (Light / WetHulled): 400g (40%) | total: 1000g,Cocok untuk French Press & Espresso
S-WIN-163,Winter,The Dark Passage,Di mana perjalanan dimulai — dalam kegelapan yang menyimpan bara.,Seasonal Blend,Midnight Watchtower,The Dark Passage · Seasonal collection,Wanoja Kamojang Medium Wine 40% | Wanoja Kamojang Dark Natural 60%,Dark,"Bagi para ekspeditor yang melewati malam terpanjang, blend ini mempertemukan biji-biji dari Wanoja Kamojang serta Wanoja Kamojang dalam sebuah komposisi yang menceritakan kekayaan dataran Nusantara. Diproses dengan metode Wine dan Natural, menghadirkan nuansa roasted grape, port wine, dark berry yang bersih namun penuh kedalaman. Blend yang diracik bagi mereka yang menghargai keberanian sebuah permulaan.",Bold,Wanoja Kamojang (Medium / Wine): 400g (40%) | Wanoja Kamojang (Dark / Natural): 600g (60%) | total: 1000g,Cocok untuk Cold Brew
S-WIN-164,Winter,The Dark Passage,Di mana perjalanan dimulai — dalam kegelapan yang menyimpan bara.,Seasonal Blend,Hushed Hearth,The Dark Passage · Seasonal collection,Toraja Sapan Dark Honey 50% | Arjuno Medium Natural 25% | Flores Manggarai Light SemiWashed 25%,Medium,"Dari kegelapan yang menjaga bara tetap hidup, blend ini mempertemukan biji-biji dari Toraja Sapan serta Arjuno serta Flores Manggarai dalam sebuah komposisi yang menceritakan kekayaan dataran Nusantara. Diproses dengan metode Honey dan Natural, menghadirkan nuansa prune, dark sugar, dark chocolate yang bersih namun penuh kedalaman. Untuk setiap ekspeditor yang pernah menemukan kehangatan di tempat yang paling dingin.",Velvety,Toraja Sapan (Dark / Honey): 500g (50%) | Arjuno (Medium / Natural): 250g (25%) | Flores Manggarai (Light / SemiWashed): 250g (25%) | total: 1000g,Best for Moka Pot
S-WIN-165,Winter,The Dark Passage,Di mana perjalanan dimulai — dalam kegelapan yang menyimpan bara.,Seasonal Blend,Heavy Waystation,The Dark Passage · Seasonal collection,Papua Dogiyai Medium Anaerobic 60% | Lintong Onan Dark Honey 25% | Solok Radjo Medium Anaerobic 15%,Medium,"Ketika angin gunung membekukan jejak perjalanan, blend ini mempertemukan biji-biji dari Papua Dogiyai serta Lintong Onan serta Solok Radjo dalam sebuah komposisi yang menceritakan kekayaan dataran Nusantara. Diproses dengan metode Anaerobic dan Honey, menghadirkan nuansa burnt caramel, fermented fruit, toffee yang bersih namun penuh kedalaman. Blend yang diracik bagi mereka yang menghargai keberanian sebuah permulaan.",Velvety,Papua Dogiyai (Medium / Anaerobic): 600g (60%) | Lintong Onan (Dark / Honey): 250g (25%) | Solok Radjo (Medium / Anaerobic): 150g (15%) | total: 1000g,Best for Moka Pot
S-WIN-166,Winter,The Dark Passage,Di mana perjalanan dimulai — dalam kegelapan yang menyimpan bara.,Seasonal Blend,Dimmed Lodge,The Dark Passage · Seasonal collection,Toraja Sapan Dark Anaerobic 55% | Java Puntang Medium SemiWashed 30% | Lampung Robusta Premium Dark Natural 15%,Dark,"Seperti api yang tak kunjung padam di pos terakhir, blend ini mempertemukan biji-biji dari Toraja Sapan serta Java Puntang serta Lampung Robusta Premium dalam sebuah komposisi yang menceritakan kekayaan dataran Nusantara. Diproses dengan metode Anaerobic dan SemiWashed, menghadirkan nuansa licorice, roasted nut, milk caramel yang bersih namun penuh kedalaman. Sebuah penghormatan kepada mereka yang tak takut melangkah dalam gelap.",Full Body,Toraja Sapan (Dark / Anaerobic): 550g (55%) | Java Puntang (Medium / SemiWashed): 300g (30%) | Lampung Robusta Premium (Dark / Natural): 150g (15%) | total: 1000g,Best for Batch Brew
S-WIN-167,Winter,The Dark Passage,Di mana perjalanan dimulai — dalam kegelapan yang menyimpan bara.,Seasonal Blend,Bitter Crossing,The Dark Passage · Seasonal collection,Papua Dogiyai Medium Honey 50% | Papua Wamena Medium Natural 30% | Arjuno Medium SemiWashed 20%,Medium,"Dalam keheningan malam di antara dua puncak, blend ini mempertemukan biji-biji dari Papua Dogiyai serta Papua Wamena serta Arjuno dalam sebuah komposisi yang menceritakan kekayaan dataran Nusantara. Diproses dengan metode Honey dan Natural, menghadirkan nuansa dark chocolate, molasses, macadamia yang bersih namun penuh kedalaman. Sebuah penghormatan kepada mereka yang tak takut melangkah dalam gelap.",Balanced,Papua Dogiyai (Medium / Honey): 500g (50%) | Papua Wamena (Medium / Natural): 300g (30%) | Arjuno (Medium / SemiWashed): 200g (20%) | total: 1000g,Versatile for Espresso & Filter
S-WIN-168,Winter,The Dark Passage,Di mana perjalanan dimulai — dalam kegelapan yang menyimpan bara.,Seasonal Blend,Ashen Watchtower,The Dark Passage · Seasonal collection,Bengkulu Dark Wine 70% | Bali Kintamani Dark Honey 30%,Dark,"Di singgahan terakhir sebelum salju menutup jalur, blend ini mempertemukan biji-biji dari Bengkulu serta Bali Kintamani dalam sebuah komposisi yang menceritakan kekayaan dataran Nusantara. Diproses dengan metode Wine dan Honey, menghadirkan nuansa toffee, smoked plum, tobacco yang bersih namun penuh kedalaman. Blend yang diracik bagi mereka yang menghargai keberanian sebuah permulaan.",Syrupy,Bengkulu (Dark / Wine): 700g (70%) | Bali Kintamani (Dark / Honey): 300g (30%) | total: 1000g,Best for Batch Brew
S-WIN-169,Winter,The Dark Passage,Di mana perjalanan dimulai — dalam kegelapan yang menyimpan bara.,Seasonal Blend,Windswept Lodge,The Dark Passage · Seasonal collection,Flores Manggarai Light Natural 50% | Java Preanger Dark Anaerobic 50%,Medium,"Di singgahan terakhir sebelum salju menutup jalur, blend ini mempertemukan biji-biji dari Flores Manggarai serta Java Preanger dalam sebuah komposisi yang menceritakan kekayaan dataran Nusantara. Diproses dengan metode Natural dan Anaerobic, menghadirkan nuansa watermelon, black cherry, blueberry yang bersih namun penuh kedalaman. Blend yang diracik bagi mereka yang menghargai keberanian sebuah permulaan.",Velvety,Flores Manggarai (Light / Natural): 500g (50%) | Java Preanger (Dark / Anaerobic): 500g (50%) | total: 1000g,Versatile for Espresso & Filter
S-WIN-170,Winter,The Dark Passage,Di mana perjalanan dimulai — dalam kegelapan yang menyimpan bara.,Seasonal Blend,Darkened Rampart,The Dark Passage · Seasonal collection,Sidikalang Medium SemiWashed 55% | Dampit Malang Dark SemiWashed 45%,Medium,"Ketika angin gunung membekukan jejak perjalanan, blend ini mempertemukan biji-biji dari Sidikalang serta Dampit Malang dalam sebuah komposisi yang menceritakan kekayaan dataran Nusantara. Diproses dengan metode SemiWashed, menghadirkan nuansa intense spice, roasted nut, walnut yang bersih namun penuh kedalaman. Untuk setiap ekspeditor yang pernah menemukan kehangatan di tempat yang paling dingin.",Velvety,Sidikalang (Medium / SemiWashed): 550g (55%) | Dampit Malang (Dark / SemiWashed): 450g (45%) | total: 1000g,Best for Moka Pot
S-WIN-171,Winter,The Dark Passage,Di mana perjalanan dimulai — dalam kegelapan yang menyimpan bara.,Seasonal Blend,Heavy Crossing,The Dark Passage · Seasonal collection,Java Temanggung Dark WetHulled 60% | Temanggung Dark Washed 40%,Dark,"Seperti api yang tak kunjung padam di pos terakhir, blend ini mempertemukan biji-biji dari Java Temanggung serta Temanggung dalam sebuah komposisi yang menceritakan kekayaan dataran Nusantara. Diproses dengan metode WetHulled dan Washed, menghadirkan nuansa intense earth, bark, dark roast yang bersih namun penuh kedalaman. Sebuah penghormatan kepada mereka yang tak takut melangkah dalam gelap.",Bold,Java Temanggung (Dark / WetHulled): 600g (60%) | Temanggung (Dark / Washed): 400g (40%) | total: 1000g,Ideal untuk Ristretto
S-WIN-172,Winter,The Dark Passage,Di mana perjalanan dimulai — dalam kegelapan yang menyimpan bara.,Seasonal Blend,Ember Keep,The Dark Passage · Seasonal collection,Semeru Dark Wine 60% | Toraja Kalosi Light Washed 25% | Sidikalang Light WetHulled 15%,Medium,"Bagi para ekspeditor yang melewati malam terpanjang, blend ini mempertemukan biji-biji dari Semeru serta Toraja Kalosi serta Sidikalang dalam sebuah komposisi yang menceritakan kekayaan dataran Nusantara. Diproses dengan metode Wine dan Washed, menghadirkan nuansa lemon zest, tobacco, cedar yang bersih namun penuh kedalaman. Untuk setiap ekspeditor yang pernah menemukan kehangatan di tempat yang paling dingin.",Velvety,Semeru (Dark / Wine): 600g (60%) | Toraja Kalosi (Light / Washed): 250g (25%) | Sidikalang (Light / WetHulled): 150g (15%) | total: 1000g,Versatile for Espresso & Filter
S-WIN-173,Winter,The Dark Passage,Di mana perjalanan dimulai — dalam kegelapan yang menyimpan bara.,Seasonal Blend,Frosted Watchtower,The Dark Passage · Seasonal collection,Toraja Sapan Medium Anaerobic 50% | Sidikalang Medium WetHulled 25% | Papua Dogiyai Dark Natural 25%,Medium,"Dalam keheningan malam di antara dua puncak, blend ini mempertemukan biji-biji dari Toraja Sapan serta Sidikalang serta Papua Dogiyai dalam sebuah komposisi yang menceritakan kekayaan dataran Nusantara. Diproses dengan metode Anaerobic dan WetHulled, menghadirkan nuansa earthy, tar, dark berry yang bersih namun penuh kedalaman. Untuk setiap ekspeditor yang pernah menemukan kehangatan di tempat yang paling dingin.",Smooth,Toraja Sapan (Medium / Anaerobic): 500g (50%) | Sidikalang (Medium / WetHulled): 250g (25%) | Papua Dogiyai (Dark / Natural): 250g (25%) | total: 1000g,Versatile for Espresso & Filter
S-WIN-174,Winter,The Dark Passage,Di mana perjalanan dimulai — dalam kegelapan yang menyimpan bara.,Seasonal Blend,Ashen Hollow,The Dark Passage · Seasonal collection,Mandheling Light Natural 40% | Semeru Light Honey 60%,Light,"Dari kegelapan yang menjaga bara tetap hidup, blend ini mempertemukan biji-biji dari Mandheling serta Semeru dalam sebuah komposisi yang menceritakan kekayaan dataran Nusantara. Diproses dengan metode Natural dan Honey, menghadirkan nuansa blueberry, honeysuckle, white grape yang bersih namun penuh kedalaman. Untuk setiap ekspeditor yang pernah menemukan kehangatan di tempat yang paling dingin.",Clean,Mandheling (Light / Natural): 400g (40%) | Semeru (Light / Honey): 600g (60%) | total: 1000g,Ideal for Chemex
S-WIN-175,Winter,The Dark Passage,Di mana perjalanan dimulai — dalam kegelapan yang menyimpan bara.,Seasonal Blend,Hushed Encampment,The Dark Passage · Seasonal collection,Java Manglayang Dark Washed 55% | Aceh Gayo Light Wine 30% | Lampung Robusta Premium Medium Wine 15%,Medium,"Ketika angin gunung membekukan jejak perjalanan, blend ini mempertemukan biji-biji dari Java Manglayang serta Aceh Gayo serta Lampung Robusta Premium dalam sebuah komposisi yang menceritakan kekayaan dataran Nusantara. Diproses dengan metode Washed dan Wine, menghadirkan nuansa molasses, grape must, blackcurrant yang bersih namun penuh kedalaman. Sebuah penghormatan kepada mereka yang tak takut melangkah dalam gelap.",Smooth,Java Manglayang (Dark / Washed): 550g (55%) | Aceh Gayo (Light / Wine): 300g (30%) | Lampung Robusta Premium (Medium / Wine): 150g (15%) | total: 1000g,Versatile for Espresso & Filter
S-WIN-176,Winter,The Dark Passage,Di mana perjalanan dimulai — dalam kegelapan yang menyimpan bara.,Seasonal Blend,Buried Stronghold,The Dark Passage · Seasonal collection,Temanggung Light Honey 65% | Java Preanger Medium SemiWashed 35%,Light,"Dari kegelapan yang menjaga bara tetap hidup, blend ini mempertemukan biji-biji dari Temanggung serta Java Preanger dalam sebuah komposisi yang menceritakan kekayaan dataran Nusantara. Diproses dengan metode Honey dan SemiWashed, menghadirkan nuansa floral, milk caramel, roasted nut yang bersih namun penuh kedalaman. Sebuah penghormatan kepada mereka yang tak takut melangkah dalam gelap.",Light Body,Temanggung (Light / Honey): 650g (65%) | Java Preanger (Medium / SemiWashed): 350g (35%) | total: 1000g,Best for V60
S-WIN-177,Winter,The Dark Passage,Di mana perjalanan dimulai — dalam kegelapan yang menyimpan bara.,Seasonal Blend,Ashen Passage,The Dark Passage · Seasonal collection,Toraja Sapan Medium Wine 55% | Java Preanger Medium Honey 45%,Medium,"Dalam keheningan malam di antara dua puncak, blend ini mempertemukan biji-biji dari Toraja Sapan serta Java Preanger dalam sebuah komposisi yang menceritakan kekayaan dataran Nusantara. Diproses dengan metode Wine dan Honey, menghadirkan nuansa dark plum, maple syrup, roasted grape yang bersih namun penuh kedalaman. Untuk setiap ekspeditor yang pernah menemukan kehangatan di tempat yang paling dingin.",Medium Body,Toraja Sapan (Medium / Wine): 550g (55%) | Java Preanger (Medium / Honey): 450g (45%) | total: 1000g,Versatile for Espresso & Filter
S-WIN-178,Winter,The Dark Passage,Di mana perjalanan dimulai — dalam kegelapan yang menyimpan bara.,Seasonal Blend,Frosted Bivouac,The Dark Passage · Seasonal collection,Flores Bajawa Medium Honey 50% | Lintong Onan Medium Honey 50%,Medium,"Dari kegelapan yang menjaga bara tetap hidup, blend ini mempertemukan biji-biji dari Flores Bajawa serta Lintong Onan dalam sebuah komposisi yang menceritakan kekayaan dataran Nusantara. Diproses dengan metode Honey, menghadirkan nuansa maple syrup, dried apricot, toffee yang bersih namun penuh kedalaman. Diciptakan untuk jiwa-jiwa yang memahami bahwa perjalanan terbaik dimulai dari yang paling sunyi.",Velvety,Flores Bajawa (Medium / Honey): 500g (50%) | Lintong Onan (Medium / Honey): 500g (50%) | total: 1000g,Cocok untuk French Press & Espresso
S-WIN-179,Winter,The Dark Passage,Di mana perjalanan dimulai — dalam kegelapan yang menyimpan bara.,Seasonal Blend,Iron Shelter,The Dark Passage · Seasonal collection,Java Puntang Light SemiWashed 40% | Sidikalang Medium Honey 35% | Flores Manggarai Light Wine 25%,Light,"Dalam keheningan malam di antara dua puncak, blend ini mempertemukan biji-biji dari Java Puntang serta Sidikalang serta Flores Manggarai dalam sebuah komposisi yang menceritakan kekayaan dataran Nusantara. Diproses dengan metode SemiWashed dan Honey, menghadirkan nuansa grape must, dark cherry, toffee yang bersih namun penuh kedalaman. Blend yang diracik bagi mereka yang menghargai keberanian sebuah permulaan.",Silky,Java Puntang (Light / SemiWashed): 400g (40%) | Sidikalang (Medium / Honey): 350g (35%) | Flores Manggarai (Light / Wine): 250g (25%) | total: 1000g,Best for V60
S-WIN-180,Winter,The Dark Passage,Di mana perjalanan dimulai — dalam kegelapan yang menyimpan bara.,Seasonal Blend,Faded Refuge,The Dark Passage · Seasonal collection,Sembalun Rinjani Dark Wine 55% | Java Garut Dark WetHulled 45%,Dark,"Di singgahan terakhir sebelum salju menutup jalur, blend ini mempertemukan biji-biji dari Sembalun Rinjani serta Java Garut dalam sebuah komposisi yang menceritakan kekayaan dataran Nusantara. Diproses dengan metode Wine dan WetHulled, menghadirkan nuansa intense earth, peat, dark tobacco yang bersih namun penuh kedalaman. Blend yang diracik bagi mereka yang menghargai keberanian sebuah permulaan.",Full Body,Sembalun Rinjani (Dark / Wine): 550g (55%) | Java Garut (Dark / WetHulled): 450g (45%) | total: 1000g,Best for Batch Brew
S-WIN-181,Winter,The Dark Passage,Di mana perjalanan dimulai — dalam kegelapan yang menyimpan bara.,Seasonal Blend,Rugged Stronghold,The Dark Passage · Seasonal collection,Semeru Dark Anaerobic 50% | Toraja Sapan Light Wine 25% | Bengkulu Light Natural 25%,Medium,"Dalam keheningan malam di antara dua puncak, blend ini mempertemukan biji-biji dari Semeru serta Toraja Sapan serta Bengkulu dalam sebuah komposisi yang menceritakan kekayaan dataran Nusantara. Diproses dengan metode Anaerobic dan Wine, menghadirkan nuansa blueberry, strawberry, smoke yang bersih namun penuh kedalaman. Diciptakan untuk jiwa-jiwa yang memahami bahwa perjalanan terbaik dimulai dari yang paling sunyi.",Round,Semeru (Dark / Anaerobic): 500g (50%) | Toraja Sapan (Light / Wine): 250g (25%) | Bengkulu (Light / Natural): 250g (25%) | total: 1000g,Cocok untuk French Press & Espresso
S-WIN-182,Winter,The Dark Passage,Di mana perjalanan dimulai — dalam kegelapan yang menyimpan bara.,Seasonal Blend,Darkened Lodge,The Dark Passage · Seasonal collection,Toraja Sapan Medium SemiWashed 45% | Java Sindoro Dark WetHulled 35% | Toraja Kalosi Medium Anaerobic 20%,Medium,"Di singgahan terakhir sebelum salju menutup jalur, blend ini mempertemukan biji-biji dari Toraja Sapan serta Java Sindoro serta Toraja Kalosi dalam sebuah komposisi yang menceritakan kekayaan dataran Nusantara. Diproses dengan metode SemiWashed dan WetHulled, menghadirkan nuansa vanilla, cacao nib, roasted nut yang bersih namun penuh kedalaman. Sebuah penghormatan kepada mereka yang tak takut melangkah dalam gelap.",Medium Body,Toraja Sapan (Medium / SemiWashed): 450g (45%) | Java Sindoro (Dark / WetHulled): 350g (35%) | Toraja Kalosi (Medium / Anaerobic): 200g (20%) | total: 1000g,Cocok untuk French Press & Espresso
S-WIN-183,Winter,The Dark Passage,Di mana perjalanan dimulai — dalam kegelapan yang menyimpan bara.,Seasonal Blend,Veiled Barracks,The Dark Passage · Seasonal collection,Kerinci Kayu Aro Dark SemiWashed 60% | Java Ijen Raung Light Anaerobic 25% | Sembalun Rinjani Medium WetHulled 15%,Medium,"Dalam keheningan malam di antara dua puncak, blend ini mempertemukan biji-biji dari Kerinci Kayu Aro serta Java Ijen Raung serta Sembalun Rinjani dalam sebuah komposisi yang menceritakan kekayaan dataran Nusantara. Diproses dengan metode SemiWashed dan Anaerobic, menghadirkan nuansa mushroom, leather, passion fruit yang bersih namun penuh kedalaman. Blend yang diracik bagi mereka yang menghargai keberanian sebuah permulaan.",Medium Body,Kerinci Kayu Aro (Dark / SemiWashed): 600g (60%) | Java Ijen Raung (Light / Anaerobic): 250g (25%) | Sembalun Rinjani (Medium / WetHulled): 150g (15%) | total: 1000g,Cocok untuk French Press & Espresso
S-WIN-184,Winter,The Dark Passage,Di mana perjalanan dimulai — dalam kegelapan yang menyimpan bara.,Seasonal Blend,Bitter Den,The Dark Passage · Seasonal collection,Temanggung Medium Anaerobic 60% | Java Garut Medium Wine 40%,Medium,"Dalam keheningan malam di antara dua puncak, blend ini mempertemukan biji-biji dari Temanggung serta Java Garut dalam sebuah komposisi yang menceritakan kekayaan dataran Nusantara. Diproses dengan metode Anaerobic dan Wine, menghadirkan nuansa cacao nib, tropical punch, espresso yang bersih namun penuh kedalaman. Sebuah penghormatan kepada mereka yang tak takut melangkah dalam gelap.",Medium Body,Temanggung (Medium / Anaerobic): 600g (60%) | Java Garut (Medium / Wine): 400g (40%) | total: 1000g,Best for Moka Pot
S-WIN-185,Winter,The Dark Passage,Di mana perjalanan dimulai — dalam kegelapan yang menyimpan bara.,Seasonal Blend,Blanketed Sanctum,The Dark Passage · Seasonal collection,Java Sindoro Dark WetHulled 45% | Toraja Sapan Medium Washed 35% | Semeru Light Anaerobic 20%,Medium,"Dari kegelapan yang menjaga bara tetap hidup, blend ini mempertemukan biji-biji dari Java Sindoro serta Toraja Sapan serta Semeru dalam sebuah komposisi yang menceritakan kekayaan dataran Nusantara. Diproses dengan metode WetHulled dan Washed, menghadirkan nuansa milk chocolate, brown sugar, lychee yang bersih namun penuh kedalaman. Diciptakan untuk jiwa-jiwa yang memahami bahwa perjalanan terbaik dimulai dari yang paling sunyi.",Balanced,Java Sindoro (Dark / WetHulled): 450g (45%) | Toraja Sapan (Medium / Washed): 350g (35%) | Semeru (Light / Anaerobic): 200g (20%) | total: 1000g,Versatile for Espresso & Filter
S-WIN-186,Winter,The Dark Passage,Di mana perjalanan dimulai — dalam kegelapan yang menyimpan bara.,Seasonal Blend,Muted Stronghold,The Dark Passage · Seasonal collection,Java Garut Medium Honey 40% | Aceh Gayo Light SemiWashed 35% | Java Sindoro Dark Wine 25%,Medium,"Bagi para ekspeditor yang melewati malam terpanjang, blend ini mempertemukan biji-biji dari Java Garut serta Aceh Gayo serta Java Sindoro dalam sebuah komposisi yang menceritakan kekayaan dataran Nusantara. Diproses dengan metode Honey dan SemiWashed, menghadirkan nuansa honey, aged wine, maple syrup yang bersih namun penuh kedalaman. Sebuah penghormatan kepada mereka yang tak takut melangkah dalam gelap.",Velvety,Java Garut (Medium / Honey): 400g (40%) | Aceh Gayo (Light / SemiWashed): 350g (35%) | Java Sindoro (Dark / Wine): 250g (25%) | total: 1000g,Versatile for Espresso & Filter
S-WIN-187,Winter,The Dark Passage,Di mana perjalanan dimulai — dalam kegelapan yang menyimpan bara.,Seasonal Blend,Frosted Redoubt,The Dark Passage · Seasonal collection,Lintong Onan Dark Natural 70% | Java Puntang Dark Honey 30%,Dark,"Seperti api yang tak kunjung padam di pos terakhir, blend ini mempertemukan biji-biji dari Lintong Onan serta Java Puntang dalam sebuah komposisi yang menceritakan kekayaan dataran Nusantara. Diproses dengan metode Natural dan Honey, menghadirkan nuansa tar, charcoal, smoked almond yang bersih namun penuh kedalaman. Sebuah penghormatan kepada mereka yang tak takut melangkah dalam gelap.",Thick,Lintong Onan (Dark / Natural): 700g (70%) | Java Puntang (Dark / Honey): 300g (30%) | total: 1000g,Ideal untuk Ristretto
S-WIN-188,Winter,The Dark Passage,Di mana perjalanan dimulai — dalam kegelapan yang menyimpan bara.,Seasonal Blend,Stormy Quarters,The Dark Passage · Seasonal collection,Solok Radjo Light Natural 45% | Sidikalang Medium Natural 55%,Light,"Dari kegelapan yang menjaga bara tetap hidup, blend ini mempertemukan biji-biji dari Solok Radjo serta Sidikalang dalam sebuah komposisi yang menceritakan kekayaan dataran Nusantara. Diproses dengan metode Natural, menghadirkan nuansa molasses, hibiscus, watermelon yang bersih namun penuh kedalaman. Sebuah penghormatan kepada mereka yang tak takut melangkah dalam gelap.",Light Body,Solok Radjo (Light / Natural): 450g (45%) | Sidikalang (Medium / Natural): 550g (55%) | total: 1000g,Ideal for Chemex
S-WIN-189,Winter,The Dark Passage,Di mana perjalanan dimulai — dalam kegelapan yang menyimpan bara.,Seasonal Blend,Charred Shelter,The Dark Passage · Seasonal collection,Semeru Medium Wine 45% | Bali Kintamani Medium WetHulled 55%,Medium,"Bagi para ekspeditor yang melewati malam terpanjang, blend ini mempertemukan biji-biji dari Semeru serta Bali Kintamani dalam sebuah komposisi yang menceritakan kekayaan dataran Nusantara. Diproses dengan metode Wine dan WetHulled, menghadirkan nuansa espresso, balsamic, mushroom yang bersih namun penuh kedalaman. Diciptakan untuk jiwa-jiwa yang memahami bahwa perjalanan terbaik dimulai dari yang paling sunyi.",Smooth,Semeru (Medium / Wine): 450g (45%) | Bali Kintamani (Medium / WetHulled): 550g (55%) | total: 1000g,Versatile for Espresso & Filter
S-WIN-190,Winter,The Dark Passage,Di mana perjalanan dimulai — dalam kegelapan yang menyimpan bara.,Seasonal Blend,Frosted Hollow,The Dark Passage · Seasonal collection,Toraja Kalosi Light Honey 45% | Java Garut Dark Honey 35% | Temanggung Dark WetHulled 20%,Medium,"Di singgahan terakhir sebelum salju menutup jalur, blend ini mempertemukan biji-biji dari Toraja Kalosi serta Java Garut serta Temanggung dalam sebuah komposisi yang menceritakan kekayaan dataran Nusantara. Diproses dengan metode Honey dan WetHulled, menghadirkan nuansa nectarine, burnt caramel, floral yang bersih namun penuh kedalaman. Blend yang diracik bagi mereka yang menghargai keberanian sebuah permulaan.",Balanced,Toraja Kalosi (Light / Honey): 450g (45%) | Java Garut (Dark / Honey): 350g (35%) | Temanggung (Dark / WetHulled): 200g (20%) | total: 1000g,Best for Moka Pot
S-WIN-191,Winter,The Dark Passage,Di mana perjalanan dimulai — dalam kegelapan yang menyimpan bara.,Seasonal Blend,Darkened Outpost,The Dark Passage · Seasonal collection,Papua Wamena Dark Honey 55% | Dampit Malang Medium WetHulled 30% | Lampung Robusta Premium Light WetHulled 15%,Medium,"Ketika angin gunung membekukan jejak perjalanan, blend ini mempertemukan biji-biji dari Papua Wamena serta Dampit Malang serta Lampung Robusta Premium dalam sebuah komposisi yang menceritakan kekayaan dataran Nusantara. Diproses dengan metode Honey dan WetHulled, menghadirkan nuansa dark sugar, green pepper, herb yang bersih namun penuh kedalaman. Untuk setiap ekspeditor yang pernah menemukan kehangatan di tempat yang paling dingin.",Balanced,Papua Wamena (Dark / Honey): 550g (55%) | Dampit Malang (Medium / WetHulled): 300g (30%) | Lampung Robusta Premium (Light / WetHulled): 150g (15%) | total: 1000g,Best for Moka Pot
S-WIN-192,Winter,The Dark Passage,Di mana perjalanan dimulai — dalam kegelapan yang menyimpan bara.,Seasonal Blend,Cracked Bivouac,The Dark Passage · Seasonal collection,Temanggung Dark WetHulled 45% | Lampung Robusta Premium Dark Washed 55%,Dark,"Ketika angin gunung membekukan jejak perjalanan, blend ini mempertemukan biji-biji dari Temanggung serta Lampung Robusta Premium dalam sebuah komposisi yang menceritakan kekayaan dataran Nusantara. Diproses dengan metode WetHulled dan Washed, menghadirkan nuansa bark, smoky caramel, dark roast yang bersih namun penuh kedalaman. Untuk setiap ekspeditor yang pernah menemukan kehangatan di tempat yang paling dingin.",Thick,Temanggung (Dark / WetHulled): 450g (45%) | Lampung Robusta Premium (Dark / Washed): 550g (55%) | total: 1000g,Best for Batch Brew
S-WIN-193,Winter,The Dark Passage,Di mana perjalanan dimulai — dalam kegelapan yang menyimpan bara.,Seasonal Blend,Stormy Lodge,The Dark Passage · Seasonal collection,Java Ciwidey Light WetHulled 65% | Arjuno Light Wine 35%,Light,"Dari kegelapan yang menjaga bara tetap hidup, blend ini mempertemukan biji-biji dari Java Ciwidey serta Arjuno dalam sebuah komposisi yang menceritakan kekayaan dataran Nusantara. Diproses dengan metode WetHulled dan Wine, menghadirkan nuansa herb, green pepper, tobacco leaf yang bersih namun penuh kedalaman. Diciptakan untuk jiwa-jiwa yang memahami bahwa perjalanan terbaik dimulai dari yang paling sunyi.",Tea-like,Java Ciwidey (Light / WetHulled): 650g (65%) | Arjuno (Light / Wine): 350g (35%) | total: 1000g,Cocok untuk AeroPress
S-WIN-194,Winter,The Dark Passage,Di mana perjalanan dimulai — dalam kegelapan yang menyimpan bara.,Seasonal Blend,Forgotten Vault,The Dark Passage · Seasonal collection,Bali Ulian Medium WetHulled 65% | Semeru Medium Honey 35%,Medium,"Di singgahan terakhir sebelum salju menutup jalur, blend ini mempertemukan biji-biji dari Bali Ulian serta Semeru dalam sebuah komposisi yang menceritakan kekayaan dataran Nusantara. Diproses dengan metode WetHulled dan Honey, menghadirkan nuansa earthy, woody, leather yang bersih namun penuh kedalaman. Sebuah penghormatan kepada mereka yang tak takut melangkah dalam gelap.",Medium Body,Bali Ulian (Medium / WetHulled): 650g (65%) | Semeru (Medium / Honey): 350g (35%) | total: 1000g,Cocok untuk French Press & Espresso
S-WIN-195,Winter,The Dark Passage,Di mana perjalanan dimulai — dalam kegelapan yang menyimpan bara.,Seasonal Blend,Hushed Passage,The Dark Passage · Seasonal collection,Sembalun Rinjani Dark WetHulled 60% | Mandheling Medium Wine 25% | Gunung Halu Medium Washed 15%,Dark,"Ketika angin gunung membekukan jejak perjalanan, blend ini mempertemukan biji-biji dari Sembalun Rinjani serta Mandheling serta Gunung Halu dalam sebuah komposisi yang menceritakan kekayaan dataran Nusantara. Diproses dengan metode WetHulled dan Wine, menghadirkan nuansa roasted grape, dark tobacco, clove yang bersih namun penuh kedalaman. Diciptakan untuk jiwa-jiwa yang memahami bahwa perjalanan terbaik dimulai dari yang paling sunyi.",Bold,Sembalun Rinjani (Dark / WetHulled): 600g (60%) | Mandheling (Medium / Wine): 250g (25%) | Gunung Halu (Medium / Washed): 150g (15%) | total: 1000g,Best for Espresso
S-WIN-196,Winter,The Dark Passage,Di mana perjalanan dimulai — dalam kegelapan yang menyimpan bara.,Seasonal Blend,Darkened Quarters,The Dark Passage · Seasonal collection,Lampung Robusta Premium Dark WetHulled 55% | Java Manglayang Dark Honey 30% | Bengkulu Dark WetHulled 15%,Dark,"Dalam keheningan malam di antara dua puncak, blend ini mempertemukan biji-biji dari Lampung Robusta Premium serta Java Manglayang serta Bengkulu dalam sebuah komposisi yang menceritakan kekayaan dataran Nusantara. Diproses dengan metode WetHulled dan Honey, menghadirkan nuansa burnt caramel, bark, dark tobacco yang bersih namun penuh kedalaman. Diciptakan untuk jiwa-jiwa yang memahami bahwa perjalanan terbaik dimulai dari yang paling sunyi.",Heavy Body,Lampung Robusta Premium (Dark / WetHulled): 550g (55%) | Java Manglayang (Dark / Honey): 300g (30%) | Bengkulu (Dark / WetHulled): 150g (15%) | total: 1000g,Cocok untuk Cold Brew
S-WIN-197,Winter,The Dark Passage,Di mana perjalanan dimulai — dalam kegelapan yang menyimpan bara.,Seasonal Blend,Ashen Outpost,The Dark Passage · Seasonal collection,Temanggung Dark SemiWashed 50% | Solok Radjo Medium Anaerobic 30% | Kerinci Kayu Aro Light Natural 20%,Medium,"Ketika angin gunung membekukan jejak perjalanan, blend ini mempertemukan biji-biji dari Temanggung serta Solok Radjo serta Kerinci Kayu Aro dalam sebuah komposisi yang menceritakan kekayaan dataran Nusantara. Diproses dengan metode SemiWashed dan Anaerobic, menghadirkan nuansa fermented fruit, tamarind, cacao nib yang bersih namun penuh kedalaman. Untuk setiap ekspeditor yang pernah menemukan kehangatan di tempat yang paling dingin.",Medium Body,Temanggung (Dark / SemiWashed): 500g (50%) | Solok Radjo (Medium / Anaerobic): 300g (30%) | Kerinci Kayu Aro (Light / Natural): 200g (20%) | total: 1000g,Best for Moka Pot
S-WIN-198,Winter,The Dark Passage,Di mana perjalanan dimulai — dalam kegelapan yang menyimpan bara.,Seasonal Blend,Ember Burrow,The Dark Passage · Seasonal collection,Java Garut Light Honey 45% | Solok Radjo Dark Washed 35% | Wanoja Kamojang Medium Wine 20%,Medium,"Bagi para ekspeditor yang melewati malam terpanjang, blend ini mempertemukan biji-biji dari Java Garut serta Solok Radjo serta Wanoja Kamojang dalam sebuah komposisi yang menceritakan kekayaan dataran Nusantara. Diproses dengan metode Honey dan Washed, menghadirkan nuansa molasses, balsamic, pear yang bersih namun penuh kedalaman. Diciptakan untuk jiwa-jiwa yang memahami bahwa perjalanan terbaik dimulai dari yang paling sunyi.",Medium Body,Java Garut (Light / Honey): 450g (45%) | Solok Radjo (Dark / Washed): 350g (35%) | Wanoja Kamojang (Medium / Wine): 200g (20%) | total: 1000g,Versatile for Espresso & Filter
S-WIN-199,Winter,The Dark Passage,Di mana perjalanan dimulai — dalam kegelapan yang menyimpan bara.,Seasonal Blend,Ancient Passage,The Dark Passage · Seasonal collection,Temanggung Light WetHulled 55% | Java Ciwidey Medium Natural 45%,Light,"Dalam keheningan malam di antara dua puncak, blend ini mempertemukan biji-biji dari Temanggung serta Java Ciwidey dalam sebuah komposisi yang menceritakan kekayaan dataran Nusantara. Diproses dengan metode WetHulled dan Natural, menghadirkan nuansa cedar, tobacco leaf, lime yang bersih namun penuh kedalaman. Untuk setiap ekspeditor yang pernah menemukan kehangatan di tempat yang paling dingin.",Delicate,Temanggung (Light / WetHulled): 550g (55%) | Java Ciwidey (Medium / Natural): 450g (45%) | total: 1000g,Pour Over Recommended
S-WIN-200,Winter,The Dark Passage,Di mana perjalanan dimulai — dalam kegelapan yang menyimpan bara.,Seasonal Blend,Darkened Waystation,The Dark Passage · Seasonal collection,Toraja Kalosi Light Washed 40% | Lampung Robusta Premium Light WetHulled 35% | Wanoja Kamojang Medium Wine 25%,Light,"Seperti api yang tak kunjung padam di pos terakhir, blend ini mempertemukan biji-biji dari Toraja Kalosi serta Lampung Robusta Premium serta Wanoja Kamojang dalam sebuah komposisi yang menceritakan kekayaan dataran Nusantara. Diproses dengan metode Washed dan WetHulled, menghadirkan nuansa port wine, lemon zest, espresso yang bersih namun penuh kedalaman. Untuk setiap ekspeditor yang pernah menemukan kehangatan di tempat yang paling dingin.",Clean,Toraja Kalosi (Light / Washed): 400g (40%) | Lampung Robusta Premium (Light / WetHulled): 350g (35%) | Wanoja Kamojang (Medium / Wine): 250g (25%) | total: 1000g,Ideal for Chemex
S-WIN-201,Winter,The Dark Passage,Di mana perjalanan dimulai — dalam kegelapan yang menyimpan bara.,Speciality Blend,Cartographer's Forbidden Codex,The Dark Passage · Cartographer's sub-universe,Gunung Halu Dark Anaerobic 45% | Java Sindoro Dark Anaerobic 55%,Dark,"Dalam keheningan malam di antara dua puncak, blend eksklusif ini merajut karakter biji pilihan dari Gunung Halu serta Java Sindoro menjadi sebuah komposisi yang tak mudah ditemukan. Melalui proses Anaerobic, lahirlah profil rasa dark rum, fermented cocoa, smoke — kompleks, berlapis, dan tak tergesa-gesa mengungkap dirinya. Blend yang diracik bagi mereka yang menghargai keberanian sebuah permulaan.",Heavy Body,Gunung Halu (Dark / Anaerobic): 450g (45%) | Java Sindoro (Dark / Anaerobic): 550g (55%) | total: 1000g,Ideal untuk Ristretto
S-WIN-202,Winter,The Dark Passage,Di mana perjalanan dimulai — dalam kegelapan yang menyimpan bara.,Speciality Blend,Cartographer's Uncharted Dossier,The Dark Passage · Cartographer's sub-universe,Java Garut Medium Natural 40% | Toraja Sapan Medium Anaerobic 35% | Bali Kintamani Medium Anaerobic 25%,Medium,"Di singgahan terakhir sebelum salju menutup jalur, blend eksklusif ini merajut karakter biji pilihan dari Java Garut serta Toraja Sapan serta Bali Kintamani menjadi sebuah komposisi yang tak mudah ditemukan. Melalui proses Natural dan Anaerobic, lahirlah profil rasa cacao nib, dried fig, tamarind — kompleks, berlapis, dan tak tergesa-gesa mengungkap dirinya. Sebuah penghormatan kepada mereka yang tak takut melangkah dalam gelap.",Balanced,Java Garut (Medium / Natural): 400g (40%) | Toraja Sapan (Medium / Anaerobic): 350g (35%) | Bali Kintamani (Medium / Anaerobic): 250g (25%) | total: 1000g,Versatile for Espresso & Filter
S-WIN-203,Winter,The Dark Passage,Di mana perjalanan dimulai — dalam kegelapan yang menyimpan bara.,Speciality Blend,Cartographer's Redacted Cipher,The Dark Passage · Cartographer's sub-universe,Sidikalang Medium Natural 55% | Java Sindoro Light Natural 30% | Java Puntang Light Wine 15%,Light,"Dari kegelapan yang menjaga bara tetap hidup, blend eksklusif ini merajut karakter biji pilihan dari Sidikalang serta Java Sindoro serta Java Puntang menjadi sebuah komposisi yang tak mudah ditemukan. Melalui proses Natural dan Wine, lahirlah profil rasa molasses, blackcurrant, hibiscus — kompleks, berlapis, dan tak tergesa-gesa mengungkap dirinya. Blend yang diracik bagi mereka yang menghargai keberanian sebuah permulaan.",Delicate,Sidikalang (Medium / Natural): 550g (55%) | Java Sindoro (Light / Natural): 300g (30%) | Java Puntang (Light / Wine): 150g (15%) | total: 1000g,Pour Over Recommended
S-WIN-204,Winter,The Dark Passage,Di mana perjalanan dimulai — dalam kegelapan yang menyimpan bara.,Speciality Blend,Cartographer's Rarest Dossier,The Dark Passage · Cartographer's sub-universe,Kerinci Kayu Aro Dark Wine 55% | Bali Ulian Medium Wine 30% | Java Puntang Light Natural 15%,Medium,"Di singgahan terakhir sebelum salju menutup jalur, blend eksklusif ini merajut karakter biji pilihan dari Kerinci Kayu Aro serta Bali Ulian serta Java Puntang menjadi sebuah komposisi yang tak mudah ditemukan. Melalui proses Wine dan Natural, lahirlah profil rasa blueberry, hibiscus, dark plum — kompleks, berlapis, dan tak tergesa-gesa mengungkap dirinya. Blend yang diracik bagi mereka yang menghargai keberanian sebuah permulaan.",Smooth,Kerinci Kayu Aro (Dark / Wine): 550g (55%) | Bali Ulian (Medium / Wine): 300g (30%) | Java Puntang (Light / Natural): 150g (15%) | total: 1000g,Versatile for Espresso & Filter
S-WIN-205,Winter,The Dark Passage,Di mana perjalanan dimulai — dalam kegelapan yang menyimpan bara.,Speciality Blend,Cartographer's Redacted Grimoire,The Dark Passage · Cartographer's sub-universe,Kerinci Kayu Aro Medium Natural 40% | Sidikalang Dark Natural 35% | Lintong Onan Medium Natural 25%,Medium,"Seperti api yang tak kunjung padam di pos terakhir, blend eksklusif ini merajut karakter biji pilihan dari Kerinci Kayu Aro serta Sidikalang serta Lintong Onan menjadi sebuah komposisi yang tak mudah ditemukan. Melalui proses Natural, lahirlah profil rasa dried fig, licorice, berry jam — kompleks, berlapis, dan tak tergesa-gesa mengungkap dirinya. Sebuah penghormatan kepada mereka yang tak takut melangkah dalam gelap.",Velvety,Kerinci Kayu Aro (Medium / Natural): 400g (40%) | Sidikalang (Dark / Natural): 350g (35%) | Lintong Onan (Medium / Natural): 250g (25%) | total: 1000g,Versatile for Espresso & Filter
S-WIN-206,Winter,The Dark Passage,Di mana perjalanan dimulai — dalam kegelapan yang menyimpan bara.,Speciality Blend,Cartographer's Clandestine Scroll,The Dark Passage · Cartographer's sub-universe,Java Manglayang Medium Wine 45% | Semeru Medium Anaerobic 35% | Papua Wamena Light Anaerobic 20%,Medium,"Dalam keheningan malam di antara dua puncak, blend eksklusif ini merajut karakter biji pilihan dari Java Manglayang serta Semeru serta Papua Wamena menjadi sebuah komposisi yang tak mudah ditemukan. Melalui proses Wine dan Anaerobic, lahirlah profil rasa lychee, tamarind, tropical punch — kompleks, berlapis, dan tak tergesa-gesa mengungkap dirinya. Blend yang diracik bagi mereka yang menghargai keberanian sebuah permulaan.",Smooth,Java Manglayang (Medium / Wine): 450g (45%) | Semeru (Medium / Anaerobic): 350g (35%) | Papua Wamena (Light / Anaerobic): 200g (20%) | total: 1000g,Best for Moka Pot
S-WIN-207,Winter,The Dark Passage,Di mana perjalanan dimulai — dalam kegelapan yang menyimpan bara.,Speciality Blend,Cartographer's Hallowed Cartouche,The Dark Passage · Cartographer's sub-universe,Kerinci Kayu Aro Dark Wine 45% | Flores Bajawa Light Natural 35% | Arjuno Light Wine 20%,Medium,"Seperti api yang tak kunjung padam di pos terakhir, blend eksklusif ini merajut karakter biji pilihan dari Kerinci Kayu Aro serta Flores Bajawa serta Arjuno menjadi sebuah komposisi yang tak mudah ditemukan. Melalui proses Wine dan Natural, lahirlah profil rasa dark espresso, watermelon, dark cherry — kompleks, berlapis, dan tak tergesa-gesa mengungkap dirinya. Blend yang diracik bagi mereka yang menghargai keberanian sebuah permulaan.",Round,Kerinci Kayu Aro (Dark / Wine): 450g (45%) | Flores Bajawa (Light / Natural): 350g (35%) | Arjuno (Light / Wine): 200g (20%) | total: 1000g,Best for Moka Pot
S-WIN-208,Winter,The Dark Passage,Di mana perjalanan dimulai — dalam kegelapan yang menyimpan bara.,Speciality Blend,Cartographer's Obsidian Codex,The Dark Passage · Cartographer's sub-universe,Mandheling Medium Natural 70% | Semeru Light Anaerobic 30%,Medium,"Ketika angin gunung membekukan jejak perjalanan, blend eksklusif ini merajut karakter biji pilihan dari Mandheling serta Semeru menjadi sebuah komposisi yang tak mudah ditemukan. Melalui proses Natural dan Anaerobic, lahirlah profil rasa berry jam, prune, dark chocolate — kompleks, berlapis, dan tak tergesa-gesa mengungkap dirinya. Untuk setiap ekspeditor yang pernah menemukan kehangatan di tempat yang paling dingin.",Balanced,Mandheling (Medium / Natural): 700g (70%) | Semeru (Light / Anaerobic): 300g (30%) | total: 1000g,Cocok untuk French Press & Espresso
S-WIN-209,Winter,The Dark Passage,Di mana perjalanan dimulai — dalam kegelapan yang menyimpan bara.,Speciality Blend,Cartographer's Arcane Grimoire,The Dark Passage · Cartographer's sub-universe,Bali Ulian Light Natural 45% | Sidikalang Medium Natural 35% | Kerinci Kayu Aro Light Wine 20%,Light,"Di singgahan terakhir sebelum salju menutup jalur, blend eksklusif ini merajut karakter biji pilihan dari Bali Ulian serta Sidikalang serta Kerinci Kayu Aro menjadi sebuah komposisi yang tak mudah ditemukan. Melalui proses Natural dan Wine, lahirlah profil rasa plum, dark chocolate, molasses — kompleks, berlapis, dan tak tergesa-gesa mengungkap dirinya. Sebuah penghormatan kepada mereka yang tak takut melangkah dalam gelap.",Light Body,Bali Ulian (Light / Natural): 450g (45%) | Sidikalang (Medium / Natural): 350g (35%) | Kerinci Kayu Aro (Light / Wine): 200g (20%) | total: 1000g,Best for V60
S-WIN-210,Winter,The Dark Passage,Di mana perjalanan dimulai — dalam kegelapan yang menyimpan bara.,Speciality Blend,Cartographer's Unmapped Ledger,The Dark Passage · Cartographer's sub-universe,Solok Radjo Dark Natural 60% | Toraja Kalosi Light Natural 25% | Semeru Light Anaerobic 15%,Medium,"Bagi para ekspeditor yang melewati malam terpanjang, blend eksklusif ini merajut karakter biji pilihan dari Solok Radjo serta Toraja Kalosi serta Semeru menjadi sebuah komposisi yang tak mudah ditemukan. Melalui proses Natural dan Anaerobic, lahirlah profil rasa charcoal, passion fruit, tar — kompleks, berlapis, dan tak tergesa-gesa mengungkap dirinya. Untuk setiap ekspeditor yang pernah menemukan kehangatan di tempat yang paling dingin.",Round,Solok Radjo (Dark / Natural): 600g (60%) | Toraja Kalosi (Light / Natural): 250g (25%) | Semeru (Light / Anaerobic): 150g (15%) | total: 1000g,Cocok untuk French Press & Espresso
S-WIN-211,Winter,The Dark Passage,Di mana perjalanan dimulai — dalam kegelapan yang menyimpan bara.,Speciality Blend,Cartographer's Obsidian Atlas,The Dark Passage · Cartographer's sub-universe,Java Puntang Dark Anaerobic 45% | Sembalun Rinjani Dark Natural 35% | Temanggung Medium Natural 20%,Dark,"Dari kegelapan yang menjaga bara tetap hidup, blend eksklusif ini merajut karakter biji pilihan dari Java Puntang serta Sembalun Rinjani serta Temanggung menjadi sebuah komposisi yang tak mudah ditemukan. Melalui proses Anaerobic dan Natural, lahirlah profil rasa smoke, black cherry, fermented cocoa — kompleks, berlapis, dan tak tergesa-gesa mengungkap dirinya. Untuk setiap ekspeditor yang pernah menemukan kehangatan di tempat yang paling dingin.",Syrupy,Java Puntang (Dark / Anaerobic): 450g (45%) | Sembalun Rinjani (Dark / Natural): 350g (35%) | Temanggung (Medium / Natural): 200g (20%) | total: 1000g,Cocok untuk Cold Brew
S-WIN-212,Winter,The Dark Passage,Di mana perjalanan dimulai — dalam kegelapan yang menyimpan bara.,Speciality Blend,Cartographer's Covert Manuscript,The Dark Passage · Cartographer's sub-universe,Java Puntang Light Natural 50% | Toraja Kalosi Dark Natural 25% | Semeru Dark Natural 25%,Medium,"Di singgahan terakhir sebelum salju menutup jalur, blend eksklusif ini merajut karakter biji pilihan dari Java Puntang serta Toraja Kalosi serta Semeru menjadi sebuah komposisi yang tak mudah ditemukan. Melalui proses Natural, lahirlah profil rasa licorice, blueberry, charcoal — kompleks, berlapis, dan tak tergesa-gesa mengungkap dirinya. Diciptakan untuk jiwa-jiwa yang memahami bahwa perjalanan terbaik dimulai dari yang paling sunyi.",Medium Body,Java Puntang (Light / Natural): 500g (50%) | Toraja Kalosi (Dark / Natural): 250g (25%) | Semeru (Dark / Natural): 250g (25%) | total: 1000g,Versatile for Espresso & Filter
S-WIN-213,Winter,The Dark Passage,Di mana perjalanan dimulai — dalam kegelapan yang menyimpan bara.,Speciality Blend,Cartographer's Obsidian Cartouche,The Dark Passage · Cartographer's sub-universe,Papua Dogiyai Light Wine 40% | Bengkulu Light Anaerobic 35% | Kerinci Kayu Aro Dark Natural 25%,Light,"Dari kegelapan yang menjaga bara tetap hidup, blend eksklusif ini merajut karakter biji pilihan dari Papua Dogiyai serta Bengkulu serta Kerinci Kayu Aro menjadi sebuah komposisi yang tak mudah ditemukan. Melalui proses Wine dan Anaerobic, lahirlah profil rasa licorice, passion fruit, lychee — kompleks, berlapis, dan tak tergesa-gesa mengungkap dirinya. Sebuah penghormatan kepada mereka yang tak takut melangkah dalam gelap.",Silky,Papua Dogiyai (Light / Wine): 400g (40%) | Bengkulu (Light / Anaerobic): 350g (35%) | Kerinci Kayu Aro (Dark / Natural): 250g (25%) | total: 1000g,Pour Over Recommended
S-WIN-214,Winter,The Dark Passage,Di mana perjalanan dimulai — dalam kegelapan yang menyimpan bara.,Speciality Blend,Cartographer's Uncharted Dispatch,The Dark Passage · Cartographer's sub-universe,Java Ciwidey Dark Anaerobic 40% | Bengkulu Medium Wine 60%,Medium,"Dari kegelapan yang menjaga bara tetap hidup, blend eksklusif ini merajut karakter biji pilihan dari Java Ciwidey serta Bengkulu menjadi sebuah komposisi yang tak mudah ditemukan. Melalui proses Anaerobic dan Wine, lahirlah profil rasa espresso, dark plum, dark rum — kompleks, berlapis, dan tak tergesa-gesa mengungkap dirinya. Diciptakan untuk jiwa-jiwa yang memahami bahwa perjalanan terbaik dimulai dari yang paling sunyi.",Round,Java Ciwidey (Dark / Anaerobic): 400g (40%) | Bengkulu (Medium / Wine): 600g (60%) | total: 1000g,Cocok untuk French Press & Espresso
S-WIN-215,Winter,The Dark Passage,Di mana perjalanan dimulai — dalam kegelapan yang menyimpan bara.,Speciality Blend,Cartographer's Sovereign Scroll,The Dark Passage · Cartographer's sub-universe,Java Sindoro Medium Anaerobic 55% | Solok Radjo Light Natural 30% | Toraja Kalosi Medium Natural 15%,Medium,"Dalam keheningan malam di antara dua puncak, blend eksklusif ini merajut karakter biji pilihan dari Java Sindoro serta Solok Radjo serta Toraja Kalosi menjadi sebuah komposisi yang tak mudah ditemukan. Melalui proses Anaerobic dan Natural, lahirlah profil rasa dark chocolate, berry jam, hibiscus — kompleks, berlapis, dan tak tergesa-gesa mengungkap dirinya. Untuk setiap ekspeditor yang pernah menemukan kehangatan di tempat yang paling dingin.",Balanced,Java Sindoro (Medium / Anaerobic): 550g (55%) | Solok Radjo (Light / Natural): 300g (30%) | Toraja Kalosi (Medium / Natural): 150g (15%) | total: 1000g,Best for Moka Pot
S-WIN-216,Winter,The Dark Passage,Di mana perjalanan dimulai — dalam kegelapan yang menyimpan bara.,Speciality Blend,Cartographer's Covert Atlas,The Dark Passage · Cartographer's sub-universe,Java Manglayang Dark Anaerobic 40% | Aceh Gayo Medium Anaerobic 35% | Java Manglayang Medium Anaerobic 25%,Medium,"Bagi para ekspeditor yang melewati malam terpanjang, blend eksklusif ini merajut karakter biji pilihan dari Java Manglayang serta Aceh Gayo serta Java Manglayang menjadi sebuah komposisi yang tak mudah ditemukan. Melalui proses Anaerobic, lahirlah profil rasa fermented cocoa, smoke, cacao nib — kompleks, berlapis, dan tak tergesa-gesa mengungkap dirinya. Sebuah penghormatan kepada mereka yang tak takut melangkah dalam gelap.",Smooth,Java Manglayang (Dark / Anaerobic): 400g (40%) | Aceh Gayo (Medium / Anaerobic): 350g (35%) | Java Manglayang (Medium / Anaerobic): 250g (25%) | total: 1000g,Cocok untuk French Press & Espresso
S-WIN-217,Winter,The Dark Passage,Di mana perjalanan dimulai — dalam kegelapan yang menyimpan bara.,Speciality Blend,Cartographer's Obsidian Compendium,The Dark Passage · Cartographer's sub-universe,Lampung Robusta Premium Medium Wine 55% | Lampung Robusta Premium Light Natural 45%,Light,"Bagi para ekspeditor yang melewati malam terpanjang, blend eksklusif ini merajut karakter biji pilihan dari Lampung Robusta Premium serta Lampung Robusta Premium menjadi sebuah komposisi yang tak mudah ditemukan. Melalui proses Wine dan Natural, lahirlah profil rasa port wine, tropical fruit, strawberry — kompleks, berlapis, dan tak tergesa-gesa mengungkap dirinya. Blend yang diracik bagi mereka yang menghargai keberanian sebuah permulaan.",Clean,Lampung Robusta Premium (Medium / Wine): 550g (55%) | Lampung Robusta Premium (Light / Natural): 450g (45%) | total: 1000g,Best for V60
S-WIN-218,Winter,The Dark Passage,Di mana perjalanan dimulai — dalam kegelapan yang menyimpan bara.,Speciality Blend,Cartographer's Covert Registry,The Dark Passage · Cartographer's sub-universe,Lintong Onan Light Anaerobic 45% | Kerinci Kayu Aro Light Wine 55%,Light,"Dalam keheningan malam di antara dua puncak, blend eksklusif ini merajut karakter biji pilihan dari Lintong Onan serta Kerinci Kayu Aro menjadi sebuah komposisi yang tak mudah ditemukan. Melalui proses Anaerobic dan Wine, lahirlah profil rasa cola, blackcurrant, lychee — kompleks, berlapis, dan tak tergesa-gesa mengungkap dirinya. Untuk setiap ekspeditor yang pernah menemukan kehangatan di tempat yang paling dingin.",Silky,Lintong Onan (Light / Anaerobic): 450g (45%) | Kerinci Kayu Aro (Light / Wine): 550g (55%) | total: 1000g,Pour Over Recommended
S-WIN-219,Winter,The Dark Passage,Di mana perjalanan dimulai — dalam kegelapan yang menyimpan bara.,Speciality Blend,Cartographer's Rarest Manuscript,The Dark Passage · Cartographer's sub-universe,Java Sindoro Light Wine 50% | Papua Wamena Dark Wine 25% | Aceh Gayo Medium Anaerobic 25%,Medium,"Bagi para ekspeditor yang melewati malam terpanjang, blend eksklusif ini merajut karakter biji pilihan dari Java Sindoro serta Papua Wamena serta Aceh Gayo menjadi sebuah komposisi yang tak mudah ditemukan. Melalui proses Wine dan Anaerobic, lahirlah profil rasa tobacco, grape must, tropical punch — kompleks, berlapis, dan tak tergesa-gesa mengungkap dirinya. Blend yang diracik bagi mereka yang menghargai keberanian sebuah permulaan.",Smooth,Java Sindoro (Light / Wine): 500g (50%) | Papua Wamena (Dark / Wine): 250g (25%) | Aceh Gayo (Medium / Anaerobic): 250g (25%) | total: 1000g,Cocok untuk French Press & Espresso
S-WIN-220,Winter,The Dark Passage,Di mana perjalanan dimulai — dalam kegelapan yang menyimpan bara.,Speciality Blend,Cartographer's Hallowed Cipher,The Dark Passage · Cartographer's sub-universe,Toraja Sapan Medium Natural 45% | Java Manglayang Medium Anaerobic 35% | Java Temanggung Light Wine 20%,Medium,"Di singgahan terakhir sebelum salju menutup jalur, blend eksklusif ini merajut karakter biji pilihan dari Toraja Sapan serta Java Manglayang serta Java Temanggung menjadi sebuah komposisi yang tak mudah ditemukan. Melalui proses Natural dan Anaerobic, lahirlah profil rasa wine, molasses, grape must — kompleks, berlapis, dan tak tergesa-gesa mengungkap dirinya. Blend yang diracik bagi mereka yang menghargai keberanian sebuah permulaan.",Velvety,Toraja Sapan (Medium / Natural): 450g (45%) | Java Manglayang (Medium / Anaerobic): 350g (35%) | Java Temanggung (Light / Wine): 200g (20%) | total: 1000g,Cocok untuk French Press & Espresso
S-WIN-221,Winter,The Dark Passage,Di mana perjalanan dimulai — dalam kegelapan yang menyimpan bara.,Speciality Blend,Cartographer's Arcane Scroll,The Dark Passage · Cartographer's sub-universe,Java Ciwidey Dark Wine 55% | Java Sindoro Dark Wine 45%,Dark,"Ketika angin gunung membekukan jejak perjalanan, blend eksklusif ini merajut karakter biji pilihan dari Java Ciwidey serta Java Sindoro menjadi sebuah komposisi yang tak mudah ditemukan. Melalui proses Wine, lahirlah profil rasa smoked plum, dark espresso, tobacco — kompleks, berlapis, dan tak tergesa-gesa mengungkap dirinya. Sebuah penghormatan kepada mereka yang tak takut melangkah dalam gelap.",Heavy Body,Java Ciwidey (Dark / Wine): 550g (55%) | Java Sindoro (Dark / Wine): 450g (45%) | total: 1000g,Cocok untuk Cold Brew
S-WIN-222,Winter,The Dark Passage,Di mana perjalanan dimulai — dalam kegelapan yang menyimpan bara.,Speciality Blend,Cartographer's Classified Dossier,The Dark Passage · Cartographer's sub-universe,Java Temanggung Dark Natural 45% | Flores Manggarai Medium Wine 35% | Wanoja Kamojang Light Natural 20%,Medium,"Dalam keheningan malam di antara dua puncak, blend eksklusif ini merajut karakter biji pilihan dari Java Temanggung serta Flores Manggarai serta Wanoja Kamojang menjadi sebuah komposisi yang tak mudah ditemukan. Melalui proses Natural dan Wine, lahirlah profil rasa hibiscus, strawberry, licorice — kompleks, berlapis, dan tak tergesa-gesa mengungkap dirinya. Diciptakan untuk jiwa-jiwa yang memahami bahwa perjalanan terbaik dimulai dari yang paling sunyi.",Balanced,Java Temanggung (Dark / Natural): 450g (45%) | Flores Manggarai (Medium / Wine): 350g (35%) | Wanoja Kamojang (Light / Natural): 200g (20%) | total: 1000g,Versatile for Espresso & Filter
S-WIN-223,Winter,The Dark Passage,Di mana perjalanan dimulai — dalam kegelapan yang menyimpan bara.,Speciality Blend,Cartographer's Sealed Folio,The Dark Passage · Cartographer's sub-universe,Bali Ulian Medium Wine 60% | Lampung Robusta Premium Medium Natural 40%,Medium,"Bagi para ekspeditor yang melewati malam terpanjang, blend eksklusif ini merajut karakter biji pilihan dari Bali Ulian serta Lampung Robusta Premium menjadi sebuah komposisi yang tak mudah ditemukan. Melalui proses Wine dan Natural, lahirlah profil rasa molasses, port wine, dried fig — kompleks, berlapis, dan tak tergesa-gesa mengungkap dirinya. Untuk setiap ekspeditor yang pernah menemukan kehangatan di tempat yang paling dingin.",Smooth,Bali Ulian (Medium / Wine): 600g (60%) | Lampung Robusta Premium (Medium / Natural): 400g (40%) | total: 1000g,Versatile for Espresso & Filter
S-WIN-224,Winter,The Dark Passage,Di mana perjalanan dimulai — dalam kegelapan yang menyimpan bara.,Speciality Blend,Cartographer's Arcane Dispatch,The Dark Passage · Cartographer's sub-universe,Mandheling Medium Natural 55% | Bengkulu Medium Anaerobic 45%,Medium,"Ketika angin gunung membekukan jejak perjalanan, blend eksklusif ini merajut karakter biji pilihan dari Mandheling serta Bengkulu menjadi sebuah komposisi yang tak mudah ditemukan. Melalui proses Natural dan Anaerobic, lahirlah profil rasa cacao nib, molasses, prune — kompleks, berlapis, dan tak tergesa-gesa mengungkap dirinya. Untuk setiap ekspeditor yang pernah menemukan kehangatan di tempat yang paling dingin.",Velvety,Mandheling (Medium / Natural): 550g (55%) | Bengkulu (Medium / Anaerobic): 450g (45%) | total: 1000g,Versatile for Espresso & Filter
S-WIN-225,Winter,The Dark Passage,Di mana perjalanan dimulai — dalam kegelapan yang menyimpan bara.,Speciality Blend,Cartographer's Forbidden Grimoire,The Dark Passage · Cartographer's sub-universe,Java Garut Light Wine 50% | Bali Kintamani Light Anaerobic 25% | Wanoja Kamojang Light Anaerobic 25%,Light,"Seperti api yang tak kunjung padam di pos terakhir, blend eksklusif ini merajut karakter biji pilihan dari Java Garut serta Bali Kintamani serta Wanoja Kamojang menjadi sebuah komposisi yang tak mudah ditemukan. Melalui proses Wine dan Anaerobic, lahirlah profil rasa rum raisin, wine, cola — kompleks, berlapis, dan tak tergesa-gesa mengungkap dirinya. Blend yang diracik bagi mereka yang menghargai keberanian sebuah permulaan.",Tea-like,Java Garut (Light / Wine): 500g (50%) | Bali Kintamani (Light / Anaerobic): 250g (25%) | Wanoja Kamojang (Light / Anaerobic): 250g (25%) | total: 1000g,Cocok untuk AeroPress
S-WIN-226,Winter,The Dark Passage,Di mana perjalanan dimulai — dalam kegelapan yang menyimpan bara.,Speciality Blend,Cartographer's Classified Registry,The Dark Passage · Cartographer's sub-universe,Java Puntang Dark Natural 45% | Sidikalang Light Wine 35% | Papua Dogiyai Dark Anaerobic 20%,Medium,"Dari kegelapan yang menjaga bara tetap hidup, blend eksklusif ini merajut karakter biji pilihan dari Java Puntang serta Sidikalang serta Papua Dogiyai menjadi sebuah komposisi yang tak mudah ditemukan. Melalui proses Natural dan Wine, lahirlah profil rasa plum, charcoal, blackcurrant — kompleks, berlapis, dan tak tergesa-gesa mengungkap dirinya. Sebuah penghormatan kepada mereka yang tak takut melangkah dalam gelap.",Medium Body,Java Puntang (Dark / Natural): 450g (45%) | Sidikalang (Light / Wine): 350g (35%) | Papua Dogiyai (Dark / Anaerobic): 200g (20%) | total: 1000g,Versatile for Espresso & Filter
S-WIN-227,Winter,The Dark Passage,Di mana perjalanan dimulai — dalam kegelapan yang menyimpan bara.,Speciality Blend,Cartographer's Covert Cartouche,The Dark Passage · Cartographer's sub-universe,Java Ciwidey Medium Anaerobic 50% | Gunung Halu Light Natural 30% | Arjuno Medium Natural 20%,Medium,"Di singgahan terakhir sebelum salju menutup jalur, blend eksklusif ini merajut karakter biji pilihan dari Java Ciwidey serta Gunung Halu serta Arjuno menjadi sebuah komposisi yang tak mudah ditemukan. Melalui proses Anaerobic dan Natural, lahirlah profil rasa tropical fruit, dark chocolate, fermented fruit — kompleks, berlapis, dan tak tergesa-gesa mengungkap dirinya. Untuk setiap ekspeditor yang pernah menemukan kehangatan di tempat yang paling dingin.",Medium Body,Java Ciwidey (Medium / Anaerobic): 500g (50%) | Gunung Halu (Light / Natural): 300g (30%) | Arjuno (Medium / Natural): 200g (20%) | total: 1000g,Cocok untuk French Press & Espresso
S-WIN-228,Winter,The Dark Passage,Di mana perjalanan dimulai — dalam kegelapan yang menyimpan bara.,Speciality Blend,Cartographer's Encrypted Codex,The Dark Passage · Cartographer's sub-universe,Bukit Barisan Medium Natural 70% | Kerinci Kayu Aro Medium Wine 30%,Medium,"Di singgahan terakhir sebelum salju menutup jalur, blend eksklusif ini merajut karakter biji pilihan dari Bukit Barisan serta Kerinci Kayu Aro menjadi sebuah komposisi yang tak mudah ditemukan. Melalui proses Natural dan Wine, lahirlah profil rasa dark chocolate, molasses, espresso — kompleks, berlapis, dan tak tergesa-gesa mengungkap dirinya. Diciptakan untuk jiwa-jiwa yang memahami bahwa perjalanan terbaik dimulai dari yang paling sunyi.",Smooth,Bukit Barisan (Medium / Natural): 700g (70%) | Kerinci Kayu Aro (Medium / Wine): 300g (30%) | total: 1000g,Versatile for Espresso & Filter
S-WIN-229,Winter,The Dark Passage,Di mana perjalanan dimulai — dalam kegelapan yang menyimpan bara.,Speciality Blend,Cartographer's Unmapped Registry,The Dark Passage · Cartographer's sub-universe,Java Garut Dark Anaerobic 65% | Aceh Gayo Medium Wine 35%,Dark,"Dari kegelapan yang menjaga bara tetap hidup, blend eksklusif ini merajut karakter biji pilihan dari Java Garut serta Aceh Gayo menjadi sebuah komposisi yang tak mudah ditemukan. Melalui proses Anaerobic dan Wine, lahirlah profil rasa dark rum, smoke, port wine — kompleks, berlapis, dan tak tergesa-gesa mengungkap dirinya. Untuk setiap ekspeditor yang pernah menemukan kehangatan di tempat yang paling dingin.",Syrupy,Java Garut (Dark / Anaerobic): 650g (65%) | Aceh Gayo (Medium / Wine): 350g (35%) | total: 1000g,Cocok untuk Cold Brew
S-WIN-230,Winter,The Dark Passage,Di mana perjalanan dimulai — dalam kegelapan yang menyimpan bara.,Speciality Blend,Cartographer's Covert Parchment,The Dark Passage · Cartographer's sub-universe,Solok Radjo Medium Wine 40% | Flores Bajawa Medium Wine 35% | Bali Kintamani Light Natural 25%,Medium,"Di singgahan terakhir sebelum salju menutup jalur, blend eksklusif ini merajut karakter biji pilihan dari Solok Radjo serta Flores Bajawa serta Bali Kintamani menjadi sebuah komposisi yang tak mudah ditemukan. Melalui proses Wine dan Natural, lahirlah profil rasa tropical fruit, port wine, hibiscus — kompleks, berlapis, dan tak tergesa-gesa mengungkap dirinya. Diciptakan untuk jiwa-jiwa yang memahami bahwa perjalanan terbaik dimulai dari yang paling sunyi.",Smooth,Solok Radjo (Medium / Wine): 400g (40%) | Flores Bajawa (Medium / Wine): 350g (35%) | Bali Kintamani (Light / Natural): 250g (25%) | total: 1000g,Versatile for Espresso & Filter
S-WIN-231,Winter,The Dark Passage,Di mana perjalanan dimulai — dalam kegelapan yang menyimpan bara.,Speciality Blend,Cartographer's Arcane Manuscript,The Dark Passage · Cartographer's sub-universe,Temanggung Dark Wine 45% | Arjuno Light Natural 55%,Medium,"Dari kegelapan yang menjaga bara tetap hidup, blend eksklusif ini merajut karakter biji pilihan dari Temanggung serta Arjuno menjadi sebuah komposisi yang tak mudah ditemukan. Melalui proses Wine dan Natural, lahirlah profil rasa strawberry, tropical fruit, smoked plum — kompleks, berlapis, dan tak tergesa-gesa mengungkap dirinya. Blend yang diracik bagi mereka yang menghargai keberanian sebuah permulaan.",Velvety,Temanggung (Dark / Wine): 450g (45%) | Arjuno (Light / Natural): 550g (55%) | total: 1000g,Best for Moka Pot
S-WIN-232,Winter,The Dark Passage,Di mana perjalanan dimulai — dalam kegelapan yang menyimpan bara.,Speciality Blend,Cartographer's Hallowed Dispatch,The Dark Passage · Cartographer's sub-universe,Kerinci Kayu Aro Light Anaerobic 40% | Gunung Halu Light Wine 60%,Light,"Dalam keheningan malam di antara dua puncak, blend eksklusif ini merajut karakter biji pilihan dari Kerinci Kayu Aro serta Gunung Halu menjadi sebuah komposisi yang tak mudah ditemukan. Melalui proses Anaerobic dan Wine, lahirlah profil rasa plum, grape must, dark cherry — kompleks, berlapis, dan tak tergesa-gesa mengungkap dirinya. Diciptakan untuk jiwa-jiwa yang memahami bahwa perjalanan terbaik dimulai dari yang paling sunyi.",Tea-like,Kerinci Kayu Aro (Light / Anaerobic): 400g (40%) | Gunung Halu (Light / Wine): 600g (60%) | total: 1000g,Cocok untuk AeroPress
S-WIN-233,Winter,The Dark Passage,Di mana perjalanan dimulai — dalam kegelapan yang menyimpan bara.,Speciality Blend,Cartographer's Sovereign Dossier,The Dark Passage · Cartographer's sub-universe,Java Garut Medium Wine 55% | Gunung Halu Medium Natural 30% | Java Temanggung Medium Natural 15%,Medium,"Ketika angin gunung membekukan jejak perjalanan, blend eksklusif ini merajut karakter biji pilihan dari Java Garut serta Gunung Halu serta Java Temanggung menjadi sebuah komposisi yang tak mudah ditemukan. Melalui proses Wine dan Natural, lahirlah profil rasa dried fig, port wine, roasted grape — kompleks, berlapis, dan tak tergesa-gesa mengungkap dirinya. Diciptakan untuk jiwa-jiwa yang memahami bahwa perjalanan terbaik dimulai dari yang paling sunyi.",Round,Java Garut (Medium / Wine): 550g (55%) | Gunung Halu (Medium / Natural): 300g (30%) | Java Temanggung (Medium / Natural): 150g (15%) | total: 1000g,Cocok untuk French Press & Espresso
S-WIN-234,Winter,The Dark Passage,Di mana perjalanan dimulai — dalam kegelapan yang menyimpan bara.,Speciality Blend,Cartographer's Sovereign Codex,The Dark Passage · Cartographer's sub-universe,Solok Radjo Dark Anaerobic 45% | Lintong Onan Medium Wine 35% | Java Garut Medium Natural 20%,Medium,"Bagi para ekspeditor yang melewati malam terpanjang, blend eksklusif ini merajut karakter biji pilihan dari Solok Radjo serta Lintong Onan serta Java Garut menjadi sebuah komposisi yang tak mudah ditemukan. Melalui proses Anaerobic dan Wine, lahirlah profil rasa molasses, dark plum, dark chocolate — kompleks, berlapis, dan tak tergesa-gesa mengungkap dirinya. Sebuah penghormatan kepada mereka yang tak takut melangkah dalam gelap.",Round,Solok Radjo (Dark / Anaerobic): 450g (45%) | Lintong Onan (Medium / Wine): 350g (35%) | Java Garut (Medium / Natural): 200g (20%) | total: 1000g,Versatile for Espresso & Filter
S-WIN-235,Winter,The Dark Passage,Di mana perjalanan dimulai — dalam kegelapan yang menyimpan bara.,Speciality Blend,Cartographer's Clandestine Folio,The Dark Passage · Cartographer's sub-universe,Gunung Halu Medium Wine 55% | Lampung Robusta Premium Light Anaerobic 30% | Wanoja Kamojang Medium Natural 15%,Medium,"Di singgahan terakhir sebelum salju menutup jalur, blend eksklusif ini merajut karakter biji pilihan dari Gunung Halu serta Lampung Robusta Premium serta Wanoja Kamojang menjadi sebuah komposisi yang tak mudah ditemukan. Melalui proses Wine dan Anaerobic, lahirlah profil rasa raspberry, cola, espresso — kompleks, berlapis, dan tak tergesa-gesa mengungkap dirinya. Diciptakan untuk jiwa-jiwa yang memahami bahwa perjalanan terbaik dimulai dari yang paling sunyi.",Balanced,Gunung Halu (Medium / Wine): 550g (55%) | Lampung Robusta Premium (Light / Anaerobic): 300g (30%) | Wanoja Kamojang (Medium / Natural): 150g (15%) | total: 1000g,Versatile for Espresso & Filter
S-WIN-236,Winter,The Dark Passage,Di mana perjalanan dimulai — dalam kegelapan yang menyimpan bara.,Speciality Blend,Cartographer's Clandestine Dossier,The Dark Passage · Cartographer's sub-universe,Lampung Robusta Premium Medium Wine 50% | Gunung Halu Medium Anaerobic 50%,Medium,"Dari kegelapan yang menjaga bara tetap hidup, blend eksklusif ini merajut karakter biji pilihan dari Lampung Robusta Premium serta Gunung Halu menjadi sebuah komposisi yang tak mudah ditemukan. Melalui proses Wine dan Anaerobic, lahirlah profil rasa dark plum, tamarind, roasted grape — kompleks, berlapis, dan tak tergesa-gesa mengungkap dirinya. Untuk setiap ekspeditor yang pernah menemukan kehangatan di tempat yang paling dingin.",Smooth,Lampung Robusta Premium (Medium / Wine): 500g (50%) | Gunung Halu (Medium / Anaerobic): 500g (50%) | total: 1000g,Best for Moka Pot
S-WIN-237,Winter,The Dark Passage,Di mana perjalanan dimulai — dalam kegelapan yang menyimpan bara.,Speciality Blend,Cartographer's Mythic Ledger,The Dark Passage · Cartographer's sub-universe,Java Manglayang Dark Anaerobic 65% | Java Preanger Medium Anaerobic 35%,Dark,"Di singgahan terakhir sebelum salju menutup jalur, blend eksklusif ini merajut karakter biji pilihan dari Java Manglayang serta Java Preanger menjadi sebuah komposisi yang tak mudah ditemukan. Melalui proses Anaerobic, lahirlah profil rasa black cherry, smoke, tropical punch — kompleks, berlapis, dan tak tergesa-gesa mengungkap dirinya. Blend yang diracik bagi mereka yang menghargai keberanian sebuah permulaan.",Bold,Java Manglayang (Dark / Anaerobic): 650g (65%) | Java Preanger (Medium / Anaerobic): 350g (35%) | total: 1000g,Ideal untuk Ristretto
S-WIN-238,Winter,The Dark Passage,Di mana perjalanan dimulai — dalam kegelapan yang menyimpan bara.,Speciality Blend,Cartographer's Unmapped Atlas,The Dark Passage · Cartographer's sub-universe,Temanggung Medium Natural 50% | Java Ijen Raung Light Natural 50%,Light,"Di singgahan terakhir sebelum salju menutup jalur, blend eksklusif ini merajut karakter biji pilihan dari Temanggung serta Java Ijen Raung menjadi sebuah komposisi yang tak mudah ditemukan. Melalui proses Natural, lahirlah profil rasa dried fig, watermelon, molasses — kompleks, berlapis, dan tak tergesa-gesa mengungkap dirinya. Untuk setiap ekspeditor yang pernah menemukan kehangatan di tempat yang paling dingin.",Clean,Temanggung (Medium / Natural): 500g (50%) | Java Ijen Raung (Light / Natural): 500g (50%) | total: 1000g,Best for V60
S-WIN-239,Winter,The Dark Passage,Di mana perjalanan dimulai — dalam kegelapan yang menyimpan bara.,Speciality Blend,Cartographer's Encrypted Manuscript,The Dark Passage · Cartographer's sub-universe,Wanoja Kamojang Dark Anaerobic 70% | Flores Bajawa Light Anaerobic 30%,Medium,"Dalam keheningan malam di antara dua puncak, blend eksklusif ini merajut karakter biji pilihan dari Wanoja Kamojang serta Flores Bajawa menjadi sebuah komposisi yang tak mudah ditemukan. Melalui proses Anaerobic, lahirlah profil rasa cola, lychee, smoke — kompleks, berlapis, dan tak tergesa-gesa mengungkap dirinya. Blend yang diracik bagi mereka yang menghargai keberanian sebuah permulaan.",Round,Wanoja Kamojang (Dark / Anaerobic): 700g (70%) | Flores Bajawa (Light / Anaerobic): 300g (30%) | total: 1000g,Best for Moka Pot
S-WIN-240,Winter,The Dark Passage,Di mana perjalanan dimulai — dalam kegelapan yang menyimpan bara.,Speciality Blend,Cartographer's Mythic Codex,The Dark Passage · Cartographer's sub-universe,Bukit Barisan Dark Natural 60% | Wanoja Kamojang Dark Anaerobic 25% | Mandheling Medium Anaerobic 15%,Dark,"Seperti api yang tak kunjung padam di pos terakhir, blend eksklusif ini merajut karakter biji pilihan dari Bukit Barisan serta Wanoja Kamojang serta Mandheling menjadi sebuah komposisi yang tak mudah ditemukan. Melalui proses Natural dan Anaerobic, lahirlah profil rasa fermented cocoa, black cherry, tar — kompleks, berlapis, dan tak tergesa-gesa mengungkap dirinya. Sebuah penghormatan kepada mereka yang tak takut melangkah dalam gelap.",Full Body,Bukit Barisan (Dark / Natural): 600g (60%) | Wanoja Kamojang (Dark / Anaerobic): 250g (25%) | Mandheling (Medium / Anaerobic): 150g (15%) | total: 1000g,Ideal untuk Ristretto
S-WIN-241,Winter,The Dark Passage,Di mana perjalanan dimulai — dalam kegelapan yang menyimpan bara.,Speciality Blend,Cartographer's Hallowed Manuscript,The Dark Passage · Cartographer's sub-universe,Temanggung Light Anaerobic 50% | Dampit Malang Medium Anaerobic 50%,Light,"Ketika angin gunung membekukan jejak perjalanan, blend eksklusif ini merajut karakter biji pilihan dari Temanggung serta Dampit Malang menjadi sebuah komposisi yang tak mudah ditemukan. Melalui proses Anaerobic, lahirlah profil rasa fermented fruit, rum raisin, raspberry — kompleks, berlapis, dan tak tergesa-gesa mengungkap dirinya. Untuk setiap ekspeditor yang pernah menemukan kehangatan di tempat yang paling dingin.",Clean,Temanggung (Light / Anaerobic): 500g (50%) | Dampit Malang (Medium / Anaerobic): 500g (50%) | total: 1000g,Cocok untuk AeroPress
S-WIN-242,Winter,The Dark Passage,Di mana perjalanan dimulai — dalam kegelapan yang menyimpan bara.,Speciality Blend,Cartographer's Uncharted Cartouche,The Dark Passage · Cartographer's sub-universe,Temanggung Medium Anaerobic 45% | Semeru Light Wine 35% | Papua Dogiyai Medium Natural 20%,Light,"Bagi para ekspeditor yang melewati malam terpanjang, blend eksklusif ini merajut karakter biji pilihan dari Temanggung serta Semeru serta Papua Dogiyai menjadi sebuah komposisi yang tak mudah ditemukan. Melalui proses Anaerobic dan Wine, lahirlah profil rasa tamarind, blackcurrant, grape must — kompleks, berlapis, dan tak tergesa-gesa mengungkap dirinya. Untuk setiap ekspeditor yang pernah menemukan kehangatan di tempat yang paling dingin.",Silky,Temanggung (Medium / Anaerobic): 450g (45%) | Semeru (Light / Wine): 350g (35%) | Papua Dogiyai (Medium / Natural): 200g (20%) | total: 1000g,Pour Over Recommended
S-WIN-243,Winter,The Dark Passage,Di mana perjalanan dimulai — dalam kegelapan yang menyimpan bara.,Speciality Blend,Cartographer's Encrypted Cartouche,The Dark Passage · Cartographer's sub-universe,Java Ijen Raung Light Natural 45% | Bukit Barisan Light Wine 35% | Mandheling Dark Anaerobic 20%,Light,"Dalam keheningan malam di antara dua puncak, blend eksklusif ini merajut karakter biji pilihan dari Java Ijen Raung serta Bukit Barisan serta Mandheling menjadi sebuah komposisi yang tak mudah ditemukan. Melalui proses Natural dan Wine, lahirlah profil rasa blackcurrant, tropical fruit, wine — kompleks, berlapis, dan tak tergesa-gesa mengungkap dirinya. Untuk setiap ekspeditor yang pernah menemukan kehangatan di tempat yang paling dingin.",Clean,Java Ijen Raung (Light / Natural): 450g (45%) | Bukit Barisan (Light / Wine): 350g (35%) | Mandheling (Dark / Anaerobic): 200g (20%) | total: 1000g,Ideal for Chemex
S-WIN-244,Winter,The Dark Passage,Di mana perjalanan dimulai — dalam kegelapan yang menyimpan bara.,Speciality Blend,Cartographer's Sealed Registry,The Dark Passage · Cartographer's sub-universe,Dampit Malang Light Anaerobic 40% | Mandheling Dark Wine 60%,Medium,"Di singgahan terakhir sebelum salju menutup jalur, blend eksklusif ini merajut karakter biji pilihan dari Dampit Malang serta Mandheling menjadi sebuah komposisi yang tak mudah ditemukan. Melalui proses Anaerobic dan Wine, lahirlah profil rasa passion fruit, tobacco, cola — kompleks, berlapis, dan tak tergesa-gesa mengungkap dirinya. Diciptakan untuk jiwa-jiwa yang memahami bahwa perjalanan terbaik dimulai dari yang paling sunyi.",Smooth,Dampit Malang (Light / Anaerobic): 400g (40%) | Mandheling (Dark / Wine): 600g (60%) | total: 1000g,Versatile for Espresso & Filter
S-WIN-245,Winter,The Dark Passage,Di mana perjalanan dimulai — dalam kegelapan yang menyimpan bara.,Speciality Blend,Cartographer's Rarest Chronicle,The Dark Passage · Cartographer's sub-universe,Bengkulu Medium Natural 60% | Java Ijen Raung Medium Anaerobic 25% | Java Garut Light Natural 15%,Medium,"Bagi para ekspeditor yang melewati malam terpanjang, blend eksklusif ini merajut karakter biji pilihan dari Bengkulu serta Java Ijen Raung serta Java Garut menjadi sebuah komposisi yang tak mudah ditemukan. Melalui proses Natural dan Anaerobic, lahirlah profil rasa cacao nib, prune, tropical fruit — kompleks, berlapis, dan tak tergesa-gesa mengungkap dirinya. Untuk setiap ekspeditor yang pernah menemukan kehangatan di tempat yang paling dingin.",Balanced,Bengkulu (Medium / Natural): 600g (60%) | Java Ijen Raung (Medium / Anaerobic): 250g (25%) | Java Garut (Light / Natural): 150g (15%) | total: 1000g,Best for Moka Pot
S-WIN-246,Winter,The Dark Passage,Di mana perjalanan dimulai — dalam kegelapan yang menyimpan bara.,Speciality Blend,Cartographer's Redacted Manuscript,The Dark Passage · Cartographer's sub-universe,Temanggung Dark Natural 50% | Java Ijen Raung Medium Wine 25% | Toraja Kalosi Medium Wine 25%,Dark,"Di singgahan terakhir sebelum salju menutup jalur, blend eksklusif ini merajut karakter biji pilihan dari Temanggung serta Java Ijen Raung serta Toraja Kalosi menjadi sebuah komposisi yang tak mudah ditemukan. Melalui proses Natural dan Wine, lahirlah profil rasa roasted grape, port wine, espresso — kompleks, berlapis, dan tak tergesa-gesa mengungkap dirinya. Untuk setiap ekspeditor yang pernah menemukan kehangatan di tempat yang paling dingin.",Syrupy,Temanggung (Dark / Natural): 500g (50%) | Java Ijen Raung (Medium / Wine): 250g (25%) | Toraja Kalosi (Medium / Wine): 250g (25%) | total: 1000g,Best for Espresso
S-WIN-247,Winter,The Dark Passage,Di mana perjalanan dimulai — dalam kegelapan yang menyimpan bara.,Speciality Blend,Cartographer's Obsidian Cipher,The Dark Passage · Cartographer's sub-universe,Java Ijen Raung Dark Wine 60% | Bali Kintamani Medium Natural 40%,Dark,"Bagi para ekspeditor yang melewati malam terpanjang, blend eksklusif ini merajut karakter biji pilihan dari Java Ijen Raung serta Bali Kintamani menjadi sebuah komposisi yang tak mudah ditemukan. Melalui proses Wine dan Natural, lahirlah profil rasa aged wine, smoked plum, molasses — kompleks, berlapis, dan tak tergesa-gesa mengungkap dirinya. Untuk setiap ekspeditor yang pernah menemukan kehangatan di tempat yang paling dingin.",Thick,Java Ijen Raung (Dark / Wine): 600g (60%) | Bali Kintamani (Medium / Natural): 400g (40%) | total: 1000g,Cocok untuk Cold Brew
S-WIN-248,Winter,The Dark Passage,Di mana perjalanan dimulai — dalam kegelapan yang menyimpan bara.,Speciality Blend,Cartographer's Obsidian Scroll,The Dark Passage · Cartographer's sub-universe,Java Preanger Dark Natural 55% | Java Ijen Raung Dark Wine 45%,Dark,"Dari kegelapan yang menjaga bara tetap hidup, blend eksklusif ini merajut karakter biji pilihan dari Java Preanger serta Java Ijen Raung menjadi sebuah komposisi yang tak mudah ditemukan. Melalui proses Natural dan Wine, lahirlah profil rasa espresso, licorice, dark berry — kompleks, berlapis, dan tak tergesa-gesa mengungkap dirinya. Untuk setiap ekspeditor yang pernah menemukan kehangatan di tempat yang paling dingin.",Heavy Body,Java Preanger (Dark / Natural): 550g (55%) | Java Ijen Raung (Dark / Wine): 450g (45%) | total: 1000g,Ideal untuk Ristretto
S-WIN-249,Winter,The Dark Passage,Di mana perjalanan dimulai — dalam kegelapan yang menyimpan bara.,Speciality Blend,Cartographer's Classified Cartouche,The Dark Passage · Cartographer's sub-universe,Bali Kintamani Light Anaerobic 55% | Papua Dogiyai Dark Natural 30% | Java Preanger Dark Anaerobic 15%,Medium,"Dalam keheningan malam di antara dua puncak, blend eksklusif ini merajut karakter biji pilihan dari Bali Kintamani serta Papua Dogiyai serta Java Preanger menjadi sebuah komposisi yang tak mudah ditemukan. Melalui proses Anaerobic dan Natural, lahirlah profil rasa smoke, rum raisin, lychee — kompleks, berlapis, dan tak tergesa-gesa mengungkap dirinya. Blend yang diracik bagi mereka yang menghargai keberanian sebuah permulaan.",Round,Bali Kintamani (Light / Anaerobic): 550g (55%) | Papua Dogiyai (Dark / Natural): 300g (30%) | Java Preanger (Dark / Anaerobic): 150g (15%) | total: 1000g,Versatile for Espresso & Filter
S-WIN-250,Winter,The Dark Passage,Di mana perjalanan dimulai — dalam kegelapan yang menyimpan bara.,Speciality Blend,Cartographer's Clandestine Manuscript,The Dark Passage · Cartographer's sub-universe,Mandheling Medium Wine 45% | Arjuno Medium Anaerobic 35% | Sembalun Rinjani Dark Wine 20%,Medium,"Dari kegelapan yang menjaga bara tetap hidup, blend eksklusif ini merajut karakter biji pilihan dari Mandheling serta Arjuno serta Sembalun Rinjani menjadi sebuah komposisi yang tak mudah ditemukan. Melalui proses Wine dan Anaerobic, lahirlah profil rasa balsamic, port wine, dark espresso — kompleks, berlapis, dan tak tergesa-gesa mengungkap dirinya. Diciptakan untuk jiwa-jiwa yang memahami bahwa perjalanan terbaik dimulai dari yang paling sunyi.",Balanced,Mandheling (Medium / Wine): 450g (45%) | Arjuno (Medium / Anaerobic): 350g (35%) | Sembalun Rinjani (Dark / Wine): 200g (20%) | total: 1000g,Cocok untuk French Press & Espresso
S-SUM-001,Summer,The Open Horizon,Ketika laut dan langit melebur — dan setiap tegukan terasa seperti angin pertama.,Seasonal Blend,Ternate Crossing,The Open Horizon · Seasonal collection,Temanggung Light SemiWashed 40% | Toraja Kalosi Medium WetHulled 35% | Java Manglayang Light Washed 25%,Light,"Seperti kapal yang menemukan teluknya setelah berbulan berlayar, blend ini mempertemukan biji-biji dari Temanggung serta Toraja Kalosi serta Java Manglayang dalam sebuah komposisi yang menceritakan kekayaan dataran Nusantara. Diproses dengan metode SemiWashed dan WetHulled, menghadirkan nuansa mandarin, peach, light caramel yang bersih namun penuh kedalaman. Blend yang merayakan keberanian membuka cakrawala baru, satu tegukan sekaligus.",Clean,Temanggung (Light / SemiWashed): 400g (40%) | Toraja Kalosi (Medium / WetHulled): 350g (35%) | Java Manglayang (Light / Washed): 250g (25%) | total: 1000g,Best for V60
S-SUM-002,Summer,The Open Horizon,Ketika laut dan langit melebur — dan setiap tegukan terasa seperti angin pertama.,Seasonal Blend,Tuban Cargo,The Open Horizon · Seasonal collection,Java Sindoro Medium WetHulled 50% | Papua Dogiyai Dark Honey 50%,Dark,"Terinspirasi dari rute dagang yang telah melintasi generasi, blend ini mempertemukan biji-biji dari Java Sindoro serta Papua Dogiyai dalam sebuah komposisi yang menceritakan kekayaan dataran Nusantara. Diproses dengan metode WetHulled dan Honey, menghadirkan nuansa earthy, burnt caramel, tobacco yang bersih namun penuh kedalaman. Blend yang merayakan keberanian membuka cakrawala baru, satu tegukan sekaligus.",Syrupy,Java Sindoro (Medium / WetHulled): 500g (50%) | Papua Dogiyai (Dark / Honey): 500g (50%) | total: 1000g,Ideal untuk Ristretto
S-SUM-003,Summer,The Open Horizon,Ketika laut dan langit melebur — dan setiap tegukan terasa seperti angin pertama.,Seasonal Blend,Malacca Meridian,The Open Horizon · Seasonal collection,Java Temanggung Dark Honey 65% | Bali Ulian Medium Honey 35%,Dark,"Terinspirasi dari rute dagang yang telah melintasi generasi, blend ini mempertemukan biji-biji dari Java Temanggung serta Bali Ulian dalam sebuah komposisi yang menceritakan kekayaan dataran Nusantara. Diproses dengan metode Honey, menghadirkan nuansa smoked almond, macadamia, maple syrup yang bersih namun penuh kedalaman. Sebuah persembahan kepada rute-rute yang telah menghubungkan Nusantara selama berabad-abad.",Heavy Body,Java Temanggung (Dark / Honey): 650g (65%) | Bali Ulian (Medium / Honey): 350g (35%) | total: 1000g,Best for Espresso
S-SUM-004,Summer,The Open Horizon,Ketika laut dan langit melebur — dan setiap tegukan terasa seperti angin pertama.,Seasonal Blend,Timor Manifest,The Open Horizon · Seasonal collection,Solok Radjo Dark Washed 40% | Toraja Sapan Dark Washed 35% | Flores Bajawa Dark Washed 25%,Dark,"Seperti angin laut yang pertama kali menyentuh dek, blend ini mempertemukan biji-biji dari Solok Radjo serta Toraja Sapan serta Flores Bajawa dalam sebuah komposisi yang menceritakan kekayaan dataran Nusantara. Diproses dengan metode Washed, menghadirkan nuansa smoky caramel, dark roast, molasses yang bersih namun penuh kedalaman. Sebuah persembahan kepada rute-rute yang telah menghubungkan Nusantara selama berabad-abad.",Bold,Solok Radjo (Dark / Washed): 400g (40%) | Toraja Sapan (Dark / Washed): 350g (35%) | Flores Bajawa (Dark / Washed): 250g (25%) | total: 1000g,Cocok untuk Cold Brew
S-SUM-005,Summer,The Open Horizon,Ketika laut dan langit melebur — dan setiap tegukan terasa seperti angin pertama.,Seasonal Blend,Balikpapan Strait,The Open Horizon · Seasonal collection,Temanggung Light Anaerobic 50% | Gunung Halu Light WetHulled 25% | Dampit Malang Dark WetHulled 25%,Light,"Seperti kapal yang menemukan teluknya setelah berbulan berlayar, blend ini mempertemukan biji-biji dari Temanggung serta Gunung Halu serta Dampit Malang dalam sebuah komposisi yang menceritakan kekayaan dataran Nusantara. Diproses dengan metode Anaerobic dan WetHulled, menghadirkan nuansa passion fruit, lychee, green pepper yang bersih namun penuh kedalaman. Untuk para pelaut dalam diri kita — yang selalu menemukan jalan pulang.",Delicate,Temanggung (Light / Anaerobic): 500g (50%) | Gunung Halu (Light / WetHulled): 250g (25%) | Dampit Malang (Dark / WetHulled): 250g (25%) | total: 1000g,Best for V60
S-SUM-006,Summer,The Open Horizon,Ketika laut dan langit melebur — dan setiap tegukan terasa seperti angin pertama.,Seasonal Blend,Manado Voyage,The Open Horizon · Seasonal collection,Java Ciwidey Dark Natural 50% | Toraja Sapan Medium Honey 50%,Dark,"Terinspirasi dari rute dagang yang telah melintasi generasi, blend ini mempertemukan biji-biji dari Java Ciwidey serta Toraja Sapan dalam sebuah komposisi yang menceritakan kekayaan dataran Nusantara. Diproses dengan metode Natural dan Honey, menghadirkan nuansa toffee, charcoal, honey yang bersih namun penuh kedalaman. Diciptakan dari spirit jalur dagang yang mengalirkan kekayaan rasa lintas samudera.",Thick,Java Ciwidey (Dark / Natural): 500g (50%) | Toraja Sapan (Medium / Honey): 500g (50%) | total: 1000g,Best for Espresso
S-SUM-007,Summer,The Open Horizon,Ketika laut dan langit melebur — dan setiap tegukan terasa seperti angin pertama.,Seasonal Blend,Makassar Course,The Open Horizon · Seasonal collection,Sembalun Rinjani Dark WetHulled 50% | Java Garut Medium Honey 30% | Papua Dogiyai Dark WetHulled 20%,Dark,"Seperti kapal yang menemukan teluknya setelah berbulan berlayar, blend ini mempertemukan biji-biji dari Sembalun Rinjani serta Java Garut serta Papua Dogiyai dalam sebuah komposisi yang menceritakan kekayaan dataran Nusantara. Diproses dengan metode WetHulled dan Honey, menghadirkan nuansa dark tobacco, peat, intense earth yang bersih namun penuh kedalaman. Diciptakan dari spirit jalur dagang yang mengalirkan kekayaan rasa lintas samudera.",Bold,Sembalun Rinjani (Dark / WetHulled): 500g (50%) | Java Garut (Medium / Honey): 300g (30%) | Papua Dogiyai (Dark / WetHulled): 200g (20%) | total: 1000g,Cocok untuk Cold Brew
S-SUM-008,Summer,The Open Horizon,Ketika laut dan langit melebur — dan setiap tegukan terasa seperti angin pertama.,Seasonal Blend,Sunda Bearing,The Open Horizon · Seasonal collection,Solok Radjo Light Wine 60% | Java Garut Medium Honey 25% | Toraja Sapan Dark Honey 15%,Light,"Seperti kapal yang menemukan teluknya setelah berbulan berlayar, blend ini mempertemukan biji-biji dari Solok Radjo serta Java Garut serta Toraja Sapan dalam sebuah komposisi yang menceritakan kekayaan dataran Nusantara. Diproses dengan metode Wine dan Honey, menghadirkan nuansa toffee, maple syrup, wine yang bersih namun penuh kedalaman. Sebuah persembahan kepada rute-rute yang telah menghubungkan Nusantara selama berabad-abad.",Light Body,Solok Radjo (Light / Wine): 600g (60%) | Java Garut (Medium / Honey): 250g (25%) | Toraja Sapan (Dark / Honey): 150g (15%) | total: 1000g,Ideal for Chemex
S-SUM-009,Summer,The Open Horizon,Ketika laut dan langit melebur — dan setiap tegukan terasa seperti angin pertama.,Seasonal Blend,Tidore Run,The Open Horizon · Seasonal collection,Bukit Barisan Medium WetHulled 55% | Java Garut Dark Honey 30% | Bali Ulian Medium Honey 15%,Medium,"Dari pelabuhan tua yang menyimpan ribuan cerita, blend ini mempertemukan biji-biji dari Bukit Barisan serta Java Garut serta Bali Ulian dalam sebuah komposisi yang menceritakan kekayaan dataran Nusantara. Diproses dengan metode WetHulled dan Honey, menghadirkan nuansa smoked almond, leather, burnt caramel yang bersih namun penuh kedalaman. Sebuah persembahan kepada rute-rute yang telah menghubungkan Nusantara selama berabad-abad.",Medium Body,Bukit Barisan (Medium / WetHulled): 550g (55%) | Java Garut (Dark / Honey): 300g (30%) | Bali Ulian (Medium / Honey): 150g (15%) | total: 1000g,Versatile for Espresso & Filter
S-SUM-010,Summer,The Open Horizon,Ketika laut dan langit melebur — dan setiap tegukan terasa seperti angin pertama.,Seasonal Blend,Banten Run,The Open Horizon · Seasonal collection,Mandheling Dark Honey 60% | Mandheling Dark Wine 40%,Dark,"Terinspirasi dari rute dagang yang telah melintasi generasi, blend ini mempertemukan biji-biji dari Mandheling serta Mandheling dalam sebuah komposisi yang menceritakan kekayaan dataran Nusantara. Diproses dengan metode Honey dan Wine, menghadirkan nuansa tobacco, aged wine, burnt caramel yang bersih namun penuh kedalaman. Blend yang merayakan keberanian membuka cakrawala baru, satu tegukan sekaligus.",Bold,Mandheling (Dark / Honey): 600g (60%) | Mandheling (Dark / Wine): 400g (40%) | total: 1000g,Ideal untuk Ristretto
S-SUM-011,Summer,The Open Horizon,Ketika laut dan langit melebur — dan setiap tegukan terasa seperti angin pertama.,Seasonal Blend,Tuban Heading,The Open Horizon · Seasonal collection,Java Ciwidey Dark Honey 55% | Solok Radjo Dark SemiWashed 30% | Bali Ulian Medium Wine 15%,Dark,"Seperti kapal yang menemukan teluknya setelah berbulan berlayar, blend ini mempertemukan biji-biji dari Java Ciwidey serta Solok Radjo serta Bali Ulian dalam sebuah komposisi yang menceritakan kekayaan dataran Nusantara. Diproses dengan metode Honey dan SemiWashed, menghadirkan nuansa dark plum, burnt caramel, roasted grain yang bersih namun penuh kedalaman. Sebuah persembahan kepada rute-rute yang telah menghubungkan Nusantara selama berabad-abad.",Syrupy,Java Ciwidey (Dark / Honey): 550g (55%) | Solok Radjo (Dark / SemiWashed): 300g (30%) | Bali Ulian (Medium / Wine): 150g (15%) | total: 1000g,Cocok untuk Cold Brew
S-SUM-012,Summer,The Open Horizon,Ketika laut dan langit melebur — dan setiap tegukan terasa seperti angin pertama.,Seasonal Blend,Sunda Current,The Open Horizon · Seasonal collection,Lampung Robusta Premium Dark Washed 50% | Solok Radjo Medium SemiWashed 30% | Java Ciwidey Light Honey 20%,Medium,"Di mana muara sungai berjumpa dengan lautan terbuka, blend ini mempertemukan biji-biji dari Lampung Robusta Premium serta Solok Radjo serta Java Ciwidey dalam sebuah komposisi yang menceritakan kekayaan dataran Nusantara. Diproses dengan metode Washed dan SemiWashed, menghadirkan nuansa milk caramel, honeysuckle, apricot jam yang bersih namun penuh kedalaman. Blend yang merayakan keberanian membuka cakrawala baru, satu tegukan sekaligus.",Round,Lampung Robusta Premium (Dark / Washed): 500g (50%) | Solok Radjo (Medium / SemiWashed): 300g (30%) | Java Ciwidey (Light / Honey): 200g (20%) | total: 1000g,Cocok untuk French Press & Espresso
S-SUM-013,Summer,The Open Horizon,Ketika laut dan langit melebur — dan setiap tegukan terasa seperti angin pertama.,Seasonal Blend,Bali Channel,The Open Horizon · Seasonal collection,Aceh Gayo Medium Honey 60% | Toraja Sapan Light Anaerobic 25% | Arjuno Dark Honey 15%,Medium,"Di mana muara sungai berjumpa dengan lautan terbuka, blend ini mempertemukan biji-biji dari Aceh Gayo serta Toraja Sapan serta Arjuno dalam sebuah komposisi yang menceritakan kekayaan dataran Nusantara. Diproses dengan metode Honey dan Anaerobic, menghadirkan nuansa lychee, macadamia, maple syrup yang bersih namun penuh kedalaman. Diciptakan dari spirit jalur dagang yang mengalirkan kekayaan rasa lintas samudera.",Round,Aceh Gayo (Medium / Honey): 600g (60%) | Toraja Sapan (Light / Anaerobic): 250g (25%) | Arjuno (Dark / Honey): 150g (15%) | total: 1000g,Best for Moka Pot
S-SUM-014,Summer,The Open Horizon,Ketika laut dan langit melebur — dan setiap tegukan terasa seperti angin pertama.,Seasonal Blend,Manado Strait,The Open Horizon · Seasonal collection,Java Temanggung Medium Washed 55% | Aceh Gayo Dark Anaerobic 30% | Java Temanggung Medium Wine 15%,Medium,"Di mana muara sungai berjumpa dengan lautan terbuka, blend ini mempertemukan biji-biji dari Java Temanggung serta Aceh Gayo serta Java Temanggung dalam sebuah komposisi yang menceritakan kekayaan dataran Nusantara. Diproses dengan metode Washed dan Anaerobic, menghadirkan nuansa smoke, roasted grape, espresso yang bersih namun penuh kedalaman. Blend yang merayakan keberanian membuka cakrawala baru, satu tegukan sekaligus.",Balanced,Java Temanggung (Medium / Washed): 550g (55%) | Aceh Gayo (Dark / Anaerobic): 300g (30%) | Java Temanggung (Medium / Wine): 150g (15%) | total: 1000g,Best for Moka Pot
S-SUM-015,Summer,The Open Horizon,Ketika laut dan langit melebur — dan setiap tegukan terasa seperti angin pertama.,Seasonal Blend,Pontianak Voyage,The Open Horizon · Seasonal collection,Java Garut Dark SemiWashed 50% | Papua Dogiyai Medium Washed 30% | Java Puntang Medium Natural 20%,Dark,"Dari pelabuhan tua yang menyimpan ribuan cerita, blend ini mempertemukan biji-biji dari Java Garut serta Papua Dogiyai serta Java Puntang dalam sebuah komposisi yang menceritakan kekayaan dataran Nusantara. Diproses dengan metode SemiWashed dan Washed, menghadirkan nuansa dark caramel, dried fig, molasses yang bersih namun penuh kedalaman. Untuk para pelaut dalam diri kita — yang selalu menemukan jalan pulang.",Syrupy,Java Garut (Dark / SemiWashed): 500g (50%) | Papua Dogiyai (Medium / Washed): 300g (30%) | Java Puntang (Medium / Natural): 200g (20%) | total: 1000g,Cocok untuk Cold Brew
S-SUM-016,Summer,The Open Horizon,Ketika laut dan langit melebur — dan setiap tegukan terasa seperti angin pertama.,Seasonal Blend,Banda Berth,The Open Horizon · Seasonal collection,Toraja Kalosi Dark WetHulled 50% | Sidikalang Medium Anaerobic 25% | Kerinci Kayu Aro Medium WetHulled 25%,Dark,"Ketika layar dibentangkan dan cakrawala terbuka lebar, blend ini mempertemukan biji-biji dari Toraja Kalosi serta Sidikalang serta Kerinci Kayu Aro dalam sebuah komposisi yang menceritakan kekayaan dataran Nusantara. Diproses dengan metode WetHulled dan Anaerobic, menghadirkan nuansa bark, spice, tropical punch yang bersih namun penuh kedalaman. Sebuah persembahan kepada rute-rute yang telah menghubungkan Nusantara selama berabad-abad.",Bold,Toraja Kalosi (Dark / WetHulled): 500g (50%) | Sidikalang (Medium / Anaerobic): 250g (25%) | Kerinci Kayu Aro (Medium / WetHulled): 250g (25%) | total: 1000g,Ideal untuk Ristretto
S-SUM-017,Summer,The Open Horizon,Ketika laut dan langit melebur — dan setiap tegukan terasa seperti angin pertama.,Seasonal Blend,Bali Expedition,The Open Horizon · Seasonal collection,Kerinci Kayu Aro Dark Natural 40% | Flores Manggarai Medium Natural 60%,Medium,"Seperti angin laut yang pertama kali menyentuh dek, blend ini mempertemukan biji-biji dari Kerinci Kayu Aro serta Flores Manggarai dalam sebuah komposisi yang menceritakan kekayaan dataran Nusantara. Diproses dengan metode Natural, menghadirkan nuansa charcoal, espresso, dark berry yang bersih namun penuh kedalaman. Untuk para pelaut dalam diri kita — yang selalu menemukan jalan pulang.",Medium Body,Kerinci Kayu Aro (Dark / Natural): 400g (40%) | Flores Manggarai (Medium / Natural): 600g (60%) | total: 1000g,Cocok untuk French Press & Espresso
S-SUM-018,Summer,The Open Horizon,Ketika laut dan langit melebur — dan setiap tegukan terasa seperti angin pertama.,Seasonal Blend,Kupang Meridian,The Open Horizon · Seasonal collection,Lintong Onan Medium Anaerobic 50% | Dampit Malang Medium Natural 30% | Bengkulu Light SemiWashed 20%,Medium,"Di mana muara sungai berjumpa dengan lautan terbuka, blend ini mempertemukan biji-biji dari Lintong Onan serta Dampit Malang serta Bengkulu dalam sebuah komposisi yang menceritakan kekayaan dataran Nusantara. Diproses dengan metode Anaerobic dan Natural, menghadirkan nuansa tropical punch, tamarind, oolong tea yang bersih namun penuh kedalaman. Untuk para pelaut dalam diri kita — yang selalu menemukan jalan pulang.",Medium Body,Lintong Onan (Medium / Anaerobic): 500g (50%) | Dampit Malang (Medium / Natural): 300g (30%) | Bengkulu (Light / SemiWashed): 200g (20%) | total: 1000g,Cocok untuk French Press & Espresso
S-SUM-019,Summer,The Open Horizon,Ketika laut dan langit melebur — dan setiap tegukan terasa seperti angin pertama.,Seasonal Blend,Banten Crossing,The Open Horizon · Seasonal collection,Kerinci Kayu Aro Dark Anaerobic 65% | Solok Radjo Light SemiWashed 35%,Medium,"Dari pelabuhan tua yang menyimpan ribuan cerita, blend ini mempertemukan biji-biji dari Kerinci Kayu Aro serta Solok Radjo dalam sebuah komposisi yang menceritakan kekayaan dataran Nusantara. Diproses dengan metode Anaerobic dan SemiWashed, menghadirkan nuansa light caramel, black cherry, dark rum yang bersih namun penuh kedalaman. Blend yang merayakan keberanian membuka cakrawala baru, satu tegukan sekaligus.",Round,Kerinci Kayu Aro (Dark / Anaerobic): 650g (65%) | Solok Radjo (Light / SemiWashed): 350g (35%) | total: 1000g,Cocok untuk French Press & Espresso
S-SUM-020,Summer,The Open Horizon,Ketika laut dan langit melebur — dan setiap tegukan terasa seperti angin pertama.,Seasonal Blend,Riau Reach,The Open Horizon · Seasonal collection,Flores Bajawa Light Honey 50% | Java Preanger Dark Honey 25% | Java Manglayang Light Natural 25%,Light,"Seperti kapal yang menemukan teluknya setelah berbulan berlayar, blend ini mempertemukan biji-biji dari Flores Bajawa serta Java Preanger serta Java Manglayang dalam sebuah komposisi yang menceritakan kekayaan dataran Nusantara. Diproses dengan metode Honey dan Natural, menghadirkan nuansa apricot, floral, honeysuckle yang bersih namun penuh kedalaman. Untuk para pelaut dalam diri kita — yang selalu menemukan jalan pulang.",Silky,Flores Bajawa (Light / Honey): 500g (50%) | Java Preanger (Dark / Honey): 250g (25%) | Java Manglayang (Light / Natural): 250g (25%) | total: 1000g,Ideal for Chemex
S-SUM-021,Summer,The Open Horizon,Ketika laut dan langit melebur — dan setiap tegukan terasa seperti angin pertama.,Seasonal Blend,Kupang Bearing,The Open Horizon · Seasonal collection,Papua Wamena Medium Natural 50% | Arjuno Medium Anaerobic 50%,Medium,"Seperti angin laut yang pertama kali menyentuh dek, blend ini mempertemukan biji-biji dari Papua Wamena serta Arjuno dalam sebuah komposisi yang menceritakan kekayaan dataran Nusantara. Diproses dengan metode Natural dan Anaerobic, menghadirkan nuansa berry jam, prune, tropical punch yang bersih namun penuh kedalaman. Diciptakan dari spirit jalur dagang yang mengalirkan kekayaan rasa lintas samudera.",Balanced,Papua Wamena (Medium / Natural): 500g (50%) | Arjuno (Medium / Anaerobic): 500g (50%) | total: 1000g,Versatile for Espresso & Filter
S-SUM-022,Summer,The Open Horizon,Ketika laut dan langit melebur — dan setiap tegukan terasa seperti angin pertama.,Seasonal Blend,Celebes Strait,The Open Horizon · Seasonal collection,Bengkulu Dark Natural 70% | Java Temanggung Dark Washed 30%,Dark,"Ketika layar dibentangkan dan cakrawala terbuka lebar, blend ini mempertemukan biji-biji dari Bengkulu serta Java Temanggung dalam sebuah komposisi yang menceritakan kekayaan dataran Nusantara. Diproses dengan metode Natural dan Washed, menghadirkan nuansa espresso, molasses, dark roast yang bersih namun penuh kedalaman. Untuk para pelaut dalam diri kita — yang selalu menemukan jalan pulang.",Syrupy,Bengkulu (Dark / Natural): 700g (70%) | Java Temanggung (Dark / Washed): 300g (30%) | total: 1000g,Cocok untuk Cold Brew
S-SUM-023,Summer,The Open Horizon,Ketika laut dan langit melebur — dan setiap tegukan terasa seperti angin pertama.,Seasonal Blend,Banda Reach,The Open Horizon · Seasonal collection,Toraja Sapan Dark Wine 50% | Java Ijen Raung Medium Natural 25% | Mandheling Dark Wine 25%,Dark,"Terinspirasi dari rute dagang yang telah melintasi generasi, blend ini mempertemukan biji-biji dari Toraja Sapan serta Java Ijen Raung serta Mandheling dalam sebuah komposisi yang menceritakan kekayaan dataran Nusantara. Diproses dengan metode Wine dan Natural, menghadirkan nuansa dried fig, tobacco, prune yang bersih namun penuh kedalaman. Sebuah persembahan kepada rute-rute yang telah menghubungkan Nusantara selama berabad-abad.",Syrupy,Toraja Sapan (Dark / Wine): 500g (50%) | Java Ijen Raung (Medium / Natural): 250g (25%) | Mandheling (Dark / Wine): 250g (25%) | total: 1000g,Best for Espresso
S-SUM-024,Summer,The Open Horizon,Ketika laut dan langit melebur — dan setiap tegukan terasa seperti angin pertama.,Seasonal Blend,Java Manifest,The Open Horizon · Seasonal collection,Wanoja Kamojang Light Natural 45% | Java Sindoro Medium Wine 35% | Flores Bajawa Medium SemiWashed 20%,Light,"Ketika layar dibentangkan dan cakrawala terbuka lebar, blend ini mempertemukan biji-biji dari Wanoja Kamojang serta Java Sindoro serta Flores Bajawa dalam sebuah komposisi yang menceritakan kekayaan dataran Nusantara. Diproses dengan metode Natural dan Wine, menghadirkan nuansa port wine, vanilla, roasted nut yang bersih namun penuh kedalaman. Sebuah persembahan kepada rute-rute yang telah menghubungkan Nusantara selama berabad-abad.",Tea-like,Wanoja Kamojang (Light / Natural): 450g (45%) | Java Sindoro (Medium / Wine): 350g (35%) | Flores Bajawa (Medium / SemiWashed): 200g (20%) | total: 1000g,Pour Over Recommended
S-SUM-025,Summer,The Open Horizon,Ketika laut dan langit melebur — dan setiap tegukan terasa seperti angin pertama.,Seasonal Blend,Sulawesi Manifest,The Open Horizon · Seasonal collection,Java Garut Light Washed 50% | Arjuno Dark Washed 30% | Java Manglayang Medium Honey 20%,Medium,"Di mana muara sungai berjumpa dengan lautan terbuka, blend ini mempertemukan biji-biji dari Java Garut serta Arjuno serta Java Manglayang dalam sebuah komposisi yang menceritakan kekayaan dataran Nusantara. Diproses dengan metode Washed dan Honey, menghadirkan nuansa molasses, bitter chocolate, smoky caramel yang bersih namun penuh kedalaman. Untuk para pelaut dalam diri kita — yang selalu menemukan jalan pulang.",Velvety,Java Garut (Light / Washed): 500g (50%) | Arjuno (Dark / Washed): 300g (30%) | Java Manglayang (Medium / Honey): 200g (20%) | total: 1000g,Versatile for Espresso & Filter
S-SUM-026,Summer,The Open Horizon,Ketika laut dan langit melebur — dan setiap tegukan terasa seperti angin pertama.,Seasonal Blend,Malacca Traverse,The Open Horizon · Seasonal collection,Solok Radjo Light SemiWashed 55% | Java Puntang Light Natural 30% | Mandheling Dark WetHulled 15%,Light,"Terinspirasi dari rute dagang yang telah melintasi generasi, blend ini mempertemukan biji-biji dari Solok Radjo serta Java Puntang serta Mandheling dalam sebuah komposisi yang menceritakan kekayaan dataran Nusantara. Diproses dengan metode SemiWashed dan Natural, menghadirkan nuansa oolong tea, tropical fruit, blueberry yang bersih namun penuh kedalaman. Diciptakan dari spirit jalur dagang yang mengalirkan kekayaan rasa lintas samudera.",Delicate,Solok Radjo (Light / SemiWashed): 550g (55%) | Java Puntang (Light / Natural): 300g (30%) | Mandheling (Dark / WetHulled): 150g (15%) | total: 1000g,Cocok untuk AeroPress
S-SUM-027,Summer,The Open Horizon,Ketika laut dan langit melebur — dan setiap tegukan terasa seperti angin pertama.,Seasonal Blend,Balikpapan Berth,The Open Horizon · Seasonal collection,Java Sindoro Light Natural 65% | Semeru Medium Wine 35%,Light,"Ketika layar dibentangkan dan cakrawala terbuka lebar, blend ini mempertemukan biji-biji dari Java Sindoro serta Semeru dalam sebuah komposisi yang menceritakan kekayaan dataran Nusantara. Diproses dengan metode Natural dan Wine, menghadirkan nuansa dark plum, espresso, port wine yang bersih namun penuh kedalaman. Diciptakan dari spirit jalur dagang yang mengalirkan kekayaan rasa lintas samudera.",Tea-like,Java Sindoro (Light / Natural): 650g (65%) | Semeru (Medium / Wine): 350g (35%) | total: 1000g,Ideal for Chemex
S-SUM-028,Summer,The Open Horizon,Ketika laut dan langit melebur — dan setiap tegukan terasa seperti angin pertama.,Seasonal Blend,Java Passage,The Open Horizon · Seasonal collection,Toraja Sapan Medium SemiWashed 60% | Flores Bajawa Dark Wine 25% | Sidikalang Light SemiWashed 15%,Medium,"Ketika layar dibentangkan dan cakrawala terbuka lebar, blend ini mempertemukan biji-biji dari Toraja Sapan serta Flores Bajawa serta Sidikalang dalam sebuah komposisi yang menceritakan kekayaan dataran Nusantara. Diproses dengan metode SemiWashed dan Wine, menghadirkan nuansa papaya, dark espresso, vanilla yang bersih namun penuh kedalaman. Untuk para pelaut dalam diri kita — yang selalu menemukan jalan pulang.",Round,Toraja Sapan (Medium / SemiWashed): 600g (60%) | Flores Bajawa (Dark / Wine): 250g (25%) | Sidikalang (Light / SemiWashed): 150g (15%) | total: 1000g,Cocok untuk French Press & Espresso
S-SUM-029,Summer,The Open Horizon,Ketika laut dan langit melebur — dan setiap tegukan terasa seperti angin pertama.,Seasonal Blend,Banda Convoy,The Open Horizon · Seasonal collection,Semeru Medium Honey 50% | Papua Wamena Medium WetHulled 25% | Java Puntang Dark Washed 25%,Medium,"Seperti angin laut yang pertama kali menyentuh dek, blend ini mempertemukan biji-biji dari Semeru serta Papua Wamena serta Java Puntang dalam sebuah komposisi yang menceritakan kekayaan dataran Nusantara. Diproses dengan metode Honey dan WetHulled, menghadirkan nuansa maple syrup, earthy, macadamia yang bersih namun penuh kedalaman. Blend yang merayakan keberanian membuka cakrawala baru, satu tegukan sekaligus.",Medium Body,Semeru (Medium / Honey): 500g (50%) | Papua Wamena (Medium / WetHulled): 250g (25%) | Java Puntang (Dark / Washed): 250g (25%) | total: 1000g,Cocok untuk French Press & Espresso
S-SUM-030,Summer,The Open Horizon,Ketika laut dan langit melebur — dan setiap tegukan terasa seperti angin pertama.,Seasonal Blend,Flores Passage,The Open Horizon · Seasonal collection,Java Ciwidey Dark Washed 40% | Flores Bajawa Medium WetHulled 60%,Medium,"Terinspirasi dari rute dagang yang telah melintasi generasi, blend ini mempertemukan biji-biji dari Java Ciwidey serta Flores Bajawa dalam sebuah komposisi yang menceritakan kekayaan dataran Nusantara. Diproses dengan metode Washed dan WetHulled, menghadirkan nuansa leather, tobacco, smoky caramel yang bersih namun penuh kedalaman. Sebuah persembahan kepada rute-rute yang telah menghubungkan Nusantara selama berabad-abad.",Round,Java Ciwidey (Dark / Washed): 400g (40%) | Flores Bajawa (Medium / WetHulled): 600g (60%) | total: 1000g,Versatile for Espresso & Filter
S-SUM-031,Summer,The Open Horizon,Ketika laut dan langit melebur — dan setiap tegukan terasa seperti angin pertama.,Seasonal Blend,Bali Manifest,The Open Horizon · Seasonal collection,Solok Radjo Medium Natural 50% | Lampung Robusta Premium Light Anaerobic 50%,Light,"Seperti angin laut yang pertama kali menyentuh dek, blend ini mempertemukan biji-biji dari Solok Radjo serta Lampung Robusta Premium dalam sebuah komposisi yang menceritakan kekayaan dataran Nusantara. Diproses dengan metode Natural dan Anaerobic, menghadirkan nuansa rum raisin, berry jam, molasses yang bersih namun penuh kedalaman. Diciptakan dari spirit jalur dagang yang mengalirkan kekayaan rasa lintas samudera.",Silky,Solok Radjo (Medium / Natural): 500g (50%) | Lampung Robusta Premium (Light / Anaerobic): 500g (50%) | total: 1000g,Pour Over Recommended
S-SUM-032,Summer,The Open Horizon,Ketika laut dan langit melebur — dan setiap tegukan terasa seperti angin pertama.,Seasonal Blend,Sorong Bearing,The Open Horizon · Seasonal collection,Java Temanggung Light Wine 60% | Papua Dogiyai Dark Washed 25% | Bukit Barisan Light SemiWashed 15%,Light,"Dari pelabuhan tua yang menyimpan ribuan cerita, blend ini mempertemukan biji-biji dari Java Temanggung serta Papua Dogiyai serta Bukit Barisan dalam sebuah komposisi yang menceritakan kekayaan dataran Nusantara. Diproses dengan metode Wine dan Washed, menghadirkan nuansa mandarin, wine, grape must yang bersih namun penuh kedalaman. Diciptakan dari spirit jalur dagang yang mengalirkan kekayaan rasa lintas samudera.",Delicate,Java Temanggung (Light / Wine): 600g (60%) | Papua Dogiyai (Dark / Washed): 250g (25%) | Bukit Barisan (Light / SemiWashed): 150g (15%) | total: 1000g,Pour Over Recommended
S-SUM-033,Summer,The Open Horizon,Ketika laut dan langit melebur — dan setiap tegukan terasa seperti angin pertama.,Seasonal Blend,Riau Portside,The Open Horizon · Seasonal collection,Toraja Kalosi Light Honey 50% | Temanggung Medium Natural 25% | Dampit Malang Medium WetHulled 25%,Light,"Di mana muara sungai berjumpa dengan lautan terbuka, blend ini mempertemukan biji-biji dari Toraja Kalosi serta Temanggung serta Dampit Malang dalam sebuah komposisi yang menceritakan kekayaan dataran Nusantara. Diproses dengan metode Honey dan Natural, menghadirkan nuansa molasses, honeysuckle, floral yang bersih namun penuh kedalaman. Sebuah persembahan kepada rute-rute yang telah menghubungkan Nusantara selama berabad-abad.",Tea-like,Toraja Kalosi (Light / Honey): 500g (50%) | Temanggung (Medium / Natural): 250g (25%) | Dampit Malang (Medium / WetHulled): 250g (25%) | total: 1000g,Cocok untuk AeroPress
S-SUM-034,Summer,The Open Horizon,Ketika laut dan langit melebur — dan setiap tegukan terasa seperti angin pertama.,Seasonal Blend,Padang Wake,The Open Horizon · Seasonal collection,Toraja Sapan Medium SemiWashed 45% | Toraja Sapan Dark Washed 35% | Lampung Robusta Premium Light Natural 20%,Medium,"Di mana muara sungai berjumpa dengan lautan terbuka, blend ini mempertemukan biji-biji dari Toraja Sapan serta Toraja Sapan serta Lampung Robusta Premium dalam sebuah komposisi yang menceritakan kekayaan dataran Nusantara. Diproses dengan metode SemiWashed dan Washed, menghadirkan nuansa smoky caramel, watermelon, blueberry yang bersih namun penuh kedalaman. Sebuah persembahan kepada rute-rute yang telah menghubungkan Nusantara selama berabad-abad.",Smooth,Toraja Sapan (Medium / SemiWashed): 450g (45%) | Toraja Sapan (Dark / Washed): 350g (35%) | Lampung Robusta Premium (Light / Natural): 200g (20%) | total: 1000g,Best for Moka Pot
S-SUM-035,Summer,The Open Horizon,Ketika laut dan langit melebur — dan setiap tegukan terasa seperti angin pertama.,Seasonal Blend,Lombok Wake,The Open Horizon · Seasonal collection,Gunung Halu Medium WetHulled 60% | Dampit Malang Medium Washed 40%,Medium,"Terinspirasi dari rute dagang yang telah melintasi generasi, blend ini mempertemukan biji-biji dari Gunung Halu serta Dampit Malang dalam sebuah komposisi yang menceritakan kekayaan dataran Nusantara. Diproses dengan metode WetHulled dan Washed, menghadirkan nuansa tobacco, almond, earthy yang bersih namun penuh kedalaman. Sebuah persembahan kepada rute-rute yang telah menghubungkan Nusantara selama berabad-abad.",Medium Body,Gunung Halu (Medium / WetHulled): 600g (60%) | Dampit Malang (Medium / Washed): 400g (40%) | total: 1000g,Best for Moka Pot
S-SUM-036,Summer,The Open Horizon,Ketika laut dan langit melebur — dan setiap tegukan terasa seperti angin pertama.,Seasonal Blend,Sulawesi Expedition,The Open Horizon · Seasonal collection,Papua Wamena Dark Natural 50% | Solok Radjo Medium Anaerobic 30% | Solok Radjo Medium Wine 20%,Dark,"Seperti kapal yang menemukan teluknya setelah berbulan berlayar, blend ini mempertemukan biji-biji dari Papua Wamena serta Solok Radjo serta Solok Radjo dalam sebuah komposisi yang menceritakan kekayaan dataran Nusantara. Diproses dengan metode Natural dan Anaerobic, menghadirkan nuansa licorice, espresso, roasted grape yang bersih namun penuh kedalaman. Sebuah persembahan kepada rute-rute yang telah menghubungkan Nusantara selama berabad-abad.",Syrupy,Papua Wamena (Dark / Natural): 500g (50%) | Solok Radjo (Medium / Anaerobic): 300g (30%) | Solok Radjo (Medium / Wine): 200g (20%) | total: 1000g,Best for Espresso
S-SUM-037,Summer,The Open Horizon,Ketika laut dan langit melebur — dan setiap tegukan terasa seperti angin pertama.,Seasonal Blend,Tidore Transit,The Open Horizon · Seasonal collection,Aceh Gayo Dark Washed 50% | Java Ijen Raung Dark Wine 25% | Kerinci Kayu Aro Light Natural 25%,Dark,"Dari pelabuhan tua yang menyimpan ribuan cerita, blend ini mempertemukan biji-biji dari Aceh Gayo serta Java Ijen Raung serta Kerinci Kayu Aro dalam sebuah komposisi yang menceritakan kekayaan dataran Nusantara. Diproses dengan metode Washed dan Wine, menghadirkan nuansa smoked plum, tobacco, strawberry yang bersih namun penuh kedalaman. Sebuah persembahan kepada rute-rute yang telah menghubungkan Nusantara selama berabad-abad.",Thick,Aceh Gayo (Dark / Washed): 500g (50%) | Java Ijen Raung (Dark / Wine): 250g (25%) | Kerinci Kayu Aro (Light / Natural): 250g (25%) | total: 1000g,Ideal untuk Ristretto
S-SUM-038,Summer,The Open Horizon,Ketika laut dan langit melebur — dan setiap tegukan terasa seperti angin pertama.,Seasonal Blend,Pontianak Convoy,The Open Horizon · Seasonal collection,Temanggung Light Washed 55% | Bali Ulian Medium Washed 30% | Toraja Sapan Dark Anaerobic 15%,Light,"Dari pelabuhan tua yang menyimpan ribuan cerita, blend ini mempertemukan biji-biji dari Temanggung serta Bali Ulian serta Toraja Sapan dalam sebuah komposisi yang menceritakan kekayaan dataran Nusantara. Diproses dengan metode Washed dan Anaerobic, menghadirkan nuansa hazelnut, bergamot, green tea yang bersih namun penuh kedalaman. Diciptakan dari spirit jalur dagang yang mengalirkan kekayaan rasa lintas samudera.",Light Body,Temanggung (Light / Washed): 550g (55%) | Bali Ulian (Medium / Washed): 300g (30%) | Toraja Sapan (Dark / Anaerobic): 150g (15%) | total: 1000g,Ideal for Chemex
S-SUM-039,Summer,The Open Horizon,Ketika laut dan langit melebur — dan setiap tegukan terasa seperti angin pertama.,Seasonal Blend,Sorong Starboard,The Open Horizon · Seasonal collection,Bali Ulian Medium Washed 55% | Toraja Sapan Light Wine 30% | Bali Kintamani Dark Washed 15%,Medium,"Ketika layar dibentangkan dan cakrawala terbuka lebar, blend ini mempertemukan biji-biji dari Bali Ulian serta Toraja Sapan serta Bali Kintamani dalam sebuah komposisi yang menceritakan kekayaan dataran Nusantara. Diproses dengan metode Washed dan Wine, menghadirkan nuansa molasses, bitter chocolate, smoky caramel yang bersih namun penuh kedalaman. Untuk para pelaut dalam diri kita — yang selalu menemukan jalan pulang.",Smooth,Bali Ulian (Medium / Washed): 550g (55%) | Toraja Sapan (Light / Wine): 300g (30%) | Bali Kintamani (Dark / Washed): 150g (15%) | total: 1000g,Versatile for Espresso & Filter
S-SUM-040,Summer,The Open Horizon,Ketika laut dan langit melebur — dan setiap tegukan terasa seperti angin pertama.,Seasonal Blend,Bali Passage,The Open Horizon · Seasonal collection,Sidikalang Light Washed 40% | Toraja Sapan Medium Wine 35% | Bengkulu Light Washed 25%,Light,"Di mana muara sungai berjumpa dengan lautan terbuka, blend ini mempertemukan biji-biji dari Sidikalang serta Toraja Sapan serta Bengkulu dalam sebuah komposisi yang menceritakan kekayaan dataran Nusantara. Diproses dengan metode Washed dan Wine, menghadirkan nuansa roasted grape, jasmine, citrus yang bersih namun penuh kedalaman. Blend yang merayakan keberanian membuka cakrawala baru, satu tegukan sekaligus.",Clean,Sidikalang (Light / Washed): 400g (40%) | Toraja Sapan (Medium / Wine): 350g (35%) | Bengkulu (Light / Washed): 250g (25%) | total: 1000g,Pour Over Recommended
S-SUM-041,Summer,The Open Horizon,Ketika laut dan langit melebur — dan setiap tegukan terasa seperti angin pertama.,Seasonal Blend,Timor Current,The Open Horizon · Seasonal collection,Lintong Onan Light Anaerobic 60% | Java Garut Medium Natural 40%,Light,"Seperti angin laut yang pertama kali menyentuh dek, blend ini mempertemukan biji-biji dari Lintong Onan serta Java Garut dalam sebuah komposisi yang menceritakan kekayaan dataran Nusantara. Diproses dengan metode Anaerobic dan Natural, menghadirkan nuansa molasses, raspberry, prune yang bersih namun penuh kedalaman. Untuk para pelaut dalam diri kita — yang selalu menemukan jalan pulang.",Silky,Lintong Onan (Light / Anaerobic): 600g (60%) | Java Garut (Medium / Natural): 400g (40%) | total: 1000g,Best for V60
S-SUM-042,Summer,The Open Horizon,Ketika laut dan langit melebur — dan setiap tegukan terasa seperti angin pertama.,Seasonal Blend,Balikpapan Current,The Open Horizon · Seasonal collection,Java Garut Dark Anaerobic 50% | Lampung Robusta Premium Dark Washed 30% | Wanoja Kamojang Light SemiWashed 20%,Dark,"Dari pelabuhan tua yang menyimpan ribuan cerita, blend ini mempertemukan biji-biji dari Java Garut serta Lampung Robusta Premium serta Wanoja Kamojang dalam sebuah komposisi yang menceritakan kekayaan dataran Nusantara. Diproses dengan metode Anaerobic dan Washed, menghadirkan nuansa papaya, oolong tea, fermented cocoa yang bersih namun penuh kedalaman. Diciptakan dari spirit jalur dagang yang mengalirkan kekayaan rasa lintas samudera.",Heavy Body,Java Garut (Dark / Anaerobic): 500g (50%) | Lampung Robusta Premium (Dark / Washed): 300g (30%) | Wanoja Kamojang (Light / SemiWashed): 200g (20%) | total: 1000g,Cocok untuk Cold Brew
S-SUM-043,Summer,The Open Horizon,Ketika laut dan langit melebur — dan setiap tegukan terasa seperti angin pertama.,Seasonal Blend,Ambon Reach,The Open Horizon · Seasonal collection,Mandheling Light Natural 50% | Flores Manggarai Dark Natural 30% | Papua Wamena Dark Natural 20%,Medium,"Di mana muara sungai berjumpa dengan lautan terbuka, blend ini mempertemukan biji-biji dari Mandheling serta Flores Manggarai serta Papua Wamena dalam sebuah komposisi yang menceritakan kekayaan dataran Nusantara. Diproses dengan metode Natural, menghadirkan nuansa charcoal, tar, hibiscus yang bersih namun penuh kedalaman. Diciptakan dari spirit jalur dagang yang mengalirkan kekayaan rasa lintas samudera.",Round,Mandheling (Light / Natural): 500g (50%) | Flores Manggarai (Dark / Natural): 300g (30%) | Papua Wamena (Dark / Natural): 200g (20%) | total: 1000g,Best for Moka Pot
S-SUM-044,Summer,The Open Horizon,Ketika laut dan langit melebur — dan setiap tegukan terasa seperti angin pertama.,Seasonal Blend,Lombok Voyage,The Open Horizon · Seasonal collection,Bengkulu Light Wine 50% | Semeru Light SemiWashed 25% | Solok Radjo Dark Honey 25%,Light,"Seperti angin laut yang pertama kali menyentuh dek, blend ini mempertemukan biji-biji dari Bengkulu serta Semeru serta Solok Radjo dalam sebuah komposisi yang menceritakan kekayaan dataran Nusantara. Diproses dengan metode Wine dan SemiWashed, menghadirkan nuansa wine, oolong tea, toffee yang bersih namun penuh kedalaman. Blend yang merayakan keberanian membuka cakrawala baru, satu tegukan sekaligus.",Light Body,Bengkulu (Light / Wine): 500g (50%) | Semeru (Light / SemiWashed): 250g (25%) | Solok Radjo (Dark / Honey): 250g (25%) | total: 1000g,Best for V60
S-SUM-045,Summer,The Open Horizon,Ketika laut dan langit melebur — dan setiap tegukan terasa seperti angin pertama.,Seasonal Blend,Banten Voyage,The Open Horizon · Seasonal collection,Toraja Kalosi Medium Honey 45% | Sembalun Rinjani Light Washed 35% | Toraja Sapan Light WetHulled 20%,Light,"Di mana muara sungai berjumpa dengan lautan terbuka, blend ini mempertemukan biji-biji dari Toraja Kalosi serta Sembalun Rinjani serta Toraja Sapan dalam sebuah komposisi yang menceritakan kekayaan dataran Nusantara. Diproses dengan metode Honey dan Washed, menghadirkan nuansa tobacco leaf, green pepper, cedar yang bersih namun penuh kedalaman. Diciptakan dari spirit jalur dagang yang mengalirkan kekayaan rasa lintas samudera.",Light Body,Toraja Kalosi (Medium / Honey): 450g (45%) | Sembalun Rinjani (Light / Washed): 350g (35%) | Toraja Sapan (Light / WetHulled): 200g (20%) | total: 1000g,Cocok untuk AeroPress
S-SUM-046,Summer,The Open Horizon,Ketika laut dan langit melebur — dan setiap tegukan terasa seperti angin pertama.,Seasonal Blend,Ambon Bearing,The Open Horizon · Seasonal collection,Java Ijen Raung Medium WetHulled 40% | Sembalun Rinjani Medium Washed 60%,Medium,"Seperti kapal yang menemukan teluknya setelah berbulan berlayar, blend ini mempertemukan biji-biji dari Java Ijen Raung serta Sembalun Rinjani dalam sebuah komposisi yang menceritakan kekayaan dataran Nusantara. Diproses dengan metode WetHulled dan Washed, menghadirkan nuansa tobacco, leather, almond yang bersih namun penuh kedalaman. Diciptakan dari spirit jalur dagang yang mengalirkan kekayaan rasa lintas samudera.",Velvety,Java Ijen Raung (Medium / WetHulled): 400g (40%) | Sembalun Rinjani (Medium / Washed): 600g (60%) | total: 1000g,Best for Moka Pot
S-SUM-047,Summer,The Open Horizon,Ketika laut dan langit melebur — dan setiap tegukan terasa seperti angin pertama.,Seasonal Blend,Celebes Berth,The Open Horizon · Seasonal collection,Toraja Sapan Medium SemiWashed 40% | Sidikalang Light WetHulled 35% | Kerinci Kayu Aro Dark Anaerobic 25%,Medium,"Dari pelabuhan tua yang menyimpan ribuan cerita, blend ini mempertemukan biji-biji dari Toraja Sapan serta Sidikalang serta Kerinci Kayu Aro dalam sebuah komposisi yang menceritakan kekayaan dataran Nusantara. Diproses dengan metode SemiWashed dan WetHulled, menghadirkan nuansa tobacco leaf, apricot jam, lime yang bersih namun penuh kedalaman. Blend yang merayakan keberanian membuka cakrawala baru, satu tegukan sekaligus.",Medium Body,Toraja Sapan (Medium / SemiWashed): 400g (40%) | Sidikalang (Light / WetHulled): 350g (35%) | Kerinci Kayu Aro (Dark / Anaerobic): 250g (25%) | total: 1000g,Cocok untuk French Press & Espresso
S-SUM-048,Summer,The Open Horizon,Ketika laut dan langit melebur — dan setiap tegukan terasa seperti angin pertama.,Seasonal Blend,Lombok Manifest,The Open Horizon · Seasonal collection,Java Preanger Light Honey 45% | Java Ijen Raung Dark Natural 35% | Bukit Barisan Medium Washed 20%,Medium,"Ketika layar dibentangkan dan cakrawala terbuka lebar, blend ini mempertemukan biji-biji dari Java Preanger serta Java Ijen Raung serta Bukit Barisan dalam sebuah komposisi yang menceritakan kekayaan dataran Nusantara. Diproses dengan metode Honey dan Natural, menghadirkan nuansa espresso, licorice, tar yang bersih namun penuh kedalaman. Sebuah persembahan kepada rute-rute yang telah menghubungkan Nusantara selama berabad-abad.",Balanced,Java Preanger (Light / Honey): 450g (45%) | Java Ijen Raung (Dark / Natural): 350g (35%) | Bukit Barisan (Medium / Washed): 200g (20%) | total: 1000g,Best for Moka Pot
S-SUM-049,Summer,The Open Horizon,Ketika laut dan langit melebur — dan setiap tegukan terasa seperti angin pertama.,Seasonal Blend,Riau Manifest,The Open Horizon · Seasonal collection,Solok Radjo Dark Natural 50% | Flores Manggarai Light Washed 25% | Bali Kintamani Dark Honey 25%,Dark,"Ketika layar dibentangkan dan cakrawala terbuka lebar, blend ini mempertemukan biji-biji dari Solok Radjo serta Flores Manggarai serta Bali Kintamani dalam sebuah komposisi yang menceritakan kekayaan dataran Nusantara. Diproses dengan metode Natural dan Washed, menghadirkan nuansa espresso, bergamot, dark sugar yang bersih namun penuh kedalaman. Sebuah persembahan kepada rute-rute yang telah menghubungkan Nusantara selama berabad-abad.",Bold,Solok Radjo (Dark / Natural): 500g (50%) | Flores Manggarai (Light / Washed): 250g (25%) | Bali Kintamani (Dark / Honey): 250g (25%) | total: 1000g,Best for Batch Brew
S-SUM-050,Summer,The Open Horizon,Ketika laut dan langit melebur — dan setiap tegukan terasa seperti angin pertama.,Seasonal Blend,Malacca Manifest,The Open Horizon · Seasonal collection,Kerinci Kayu Aro Medium Wine 40% | Bali Kintamani Light SemiWashed 60%,Light,"Seperti angin laut yang pertama kali menyentuh dek, blend ini mempertemukan biji-biji dari Kerinci Kayu Aro serta Bali Kintamani dalam sebuah komposisi yang menceritakan kekayaan dataran Nusantara. Diproses dengan metode Wine dan SemiWashed, menghadirkan nuansa balsamic, oolong tea, dark plum yang bersih namun penuh kedalaman. Diciptakan dari spirit jalur dagang yang mengalirkan kekayaan rasa lintas samudera.",Silky,Kerinci Kayu Aro (Medium / Wine): 400g (40%) | Bali Kintamani (Light / SemiWashed): 600g (60%) | total: 1000g,Ideal for Chemex
S-SUM-051,Summer,The Open Horizon,Ketika laut dan langit melebur — dan setiap tegukan terasa seperti angin pertama.,Seasonal Blend,Celebes Meridian,The Open Horizon · Seasonal collection,Kerinci Kayu Aro Medium Anaerobic 50% | Bukit Barisan Medium Wine 50%,Medium,"Seperti kapal yang menemukan teluknya setelah berbulan berlayar, blend ini mempertemukan biji-biji dari Kerinci Kayu Aro serta Bukit Barisan dalam sebuah komposisi yang menceritakan kekayaan dataran Nusantara. Diproses dengan metode Anaerobic dan Wine, menghadirkan nuansa tropical punch, balsamic, port wine yang bersih namun penuh kedalaman. Sebuah persembahan kepada rute-rute yang telah menghubungkan Nusantara selama berabad-abad.",Medium Body,Kerinci Kayu Aro (Medium / Anaerobic): 500g (50%) | Bukit Barisan (Medium / Wine): 500g (50%) | total: 1000g,Versatile for Espresso & Filter
S-SUM-052,Summer,The Open Horizon,Ketika laut dan langit melebur — dan setiap tegukan terasa seperti angin pertama.,Seasonal Blend,Sunda Fleet,The Open Horizon · Seasonal collection,Papua Wamena Light Natural 60% | Temanggung Medium Washed 25% | Java Garut Light WetHulled 15%,Light,"Seperti angin laut yang pertama kali menyentuh dek, blend ini mempertemukan biji-biji dari Papua Wamena serta Temanggung serta Java Garut dalam sebuah komposisi yang menceritakan kekayaan dataran Nusantara. Diproses dengan metode Natural dan Washed, menghadirkan nuansa milk chocolate, brown sugar, blueberry yang bersih namun penuh kedalaman. Blend yang merayakan keberanian membuka cakrawala baru, satu tegukan sekaligus.",Light Body,Papua Wamena (Light / Natural): 600g (60%) | Temanggung (Medium / Washed): 250g (25%) | Java Garut (Light / WetHulled): 150g (15%) | total: 1000g,Best for V60
S-SUM-053,Summer,The Open Horizon,Ketika laut dan langit melebur — dan setiap tegukan terasa seperti angin pertama.,Seasonal Blend,Makassar Berth,The Open Horizon · Seasonal collection,Mandheling Medium Honey 65% | Java Manglayang Light WetHulled 35%,Light,"Seperti angin laut yang pertama kali menyentuh dek, blend ini mempertemukan biji-biji dari Mandheling serta Java Manglayang dalam sebuah komposisi yang menceritakan kekayaan dataran Nusantara. Diproses dengan metode Honey dan WetHulled, menghadirkan nuansa lime, maple syrup, macadamia yang bersih namun penuh kedalaman. Blend yang merayakan keberanian membuka cakrawala baru, satu tegukan sekaligus.",Delicate,Mandheling (Medium / Honey): 650g (65%) | Java Manglayang (Light / WetHulled): 350g (35%) | total: 1000g,Cocok untuk AeroPress
S-SUM-054,Summer,The Open Horizon,Ketika laut dan langit melebur — dan setiap tegukan terasa seperti angin pertama.,Seasonal Blend,Ambon Meridian,The Open Horizon · Seasonal collection,Dampit Malang Dark SemiWashed 60% | Dampit Malang Light Wine 25% | Papua Dogiyai Light Natural 15%,Medium,"Terinspirasi dari rute dagang yang telah melintasi generasi, blend ini mempertemukan biji-biji dari Dampit Malang serta Dampit Malang serta Papua Dogiyai dalam sebuah komposisi yang menceritakan kekayaan dataran Nusantara. Diproses dengan metode SemiWashed dan Wine, menghadirkan nuansa dark caramel, grape must, roasted grain yang bersih namun penuh kedalaman. Blend yang merayakan keberanian membuka cakrawala baru, satu tegukan sekaligus.",Balanced,Dampit Malang (Dark / SemiWashed): 600g (60%) | Dampit Malang (Light / Wine): 250g (25%) | Papua Dogiyai (Light / Natural): 150g (15%) | total: 1000g,Versatile for Espresso & Filter
S-SUM-055,Summer,The Open Horizon,Ketika laut dan langit melebur — dan setiap tegukan terasa seperti angin pertama.,Seasonal Blend,Aceh Drift,The Open Horizon · Seasonal collection,Java Sindoro Dark Wine 60% | Java Garut Medium Wine 40%,Dark,"Terinspirasi dari rute dagang yang telah melintasi generasi, blend ini mempertemukan biji-biji dari Java Sindoro serta Java Garut dalam sebuah komposisi yang menceritakan kekayaan dataran Nusantara. Diproses dengan metode Wine, menghadirkan nuansa balsamic, port wine, roasted grape yang bersih namun penuh kedalaman. Blend yang merayakan keberanian membuka cakrawala baru, satu tegukan sekaligus.",Syrupy,Java Sindoro (Dark / Wine): 600g (60%) | Java Garut (Medium / Wine): 400g (40%) | total: 1000g,Best for Batch Brew
S-SUM-056,Summer,The Open Horizon,Ketika laut dan langit melebur — dan setiap tegukan terasa seperti angin pertama.,Seasonal Blend,Manado Run,The Open Horizon · Seasonal collection,Java Ijen Raung Medium Anaerobic 45% | Papua Wamena Light WetHulled 55%,Light,"Ketika layar dibentangkan dan cakrawala terbuka lebar, blend ini mempertemukan biji-biji dari Java Ijen Raung serta Papua Wamena dalam sebuah komposisi yang menceritakan kekayaan dataran Nusantara. Diproses dengan metode Anaerobic dan WetHulled, menghadirkan nuansa green pepper, cedar, herb yang bersih namun penuh kedalaman. Sebuah persembahan kepada rute-rute yang telah menghubungkan Nusantara selama berabad-abad.",Tea-like,Java Ijen Raung (Medium / Anaerobic): 450g (45%) | Papua Wamena (Light / WetHulled): 550g (55%) | total: 1000g,Pour Over Recommended
S-SUM-057,Summer,The Open Horizon,Ketika laut dan langit melebur — dan setiap tegukan terasa seperti angin pertama.,Seasonal Blend,Demak Berth,The Open Horizon · Seasonal collection,Java Garut Dark Washed 50% | Dampit Malang Light Honey 50%,Medium,"Terinspirasi dari rute dagang yang telah melintasi generasi, blend ini mempertemukan biji-biji dari Java Garut serta Dampit Malang dalam sebuah komposisi yang menceritakan kekayaan dataran Nusantara. Diproses dengan metode Washed dan Honey, menghadirkan nuansa white grape, apricot, honeysuckle yang bersih namun penuh kedalaman. Diciptakan dari spirit jalur dagang yang mengalirkan kekayaan rasa lintas samudera.",Round,Java Garut (Dark / Washed): 500g (50%) | Dampit Malang (Light / Honey): 500g (50%) | total: 1000g,Best for Moka Pot
S-SUM-058,Summer,The Open Horizon,Ketika laut dan langit melebur — dan setiap tegukan terasa seperti angin pertama.,Seasonal Blend,Demak Portside,The Open Horizon · Seasonal collection,Sidikalang Dark Wine 60% | Toraja Sapan Dark Anaerobic 25% | Papua Wamena Medium Honey 15%,Dark,"Dari pelabuhan tua yang menyimpan ribuan cerita, blend ini mempertemukan biji-biji dari Sidikalang serta Toraja Sapan serta Papua Wamena dalam sebuah komposisi yang menceritakan kekayaan dataran Nusantara. Diproses dengan metode Wine dan Anaerobic, menghadirkan nuansa tobacco, smoke, maple syrup yang bersih namun penuh kedalaman. Diciptakan dari spirit jalur dagang yang mengalirkan kekayaan rasa lintas samudera.",Full Body,Sidikalang (Dark / Wine): 600g (60%) | Toraja Sapan (Dark / Anaerobic): 250g (25%) | Papua Wamena (Medium / Honey): 150g (15%) | total: 1000g,Best for Batch Brew
S-SUM-059,Summer,The Open Horizon,Ketika laut dan langit melebur — dan setiap tegukan terasa seperti angin pertama.,Seasonal Blend,Jambi Voyage,The Open Horizon · Seasonal collection,Java Sindoro Light Natural 50% | Toraja Sapan Dark Natural 30% | Arjuno Dark Anaerobic 20%,Medium,"Terinspirasi dari rute dagang yang telah melintasi generasi, blend ini mempertemukan biji-biji dari Java Sindoro serta Toraja Sapan serta Arjuno dalam sebuah komposisi yang menceritakan kekayaan dataran Nusantara. Diproses dengan metode Natural dan Anaerobic, menghadirkan nuansa hibiscus, strawberry, smoke yang bersih namun penuh kedalaman. Blend yang merayakan keberanian membuka cakrawala baru, satu tegukan sekaligus.",Smooth,Java Sindoro (Light / Natural): 500g (50%) | Toraja Sapan (Dark / Natural): 300g (30%) | Arjuno (Dark / Anaerobic): 200g (20%) | total: 1000g,Cocok untuk French Press & Espresso
S-SUM-060,Summer,The Open Horizon,Ketika laut dan langit melebur — dan setiap tegukan terasa seperti angin pertama.,Seasonal Blend,Riau Heading,The Open Horizon · Seasonal collection,Sidikalang Light SemiWashed 55% | Lintong Onan Light Natural 45%,Light,"Terinspirasi dari rute dagang yang telah melintasi generasi, blend ini mempertemukan biji-biji dari Sidikalang serta Lintong Onan dalam sebuah komposisi yang menceritakan kekayaan dataran Nusantara. Diproses dengan metode SemiWashed dan Natural, menghadirkan nuansa light caramel, blueberry, mandarin yang bersih namun penuh kedalaman. Untuk para pelaut dalam diri kita — yang selalu menemukan jalan pulang.",Silky,Sidikalang (Light / SemiWashed): 550g (55%) | Lintong Onan (Light / Natural): 450g (45%) | total: 1000g,Cocok untuk AeroPress
S-SUM-061,Summer,The Open Horizon,Ketika laut dan langit melebur — dan setiap tegukan terasa seperti angin pertama.,Seasonal Blend,Padang Transit,The Open Horizon · Seasonal collection,Bali Ulian Dark Honey 50% | Dampit Malang Dark Washed 30% | Java Sindoro Dark Washed 20%,Dark,"Seperti kapal yang menemukan teluknya setelah berbulan berlayar, blend ini mempertemukan biji-biji dari Bali Ulian serta Dampit Malang serta Java Sindoro dalam sebuah komposisi yang menceritakan kekayaan dataran Nusantara. Diproses dengan metode Honey dan Washed, menghadirkan nuansa smoky caramel, dark roast, dark sugar yang bersih namun penuh kedalaman. Blend yang merayakan keberanian membuka cakrawala baru, satu tegukan sekaligus.",Thick,Bali Ulian (Dark / Honey): 500g (50%) | Dampit Malang (Dark / Washed): 300g (30%) | Java Sindoro (Dark / Washed): 200g (20%) | total: 1000g,Best for Batch Brew
S-SUM-062,Summer,The Open Horizon,Ketika laut dan langit melebur — dan setiap tegukan terasa seperti angin pertama.,Seasonal Blend,Banda Current,The Open Horizon · Seasonal collection,Papua Dogiyai Light Washed 55% | Kerinci Kayu Aro Dark Washed 45%,Medium,"Terinspirasi dari rute dagang yang telah melintasi generasi, blend ini mempertemukan biji-biji dari Papua Dogiyai serta Kerinci Kayu Aro dalam sebuah komposisi yang menceritakan kekayaan dataran Nusantara. Diproses dengan metode Washed, menghadirkan nuansa bitter chocolate, lemon zest, bergamot yang bersih namun penuh kedalaman. Diciptakan dari spirit jalur dagang yang mengalirkan kekayaan rasa lintas samudera.",Round,Papua Dogiyai (Light / Washed): 550g (55%) | Kerinci Kayu Aro (Dark / Washed): 450g (45%) | total: 1000g,Versatile for Espresso & Filter
S-SUM-063,Summer,The Open Horizon,Ketika laut dan langit melebur — dan setiap tegukan terasa seperti angin pertama.,Seasonal Blend,Pontianak Channel,The Open Horizon · Seasonal collection,Lintong Onan Medium Anaerobic 40% | Dampit Malang Dark Anaerobic 35% | Solok Radjo Medium SemiWashed 25%,Medium,"Seperti angin laut yang pertama kali menyentuh dek, blend ini mempertemukan biji-biji dari Lintong Onan serta Dampit Malang serta Solok Radjo dalam sebuah komposisi yang menceritakan kekayaan dataran Nusantara. Diproses dengan metode Anaerobic dan SemiWashed, menghadirkan nuansa dark rum, black cherry, smoke yang bersih namun penuh kedalaman. Blend yang merayakan keberanian membuka cakrawala baru, satu tegukan sekaligus.",Round,Lintong Onan (Medium / Anaerobic): 400g (40%) | Dampit Malang (Dark / Anaerobic): 350g (35%) | Solok Radjo (Medium / SemiWashed): 250g (25%) | total: 1000g,Best for Moka Pot
S-SUM-064,Summer,The Open Horizon,Ketika laut dan langit melebur — dan setiap tegukan terasa seperti angin pertama.,Seasonal Blend,Sorong Transit,The Open Horizon · Seasonal collection,Dampit Malang Light Anaerobic 45% | Java Ijen Raung Dark Wine 35% | Wanoja Kamojang Light SemiWashed 20%,Medium,"Seperti angin laut yang pertama kali menyentuh dek, blend ini mempertemukan biji-biji dari Dampit Malang serta Java Ijen Raung serta Wanoja Kamojang dalam sebuah komposisi yang menceritakan kekayaan dataran Nusantara. Diproses dengan metode Anaerobic dan Wine, menghadirkan nuansa rum raisin, lychee, tobacco yang bersih namun penuh kedalaman. Diciptakan dari spirit jalur dagang yang mengalirkan kekayaan rasa lintas samudera.",Round,Dampit Malang (Light / Anaerobic): 450g (45%) | Java Ijen Raung (Dark / Wine): 350g (35%) | Wanoja Kamojang (Light / SemiWashed): 200g (20%) | total: 1000g,Cocok untuk French Press & Espresso
S-SUM-065,Summer,The Open Horizon,Ketika laut dan langit melebur — dan setiap tegukan terasa seperti angin pertama.,Seasonal Blend,Balikpapan Cargo,The Open Horizon · Seasonal collection,Bukit Barisan Dark Wine 60% | Java Puntang Dark Honey 25% | Toraja Sapan Light Washed 15%,Dark,"Di mana muara sungai berjumpa dengan lautan terbuka, blend ini mempertemukan biji-biji dari Bukit Barisan serta Java Puntang serta Toraja Sapan dalam sebuah komposisi yang menceritakan kekayaan dataran Nusantara. Diproses dengan metode Wine dan Honey, menghadirkan nuansa bergamot, smoked plum, toffee yang bersih namun penuh kedalaman. Blend yang merayakan keberanian membuka cakrawala baru, satu tegukan sekaligus.",Bold,Bukit Barisan (Dark / Wine): 600g (60%) | Java Puntang (Dark / Honey): 250g (25%) | Toraja Sapan (Light / Washed): 150g (15%) | total: 1000g,Cocok untuk Cold Brew
S-SUM-066,Summer,The Open Horizon,Ketika laut dan langit melebur — dan setiap tegukan terasa seperti angin pertama.,Seasonal Blend,Banda Crossing,The Open Horizon · Seasonal collection,Semeru Medium WetHulled 60% | Java Ijen Raung Light Washed 25% | Java Puntang Light SemiWashed 15%,Light,"Seperti angin laut yang pertama kali menyentuh dek, blend ini mempertemukan biji-biji dari Semeru serta Java Ijen Raung serta Java Puntang dalam sebuah komposisi yang menceritakan kekayaan dataran Nusantara. Diproses dengan metode WetHulled dan Washed, menghadirkan nuansa bergamot, leather, earthy yang bersih namun penuh kedalaman. Sebuah persembahan kepada rute-rute yang telah menghubungkan Nusantara selama berabad-abad.",Silky,Semeru (Medium / WetHulled): 600g (60%) | Java Ijen Raung (Light / Washed): 250g (25%) | Java Puntang (Light / SemiWashed): 150g (15%) | total: 1000g,Ideal for Chemex
S-SUM-067,Summer,The Open Horizon,Ketika laut dan langit melebur — dan setiap tegukan terasa seperti angin pertama.,Seasonal Blend,Demak Channel,The Open Horizon · Seasonal collection,Gunung Halu Light WetHulled 60% | Lampung Robusta Premium Dark SemiWashed 25% | Solok Radjo Medium Wine 15%,Light,"Di mana muara sungai berjumpa dengan lautan terbuka, blend ini mempertemukan biji-biji dari Gunung Halu serta Lampung Robusta Premium serta Solok Radjo dalam sebuah komposisi yang menceritakan kekayaan dataran Nusantara. Diproses dengan metode WetHulled dan SemiWashed, menghadirkan nuansa balsamic, roasted grain, cedar yang bersih namun penuh kedalaman. Sebuah persembahan kepada rute-rute yang telah menghubungkan Nusantara selama berabad-abad.",Clean,Gunung Halu (Light / WetHulled): 600g (60%) | Lampung Robusta Premium (Dark / SemiWashed): 250g (25%) | Solok Radjo (Medium / Wine): 150g (15%) | total: 1000g,Best for V60
S-SUM-068,Summer,The Open Horizon,Ketika laut dan langit melebur — dan setiap tegukan terasa seperti angin pertama.,Seasonal Blend,Demak Run,The Open Horizon · Seasonal collection,Bengkulu Light Honey 50% | Java Temanggung Medium WetHulled 25% | Flores Bajawa Dark Washed 25%,Medium,"Dari pelabuhan tua yang menyimpan ribuan cerita, blend ini mempertemukan biji-biji dari Bengkulu serta Java Temanggung serta Flores Bajawa dalam sebuah komposisi yang menceritakan kekayaan dataran Nusantara. Diproses dengan metode Honey dan WetHulled, menghadirkan nuansa apricot, floral, white grape yang bersih namun penuh kedalaman. Sebuah persembahan kepada rute-rute yang telah menghubungkan Nusantara selama berabad-abad.",Smooth,Bengkulu (Light / Honey): 500g (50%) | Java Temanggung (Medium / WetHulled): 250g (25%) | Flores Bajawa (Dark / Washed): 250g (25%) | total: 1000g,Cocok untuk French Press & Espresso
S-SUM-069,Summer,The Open Horizon,Ketika laut dan langit melebur — dan setiap tegukan terasa seperti angin pertama.,Seasonal Blend,Sunda Expedition,The Open Horizon · Seasonal collection,Mandheling Medium Natural 55% | Java Sindoro Light Honey 45%,Light,"Seperti angin laut yang pertama kali menyentuh dek, blend ini mempertemukan biji-biji dari Mandheling serta Java Sindoro dalam sebuah komposisi yang menceritakan kekayaan dataran Nusantara. Diproses dengan metode Natural dan Honey, menghadirkan nuansa apricot, molasses, dark chocolate yang bersih namun penuh kedalaman. Untuk para pelaut dalam diri kita — yang selalu menemukan jalan pulang.",Light Body,Mandheling (Medium / Natural): 550g (55%) | Java Sindoro (Light / Honey): 450g (45%) | total: 1000g,Best for V60
S-SUM-070,Summer,The Open Horizon,Ketika laut dan langit melebur — dan setiap tegukan terasa seperti angin pertama.,Seasonal Blend,Palembang Convoy,The Open Horizon · Seasonal collection,Bali Kintamani Dark Natural 60% | Toraja Sapan Dark SemiWashed 25% | Java Garut Dark Wine 15%,Dark,"Terinspirasi dari rute dagang yang telah melintasi generasi, blend ini mempertemukan biji-biji dari Bali Kintamani serta Toraja Sapan serta Java Garut dalam sebuah komposisi yang menceritakan kekayaan dataran Nusantara. Diproses dengan metode Natural dan SemiWashed, menghadirkan nuansa charcoal, dark berry, smoked plum yang bersih namun penuh kedalaman. Diciptakan dari spirit jalur dagang yang mengalirkan kekayaan rasa lintas samudera.",Full Body,Bali Kintamani (Dark / Natural): 600g (60%) | Toraja Sapan (Dark / SemiWashed): 250g (25%) | Java Garut (Dark / Wine): 150g (15%) | total: 1000g,Cocok untuk Cold Brew
S-SUM-071,Summer,The Open Horizon,Ketika laut dan langit melebur — dan setiap tegukan terasa seperti angin pertama.,Seasonal Blend,Ambon Heading,The Open Horizon · Seasonal collection,Lintong Onan Medium Honey 70% | Bukit Barisan Light Washed 30%,Medium,"Seperti kapal yang menemukan teluknya setelah berbulan berlayar, blend ini mempertemukan biji-biji dari Lintong Onan serta Bukit Barisan dalam sebuah komposisi yang menceritakan kekayaan dataran Nusantara. Diproses dengan metode Honey dan Washed, menghadirkan nuansa macadamia, lemon zest, maple syrup yang bersih namun penuh kedalaman. Blend yang merayakan keberanian membuka cakrawala baru, satu tegukan sekaligus.",Smooth,Lintong Onan (Medium / Honey): 700g (70%) | Bukit Barisan (Light / Washed): 300g (30%) | total: 1000g,Versatile for Espresso & Filter
S-SUM-072,Summer,The Open Horizon,Ketika laut dan langit melebur — dan setiap tegukan terasa seperti angin pertama.,Seasonal Blend,Timor Crossing,The Open Horizon · Seasonal collection,Flores Bajawa Light Natural 45% | Gunung Halu Light Washed 35% | Toraja Kalosi Light Anaerobic 20%,Light,"Seperti angin laut yang pertama kali menyentuh dek, blend ini mempertemukan biji-biji dari Flores Bajawa serta Gunung Halu serta Toraja Kalosi dalam sebuah komposisi yang menceritakan kekayaan dataran Nusantara. Diproses dengan metode Natural dan Washed, menghadirkan nuansa citrus, passion fruit, cola yang bersih namun penuh kedalaman. Blend yang merayakan keberanian membuka cakrawala baru, satu tegukan sekaligus.",Light Body,Flores Bajawa (Light / Natural): 450g (45%) | Gunung Halu (Light / Washed): 350g (35%) | Toraja Kalosi (Light / Anaerobic): 200g (20%) | total: 1000g,Cocok untuk AeroPress
S-SUM-073,Summer,The Open Horizon,Ketika laut dan langit melebur — dan setiap tegukan terasa seperti angin pertama.,Seasonal Blend,Gresik Berth,The Open Horizon · Seasonal collection,Wanoja Kamojang Light Honey 60% | Mandheling Light Honey 40%,Light,"Seperti angin laut yang pertama kali menyentuh dek, blend ini mempertemukan biji-biji dari Wanoja Kamojang serta Mandheling dalam sebuah komposisi yang menceritakan kekayaan dataran Nusantara. Diproses dengan metode Honey, menghadirkan nuansa white grape, pear, honeysuckle yang bersih namun penuh kedalaman. Diciptakan dari spirit jalur dagang yang mengalirkan kekayaan rasa lintas samudera.",Delicate,Wanoja Kamojang (Light / Honey): 600g (60%) | Mandheling (Light / Honey): 400g (40%) | total: 1000g,Cocok untuk AeroPress
S-SUM-074,Summer,The Open Horizon,Ketika laut dan langit melebur — dan setiap tegukan terasa seperti angin pertama.,Seasonal Blend,Molucca Run,The Open Horizon · Seasonal collection,Lintong Onan Medium Washed 55% | Sidikalang Dark SemiWashed 30% | Lampung Robusta Premium Medium Natural 15%,Medium,"Seperti angin laut yang pertama kali menyentuh dek, blend ini mempertemukan biji-biji dari Lintong Onan serta Sidikalang serta Lampung Robusta Premium dalam sebuah komposisi yang menceritakan kekayaan dataran Nusantara. Diproses dengan metode Washed dan SemiWashed, menghadirkan nuansa caramel, milk chocolate, dried fig yang bersih namun penuh kedalaman. Diciptakan dari spirit jalur dagang yang mengalirkan kekayaan rasa lintas samudera.",Velvety,Lintong Onan (Medium / Washed): 550g (55%) | Sidikalang (Dark / SemiWashed): 300g (30%) | Lampung Robusta Premium (Medium / Natural): 150g (15%) | total: 1000g,Best for Moka Pot
S-SUM-075,Summer,The Open Horizon,Ketika laut dan langit melebur — dan setiap tegukan terasa seperti angin pertama.,Seasonal Blend,Makassar Anchorage,The Open Horizon · Seasonal collection,Lampung Robusta Premium Dark Natural 65% | Flores Bajawa Dark Natural 35%,Dark,"Di mana muara sungai berjumpa dengan lautan terbuka, blend ini mempertemukan biji-biji dari Lampung Robusta Premium serta Flores Bajawa dalam sebuah komposisi yang menceritakan kekayaan dataran Nusantara. Diproses dengan metode Natural, menghadirkan nuansa dark berry, charcoal, licorice yang bersih namun penuh kedalaman. Diciptakan dari spirit jalur dagang yang mengalirkan kekayaan rasa lintas samudera.",Syrupy,Lampung Robusta Premium (Dark / Natural): 650g (65%) | Flores Bajawa (Dark / Natural): 350g (35%) | total: 1000g,Best for Batch Brew
S-SUM-076,Summer,The Open Horizon,Ketika laut dan langit melebur — dan setiap tegukan terasa seperti angin pertama.,Seasonal Blend,Bali Heading,The Open Horizon · Seasonal collection,Bali Kintamani Dark Anaerobic 40% | Java Sindoro Light Natural 35% | Java Ciwidey Light Natural 25%,Medium,"Seperti angin laut yang pertama kali menyentuh dek, blend ini mempertemukan biji-biji dari Bali Kintamani serta Java Sindoro serta Java Ciwidey dalam sebuah komposisi yang menceritakan kekayaan dataran Nusantara. Diproses dengan metode Anaerobic dan Natural, menghadirkan nuansa watermelon, strawberry, dark rum yang bersih namun penuh kedalaman. Untuk para pelaut dalam diri kita — yang selalu menemukan jalan pulang.",Medium Body,Bali Kintamani (Dark / Anaerobic): 400g (40%) | Java Sindoro (Light / Natural): 350g (35%) | Java Ciwidey (Light / Natural): 250g (25%) | total: 1000g,Best for Moka Pot
S-SUM-077,Summer,The Open Horizon,Ketika laut dan langit melebur — dan setiap tegukan terasa seperti angin pertama.,Seasonal Blend,Riau Berth,The Open Horizon · Seasonal collection,Dampit Malang Dark Wine 60% | Sembalun Rinjani Light SemiWashed 25% | Aceh Gayo Light WetHulled 15%,Medium,"Seperti angin laut yang pertama kali menyentuh dek, blend ini mempertemukan biji-biji dari Dampit Malang serta Sembalun Rinjani serta Aceh Gayo dalam sebuah komposisi yang menceritakan kekayaan dataran Nusantara. Diproses dengan metode Wine dan SemiWashed, menghadirkan nuansa mandarin, oolong tea, light caramel yang bersih namun penuh kedalaman. Blend yang merayakan keberanian membuka cakrawala baru, satu tegukan sekaligus.",Medium Body,Dampit Malang (Dark / Wine): 600g (60%) | Sembalun Rinjani (Light / SemiWashed): 250g (25%) | Aceh Gayo (Light / WetHulled): 150g (15%) | total: 1000g,Cocok untuk French Press & Espresso
S-SUM-078,Summer,The Open Horizon,Ketika laut dan langit melebur — dan setiap tegukan terasa seperti angin pertama.,Seasonal Blend,Malacca Swell,The Open Horizon · Seasonal collection,Papua Wamena Medium WetHulled 45% | Mandheling Light Honey 35% | Solok Radjo Medium Anaerobic 20%,Light,"Terinspirasi dari rute dagang yang telah melintasi generasi, blend ini mempertemukan biji-biji dari Papua Wamena serta Mandheling serta Solok Radjo dalam sebuah komposisi yang menceritakan kekayaan dataran Nusantara. Diproses dengan metode WetHulled dan Honey, menghadirkan nuansa cacao nib, leather, woody yang bersih namun penuh kedalaman. Untuk para pelaut dalam diri kita — yang selalu menemukan jalan pulang.",Tea-like,Papua Wamena (Medium / WetHulled): 450g (45%) | Mandheling (Light / Honey): 350g (35%) | Solok Radjo (Medium / Anaerobic): 200g (20%) | total: 1000g,Cocok untuk AeroPress
S-SUM-079,Summer,The Open Horizon,Ketika laut dan langit melebur — dan setiap tegukan terasa seperti angin pertama.,Seasonal Blend,Gresik Crossing,The Open Horizon · Seasonal collection,Flores Bajawa Medium Anaerobic 50% | Java Ijen Raung Light Anaerobic 30% | Arjuno Light Anaerobic 20%,Light,"Dari pelabuhan tua yang menyimpan ribuan cerita, blend ini mempertemukan biji-biji dari Flores Bajawa serta Java Ijen Raung serta Arjuno dalam sebuah komposisi yang menceritakan kekayaan dataran Nusantara. Diproses dengan metode Anaerobic, menghadirkan nuansa rum raisin, cola, raspberry yang bersih namun penuh kedalaman. Blend yang merayakan keberanian membuka cakrawala baru, satu tegukan sekaligus.",Clean,Flores Bajawa (Medium / Anaerobic): 500g (50%) | Java Ijen Raung (Light / Anaerobic): 300g (30%) | Arjuno (Light / Anaerobic): 200g (20%) | total: 1000g,Pour Over Recommended
S-SUM-080,Summer,The Open Horizon,Ketika laut dan langit melebur — dan setiap tegukan terasa seperti angin pertama.,Seasonal Blend,Padang Trade Wind,The Open Horizon · Seasonal collection,Toraja Kalosi Dark Washed 40% | Dampit Malang Dark Wine 35% | Bengkulu Dark SemiWashed 25%,Dark,"Dari pelabuhan tua yang menyimpan ribuan cerita, blend ini mempertemukan biji-biji dari Toraja Kalosi serta Dampit Malang serta Bengkulu dalam sebuah komposisi yang menceritakan kekayaan dataran Nusantara. Diproses dengan metode Washed dan Wine, menghadirkan nuansa dark caramel, intense spice, walnut yang bersih namun penuh kedalaman. Blend yang merayakan keberanian membuka cakrawala baru, satu tegukan sekaligus.",Full Body,Toraja Kalosi (Dark / Washed): 400g (40%) | Dampit Malang (Dark / Wine): 350g (35%) | Bengkulu (Dark / SemiWashed): 250g (25%) | total: 1000g,Best for Espresso
S-SUM-081,Summer,The Open Horizon,Ketika laut dan langit melebur — dan setiap tegukan terasa seperti angin pertama.,Seasonal Blend,Ambon Transit,The Open Horizon · Seasonal collection,Kerinci Kayu Aro Light Anaerobic 50% | Bali Kintamani Light WetHulled 30% | Solok Radjo Dark Natural 20%,Light,"Di mana muara sungai berjumpa dengan lautan terbuka, blend ini mempertemukan biji-biji dari Kerinci Kayu Aro serta Bali Kintamani serta Solok Radjo dalam sebuah komposisi yang menceritakan kekayaan dataran Nusantara. Diproses dengan metode Anaerobic dan WetHulled, menghadirkan nuansa cedar, cola, dark berry yang bersih namun penuh kedalaman. Sebuah persembahan kepada rute-rute yang telah menghubungkan Nusantara selama berabad-abad.",Tea-like,Kerinci Kayu Aro (Light / Anaerobic): 500g (50%) | Bali Kintamani (Light / WetHulled): 300g (30%) | Solok Radjo (Dark / Natural): 200g (20%) | total: 1000g,Best for V60
S-SUM-082,Summer,The Open Horizon,Ketika laut dan langit melebur — dan setiap tegukan terasa seperti angin pertama.,Seasonal Blend,Makassar Portside,The Open Horizon · Seasonal collection,Bukit Barisan Medium Anaerobic 40% | Toraja Kalosi Light WetHulled 35% | Flores Bajawa Dark SemiWashed 25%,Medium,"Di mana muara sungai berjumpa dengan lautan terbuka, blend ini mempertemukan biji-biji dari Bukit Barisan serta Toraja Kalosi serta Flores Bajawa dalam sebuah komposisi yang menceritakan kekayaan dataran Nusantara. Diproses dengan metode Anaerobic dan WetHulled, menghadirkan nuansa cacao nib, tamarind, tobacco leaf yang bersih namun penuh kedalaman. Blend yang merayakan keberanian membuka cakrawala baru, satu tegukan sekaligus.",Smooth,Bukit Barisan (Medium / Anaerobic): 400g (40%) | Toraja Kalosi (Light / WetHulled): 350g (35%) | Flores Bajawa (Dark / SemiWashed): 250g (25%) | total: 1000g,Cocok untuk French Press & Espresso
S-SUM-083,Summer,The Open Horizon,Ketika laut dan langit melebur — dan setiap tegukan terasa seperti angin pertama.,Seasonal Blend,Ambon Cargo,The Open Horizon · Seasonal collection,Toraja Sapan Light Wine 60% | Solok Radjo Dark SemiWashed 25% | Temanggung Medium Anaerobic 15%,Light,"Seperti angin laut yang pertama kali menyentuh dek, blend ini mempertemukan biji-biji dari Toraja Sapan serta Solok Radjo serta Temanggung dalam sebuah komposisi yang menceritakan kekayaan dataran Nusantara. Diproses dengan metode Wine dan SemiWashed, menghadirkan nuansa plum, dark cherry, wine yang bersih namun penuh kedalaman. Blend yang merayakan keberanian membuka cakrawala baru, satu tegukan sekaligus.",Delicate,Toraja Sapan (Light / Wine): 600g (60%) | Solok Radjo (Dark / SemiWashed): 250g (25%) | Temanggung (Medium / Anaerobic): 150g (15%) | total: 1000g,Ideal for Chemex
S-SUM-084,Summer,The Open Horizon,Ketika laut dan langit melebur — dan setiap tegukan terasa seperti angin pertama.,Seasonal Blend,Java Bearing,The Open Horizon · Seasonal collection,Bukit Barisan Light WetHulled 45% | Bali Ulian Medium SemiWashed 55%,Light,"Di mana muara sungai berjumpa dengan lautan terbuka, blend ini mempertemukan biji-biji dari Bukit Barisan serta Bali Ulian dalam sebuah komposisi yang menceritakan kekayaan dataran Nusantara. Diproses dengan metode WetHulled dan SemiWashed, menghadirkan nuansa roasted nut, herb, green pepper yang bersih namun penuh kedalaman. Sebuah persembahan kepada rute-rute yang telah menghubungkan Nusantara selama berabad-abad.",Light Body,Bukit Barisan (Light / WetHulled): 450g (45%) | Bali Ulian (Medium / SemiWashed): 550g (55%) | total: 1000g,Cocok untuk AeroPress
S-SUM-085,Summer,The Open Horizon,Ketika laut dan langit melebur — dan setiap tegukan terasa seperti angin pertama.,Seasonal Blend,Sorong Charter,The Open Horizon · Seasonal collection,Dampit Malang Dark SemiWashed 55% | Bali Ulian Light Anaerobic 45%,Medium,"Seperti angin laut yang pertama kali menyentuh dek, blend ini mempertemukan biji-biji dari Dampit Malang serta Bali Ulian dalam sebuah komposisi yang menceritakan kekayaan dataran Nusantara. Diproses dengan metode SemiWashed dan Anaerobic, menghadirkan nuansa intense spice, roasted grain, rum raisin yang bersih namun penuh kedalaman. Blend yang merayakan keberanian membuka cakrawala baru, satu tegukan sekaligus.",Smooth,Dampit Malang (Dark / SemiWashed): 550g (55%) | Bali Ulian (Light / Anaerobic): 450g (45%) | total: 1000g,Cocok untuk French Press & Espresso
S-SUM-086,Summer,The Open Horizon,Ketika laut dan langit melebur — dan setiap tegukan terasa seperti angin pertama.,Seasonal Blend,Ternate Current,The Open Horizon · Seasonal collection,Papua Wamena Dark Washed 45% | Semeru Dark Natural 35% | Gunung Halu Light Honey 20%,Dark,"Terinspirasi dari rute dagang yang telah melintasi generasi, blend ini mempertemukan biji-biji dari Papua Wamena serta Semeru serta Gunung Halu dalam sebuah komposisi yang menceritakan kekayaan dataran Nusantara. Diproses dengan metode Washed dan Natural, menghadirkan nuansa apricot, pear, bitter chocolate yang bersih namun penuh kedalaman. Sebuah persembahan kepada rute-rute yang telah menghubungkan Nusantara selama berabad-abad.",Heavy Body,Papua Wamena (Dark / Washed): 450g (45%) | Semeru (Dark / Natural): 350g (35%) | Gunung Halu (Light / Honey): 200g (20%) | total: 1000g,Best for Batch Brew
S-SUM-087,Summer,The Open Horizon,Ketika laut dan langit melebur — dan setiap tegukan terasa seperti angin pertama.,Seasonal Blend,Demak Drift,The Open Horizon · Seasonal collection,Gunung Halu Light Anaerobic 45% | Flores Manggarai Dark WetHulled 35% | Bali Ulian Dark Washed 20%,Medium,"Di mana muara sungai berjumpa dengan lautan terbuka, blend ini mempertemukan biji-biji dari Gunung Halu serta Flores Manggarai serta Bali Ulian dalam sebuah komposisi yang menceritakan kekayaan dataran Nusantara. Diproses dengan metode Anaerobic dan WetHulled, menghadirkan nuansa peat, cola, smoky caramel yang bersih namun penuh kedalaman. Blend yang merayakan keberanian membuka cakrawala baru, satu tegukan sekaligus.",Smooth,Gunung Halu (Light / Anaerobic): 450g (45%) | Flores Manggarai (Dark / WetHulled): 350g (35%) | Bali Ulian (Dark / Washed): 200g (20%) | total: 1000g,Cocok untuk French Press & Espresso
S-SUM-088,Summer,The Open Horizon,Ketika laut dan langit melebur — dan setiap tegukan terasa seperti angin pertama.,Seasonal Blend,Kupang Current,The Open Horizon · Seasonal collection,Java Temanggung Medium SemiWashed 60% | Bali Ulian Medium SemiWashed 25% | Dampit Malang Medium Honey 15%,Medium,"Terinspirasi dari rute dagang yang telah melintasi generasi, blend ini mempertemukan biji-biji dari Java Temanggung serta Bali Ulian serta Dampit Malang dalam sebuah komposisi yang menceritakan kekayaan dataran Nusantara. Diproses dengan metode SemiWashed dan Honey, menghadirkan nuansa milk caramel, vanilla, dried apricot yang bersih namun penuh kedalaman. Diciptakan dari spirit jalur dagang yang mengalirkan kekayaan rasa lintas samudera.",Balanced,Java Temanggung (Medium / SemiWashed): 600g (60%) | Bali Ulian (Medium / SemiWashed): 250g (25%) | Dampit Malang (Medium / Honey): 150g (15%) | total: 1000g,Cocok untuk French Press & Espresso
S-SUM-089,Summer,The Open Horizon,Ketika laut dan langit melebur — dan setiap tegukan terasa seperti angin pertama.,Seasonal Blend,Borneo Strait,The Open Horizon · Seasonal collection,Toraja Kalosi Light Wine 55% | Arjuno Dark Washed 30% | Toraja Kalosi Medium Honey 15%,Medium,"Di mana muara sungai berjumpa dengan lautan terbuka, blend ini mempertemukan biji-biji dari Toraja Kalosi serta Arjuno serta Toraja Kalosi dalam sebuah komposisi yang menceritakan kekayaan dataran Nusantara. Diproses dengan metode Wine dan Washed, menghadirkan nuansa macadamia, smoky caramel, plum yang bersih namun penuh kedalaman. Sebuah persembahan kepada rute-rute yang telah menghubungkan Nusantara selama berabad-abad.",Smooth,Toraja Kalosi (Light / Wine): 550g (55%) | Arjuno (Dark / Washed): 300g (30%) | Toraja Kalosi (Medium / Honey): 150g (15%) | total: 1000g,Cocok untuk French Press & Espresso
S-SUM-090,Summer,The Open Horizon,Ketika laut dan langit melebur — dan setiap tegukan terasa seperti angin pertama.,Seasonal Blend,Makassar Strait,The Open Horizon · Seasonal collection,Solok Radjo Dark Wine 60% | Dampit Malang Medium WetHulled 25% | Wanoja Kamojang Medium Natural 15%,Dark,"Terinspirasi dari rute dagang yang telah melintasi generasi, blend ini mempertemukan biji-biji dari Solok Radjo serta Dampit Malang serta Wanoja Kamojang dalam sebuah komposisi yang menceritakan kekayaan dataran Nusantara. Diproses dengan metode Wine dan WetHulled, menghadirkan nuansa berry jam, aged wine, molasses yang bersih namun penuh kedalaman. Blend yang merayakan keberanian membuka cakrawala baru, satu tegukan sekaligus.",Full Body,Solok Radjo (Dark / Wine): 600g (60%) | Dampit Malang (Medium / WetHulled): 250g (25%) | Wanoja Kamojang (Medium / Natural): 150g (15%) | total: 1000g,Best for Espresso
S-SUM-091,Summer,The Open Horizon,Ketika laut dan langit melebur — dan setiap tegukan terasa seperti angin pertama.,Seasonal Blend,Flores Swell,The Open Horizon · Seasonal collection,Solok Radjo Light Wine 45% | Solok Radjo Dark Wine 35% | Sembalun Rinjani Medium WetHulled 20%,Medium,"Di mana muara sungai berjumpa dengan lautan terbuka, blend ini mempertemukan biji-biji dari Solok Radjo serta Solok Radjo serta Sembalun Rinjani dalam sebuah komposisi yang menceritakan kekayaan dataran Nusantara. Diproses dengan metode Wine dan WetHulled, menghadirkan nuansa plum, leather, tobacco yang bersih namun penuh kedalaman. Untuk para pelaut dalam diri kita — yang selalu menemukan jalan pulang.",Medium Body,Solok Radjo (Light / Wine): 450g (45%) | Solok Radjo (Dark / Wine): 350g (35%) | Sembalun Rinjani (Medium / WetHulled): 200g (20%) | total: 1000g,Best for Moka Pot
S-SUM-092,Summer,The Open Horizon,Ketika laut dan langit melebur — dan setiap tegukan terasa seperti angin pertama.,Seasonal Blend,Ternate Convoy,The Open Horizon · Seasonal collection,Solok Radjo Medium Wine 65% | Kerinci Kayu Aro Medium Anaerobic 35%,Medium,"Dari pelabuhan tua yang menyimpan ribuan cerita, blend ini mempertemukan biji-biji dari Solok Radjo serta Kerinci Kayu Aro dalam sebuah komposisi yang menceritakan kekayaan dataran Nusantara. Diproses dengan metode Wine dan Anaerobic, menghadirkan nuansa tamarind, roasted grape, tropical punch yang bersih namun penuh kedalaman. Untuk para pelaut dalam diri kita — yang selalu menemukan jalan pulang.",Medium Body,Solok Radjo (Medium / Wine): 650g (65%) | Kerinci Kayu Aro (Medium / Anaerobic): 350g (35%) | total: 1000g,Versatile for Espresso & Filter
S-SUM-093,Summer,The Open Horizon,Ketika laut dan langit melebur — dan setiap tegukan terasa seperti angin pertama.,Seasonal Blend,Tidore Drift,The Open Horizon · Seasonal collection,Papua Dogiyai Medium Natural 65% | Kerinci Kayu Aro Dark Natural 35%,Medium,"Ketika layar dibentangkan dan cakrawala terbuka lebar, blend ini mempertemukan biji-biji dari Papua Dogiyai serta Kerinci Kayu Aro dalam sebuah komposisi yang menceritakan kekayaan dataran Nusantara. Diproses dengan metode Natural, menghadirkan nuansa dark chocolate, berry jam, prune yang bersih namun penuh kedalaman. Diciptakan dari spirit jalur dagang yang mengalirkan kekayaan rasa lintas samudera.",Round,Papua Dogiyai (Medium / Natural): 650g (65%) | Kerinci Kayu Aro (Dark / Natural): 350g (35%) | total: 1000g,Versatile for Espresso & Filter
S-SUM-094,Summer,The Open Horizon,Ketika laut dan langit melebur — dan setiap tegukan terasa seperti angin pertama.,Seasonal Blend,Riau Run,The Open Horizon · Seasonal collection,Papua Dogiyai Dark Washed 40% | Java Puntang Medium Honey 35% | Aceh Gayo Dark Honey 25%,Dark,"Ketika layar dibentangkan dan cakrawala terbuka lebar, blend ini mempertemukan biji-biji dari Papua Dogiyai serta Java Puntang serta Aceh Gayo dalam sebuah komposisi yang menceritakan kekayaan dataran Nusantara. Diproses dengan metode Washed dan Honey, menghadirkan nuansa burnt caramel, molasses, smoked almond yang bersih namun penuh kedalaman. Untuk para pelaut dalam diri kita — yang selalu menemukan jalan pulang.",Bold,Papua Dogiyai (Dark / Washed): 400g (40%) | Java Puntang (Medium / Honey): 350g (35%) | Aceh Gayo (Dark / Honey): 250g (25%) | total: 1000g,Best for Espresso
S-SUM-095,Summer,The Open Horizon,Ketika laut dan langit melebur — dan setiap tegukan terasa seperti angin pertama.,Seasonal Blend,Borneo Convoy,The Open Horizon · Seasonal collection,Bengkulu Light Wine 45% | Arjuno Light Washed 55%,Light,"Ketika layar dibentangkan dan cakrawala terbuka lebar, blend ini mempertemukan biji-biji dari Bengkulu serta Arjuno dalam sebuah komposisi yang menceritakan kekayaan dataran Nusantara. Diproses dengan metode Wine dan Washed, menghadirkan nuansa grape must, lemon zest, jasmine yang bersih namun penuh kedalaman. Diciptakan dari spirit jalur dagang yang mengalirkan kekayaan rasa lintas samudera.",Clean,Bengkulu (Light / Wine): 450g (45%) | Arjuno (Light / Washed): 550g (55%) | total: 1000g,Best for V60
S-SUM-096,Summer,The Open Horizon,Ketika laut dan langit melebur — dan setiap tegukan terasa seperti angin pertama.,Seasonal Blend,Tuban Fleet,The Open Horizon · Seasonal collection,Lintong Onan Light WetHulled 45% | Java Preanger Dark Natural 35% | Gunung Halu Light Honey 20%,Medium,"Ketika layar dibentangkan dan cakrawala terbuka lebar, blend ini mempertemukan biji-biji dari Lintong Onan serta Java Preanger serta Gunung Halu dalam sebuah komposisi yang menceritakan kekayaan dataran Nusantara. Diproses dengan metode WetHulled dan Natural, menghadirkan nuansa espresso, floral, licorice yang bersih namun penuh kedalaman. Sebuah persembahan kepada rute-rute yang telah menghubungkan Nusantara selama berabad-abad.",Medium Body,Lintong Onan (Light / WetHulled): 450g (45%) | Java Preanger (Dark / Natural): 350g (35%) | Gunung Halu (Light / Honey): 200g (20%) | total: 1000g,Best for Moka Pot
S-SUM-097,Summer,The Open Horizon,Ketika laut dan langit melebur — dan setiap tegukan terasa seperti angin pertama.,Seasonal Blend,Sunda Trade Wind,The Open Horizon · Seasonal collection,Sembalun Rinjani Medium Honey 55% | Papua Wamena Medium WetHulled 45%,Medium,"Terinspirasi dari rute dagang yang telah melintasi generasi, blend ini mempertemukan biji-biji dari Sembalun Rinjani serta Papua Wamena dalam sebuah komposisi yang menceritakan kekayaan dataran Nusantara. Diproses dengan metode Honey dan WetHulled, menghadirkan nuansa dried apricot, spice, maple syrup yang bersih namun penuh kedalaman. Sebuah persembahan kepada rute-rute yang telah menghubungkan Nusantara selama berabad-abad.",Round,Sembalun Rinjani (Medium / Honey): 550g (55%) | Papua Wamena (Medium / WetHulled): 450g (45%) | total: 1000g,Cocok untuk French Press & Espresso
S-SUM-098,Summer,The Open Horizon,Ketika laut dan langit melebur — dan setiap tegukan terasa seperti angin pertama.,Seasonal Blend,Borneo Route,The Open Horizon · Seasonal collection,Java Puntang Dark Anaerobic 60% | Bengkulu Dark Wine 40%,Dark,"Seperti angin laut yang pertama kali menyentuh dek, blend ini mempertemukan biji-biji dari Java Puntang serta Bengkulu dalam sebuah komposisi yang menceritakan kekayaan dataran Nusantara. Diproses dengan metode Anaerobic dan Wine, menghadirkan nuansa smoked plum, aged wine, dark espresso yang bersih namun penuh kedalaman. Diciptakan dari spirit jalur dagang yang mengalirkan kekayaan rasa lintas samudera.",Full Body,Java Puntang (Dark / Anaerobic): 600g (60%) | Bengkulu (Dark / Wine): 400g (40%) | total: 1000g,Cocok untuk Cold Brew
S-SUM-099,Summer,The Open Horizon,Ketika laut dan langit melebur — dan setiap tegukan terasa seperti angin pertama.,Seasonal Blend,Tuban Portside,The Open Horizon · Seasonal collection,Bali Kintamani Light WetHulled 40% | Papua Dogiyai Dark Natural 60%,Medium,"Ketika layar dibentangkan dan cakrawala terbuka lebar, blend ini mempertemukan biji-biji dari Bali Kintamani serta Papua Dogiyai dalam sebuah komposisi yang menceritakan kekayaan dataran Nusantara. Diproses dengan metode WetHulled dan Natural, menghadirkan nuansa herb, dark berry, green pepper yang bersih namun penuh kedalaman. Sebuah persembahan kepada rute-rute yang telah menghubungkan Nusantara selama berabad-abad.",Velvety,Bali Kintamani (Light / WetHulled): 400g (40%) | Papua Dogiyai (Dark / Natural): 600g (60%) | total: 1000g,Versatile for Espresso & Filter
S-SUM-100,Summer,The Open Horizon,Ketika laut dan langit melebur — dan setiap tegukan terasa seperti angin pertama.,Seasonal Blend,Manado Convoy,The Open Horizon · Seasonal collection,Gunung Halu Light SemiWashed 50% | Solok Radjo Medium Honey 50%,Light,"Ketika layar dibentangkan dan cakrawala terbuka lebar, blend ini mempertemukan biji-biji dari Gunung Halu serta Solok Radjo dalam sebuah komposisi yang menceritakan kekayaan dataran Nusantara. Diproses dengan metode SemiWashed dan Honey, menghadirkan nuansa honey, toffee, macadamia yang bersih namun penuh kedalaman. Untuk para pelaut dalam diri kita — yang selalu menemukan jalan pulang.",Clean,Gunung Halu (Light / SemiWashed): 500g (50%) | Solok Radjo (Medium / Honey): 500g (50%) | total: 1000g,Ideal for Chemex
S-SUM-101,Summer,The Open Horizon,Ketika laut dan langit melebur — dan setiap tegukan terasa seperti angin pertama.,Seasonal Blend,Palembang Berth,The Open Horizon · Seasonal collection,Sembalun Rinjani Medium Honey 50% | Papua Dogiyai Light Washed 30% | Java Puntang Dark Anaerobic 20%,Medium,"Seperti angin laut yang pertama kali menyentuh dek, blend ini mempertemukan biji-biji dari Sembalun Rinjani serta Papua Dogiyai serta Java Puntang dalam sebuah komposisi yang menceritakan kekayaan dataran Nusantara. Diproses dengan metode Honey dan Washed, menghadirkan nuansa green tea, dried apricot, maple syrup yang bersih namun penuh kedalaman. Diciptakan dari spirit jalur dagang yang mengalirkan kekayaan rasa lintas samudera.",Velvety,Sembalun Rinjani (Medium / Honey): 500g (50%) | Papua Dogiyai (Light / Washed): 300g (30%) | Java Puntang (Dark / Anaerobic): 200g (20%) | total: 1000g,Best for Moka Pot
S-SUM-102,Summer,The Open Horizon,Ketika laut dan langit melebur — dan setiap tegukan terasa seperti angin pertama.,Seasonal Blend,Jambi Swell,The Open Horizon · Seasonal collection,Bengkulu Light Wine 40% | Java Ijen Raung Light Wine 60%,Light,"Di mana muara sungai berjumpa dengan lautan terbuka, blend ini mempertemukan biji-biji dari Bengkulu serta Java Ijen Raung dalam sebuah komposisi yang menceritakan kekayaan dataran Nusantara. Diproses dengan metode Wine, menghadirkan nuansa blackcurrant, plum, wine yang bersih namun penuh kedalaman. Sebuah persembahan kepada rute-rute yang telah menghubungkan Nusantara selama berabad-abad.",Delicate,Bengkulu (Light / Wine): 400g (40%) | Java Ijen Raung (Light / Wine): 600g (60%) | total: 1000g,Cocok untuk AeroPress
S-SUM-103,Summer,The Open Horizon,Ketika laut dan langit melebur — dan setiap tegukan terasa seperti angin pertama.,Seasonal Blend,Palembang Heading,The Open Horizon · Seasonal collection,Arjuno Dark Washed 60% | Java Sindoro Dark Natural 25% | Semeru Light SemiWashed 15%,Dark,"Seperti angin laut yang pertama kali menyentuh dek, blend ini mempertemukan biji-biji dari Arjuno serta Java Sindoro serta Semeru dalam sebuah komposisi yang menceritakan kekayaan dataran Nusantara. Diproses dengan metode Washed dan Natural, menghadirkan nuansa dark berry, molasses, papaya yang bersih namun penuh kedalaman. Diciptakan dari spirit jalur dagang yang mengalirkan kekayaan rasa lintas samudera.",Full Body,Arjuno (Dark / Washed): 600g (60%) | Java Sindoro (Dark / Natural): 250g (25%) | Semeru (Light / SemiWashed): 150g (15%) | total: 1000g,Cocok untuk Cold Brew
S-SUM-104,Summer,The Open Horizon,Ketika laut dan langit melebur — dan setiap tegukan terasa seperti angin pertama.,Seasonal Blend,Malacca Charter,The Open Horizon · Seasonal collection,Lintong Onan Medium WetHulled 55% | Kerinci Kayu Aro Dark Washed 30% | Kerinci Kayu Aro Light Wine 15%,Medium,"Dari pelabuhan tua yang menyimpan ribuan cerita, blend ini mempertemukan biji-biji dari Lintong Onan serta Kerinci Kayu Aro serta Kerinci Kayu Aro dalam sebuah komposisi yang menceritakan kekayaan dataran Nusantara. Diproses dengan metode WetHulled dan Washed, menghadirkan nuansa earthy, grape must, woody yang bersih namun penuh kedalaman. Untuk para pelaut dalam diri kita — yang selalu menemukan jalan pulang.",Round,Lintong Onan (Medium / WetHulled): 550g (55%) | Kerinci Kayu Aro (Dark / Washed): 300g (30%) | Kerinci Kayu Aro (Light / Wine): 150g (15%) | total: 1000g,Versatile for Espresso & Filter
S-SUM-105,Summer,The Open Horizon,Ketika laut dan langit melebur — dan setiap tegukan terasa seperti angin pertama.,Seasonal Blend,Riau Passage,The Open Horizon · Seasonal collection,Bukit Barisan Light WetHulled 70% | Aceh Gayo Medium SemiWashed 30%,Light,"Seperti kapal yang menemukan teluknya setelah berbulan berlayar, blend ini mempertemukan biji-biji dari Bukit Barisan serta Aceh Gayo dalam sebuah komposisi yang menceritakan kekayaan dataran Nusantara. Diproses dengan metode WetHulled dan SemiWashed, menghadirkan nuansa lime, apricot jam, green pepper yang bersih namun penuh kedalaman. Sebuah persembahan kepada rute-rute yang telah menghubungkan Nusantara selama berabad-abad.",Clean,Bukit Barisan (Light / WetHulled): 700g (70%) | Aceh Gayo (Medium / SemiWashed): 300g (30%) | total: 1000g,Pour Over Recommended
S-SUM-106,Summer,The Open Horizon,Ketika laut dan langit melebur — dan setiap tegukan terasa seperti angin pertama.,Seasonal Blend,Sunda Reach,The Open Horizon · Seasonal collection,Lintong Onan Light WetHulled 50% | Bali Kintamani Medium SemiWashed 30% | Bali Ulian Medium Anaerobic 20%,Light,"Ketika layar dibentangkan dan cakrawala terbuka lebar, blend ini mempertemukan biji-biji dari Lintong Onan serta Bali Kintamani serta Bali Ulian dalam sebuah komposisi yang menceritakan kekayaan dataran Nusantara. Diproses dengan metode WetHulled dan SemiWashed, menghadirkan nuansa herb, lime, fermented fruit yang bersih namun penuh kedalaman. Untuk para pelaut dalam diri kita — yang selalu menemukan jalan pulang.",Light Body,Lintong Onan (Light / WetHulled): 500g (50%) | Bali Kintamani (Medium / SemiWashed): 300g (30%) | Bali Ulian (Medium / Anaerobic): 200g (20%) | total: 1000g,Ideal for Chemex
S-SUM-107,Summer,The Open Horizon,Ketika laut dan langit melebur — dan setiap tegukan terasa seperti angin pertama.,Seasonal Blend,Aceh Traverse,The Open Horizon · Seasonal collection,Lampung Robusta Premium Dark Wine 60% | Bali Ulian Medium Honey 25% | Toraja Kalosi Light WetHulled 15%,Medium,"Seperti kapal yang menemukan teluknya setelah berbulan berlayar, blend ini mempertemukan biji-biji dari Lampung Robusta Premium serta Bali Ulian serta Toraja Kalosi dalam sebuah komposisi yang menceritakan kekayaan dataran Nusantara. Diproses dengan metode Wine dan Honey, menghadirkan nuansa toffee, dark espresso, honey yang bersih namun penuh kedalaman. Sebuah persembahan kepada rute-rute yang telah menghubungkan Nusantara selama berabad-abad.",Round,Lampung Robusta Premium (Dark / Wine): 600g (60%) | Bali Ulian (Medium / Honey): 250g (25%) | Toraja Kalosi (Light / WetHulled): 150g (15%) | total: 1000g,Best for Moka Pot
S-SUM-108,Summer,The Open Horizon,Ketika laut dan langit melebur — dan setiap tegukan terasa seperti angin pertama.,Seasonal Blend,Flores Traverse,The Open Horizon · Seasonal collection,Arjuno Dark Natural 40% | Aceh Gayo Medium Honey 60%,Medium,"Seperti angin laut yang pertama kali menyentuh dek, blend ini mempertemukan biji-biji dari Arjuno serta Aceh Gayo dalam sebuah komposisi yang menceritakan kekayaan dataran Nusantara. Diproses dengan metode Natural dan Honey, menghadirkan nuansa charcoal, honey, tar yang bersih namun penuh kedalaman. Sebuah persembahan kepada rute-rute yang telah menghubungkan Nusantara selama berabad-abad.",Balanced,Arjuno (Dark / Natural): 400g (40%) | Aceh Gayo (Medium / Honey): 600g (60%) | total: 1000g,Versatile for Espresso & Filter
S-SUM-109,Summer,The Open Horizon,Ketika laut dan langit melebur — dan setiap tegukan terasa seperti angin pertama.,Seasonal Blend,Molucca Transit,The Open Horizon · Seasonal collection,Bukit Barisan Medium Washed 40% | Arjuno Dark WetHulled 35% | Java Sindoro Medium Wine 25%,Medium,"Seperti angin laut yang pertama kali menyentuh dek, blend ini mempertemukan biji-biji dari Bukit Barisan serta Arjuno serta Java Sindoro dalam sebuah komposisi yang menceritakan kekayaan dataran Nusantara. Diproses dengan metode Washed dan WetHulled, menghadirkan nuansa port wine, peat, espresso yang bersih namun penuh kedalaman. Sebuah persembahan kepada rute-rute yang telah menghubungkan Nusantara selama berabad-abad.",Round,Bukit Barisan (Medium / Washed): 400g (40%) | Arjuno (Dark / WetHulled): 350g (35%) | Java Sindoro (Medium / Wine): 250g (25%) | total: 1000g,Versatile for Espresso & Filter
S-SUM-110,Summer,The Open Horizon,Ketika laut dan langit melebur — dan setiap tegukan terasa seperti angin pertama.,Seasonal Blend,Tidore Meridian,The Open Horizon · Seasonal collection,Gunung Halu Light SemiWashed 60% | Java Ciwidey Light Anaerobic 25% | Semeru Medium WetHulled 15%,Light,"Ketika layar dibentangkan dan cakrawala terbuka lebar, blend ini mempertemukan biji-biji dari Gunung Halu serta Java Ciwidey serta Semeru dalam sebuah komposisi yang menceritakan kekayaan dataran Nusantara. Diproses dengan metode SemiWashed dan Anaerobic, menghadirkan nuansa spice, cola, leather yang bersih namun penuh kedalaman. Blend yang merayakan keberanian membuka cakrawala baru, satu tegukan sekaligus.",Clean,Gunung Halu (Light / SemiWashed): 600g (60%) | Java Ciwidey (Light / Anaerobic): 250g (25%) | Semeru (Medium / WetHulled): 150g (15%) | total: 1000g,Cocok untuk AeroPress
S-SUM-111,Summer,The Open Horizon,Ketika laut dan langit melebur — dan setiap tegukan terasa seperti angin pertama.,Seasonal Blend,Jambi Trade Wind,The Open Horizon · Seasonal collection,Papua Dogiyai Medium SemiWashed 40% | Java Ciwidey Dark Wine 35% | Toraja Sapan Light Washed 25%,Medium,"Di mana muara sungai berjumpa dengan lautan terbuka, blend ini mempertemukan biji-biji dari Papua Dogiyai serta Java Ciwidey serta Toraja Sapan dalam sebuah komposisi yang menceritakan kekayaan dataran Nusantara. Diproses dengan metode SemiWashed dan Wine, menghadirkan nuansa tobacco, milk caramel, lemon zest yang bersih namun penuh kedalaman. Diciptakan dari spirit jalur dagang yang mengalirkan kekayaan rasa lintas samudera.",Velvety,Papua Dogiyai (Medium / SemiWashed): 400g (40%) | Java Ciwidey (Dark / Wine): 350g (35%) | Toraja Sapan (Light / Washed): 250g (25%) | total: 1000g,Versatile for Espresso & Filter
S-SUM-112,Summer,The Open Horizon,Ketika laut dan langit melebur — dan setiap tegukan terasa seperti angin pertama.,Seasonal Blend,Pontianak Transit,The Open Horizon · Seasonal collection,Java Puntang Medium Wine 55% | Flores Bajawa Dark Honey 45%,Medium,"Dari pelabuhan tua yang menyimpan ribuan cerita, blend ini mempertemukan biji-biji dari Java Puntang serta Flores Bajawa dalam sebuah komposisi yang menceritakan kekayaan dataran Nusantara. Diproses dengan metode Wine dan Honey, menghadirkan nuansa burnt caramel, toffee, roasted grape yang bersih namun penuh kedalaman. Untuk para pelaut dalam diri kita — yang selalu menemukan jalan pulang.",Medium Body,Java Puntang (Medium / Wine): 550g (55%) | Flores Bajawa (Dark / Honey): 450g (45%) | total: 1000g,Best for Moka Pot
S-SUM-113,Summer,The Open Horizon,Ketika laut dan langit melebur — dan setiap tegukan terasa seperti angin pertama.,Seasonal Blend,Borneo Fleet,The Open Horizon · Seasonal collection,Lintong Onan Dark SemiWashed 45% | Bali Kintamani Dark Wine 55%,Dark,"Terinspirasi dari rute dagang yang telah melintasi generasi, blend ini mempertemukan biji-biji dari Lintong Onan serta Bali Kintamani dalam sebuah komposisi yang menceritakan kekayaan dataran Nusantara. Diproses dengan metode SemiWashed dan Wine, menghadirkan nuansa roasted grain, dark caramel, smoked plum yang bersih namun penuh kedalaman. Blend yang merayakan keberanian membuka cakrawala baru, satu tegukan sekaligus.",Syrupy,Lintong Onan (Dark / SemiWashed): 450g (45%) | Bali Kintamani (Dark / Wine): 550g (55%) | total: 1000g,Cocok untuk Cold Brew
S-SUM-114,Summer,The Open Horizon,Ketika laut dan langit melebur — dan setiap tegukan terasa seperti angin pertama.,Seasonal Blend,Riau Trade Wind,The Open Horizon · Seasonal collection,Bali Ulian Medium SemiWashed 40% | Flores Bajawa Dark WetHulled 60%,Dark,"Di mana muara sungai berjumpa dengan lautan terbuka, blend ini mempertemukan biji-biji dari Bali Ulian serta Flores Bajawa dalam sebuah komposisi yang menceritakan kekayaan dataran Nusantara. Diproses dengan metode SemiWashed dan WetHulled, menghadirkan nuansa intense earth, roasted nut, dark tobacco yang bersih namun penuh kedalaman. Sebuah persembahan kepada rute-rute yang telah menghubungkan Nusantara selama berabad-abad.",Thick,Bali Ulian (Medium / SemiWashed): 400g (40%) | Flores Bajawa (Dark / WetHulled): 600g (60%) | total: 1000g,Ideal untuk Ristretto
S-SUM-115,Summer,The Open Horizon,Ketika laut dan langit melebur — dan setiap tegukan terasa seperti angin pertama.,Seasonal Blend,Demak Fleet,The Open Horizon · Seasonal collection,Temanggung Light Wine 50% | Gunung Halu Light Wine 50%,Light,"Seperti kapal yang menemukan teluknya setelah berbulan berlayar, blend ini mempertemukan biji-biji dari Temanggung serta Gunung Halu dalam sebuah komposisi yang menceritakan kekayaan dataran Nusantara. Diproses dengan metode Wine, menghadirkan nuansa dark cherry, wine, blackcurrant yang bersih namun penuh kedalaman. Diciptakan dari spirit jalur dagang yang mengalirkan kekayaan rasa lintas samudera.",Delicate,Temanggung (Light / Wine): 500g (50%) | Gunung Halu (Light / Wine): 500g (50%) | total: 1000g,Cocok untuk AeroPress
S-SUM-116,Summer,The Open Horizon,Ketika laut dan langit melebur — dan setiap tegukan terasa seperti angin pertama.,Seasonal Blend,Pontianak Run,The Open Horizon · Seasonal collection,Toraja Kalosi Light Anaerobic 50% | Papua Wamena Light SemiWashed 30% | Java Sindoro Light Anaerobic 20%,Light,"Terinspirasi dari rute dagang yang telah melintasi generasi, blend ini mempertemukan biji-biji dari Toraja Kalosi serta Papua Wamena serta Java Sindoro dalam sebuah komposisi yang menceritakan kekayaan dataran Nusantara. Diproses dengan metode Anaerobic dan SemiWashed, menghadirkan nuansa cola, papaya, raspberry yang bersih namun penuh kedalaman. Blend yang merayakan keberanian membuka cakrawala baru, satu tegukan sekaligus.",Tea-like,Toraja Kalosi (Light / Anaerobic): 500g (50%) | Papua Wamena (Light / SemiWashed): 300g (30%) | Java Sindoro (Light / Anaerobic): 200g (20%) | total: 1000g,Ideal for Chemex
S-SUM-117,Summer,The Open Horizon,Ketika laut dan langit melebur — dan setiap tegukan terasa seperti angin pertama.,Seasonal Blend,Demak Strait,The Open Horizon · Seasonal collection,Sidikalang Medium Wine 70% | Java Puntang Dark WetHulled 30%,Medium,"Dari pelabuhan tua yang menyimpan ribuan cerita, blend ini mempertemukan biji-biji dari Sidikalang serta Java Puntang dalam sebuah komposisi yang menceritakan kekayaan dataran Nusantara. Diproses dengan metode Wine dan WetHulled, menghadirkan nuansa bark, roasted grape, peat yang bersih namun penuh kedalaman. Sebuah persembahan kepada rute-rute yang telah menghubungkan Nusantara selama berabad-abad.",Balanced,Sidikalang (Medium / Wine): 700g (70%) | Java Puntang (Dark / WetHulled): 300g (30%) | total: 1000g,Versatile for Espresso & Filter
S-SUM-118,Summer,The Open Horizon,Ketika laut dan langit melebur — dan setiap tegukan terasa seperti angin pertama.,Seasonal Blend,Sorong Trade Wind,The Open Horizon · Seasonal collection,Bali Ulian Medium WetHulled 55% | Java Ciwidey Light Anaerobic 30% | Java Temanggung Light Washed 15%,Light,"Dari pelabuhan tua yang menyimpan ribuan cerita, blend ini mempertemukan biji-biji dari Bali Ulian serta Java Ciwidey serta Java Temanggung dalam sebuah komposisi yang menceritakan kekayaan dataran Nusantara. Diproses dengan metode WetHulled dan Anaerobic, menghadirkan nuansa lychee, woody, spice yang bersih namun penuh kedalaman. Sebuah persembahan kepada rute-rute yang telah menghubungkan Nusantara selama berabad-abad.",Light Body,Bali Ulian (Medium / WetHulled): 550g (55%) | Java Ciwidey (Light / Anaerobic): 300g (30%) | Java Temanggung (Light / Washed): 150g (15%) | total: 1000g,Cocok untuk AeroPress
S-SUM-119,Summer,The Open Horizon,Ketika laut dan langit melebur — dan setiap tegukan terasa seperti angin pertama.,Seasonal Blend,Sorong Route,The Open Horizon · Seasonal collection,Toraja Kalosi Medium WetHulled 40% | Temanggung Medium Anaerobic 60%,Medium,"Seperti kapal yang menemukan teluknya setelah berbulan berlayar, blend ini mempertemukan biji-biji dari Toraja Kalosi serta Temanggung dalam sebuah komposisi yang menceritakan kekayaan dataran Nusantara. Diproses dengan metode WetHulled dan Anaerobic, menghadirkan nuansa leather, tamarind, tobacco yang bersih namun penuh kedalaman. Sebuah persembahan kepada rute-rute yang telah menghubungkan Nusantara selama berabad-abad.",Balanced,Toraja Kalosi (Medium / WetHulled): 400g (40%) | Temanggung (Medium / Anaerobic): 600g (60%) | total: 1000g,Best for Moka Pot
S-SUM-120,Summer,The Open Horizon,Ketika laut dan langit melebur — dan setiap tegukan terasa seperti angin pertama.,Seasonal Blend,Ambon Crossing,The Open Horizon · Seasonal collection,Toraja Kalosi Medium Washed 55% | Wanoja Kamojang Medium Anaerobic 45%,Medium,"Seperti kapal yang menemukan teluknya setelah berbulan berlayar, blend ini mempertemukan biji-biji dari Toraja Kalosi serta Wanoja Kamojang dalam sebuah komposisi yang menceritakan kekayaan dataran Nusantara. Diproses dengan metode Washed dan Anaerobic, menghadirkan nuansa milk chocolate, brown sugar, tropical punch yang bersih namun penuh kedalaman. Untuk para pelaut dalam diri kita — yang selalu menemukan jalan pulang.",Medium Body,Toraja Kalosi (Medium / Washed): 550g (55%) | Wanoja Kamojang (Medium / Anaerobic): 450g (45%) | total: 1000g,Best for Moka Pot
S-SUM-121,Summer,The Open Horizon,Ketika laut dan langit melebur — dan setiap tegukan terasa seperti angin pertama.,Seasonal Blend,Sorong Anchorage,The Open Horizon · Seasonal collection,Sembalun Rinjani Dark Wine 55% | Java Ijen Raung Medium Wine 45%,Dark,"Terinspirasi dari rute dagang yang telah melintasi generasi, blend ini mempertemukan biji-biji dari Sembalun Rinjani serta Java Ijen Raung dalam sebuah komposisi yang menceritakan kekayaan dataran Nusantara. Diproses dengan metode Wine, menghadirkan nuansa espresso, roasted grape, balsamic yang bersih namun penuh kedalaman. Blend yang merayakan keberanian membuka cakrawala baru, satu tegukan sekaligus.",Syrupy,Sembalun Rinjani (Dark / Wine): 550g (55%) | Java Ijen Raung (Medium / Wine): 450g (45%) | total: 1000g,Ideal untuk Ristretto
S-SUM-122,Summer,The Open Horizon,Ketika laut dan langit melebur — dan setiap tegukan terasa seperti angin pertama.,Seasonal Blend,Celebes Expedition,The Open Horizon · Seasonal collection,Lintong Onan Medium WetHulled 70% | Temanggung Dark WetHulled 30%,Medium,"Terinspirasi dari rute dagang yang telah melintasi generasi, blend ini mempertemukan biji-biji dari Lintong Onan serta Temanggung dalam sebuah komposisi yang menceritakan kekayaan dataran Nusantara. Diproses dengan metode WetHulled, menghadirkan nuansa earthy, bark, woody yang bersih namun penuh kedalaman. Untuk para pelaut dalam diri kita — yang selalu menemukan jalan pulang.",Round,Lintong Onan (Medium / WetHulled): 700g (70%) | Temanggung (Dark / WetHulled): 300g (30%) | total: 1000g,Versatile for Espresso & Filter
S-SUM-123,Summer,The Open Horizon,Ketika laut dan langit melebur — dan setiap tegukan terasa seperti angin pertama.,Seasonal Blend,Timor Wake,The Open Horizon · Seasonal collection,Kerinci Kayu Aro Medium SemiWashed 45% | Kerinci Kayu Aro Medium Honey 35% | Arjuno Dark Honey 20%,Medium,"Di mana muara sungai berjumpa dengan lautan terbuka, blend ini mempertemukan biji-biji dari Kerinci Kayu Aro serta Kerinci Kayu Aro serta Arjuno dalam sebuah komposisi yang menceritakan kekayaan dataran Nusantara. Diproses dengan metode SemiWashed dan Honey, menghadirkan nuansa smoked almond, roasted nut, dark sugar yang bersih namun penuh kedalaman. Diciptakan dari spirit jalur dagang yang mengalirkan kekayaan rasa lintas samudera.",Smooth,Kerinci Kayu Aro (Medium / SemiWashed): 450g (45%) | Kerinci Kayu Aro (Medium / Honey): 350g (35%) | Arjuno (Dark / Honey): 200g (20%) | total: 1000g,Best for Moka Pot
S-SUM-124,Summer,The Open Horizon,Ketika laut dan langit melebur — dan setiap tegukan terasa seperti angin pertama.,Seasonal Blend,Sulawesi Wake,The Open Horizon · Seasonal collection,Mandheling Dark Honey 45% | Lampung Robusta Premium Dark Anaerobic 55%,Dark,"Ketika layar dibentangkan dan cakrawala terbuka lebar, blend ini mempertemukan biji-biji dari Mandheling serta Lampung Robusta Premium dalam sebuah komposisi yang menceritakan kekayaan dataran Nusantara. Diproses dengan metode Honey dan Anaerobic, menghadirkan nuansa black cherry, burnt caramel, dark sugar yang bersih namun penuh kedalaman. Untuk para pelaut dalam diri kita — yang selalu menemukan jalan pulang.",Heavy Body,Mandheling (Dark / Honey): 450g (45%) | Lampung Robusta Premium (Dark / Anaerobic): 550g (55%) | total: 1000g,Best for Espresso
S-SUM-125,Summer,The Open Horizon,Ketika laut dan langit melebur — dan setiap tegukan terasa seperti angin pertama.,Seasonal Blend,Timor Voyage,The Open Horizon · Seasonal collection,Bengkulu Dark Honey 55% | Dampit Malang Dark Honey 45%,Dark,"Dari pelabuhan tua yang menyimpan ribuan cerita, blend ini mempertemukan biji-biji dari Bengkulu serta Dampit Malang dalam sebuah komposisi yang menceritakan kekayaan dataran Nusantara. Diproses dengan metode Honey, menghadirkan nuansa smoked almond, dark sugar, burnt caramel yang bersih namun penuh kedalaman. Untuk para pelaut dalam diri kita — yang selalu menemukan jalan pulang.",Full Body,Bengkulu (Dark / Honey): 550g (55%) | Dampit Malang (Dark / Honey): 450g (45%) | total: 1000g,Best for Espresso
S-SUM-126,Summer,The Open Horizon,Ketika laut dan langit melebur — dan setiap tegukan terasa seperti angin pertama.,Seasonal Blend,Bali Meridian,The Open Horizon · Seasonal collection,Java Puntang Dark SemiWashed 50% | Java Sindoro Medium Wine 30% | Sidikalang Dark SemiWashed 20%,Dark,"Di mana muara sungai berjumpa dengan lautan terbuka, blend ini mempertemukan biji-biji dari Java Puntang serta Java Sindoro serta Sidikalang dalam sebuah komposisi yang menceritakan kekayaan dataran Nusantara. Diproses dengan metode SemiWashed dan Wine, menghadirkan nuansa walnut, dark caramel, intense spice yang bersih namun penuh kedalaman. Sebuah persembahan kepada rute-rute yang telah menghubungkan Nusantara selama berabad-abad.",Syrupy,Java Puntang (Dark / SemiWashed): 500g (50%) | Java Sindoro (Medium / Wine): 300g (30%) | Sidikalang (Dark / SemiWashed): 200g (20%) | total: 1000g,Cocok untuk Cold Brew
S-SUM-127,Summer,The Open Horizon,Ketika laut dan langit melebur — dan setiap tegukan terasa seperti angin pertama.,Seasonal Blend,Tidore Course,The Open Horizon · Seasonal collection,Toraja Sapan Medium Anaerobic 50% | Java Ijen Raung Medium Honey 30% | Java Garut Medium WetHulled 20%,Medium,"Seperti kapal yang menemukan teluknya setelah berbulan berlayar, blend ini mempertemukan biji-biji dari Toraja Sapan serta Java Ijen Raung serta Java Garut dalam sebuah komposisi yang menceritakan kekayaan dataran Nusantara. Diproses dengan metode Anaerobic dan Honey, menghadirkan nuansa cacao nib, macadamia, honey yang bersih namun penuh kedalaman. Sebuah persembahan kepada rute-rute yang telah menghubungkan Nusantara selama berabad-abad.",Balanced,Toraja Sapan (Medium / Anaerobic): 500g (50%) | Java Ijen Raung (Medium / Honey): 300g (30%) | Java Garut (Medium / WetHulled): 200g (20%) | total: 1000g,Best for Moka Pot
S-SUM-128,Summer,The Open Horizon,Ketika laut dan langit melebur — dan setiap tegukan terasa seperti angin pertama.,Seasonal Blend,Gresik Heading,The Open Horizon · Seasonal collection,Bali Kintamani Light Washed 45% | Bengkulu Light Wine 35% | Papua Wamena Medium Honey 20%,Light,"Dari pelabuhan tua yang menyimpan ribuan cerita, blend ini mempertemukan biji-biji dari Bali Kintamani serta Bengkulu serta Papua Wamena dalam sebuah komposisi yang menceritakan kekayaan dataran Nusantara. Diproses dengan metode Washed dan Wine, menghadirkan nuansa jasmine, dried apricot, honey yang bersih namun penuh kedalaman. Blend yang merayakan keberanian membuka cakrawala baru, satu tegukan sekaligus.",Tea-like,Bali Kintamani (Light / Washed): 450g (45%) | Bengkulu (Light / Wine): 350g (35%) | Papua Wamena (Medium / Honey): 200g (20%) | total: 1000g,Cocok untuk AeroPress
S-SUM-129,Summer,The Open Horizon,Ketika laut dan langit melebur — dan setiap tegukan terasa seperti angin pertama.,Seasonal Blend,Palembang Channel,The Open Horizon · Seasonal collection,Java Ciwidey Dark SemiWashed 60% | Bali Kintamani Light Wine 25% | Toraja Kalosi Light Honey 15%,Medium,"Seperti angin laut yang pertama kali menyentuh dek, blend ini mempertemukan biji-biji dari Java Ciwidey serta Bali Kintamani serta Toraja Kalosi dalam sebuah komposisi yang menceritakan kekayaan dataran Nusantara. Diproses dengan metode SemiWashed dan Wine, menghadirkan nuansa plum, intense spice, white grape yang bersih namun penuh kedalaman. Diciptakan dari spirit jalur dagang yang mengalirkan kekayaan rasa lintas samudera.",Velvety,Java Ciwidey (Dark / SemiWashed): 600g (60%) | Bali Kintamani (Light / Wine): 250g (25%) | Toraja Kalosi (Light / Honey): 150g (15%) | total: 1000g,Versatile for Espresso & Filter
S-SUM-130,Summer,The Open Horizon,Ketika laut dan langit melebur — dan setiap tegukan terasa seperti angin pertama.,Seasonal Blend,Banten Current,The Open Horizon · Seasonal collection,Java Puntang Medium Wine 40% | Dampit Malang Medium Wine 35% | Toraja Sapan Dark Honey 25%,Medium,"Di mana muara sungai berjumpa dengan lautan terbuka, blend ini mempertemukan biji-biji dari Java Puntang serta Dampit Malang serta Toraja Sapan dalam sebuah komposisi yang menceritakan kekayaan dataran Nusantara. Diproses dengan metode Wine dan Honey, menghadirkan nuansa port wine, roasted grape, smoked almond yang bersih namun penuh kedalaman. Blend yang merayakan keberanian membuka cakrawala baru, satu tegukan sekaligus.",Smooth,Java Puntang (Medium / Wine): 400g (40%) | Dampit Malang (Medium / Wine): 350g (35%) | Toraja Sapan (Dark / Honey): 250g (25%) | total: 1000g,Cocok untuk French Press & Espresso
S-SUM-131,Summer,The Open Horizon,Ketika laut dan langit melebur — dan setiap tegukan terasa seperti angin pertama.,Seasonal Blend,Aceh Channel,The Open Horizon · Seasonal collection,Lintong Onan Medium Washed 65% | Solok Radjo Medium WetHulled 35%,Medium,"Terinspirasi dari rute dagang yang telah melintasi generasi, blend ini mempertemukan biji-biji dari Lintong Onan serta Solok Radjo dalam sebuah komposisi yang menceritakan kekayaan dataran Nusantara. Diproses dengan metode Washed dan WetHulled, menghadirkan nuansa brown sugar, milk chocolate, caramel yang bersih namun penuh kedalaman. Untuk para pelaut dalam diri kita — yang selalu menemukan jalan pulang.",Velvety,Lintong Onan (Medium / Washed): 650g (65%) | Solok Radjo (Medium / WetHulled): 350g (35%) | total: 1000g,Best for Moka Pot
S-SUM-132,Summer,The Open Horizon,Ketika laut dan langit melebur — dan setiap tegukan terasa seperti angin pertama.,Seasonal Blend,Sorong Wake,The Open Horizon · Seasonal collection,Semeru Dark Anaerobic 70% | Temanggung Medium Wine 30%,Dark,"Seperti angin laut yang pertama kali menyentuh dek, blend ini mempertemukan biji-biji dari Semeru serta Temanggung dalam sebuah komposisi yang menceritakan kekayaan dataran Nusantara. Diproses dengan metode Anaerobic dan Wine, menghadirkan nuansa roasted grape, espresso, dark plum yang bersih namun penuh kedalaman. Untuk para pelaut dalam diri kita — yang selalu menemukan jalan pulang.",Heavy Body,Semeru (Dark / Anaerobic): 700g (70%) | Temanggung (Medium / Wine): 300g (30%) | total: 1000g,Best for Espresso
S-SUM-133,Summer,The Open Horizon,Ketika laut dan langit melebur — dan setiap tegukan terasa seperti angin pertama.,Seasonal Blend,Banten Heading,The Open Horizon · Seasonal collection,Solok Radjo Medium SemiWashed 50% | Semeru Dark WetHulled 30% | Java Preanger Light WetHulled 20%,Medium,"Di mana muara sungai berjumpa dengan lautan terbuka, blend ini mempertemukan biji-biji dari Solok Radjo serta Semeru serta Java Preanger dalam sebuah komposisi yang menceritakan kekayaan dataran Nusantara. Diproses dengan metode SemiWashed dan WetHulled, menghadirkan nuansa tobacco leaf, bark, apricot jam yang bersih namun penuh kedalaman. Blend yang merayakan keberanian membuka cakrawala baru, satu tegukan sekaligus.",Velvety,Solok Radjo (Medium / SemiWashed): 500g (50%) | Semeru (Dark / WetHulled): 300g (30%) | Java Preanger (Light / WetHulled): 200g (20%) | total: 1000g,Versatile for Espresso & Filter
S-SUM-134,Summer,The Open Horizon,Ketika laut dan langit melebur — dan setiap tegukan terasa seperti angin pertama.,Seasonal Blend,Padang Passage,The Open Horizon · Seasonal collection,Solok Radjo Dark Anaerobic 70% | Kerinci Kayu Aro Light Natural 30%,Medium,"Di mana muara sungai berjumpa dengan lautan terbuka, blend ini mempertemukan biji-biji dari Solok Radjo serta Kerinci Kayu Aro dalam sebuah komposisi yang menceritakan kekayaan dataran Nusantara. Diproses dengan metode Anaerobic dan Natural, menghadirkan nuansa dark rum, black cherry, hibiscus yang bersih namun penuh kedalaman. Untuk para pelaut dalam diri kita — yang selalu menemukan jalan pulang.",Balanced,Solok Radjo (Dark / Anaerobic): 700g (70%) | Kerinci Kayu Aro (Light / Natural): 300g (30%) | total: 1000g,Best for Moka Pot
S-SUM-135,Summer,The Open Horizon,Ketika laut dan langit melebur — dan setiap tegukan terasa seperti angin pertama.,Seasonal Blend,Makassar Voyage,The Open Horizon · Seasonal collection,Gunung Halu Medium Honey 50% | Java Temanggung Medium Anaerobic 50%,Medium,"Ketika layar dibentangkan dan cakrawala terbuka lebar, blend ini mempertemukan biji-biji dari Gunung Halu serta Java Temanggung dalam sebuah komposisi yang menceritakan kekayaan dataran Nusantara. Diproses dengan metode Honey dan Anaerobic, menghadirkan nuansa honey, tropical punch, fermented fruit yang bersih namun penuh kedalaman. Diciptakan dari spirit jalur dagang yang mengalirkan kekayaan rasa lintas samudera.",Velvety,Gunung Halu (Medium / Honey): 500g (50%) | Java Temanggung (Medium / Anaerobic): 500g (50%) | total: 1000g,Cocok untuk French Press & Espresso
S-SUM-136,Summer,The Open Horizon,Ketika laut dan langit melebur — dan setiap tegukan terasa seperti angin pertama.,Seasonal Blend,Balikpapan Wake,The Open Horizon · Seasonal collection,Toraja Kalosi Dark Natural 65% | Sidikalang Dark SemiWashed 35%,Dark,"Dari pelabuhan tua yang menyimpan ribuan cerita, blend ini mempertemukan biji-biji dari Toraja Kalosi serta Sidikalang dalam sebuah komposisi yang menceritakan kekayaan dataran Nusantara. Diproses dengan metode Natural dan SemiWashed, menghadirkan nuansa tar, espresso, charcoal yang bersih namun penuh kedalaman. Sebuah persembahan kepada rute-rute yang telah menghubungkan Nusantara selama berabad-abad.",Thick,Toraja Kalosi (Dark / Natural): 650g (65%) | Sidikalang (Dark / SemiWashed): 350g (35%) | total: 1000g,Best for Espresso
S-SUM-137,Summer,The Open Horizon,Ketika laut dan langit melebur — dan setiap tegukan terasa seperti angin pertama.,Seasonal Blend,Balikpapan Channel,The Open Horizon · Seasonal collection,Sembalun Rinjani Light WetHulled 50% | Sidikalang Light Honey 50%,Light,"Ketika layar dibentangkan dan cakrawala terbuka lebar, blend ini mempertemukan biji-biji dari Sembalun Rinjani serta Sidikalang dalam sebuah komposisi yang menceritakan kekayaan dataran Nusantara. Diproses dengan metode WetHulled dan Honey, menghadirkan nuansa white grape, lime, nectarine yang bersih namun penuh kedalaman. Sebuah persembahan kepada rute-rute yang telah menghubungkan Nusantara selama berabad-abad.",Delicate,Sembalun Rinjani (Light / WetHulled): 500g (50%) | Sidikalang (Light / Honey): 500g (50%) | total: 1000g,Cocok untuk AeroPress
S-SUM-138,Summer,The Open Horizon,Ketika laut dan langit melebur — dan setiap tegukan terasa seperti angin pertama.,Seasonal Blend,Ternate Portside,The Open Horizon · Seasonal collection,Flores Bajawa Medium Honey 50% | Dampit Malang Dark Anaerobic 30% | Semeru Dark SemiWashed 20%,Dark,"Dari pelabuhan tua yang menyimpan ribuan cerita, blend ini mempertemukan biji-biji dari Flores Bajawa serta Dampit Malang serta Semeru dalam sebuah komposisi yang menceritakan kekayaan dataran Nusantara. Diproses dengan metode Honey dan Anaerobic, menghadirkan nuansa walnut, toffee, smoke yang bersih namun penuh kedalaman. Blend yang merayakan keberanian membuka cakrawala baru, satu tegukan sekaligus.",Bold,Flores Bajawa (Medium / Honey): 500g (50%) | Dampit Malang (Dark / Anaerobic): 300g (30%) | Semeru (Dark / SemiWashed): 200g (20%) | total: 1000g,Ideal untuk Ristretto
S-SUM-139,Summer,The Open Horizon,Ketika laut dan langit melebur — dan setiap tegukan terasa seperti angin pertama.,Seasonal Blend,Gresik Charter,The Open Horizon · Seasonal collection,Bengkulu Medium Washed 60% | Flores Bajawa Medium Wine 25% | Sidikalang Light Honey 15%,Medium,"Terinspirasi dari rute dagang yang telah melintasi generasi, blend ini mempertemukan biji-biji dari Bengkulu serta Flores Bajawa serta Sidikalang dalam sebuah komposisi yang menceritakan kekayaan dataran Nusantara. Diproses dengan metode Washed dan Wine, menghadirkan nuansa espresso, balsamic, hazelnut yang bersih namun penuh kedalaman. Blend yang merayakan keberanian membuka cakrawala baru, satu tegukan sekaligus.",Velvety,Bengkulu (Medium / Washed): 600g (60%) | Flores Bajawa (Medium / Wine): 250g (25%) | Sidikalang (Light / Honey): 150g (15%) | total: 1000g,Versatile for Espresso & Filter
S-SUM-140,Summer,The Open Horizon,Ketika laut dan langit melebur — dan setiap tegukan terasa seperti angin pertama.,Seasonal Blend,Bali Approach,The Open Horizon · Seasonal collection,Gunung Halu Light WetHulled 50% | Bali Ulian Medium Washed 30% | Java Temanggung Medium Washed 20%,Light,"Di mana muara sungai berjumpa dengan lautan terbuka, blend ini mempertemukan biji-biji dari Gunung Halu serta Bali Ulian serta Java Temanggung dalam sebuah komposisi yang menceritakan kekayaan dataran Nusantara. Diproses dengan metode WetHulled dan Washed, menghadirkan nuansa brown sugar, caramel, cedar yang bersih namun penuh kedalaman. Sebuah persembahan kepada rute-rute yang telah menghubungkan Nusantara selama berabad-abad.",Delicate,Gunung Halu (Light / WetHulled): 500g (50%) | Bali Ulian (Medium / Washed): 300g (30%) | Java Temanggung (Medium / Washed): 200g (20%) | total: 1000g,Cocok untuk AeroPress
S-SUM-141,Summer,The Open Horizon,Ketika laut dan langit melebur — dan setiap tegukan terasa seperti angin pertama.,Seasonal Blend,Tidore Crossing,The Open Horizon · Seasonal collection,Bali Kintamani Light Wine 50% | Mandheling Light WetHulled 50%,Light,"Seperti kapal yang menemukan teluknya setelah berbulan berlayar, blend ini mempertemukan biji-biji dari Bali Kintamani serta Mandheling dalam sebuah komposisi yang menceritakan kekayaan dataran Nusantara. Diproses dengan metode Wine dan WetHulled, menghadirkan nuansa plum, cedar, dark cherry yang bersih namun penuh kedalaman. Sebuah persembahan kepada rute-rute yang telah menghubungkan Nusantara selama berabad-abad.",Silky,Bali Kintamani (Light / Wine): 500g (50%) | Mandheling (Light / WetHulled): 500g (50%) | total: 1000g,Cocok untuk AeroPress
S-SUM-142,Summer,The Open Horizon,Ketika laut dan langit melebur — dan setiap tegukan terasa seperti angin pertama.,Seasonal Blend,Celebes Transit,The Open Horizon · Seasonal collection,Temanggung Dark Wine 40% | Sembalun Rinjani Dark Natural 35% | Bali Ulian Light Honey 25%,Dark,"Terinspirasi dari rute dagang yang telah melintasi generasi, blend ini mempertemukan biji-biji dari Temanggung serta Sembalun Rinjani serta Bali Ulian dalam sebuah komposisi yang menceritakan kekayaan dataran Nusantara. Diproses dengan metode Wine dan Natural, menghadirkan nuansa tar, tobacco, charcoal yang bersih namun penuh kedalaman. Sebuah persembahan kepada rute-rute yang telah menghubungkan Nusantara selama berabad-abad.",Bold,Temanggung (Dark / Wine): 400g (40%) | Sembalun Rinjani (Dark / Natural): 350g (35%) | Bali Ulian (Light / Honey): 250g (25%) | total: 1000g,Best for Espresso
S-SUM-143,Summer,The Open Horizon,Ketika laut dan langit melebur — dan setiap tegukan terasa seperti angin pertama.,Seasonal Blend,Riau Strait,The Open Horizon · Seasonal collection,Java Puntang Light Wine 40% | Sidikalang Light Wine 35% | Lintong Onan Dark Honey 25%,Light,"Ketika layar dibentangkan dan cakrawala terbuka lebar, blend ini mempertemukan biji-biji dari Java Puntang serta Sidikalang serta Lintong Onan dalam sebuah komposisi yang menceritakan kekayaan dataran Nusantara. Diproses dengan metode Wine dan Honey, menghadirkan nuansa grape must, wine, plum yang bersih namun penuh kedalaman. Blend yang merayakan keberanian membuka cakrawala baru, satu tegukan sekaligus.",Clean,Java Puntang (Light / Wine): 400g (40%) | Sidikalang (Light / Wine): 350g (35%) | Lintong Onan (Dark / Honey): 250g (25%) | total: 1000g,Pour Over Recommended
S-SUM-144,Summer,The Open Horizon,Ketika laut dan langit melebur — dan setiap tegukan terasa seperti angin pertama.,Seasonal Blend,Palembang Traverse,The Open Horizon · Seasonal collection,Gunung Halu Light WetHulled 50% | Java Garut Light Honey 25% | Papua Dogiyai Medium Wine 25%,Light,"Terinspirasi dari rute dagang yang telah melintasi generasi, blend ini mempertemukan biji-biji dari Gunung Halu serta Java Garut serta Papua Dogiyai dalam sebuah komposisi yang menceritakan kekayaan dataran Nusantara. Diproses dengan metode WetHulled dan Honey, menghadirkan nuansa lime, port wine, balsamic yang bersih namun penuh kedalaman. Sebuah persembahan kepada rute-rute yang telah menghubungkan Nusantara selama berabad-abad.",Tea-like,Gunung Halu (Light / WetHulled): 500g (50%) | Java Garut (Light / Honey): 250g (25%) | Papua Dogiyai (Medium / Wine): 250g (25%) | total: 1000g,Cocok untuk AeroPress
S-SUM-145,Summer,The Open Horizon,Ketika laut dan langit melebur — dan setiap tegukan terasa seperti angin pertama.,Seasonal Blend,Kupang Course,The Open Horizon · Seasonal collection,Lintong Onan Light Anaerobic 60% | Gunung Halu Light Natural 25% | Lampung Robusta Premium Light SemiWashed 15%,Light,"Seperti angin laut yang pertama kali menyentuh dek, blend ini mempertemukan biji-biji dari Lintong Onan serta Gunung Halu serta Lampung Robusta Premium dalam sebuah komposisi yang menceritakan kekayaan dataran Nusantara. Diproses dengan metode Anaerobic dan Natural, menghadirkan nuansa lychee, papaya, light caramel yang bersih namun penuh kedalaman. Blend yang merayakan keberanian membuka cakrawala baru, satu tegukan sekaligus.",Delicate,Lintong Onan (Light / Anaerobic): 600g (60%) | Gunung Halu (Light / Natural): 250g (25%) | Lampung Robusta Premium (Light / SemiWashed): 150g (15%) | total: 1000g,Cocok untuk AeroPress
S-SUM-146,Summer,The Open Horizon,Ketika laut dan langit melebur — dan setiap tegukan terasa seperti angin pertama.,Seasonal Blend,Banda Trade Wind,The Open Horizon · Seasonal collection,Semeru Dark Washed 70% | Lintong Onan Dark Wine 30%,Dark,"Di mana muara sungai berjumpa dengan lautan terbuka, blend ini mempertemukan biji-biji dari Semeru serta Lintong Onan dalam sebuah komposisi yang menceritakan kekayaan dataran Nusantara. Diproses dengan metode Washed dan Wine, menghadirkan nuansa bitter chocolate, aged wine, dark espresso yang bersih namun penuh kedalaman. Diciptakan dari spirit jalur dagang yang mengalirkan kekayaan rasa lintas samudera.",Thick,Semeru (Dark / Washed): 700g (70%) | Lintong Onan (Dark / Wine): 300g (30%) | total: 1000g,Cocok untuk Cold Brew
S-SUM-147,Summer,The Open Horizon,Ketika laut dan langit melebur — dan setiap tegukan terasa seperti angin pertama.,Seasonal Blend,Sunda Route,The Open Horizon · Seasonal collection,Bali Ulian Medium SemiWashed 40% | Bali Kintamani Light Wine 35% | Sembalun Rinjani Dark Anaerobic 25%,Medium,"Seperti angin laut yang pertama kali menyentuh dek, blend ini mempertemukan biji-biji dari Bali Ulian serta Bali Kintamani serta Sembalun Rinjani dalam sebuah komposisi yang menceritakan kekayaan dataran Nusantara. Diproses dengan metode SemiWashed dan Wine, menghadirkan nuansa plum, grape must, black cherry yang bersih namun penuh kedalaman. Untuk para pelaut dalam diri kita — yang selalu menemukan jalan pulang.",Medium Body,Bali Ulian (Medium / SemiWashed): 400g (40%) | Bali Kintamani (Light / Wine): 350g (35%) | Sembalun Rinjani (Dark / Anaerobic): 250g (25%) | total: 1000g,Cocok untuk French Press & Espresso
S-SUM-148,Summer,The Open Horizon,Ketika laut dan langit melebur — dan setiap tegukan terasa seperti angin pertama.,Seasonal Blend,Lombok Fleet,The Open Horizon · Seasonal collection,Lintong Onan Medium WetHulled 40% | Java Garut Dark Natural 35% | Java Puntang Light WetHulled 25%,Medium,"Di mana muara sungai berjumpa dengan lautan terbuka, blend ini mempertemukan biji-biji dari Lintong Onan serta Java Garut serta Java Puntang dalam sebuah komposisi yang menceritakan kekayaan dataran Nusantara. Diproses dengan metode WetHulled dan Natural, menghadirkan nuansa charcoal, espresso, woody yang bersih namun penuh kedalaman. Untuk para pelaut dalam diri kita — yang selalu menemukan jalan pulang.",Smooth,Lintong Onan (Medium / WetHulled): 400g (40%) | Java Garut (Dark / Natural): 350g (35%) | Java Puntang (Light / WetHulled): 250g (25%) | total: 1000g,Best for Moka Pot
S-SUM-149,Summer,The Open Horizon,Ketika laut dan langit melebur — dan setiap tegukan terasa seperti angin pertama.,Seasonal Blend,Jambi Convoy,The Open Horizon · Seasonal collection,Toraja Kalosi Dark WetHulled 40% | Kerinci Kayu Aro Light Natural 35% | Toraja Sapan Dark SemiWashed 25%,Medium,"Ketika layar dibentangkan dan cakrawala terbuka lebar, blend ini mempertemukan biji-biji dari Toraja Kalosi serta Kerinci Kayu Aro serta Toraja Sapan dalam sebuah komposisi yang menceritakan kekayaan dataran Nusantara. Diproses dengan metode WetHulled dan Natural, menghadirkan nuansa dark caramel, hibiscus, blueberry yang bersih namun penuh kedalaman. Untuk para pelaut dalam diri kita — yang selalu menemukan jalan pulang.",Round,Toraja Kalosi (Dark / WetHulled): 400g (40%) | Kerinci Kayu Aro (Light / Natural): 350g (35%) | Toraja Sapan (Dark / SemiWashed): 250g (25%) | total: 1000g,Best for Moka Pot
S-SUM-150,Summer,The Open Horizon,Ketika laut dan langit melebur — dan setiap tegukan terasa seperti angin pertama.,Seasonal Blend,Bali Run,The Open Horizon · Seasonal collection,Mandheling Medium Honey 50% | Aceh Gayo Dark Wine 30% | Wanoja Kamojang Dark WetHulled 20%,Dark,"Seperti kapal yang menemukan teluknya setelah berbulan berlayar, blend ini mempertemukan biji-biji dari Mandheling serta Aceh Gayo serta Wanoja Kamojang dalam sebuah komposisi yang menceritakan kekayaan dataran Nusantara. Diproses dengan metode Honey dan Wine, menghadirkan nuansa peat, intense earth, dried apricot yang bersih namun penuh kedalaman. Sebuah persembahan kepada rute-rute yang telah menghubungkan Nusantara selama berabad-abad.",Heavy Body,Mandheling (Medium / Honey): 500g (50%) | Aceh Gayo (Dark / Wine): 300g (30%) | Wanoja Kamojang (Dark / WetHulled): 200g (20%) | total: 1000g,Best for Batch Brew
S-SUM-151,Summer,The Open Horizon,Ketika laut dan langit melebur — dan setiap tegukan terasa seperti angin pertama.,Seasonal Blend,Ambon Strait,The Open Horizon · Seasonal collection,Papua Wamena Dark Wine 55% | Mandheling Medium Honey 30% | Java Garut Dark Washed 15%,Dark,"Ketika layar dibentangkan dan cakrawala terbuka lebar, blend ini mempertemukan biji-biji dari Papua Wamena serta Mandheling serta Java Garut dalam sebuah komposisi yang menceritakan kekayaan dataran Nusantara. Diproses dengan metode Wine dan Honey, menghadirkan nuansa dark espresso, honey, molasses yang bersih namun penuh kedalaman. Untuk para pelaut dalam diri kita — yang selalu menemukan jalan pulang.",Thick,Papua Wamena (Dark / Wine): 550g (55%) | Mandheling (Medium / Honey): 300g (30%) | Java Garut (Dark / Washed): 150g (15%) | total: 1000g,Cocok untuk Cold Brew
S-SUM-152,Summer,The Open Horizon,Ketika laut dan langit melebur — dan setiap tegukan terasa seperti angin pertama.,Seasonal Blend,Timor Transit,The Open Horizon · Seasonal collection,Dampit Malang Dark Natural 55% | Bali Ulian Medium Anaerobic 30% | Sembalun Rinjani Light Natural 15%,Medium,"Ketika layar dibentangkan dan cakrawala terbuka lebar, blend ini mempertemukan biji-biji dari Dampit Malang serta Bali Ulian serta Sembalun Rinjani dalam sebuah komposisi yang menceritakan kekayaan dataran Nusantara. Diproses dengan metode Natural dan Anaerobic, menghadirkan nuansa charcoal, blueberry, watermelon yang bersih namun penuh kedalaman. Blend yang merayakan keberanian membuka cakrawala baru, satu tegukan sekaligus.",Smooth,Dampit Malang (Dark / Natural): 550g (55%) | Bali Ulian (Medium / Anaerobic): 300g (30%) | Sembalun Rinjani (Light / Natural): 150g (15%) | total: 1000g,Versatile for Espresso & Filter
S-SUM-153,Summer,The Open Horizon,Ketika laut dan langit melebur — dan setiap tegukan terasa seperti angin pertama.,Seasonal Blend,Bali Fleet,The Open Horizon · Seasonal collection,Java Preanger Light Honey 60% | Lampung Robusta Premium Light Natural 25% | Papua Dogiyai Light Wine 15%,Light,"Dari pelabuhan tua yang menyimpan ribuan cerita, blend ini mempertemukan biji-biji dari Java Preanger serta Lampung Robusta Premium serta Papua Dogiyai dalam sebuah komposisi yang menceritakan kekayaan dataran Nusantara. Diproses dengan metode Honey dan Natural, menghadirkan nuansa plum, blackcurrant, wine yang bersih namun penuh kedalaman. Diciptakan dari spirit jalur dagang yang mengalirkan kekayaan rasa lintas samudera.",Silky,Java Preanger (Light / Honey): 600g (60%) | Lampung Robusta Premium (Light / Natural): 250g (25%) | Papua Dogiyai (Light / Wine): 150g (15%) | total: 1000g,Best for V60
S-SUM-154,Summer,The Open Horizon,Ketika laut dan langit melebur — dan setiap tegukan terasa seperti angin pertama.,Seasonal Blend,Riau Charter,The Open Horizon · Seasonal collection,Papua Dogiyai Light SemiWashed 55% | Java Garut Medium Washed 30% | Gunung Halu Light Anaerobic 15%,Light,"Seperti kapal yang menemukan teluknya setelah berbulan berlayar, blend ini mempertemukan biji-biji dari Papua Dogiyai serta Java Garut serta Gunung Halu dalam sebuah komposisi yang menceritakan kekayaan dataran Nusantara. Diproses dengan metode SemiWashed dan Washed, menghadirkan nuansa raspberry, hazelnut, light caramel yang bersih namun penuh kedalaman. Sebuah persembahan kepada rute-rute yang telah menghubungkan Nusantara selama berabad-abad.",Light Body,Papua Dogiyai (Light / SemiWashed): 550g (55%) | Java Garut (Medium / Washed): 300g (30%) | Gunung Halu (Light / Anaerobic): 150g (15%) | total: 1000g,Ideal for Chemex
S-SUM-155,Summer,The Open Horizon,Ketika laut dan langit melebur — dan setiap tegukan terasa seperti angin pertama.,Seasonal Blend,Banten Approach,The Open Horizon · Seasonal collection,Toraja Kalosi Light Washed 55% | Java Ciwidey Dark Honey 30% | Java Puntang Light SemiWashed 15%,Light,"Ketika layar dibentangkan dan cakrawala terbuka lebar, blend ini mempertemukan biji-biji dari Toraja Kalosi serta Java Ciwidey serta Java Puntang dalam sebuah komposisi yang menceritakan kekayaan dataran Nusantara. Diproses dengan metode Washed dan Honey, menghadirkan nuansa lemon zest, papaya, citrus yang bersih namun penuh kedalaman. Blend yang merayakan keberanian membuka cakrawala baru, satu tegukan sekaligus.",Light Body,Toraja Kalosi (Light / Washed): 550g (55%) | Java Ciwidey (Dark / Honey): 300g (30%) | Java Puntang (Light / SemiWashed): 150g (15%) | total: 1000g,Cocok untuk AeroPress
S-SUM-156,Summer,The Open Horizon,Ketika laut dan langit melebur — dan setiap tegukan terasa seperti angin pertama.,Seasonal Blend,Aceh Wake,The Open Horizon · Seasonal collection,Java Preanger Dark Natural 50% | Toraja Sapan Light SemiWashed 50%,Medium,"Terinspirasi dari rute dagang yang telah melintasi generasi, blend ini mempertemukan biji-biji dari Java Preanger serta Toraja Sapan dalam sebuah komposisi yang menceritakan kekayaan dataran Nusantara. Diproses dengan metode Natural dan SemiWashed, menghadirkan nuansa dark berry, charcoal, light caramel yang bersih namun penuh kedalaman. Blend yang merayakan keberanian membuka cakrawala baru, satu tegukan sekaligus.",Smooth,Java Preanger (Dark / Natural): 500g (50%) | Toraja Sapan (Light / SemiWashed): 500g (50%) | total: 1000g,Best for Moka Pot
S-SUM-157,Summer,The Open Horizon,Ketika laut dan langit melebur — dan setiap tegukan terasa seperti angin pertama.,Seasonal Blend,Demak Heading,The Open Horizon · Seasonal collection,Kerinci Kayu Aro Medium SemiWashed 45% | Java Ciwidey Dark Honey 35% | Java Temanggung Light Wine 20%,Medium,"Seperti kapal yang menemukan teluknya setelah berbulan berlayar, blend ini mempertemukan biji-biji dari Kerinci Kayu Aro serta Java Ciwidey serta Java Temanggung dalam sebuah komposisi yang menceritakan kekayaan dataran Nusantara. Diproses dengan metode SemiWashed dan Honey, menghadirkan nuansa smoked almond, burnt caramel, grape must yang bersih namun penuh kedalaman. Sebuah persembahan kepada rute-rute yang telah menghubungkan Nusantara selama berabad-abad.",Smooth,Kerinci Kayu Aro (Medium / SemiWashed): 450g (45%) | Java Ciwidey (Dark / Honey): 350g (35%) | Java Temanggung (Light / Wine): 200g (20%) | total: 1000g,Cocok untuk French Press & Espresso
S-SUM-158,Summer,The Open Horizon,Ketika laut dan langit melebur — dan setiap tegukan terasa seperti angin pertama.,Seasonal Blend,Lombok Portside,The Open Horizon · Seasonal collection,Kerinci Kayu Aro Dark Natural 45% | Sembalun Rinjani Dark Anaerobic 35% | Toraja Sapan Light Wine 20%,Dark,"Seperti kapal yang menemukan teluknya setelah berbulan berlayar, blend ini mempertemukan biji-biji dari Kerinci Kayu Aro serta Sembalun Rinjani serta Toraja Sapan dalam sebuah komposisi yang menceritakan kekayaan dataran Nusantara. Diproses dengan metode Natural dan Anaerobic, menghadirkan nuansa dark rum, charcoal, grape must yang bersih namun penuh kedalaman. Blend yang merayakan keberanian membuka cakrawala baru, satu tegukan sekaligus.",Syrupy,Kerinci Kayu Aro (Dark / Natural): 450g (45%) | Sembalun Rinjani (Dark / Anaerobic): 350g (35%) | Toraja Sapan (Light / Wine): 200g (20%) | total: 1000g,Cocok untuk Cold Brew
S-SUM-159,Summer,The Open Horizon,Ketika laut dan langit melebur — dan setiap tegukan terasa seperti angin pertama.,Seasonal Blend,Kupang Channel,The Open Horizon · Seasonal collection,Temanggung Dark Honey 40% | Lintong Onan Light WetHulled 35% | Solok Radjo Dark Honey 25%,Medium,"Seperti angin laut yang pertama kali menyentuh dek, blend ini mempertemukan biji-biji dari Temanggung serta Lintong Onan serta Solok Radjo dalam sebuah komposisi yang menceritakan kekayaan dataran Nusantara. Diproses dengan metode Honey dan WetHulled, menghadirkan nuansa burnt caramel, dark sugar, smoked almond yang bersih namun penuh kedalaman. Sebuah persembahan kepada rute-rute yang telah menghubungkan Nusantara selama berabad-abad.",Smooth,Temanggung (Dark / Honey): 400g (40%) | Lintong Onan (Light / WetHulled): 350g (35%) | Solok Radjo (Dark / Honey): 250g (25%) | total: 1000g,Cocok untuk French Press & Espresso
S-SUM-160,Summer,The Open Horizon,Ketika laut dan langit melebur — dan setiap tegukan terasa seperti angin pertama.,Seasonal Blend,Tidore Channel,The Open Horizon · Seasonal collection,Java Ijen Raung Dark WetHulled 50% | Lampung Robusta Premium Medium Natural 25% | Flores Manggarai Medium Honey 25%,Dark,"Di mana muara sungai berjumpa dengan lautan terbuka, blend ini mempertemukan biji-biji dari Java Ijen Raung serta Lampung Robusta Premium serta Flores Manggarai dalam sebuah komposisi yang menceritakan kekayaan dataran Nusantara. Diproses dengan metode WetHulled dan Natural, menghadirkan nuansa dark tobacco, honey, dried fig yang bersih namun penuh kedalaman. Untuk para pelaut dalam diri kita — yang selalu menemukan jalan pulang.",Bold,Java Ijen Raung (Dark / WetHulled): 500g (50%) | Lampung Robusta Premium (Medium / Natural): 250g (25%) | Flores Manggarai (Medium / Honey): 250g (25%) | total: 1000g,Cocok untuk Cold Brew
S-SUM-161,Summer,The Open Horizon,Ketika laut dan langit melebur — dan setiap tegukan terasa seperti angin pertama.,Seasonal Blend,Malacca Bearing,The Open Horizon · Seasonal collection,Java Ijen Raung Light Wine 65% | Dampit Malang Medium Natural 35%,Light,"Terinspirasi dari rute dagang yang telah melintasi generasi, blend ini mempertemukan biji-biji dari Java Ijen Raung serta Dampit Malang dalam sebuah komposisi yang menceritakan kekayaan dataran Nusantara. Diproses dengan metode Wine dan Natural, menghadirkan nuansa prune, dark chocolate, dried fig yang bersih namun penuh kedalaman. Sebuah persembahan kepada rute-rute yang telah menghubungkan Nusantara selama berabad-abad.",Delicate,Java Ijen Raung (Light / Wine): 650g (65%) | Dampit Malang (Medium / Natural): 350g (35%) | total: 1000g,Best for V60
S-SUM-162,Summer,The Open Horizon,Ketika laut dan langit melebur — dan setiap tegukan terasa seperti angin pertama.,Seasonal Blend,Palembang Course,The Open Horizon · Seasonal collection,Bali Ulian Dark Natural 45% | Gunung Halu Light WetHulled 55%,Medium,"Di mana muara sungai berjumpa dengan lautan terbuka, blend ini mempertemukan biji-biji dari Bali Ulian serta Gunung Halu dalam sebuah komposisi yang menceritakan kekayaan dataran Nusantara. Diproses dengan metode Natural dan WetHulled, menghadirkan nuansa dark berry, tar, lime yang bersih namun penuh kedalaman. Blend yang merayakan keberanian membuka cakrawala baru, satu tegukan sekaligus.",Velvety,Bali Ulian (Dark / Natural): 450g (45%) | Gunung Halu (Light / WetHulled): 550g (55%) | total: 1000g,Cocok untuk French Press & Espresso
S-SUM-163,Summer,The Open Horizon,Ketika laut dan langit melebur — dan setiap tegukan terasa seperti angin pertama.,Seasonal Blend,Balikpapan Meridian,The Open Horizon · Seasonal collection,Java Puntang Light Wine 60% | Gunung Halu Medium Washed 25% | Java Manglayang Light SemiWashed 15%,Light,"Terinspirasi dari rute dagang yang telah melintasi generasi, blend ini mempertemukan biji-biji dari Java Puntang serta Gunung Halu serta Java Manglayang dalam sebuah komposisi yang menceritakan kekayaan dataran Nusantara. Diproses dengan metode Wine dan Washed, menghadirkan nuansa hazelnut, mandarin, wine yang bersih namun penuh kedalaman. Sebuah persembahan kepada rute-rute yang telah menghubungkan Nusantara selama berabad-abad.",Clean,Java Puntang (Light / Wine): 600g (60%) | Gunung Halu (Medium / Washed): 250g (25%) | Java Manglayang (Light / SemiWashed): 150g (15%) | total: 1000g,Best for V60
S-SUM-164,Summer,The Open Horizon,Ketika laut dan langit melebur — dan setiap tegukan terasa seperti angin pertama.,Seasonal Blend,Sunda Anchorage,The Open Horizon · Seasonal collection,Sembalun Rinjani Dark Honey 60% | Java Ciwidey Medium Wine 40%,Dark,"Ketika layar dibentangkan dan cakrawala terbuka lebar, blend ini mempertemukan biji-biji dari Sembalun Rinjani serta Java Ciwidey dalam sebuah komposisi yang menceritakan kekayaan dataran Nusantara. Diproses dengan metode Honey dan Wine, menghadirkan nuansa burnt caramel, dark sugar, balsamic yang bersih namun penuh kedalaman. Blend yang merayakan keberanian membuka cakrawala baru, satu tegukan sekaligus.",Bold,Sembalun Rinjani (Dark / Honey): 600g (60%) | Java Ciwidey (Medium / Wine): 400g (40%) | total: 1000g,Best for Espresso
S-SUM-165,Summer,The Open Horizon,Ketika laut dan langit melebur — dan setiap tegukan terasa seperti angin pertama.,Seasonal Blend,Ambon Berth,The Open Horizon · Seasonal collection,Lampung Robusta Premium Light Anaerobic 60% | Bukit Barisan Medium Natural 25% | Papua Wamena Light Washed 15%,Light,"Ketika layar dibentangkan dan cakrawala terbuka lebar, blend ini mempertemukan biji-biji dari Lampung Robusta Premium serta Bukit Barisan serta Papua Wamena dalam sebuah komposisi yang menceritakan kekayaan dataran Nusantara. Diproses dengan metode Anaerobic dan Natural, menghadirkan nuansa prune, jasmine, citrus yang bersih namun penuh kedalaman. Untuk para pelaut dalam diri kita — yang selalu menemukan jalan pulang.",Clean,Lampung Robusta Premium (Light / Anaerobic): 600g (60%) | Bukit Barisan (Medium / Natural): 250g (25%) | Papua Wamena (Light / Washed): 150g (15%) | total: 1000g,Pour Over Recommended
S-SUM-166,Summer,The Open Horizon,Ketika laut dan langit melebur — dan setiap tegukan terasa seperti angin pertama.,Seasonal Blend,Tuban Swell,The Open Horizon · Seasonal collection,Bali Kintamani Medium Anaerobic 50% | Gunung Halu Dark WetHulled 30% | Temanggung Light Anaerobic 20%,Medium,"Ketika layar dibentangkan dan cakrawala terbuka lebar, blend ini mempertemukan biji-biji dari Bali Kintamani serta Gunung Halu serta Temanggung dalam sebuah komposisi yang menceritakan kekayaan dataran Nusantara. Diproses dengan metode Anaerobic dan WetHulled, menghadirkan nuansa intense earth, tropical punch, bark yang bersih namun penuh kedalaman. Sebuah persembahan kepada rute-rute yang telah menghubungkan Nusantara selama berabad-abad.",Medium Body,Bali Kintamani (Medium / Anaerobic): 500g (50%) | Gunung Halu (Dark / WetHulled): 300g (30%) | Temanggung (Light / Anaerobic): 200g (20%) | total: 1000g,Cocok untuk French Press & Espresso
S-SUM-167,Summer,The Open Horizon,Ketika laut dan langit melebur — dan setiap tegukan terasa seperti angin pertama.,Seasonal Blend,Balikpapan Charter,The Open Horizon · Seasonal collection,Bengkulu Dark Washed 50% | Papua Dogiyai Light Anaerobic 30% | Bengkulu Medium Wine 20%,Medium,"Seperti angin laut yang pertama kali menyentuh dek, blend ini mempertemukan biji-biji dari Bengkulu serta Papua Dogiyai serta Bengkulu dalam sebuah komposisi yang menceritakan kekayaan dataran Nusantara. Diproses dengan metode Washed dan Anaerobic, menghadirkan nuansa lychee, rum raisin, bitter chocolate yang bersih namun penuh kedalaman. Diciptakan dari spirit jalur dagang yang mengalirkan kekayaan rasa lintas samudera.",Smooth,Bengkulu (Dark / Washed): 500g (50%) | Papua Dogiyai (Light / Anaerobic): 300g (30%) | Bengkulu (Medium / Wine): 200g (20%) | total: 1000g,Versatile for Espresso & Filter
S-SUM-168,Summer,The Open Horizon,Ketika laut dan langit melebur — dan setiap tegukan terasa seperti angin pertama.,Seasonal Blend,Flores Course,The Open Horizon · Seasonal collection,Arjuno Medium WetHulled 40% | Bali Kintamani Light SemiWashed 60%,Light,"Seperti kapal yang menemukan teluknya setelah berbulan berlayar, blend ini mempertemukan biji-biji dari Arjuno serta Bali Kintamani dalam sebuah komposisi yang menceritakan kekayaan dataran Nusantara. Diproses dengan metode WetHulled dan SemiWashed, menghadirkan nuansa oolong tea, spice, tobacco yang bersih namun penuh kedalaman. Diciptakan dari spirit jalur dagang yang mengalirkan kekayaan rasa lintas samudera.",Light Body,Arjuno (Medium / WetHulled): 400g (40%) | Bali Kintamani (Light / SemiWashed): 600g (60%) | total: 1000g,Pour Over Recommended
S-SUM-169,Summer,The Open Horizon,Ketika laut dan langit melebur — dan setiap tegukan terasa seperti angin pertama.,Seasonal Blend,Banda Expedition,The Open Horizon · Seasonal collection,Bali Kintamani Light Honey 60% | Flores Manggarai Dark Natural 40%,Medium,"Ketika layar dibentangkan dan cakrawala terbuka lebar, blend ini mempertemukan biji-biji dari Bali Kintamani serta Flores Manggarai dalam sebuah komposisi yang menceritakan kekayaan dataran Nusantara. Diproses dengan metode Honey dan Natural, menghadirkan nuansa floral, nectarine, charcoal yang bersih namun penuh kedalaman. Sebuah persembahan kepada rute-rute yang telah menghubungkan Nusantara selama berabad-abad.",Balanced,Bali Kintamani (Light / Honey): 600g (60%) | Flores Manggarai (Dark / Natural): 400g (40%) | total: 1000g,Cocok untuk French Press & Espresso
S-SUM-170,Summer,The Open Horizon,Ketika laut dan langit melebur — dan setiap tegukan terasa seperti angin pertama.,Seasonal Blend,Ambon Manifest,The Open Horizon · Seasonal collection,Mandheling Light Washed 50% | Flores Manggarai Medium Natural 50%,Light,"Terinspirasi dari rute dagang yang telah melintasi generasi, blend ini mempertemukan biji-biji dari Mandheling serta Flores Manggarai dalam sebuah komposisi yang menceritakan kekayaan dataran Nusantara. Diproses dengan metode Washed dan Natural, menghadirkan nuansa molasses, prune, berry jam yang bersih namun penuh kedalaman. Sebuah persembahan kepada rute-rute yang telah menghubungkan Nusantara selama berabad-abad.",Clean,Mandheling (Light / Washed): 500g (50%) | Flores Manggarai (Medium / Natural): 500g (50%) | total: 1000g,Cocok untuk AeroPress
S-SUM-171,Summer,The Open Horizon,Ketika laut dan langit melebur — dan setiap tegukan terasa seperti angin pertama.,Seasonal Blend,Manado Crossing,The Open Horizon · Seasonal collection,Dampit Malang Light SemiWashed 55% | Papua Wamena Medium Wine 45%,Light,"Dari pelabuhan tua yang menyimpan ribuan cerita, blend ini mempertemukan biji-biji dari Dampit Malang serta Papua Wamena dalam sebuah komposisi yang menceritakan kekayaan dataran Nusantara. Diproses dengan metode SemiWashed dan Wine, menghadirkan nuansa light caramel, dark plum, port wine yang bersih namun penuh kedalaman. Blend yang merayakan keberanian membuka cakrawala baru, satu tegukan sekaligus.",Tea-like,Dampit Malang (Light / SemiWashed): 550g (55%) | Papua Wamena (Medium / Wine): 450g (45%) | total: 1000g,Pour Over Recommended
S-SUM-172,Summer,The Open Horizon,Ketika laut dan langit melebur — dan setiap tegukan terasa seperti angin pertama.,Seasonal Blend,Banda Voyage,The Open Horizon · Seasonal collection,Bengkulu Light Washed 45% | Java Preanger Medium Anaerobic 55%,Light,"Seperti kapal yang menemukan teluknya setelah berbulan berlayar, blend ini mempertemukan biji-biji dari Bengkulu serta Java Preanger dalam sebuah komposisi yang menceritakan kekayaan dataran Nusantara. Diproses dengan metode Washed dan Anaerobic, menghadirkan nuansa citrus, cacao nib, tropical punch yang bersih namun penuh kedalaman. Diciptakan dari spirit jalur dagang yang mengalirkan kekayaan rasa lintas samudera.",Delicate,Bengkulu (Light / Washed): 450g (45%) | Java Preanger (Medium / Anaerobic): 550g (55%) | total: 1000g,Ideal for Chemex
S-SUM-173,Summer,The Open Horizon,Ketika laut dan langit melebur — dan setiap tegukan terasa seperti angin pertama.,Seasonal Blend,Molucca Trade Wind,The Open Horizon · Seasonal collection,Java Puntang Light Washed 60% | Java Garut Medium Natural 40%,Light,"Di mana muara sungai berjumpa dengan lautan terbuka, blend ini mempertemukan biji-biji dari Java Puntang serta Java Garut dalam sebuah komposisi yang menceritakan kekayaan dataran Nusantara. Diproses dengan metode Washed dan Natural, menghadirkan nuansa jasmine, dried fig, berry jam yang bersih namun penuh kedalaman. Sebuah persembahan kepada rute-rute yang telah menghubungkan Nusantara selama berabad-abad.",Delicate,Java Puntang (Light / Washed): 600g (60%) | Java Garut (Medium / Natural): 400g (40%) | total: 1000g,Ideal for Chemex
S-SUM-174,Summer,The Open Horizon,Ketika laut dan langit melebur — dan setiap tegukan terasa seperti angin pertama.,Seasonal Blend,Padang Channel,The Open Horizon · Seasonal collection,Bukit Barisan Dark Honey 50% | Flores Bajawa Dark Washed 25% | Toraja Kalosi Dark WetHulled 25%,Dark,"Di mana muara sungai berjumpa dengan lautan terbuka, blend ini mempertemukan biji-biji dari Bukit Barisan serta Flores Bajawa serta Toraja Kalosi dalam sebuah komposisi yang menceritakan kekayaan dataran Nusantara. Diproses dengan metode Honey dan Washed, menghadirkan nuansa dark sugar, bark, burnt caramel yang bersih namun penuh kedalaman. Untuk para pelaut dalam diri kita — yang selalu menemukan jalan pulang.",Heavy Body,Bukit Barisan (Dark / Honey): 500g (50%) | Flores Bajawa (Dark / Washed): 250g (25%) | Toraja Kalosi (Dark / WetHulled): 250g (25%) | total: 1000g,Best for Espresso
S-SUM-175,Summer,The Open Horizon,Ketika laut dan langit melebur — dan setiap tegukan terasa seperti angin pertama.,Seasonal Blend,Demak Meridian,The Open Horizon · Seasonal collection,Wanoja Kamojang Dark SemiWashed 45% | Wanoja Kamojang Medium Wine 35% | Java Preanger Medium Wine 20%,Medium,"Terinspirasi dari rute dagang yang telah melintasi generasi, blend ini mempertemukan biji-biji dari Wanoja Kamojang serta Wanoja Kamojang serta Java Preanger dalam sebuah komposisi yang menceritakan kekayaan dataran Nusantara. Diproses dengan metode SemiWashed dan Wine, menghadirkan nuansa intense spice, dark plum, walnut yang bersih namun penuh kedalaman. Diciptakan dari spirit jalur dagang yang mengalirkan kekayaan rasa lintas samudera.",Balanced,Wanoja Kamojang (Dark / SemiWashed): 450g (45%) | Wanoja Kamojang (Medium / Wine): 350g (35%) | Java Preanger (Medium / Wine): 200g (20%) | total: 1000g,Best for Moka Pot
S-SUM-176,Summer,The Open Horizon,Ketika laut dan langit melebur — dan setiap tegukan terasa seperti angin pertama.,Seasonal Blend,Lombok Trade Wind,The Open Horizon · Seasonal collection,Wanoja Kamojang Dark Anaerobic 55% | Bali Ulian Light Honey 45%,Medium,"Di mana muara sungai berjumpa dengan lautan terbuka, blend ini mempertemukan biji-biji dari Wanoja Kamojang serta Bali Ulian dalam sebuah komposisi yang menceritakan kekayaan dataran Nusantara. Diproses dengan metode Anaerobic dan Honey, menghadirkan nuansa apricot, nectarine, pear yang bersih namun penuh kedalaman. Diciptakan dari spirit jalur dagang yang mengalirkan kekayaan rasa lintas samudera.",Round,Wanoja Kamojang (Dark / Anaerobic): 550g (55%) | Bali Ulian (Light / Honey): 450g (45%) | total: 1000g,Cocok untuk French Press & Espresso
S-SUM-177,Summer,The Open Horizon,Ketika laut dan langit melebur — dan setiap tegukan terasa seperti angin pertama.,Seasonal Blend,Flores Charter,The Open Horizon · Seasonal collection,Java Preanger Light Honey 40% | Java Ciwidey Dark SemiWashed 60%,Medium,"Di mana muara sungai berjumpa dengan lautan terbuka, blend ini mempertemukan biji-biji dari Java Preanger serta Java Ciwidey dalam sebuah komposisi yang menceritakan kekayaan dataran Nusantara. Diproses dengan metode Honey dan SemiWashed, menghadirkan nuansa intense spice, white grape, nectarine yang bersih namun penuh kedalaman. Untuk para pelaut dalam diri kita — yang selalu menemukan jalan pulang.",Smooth,Java Preanger (Light / Honey): 400g (40%) | Java Ciwidey (Dark / SemiWashed): 600g (60%) | total: 1000g,Versatile for Espresso & Filter
S-SUM-178,Summer,The Open Horizon,Ketika laut dan langit melebur — dan setiap tegukan terasa seperti angin pertama.,Seasonal Blend,Sunda Course,The Open Horizon · Seasonal collection,Mandheling Medium SemiWashed 50% | Bali Ulian Dark SemiWashed 25% | Semeru Light SemiWashed 25%,Medium,"Dari pelabuhan tua yang menyimpan ribuan cerita, blend ini mempertemukan biji-biji dari Mandheling serta Bali Ulian serta Semeru dalam sebuah komposisi yang menceritakan kekayaan dataran Nusantara. Diproses dengan metode SemiWashed, menghadirkan nuansa intense spice, vanilla, light caramel yang bersih namun penuh kedalaman. Blend yang merayakan keberanian membuka cakrawala baru, satu tegukan sekaligus.",Medium Body,Mandheling (Medium / SemiWashed): 500g (50%) | Bali Ulian (Dark / SemiWashed): 250g (25%) | Semeru (Light / SemiWashed): 250g (25%) | total: 1000g,Best for Moka Pot
S-SUM-179,Summer,The Open Horizon,Ketika laut dan langit melebur — dan setiap tegukan terasa seperti angin pertama.,Seasonal Blend,Sulawesi Passage,The Open Horizon · Seasonal collection,Kerinci Kayu Aro Dark WetHulled 55% | Dampit Malang Medium WetHulled 45%,Dark,"Seperti angin laut yang pertama kali menyentuh dek, blend ini mempertemukan biji-biji dari Kerinci Kayu Aro serta Dampit Malang dalam sebuah komposisi yang menceritakan kekayaan dataran Nusantara. Diproses dengan metode WetHulled, menghadirkan nuansa mushroom, tobacco, bark yang bersih namun penuh kedalaman. Sebuah persembahan kepada rute-rute yang telah menghubungkan Nusantara selama berabad-abad.",Full Body,Kerinci Kayu Aro (Dark / WetHulled): 550g (55%) | Dampit Malang (Medium / WetHulled): 450g (45%) | total: 1000g,Ideal untuk Ristretto
S-SUM-180,Summer,The Open Horizon,Ketika laut dan langit melebur — dan setiap tegukan terasa seperti angin pertama.,Seasonal Blend,Riau Swell,The Open Horizon · Seasonal collection,Flores Manggarai Light SemiWashed 60% | Lintong Onan Dark Honey 25% | Arjuno Medium SemiWashed 15%,Light,"Seperti angin laut yang pertama kali menyentuh dek, blend ini mempertemukan biji-biji dari Flores Manggarai serta Lintong Onan serta Arjuno dalam sebuah komposisi yang menceritakan kekayaan dataran Nusantara. Diproses dengan metode SemiWashed dan Honey, menghadirkan nuansa vanilla, dark sugar, apricot jam yang bersih namun penuh kedalaman. Blend yang merayakan keberanian membuka cakrawala baru, satu tegukan sekaligus.",Tea-like,Flores Manggarai (Light / SemiWashed): 600g (60%) | Lintong Onan (Dark / Honey): 250g (25%) | Arjuno (Medium / SemiWashed): 150g (15%) | total: 1000g,Ideal for Chemex
S-SUM-181,Summer,The Open Horizon,Ketika laut dan langit melebur — dan setiap tegukan terasa seperti angin pertama.,Seasonal Blend,Java Portside,The Open Horizon · Seasonal collection,Sidikalang Light SemiWashed 60% | Wanoja Kamojang Dark WetHulled 25% | Kerinci Kayu Aro Dark Natural 15%,Medium,"Ketika layar dibentangkan dan cakrawala terbuka lebar, blend ini mempertemukan biji-biji dari Sidikalang serta Wanoja Kamojang serta Kerinci Kayu Aro dalam sebuah komposisi yang menceritakan kekayaan dataran Nusantara. Diproses dengan metode SemiWashed dan WetHulled, menghadirkan nuansa light caramel, intense earth, papaya yang bersih namun penuh kedalaman. Sebuah persembahan kepada rute-rute yang telah menghubungkan Nusantara selama berabad-abad.",Medium Body,Sidikalang (Light / SemiWashed): 600g (60%) | Wanoja Kamojang (Dark / WetHulled): 250g (25%) | Kerinci Kayu Aro (Dark / Natural): 150g (15%) | total: 1000g,Best for Moka Pot
S-SUM-182,Summer,The Open Horizon,Ketika laut dan langit melebur — dan setiap tegukan terasa seperti angin pertama.,Seasonal Blend,Padang Approach,The Open Horizon · Seasonal collection,Bukit Barisan Dark WetHulled 55% | Lampung Robusta Premium Medium Washed 45%,Dark,"Ketika layar dibentangkan dan cakrawala terbuka lebar, blend ini mempertemukan biji-biji dari Bukit Barisan serta Lampung Robusta Premium dalam sebuah komposisi yang menceritakan kekayaan dataran Nusantara. Diproses dengan metode WetHulled dan Washed, menghadirkan nuansa hazelnut, brown sugar, milk chocolate yang bersih namun penuh kedalaman. Sebuah persembahan kepada rute-rute yang telah menghubungkan Nusantara selama berabad-abad.",Thick,Bukit Barisan (Dark / WetHulled): 550g (55%) | Lampung Robusta Premium (Medium / Washed): 450g (45%) | total: 1000g,Best for Batch Brew
S-SUM-183,Summer,The Open Horizon,Ketika laut dan langit melebur — dan setiap tegukan terasa seperti angin pertama.,Seasonal Blend,Gresik Trade Wind,The Open Horizon · Seasonal collection,Flores Manggarai Light Anaerobic 60% | Sembalun Rinjani Medium WetHulled 40%,Light,"Ketika layar dibentangkan dan cakrawala terbuka lebar, blend ini mempertemukan biji-biji dari Flores Manggarai serta Sembalun Rinjani dalam sebuah komposisi yang menceritakan kekayaan dataran Nusantara. Diproses dengan metode Anaerobic dan WetHulled, menghadirkan nuansa rum raisin, leather, woody yang bersih namun penuh kedalaman. Untuk para pelaut dalam diri kita — yang selalu menemukan jalan pulang.",Clean,Flores Manggarai (Light / Anaerobic): 600g (60%) | Sembalun Rinjani (Medium / WetHulled): 400g (40%) | total: 1000g,Cocok untuk AeroPress
S-SUM-184,Summer,The Open Horizon,Ketika laut dan langit melebur — dan setiap tegukan terasa seperti angin pertama.,Seasonal Blend,Kupang Crossing,The Open Horizon · Seasonal collection,Gunung Halu Medium Wine 55% | Sembalun Rinjani Dark WetHulled 45%,Medium,"Dari pelabuhan tua yang menyimpan ribuan cerita, blend ini mempertemukan biji-biji dari Gunung Halu serta Sembalun Rinjani dalam sebuah komposisi yang menceritakan kekayaan dataran Nusantara. Diproses dengan metode Wine dan WetHulled, menghadirkan nuansa espresso, dark tobacco, clove yang bersih namun penuh kedalaman. Untuk para pelaut dalam diri kita — yang selalu menemukan jalan pulang.",Balanced,Gunung Halu (Medium / Wine): 550g (55%) | Sembalun Rinjani (Dark / WetHulled): 450g (45%) | total: 1000g,Versatile for Espresso & Filter
S-SUM-185,Summer,The Open Horizon,Ketika laut dan langit melebur — dan setiap tegukan terasa seperti angin pertama.,Seasonal Blend,Lombok Crossing,The Open Horizon · Seasonal collection,Java Garut Dark Anaerobic 40% | Java Sindoro Light WetHulled 35% | Sembalun Rinjani Dark SemiWashed 25%,Medium,"Seperti angin laut yang pertama kali menyentuh dek, blend ini mempertemukan biji-biji dari Java Garut serta Java Sindoro serta Sembalun Rinjani dalam sebuah komposisi yang menceritakan kekayaan dataran Nusantara. Diproses dengan metode Anaerobic dan WetHulled, menghadirkan nuansa dark caramel, cedar, smoke yang bersih namun penuh kedalaman. Diciptakan dari spirit jalur dagang yang mengalirkan kekayaan rasa lintas samudera.",Smooth,Java Garut (Dark / Anaerobic): 400g (40%) | Java Sindoro (Light / WetHulled): 350g (35%) | Sembalun Rinjani (Dark / SemiWashed): 250g (25%) | total: 1000g,Versatile for Espresso & Filter
S-SUM-186,Summer,The Open Horizon,Ketika laut dan langit melebur — dan setiap tegukan terasa seperti angin pertama.,Seasonal Blend,Gresik Wake,The Open Horizon · Seasonal collection,Dampit Malang Light Natural 50% | Java Garut Medium WetHulled 25% | Wanoja Kamojang Light SemiWashed 25%,Light,"Seperti kapal yang menemukan teluknya setelah berbulan berlayar, blend ini mempertemukan biji-biji dari Dampit Malang serta Java Garut serta Wanoja Kamojang dalam sebuah komposisi yang menceritakan kekayaan dataran Nusantara. Diproses dengan metode Natural dan WetHulled, menghadirkan nuansa mandarin, woody, oolong tea yang bersih namun penuh kedalaman. Untuk para pelaut dalam diri kita — yang selalu menemukan jalan pulang.",Delicate,Dampit Malang (Light / Natural): 500g (50%) | Java Garut (Medium / WetHulled): 250g (25%) | Wanoja Kamojang (Light / SemiWashed): 250g (25%) | total: 1000g,Ideal for Chemex
S-SUM-187,Summer,The Open Horizon,Ketika laut dan langit melebur — dan setiap tegukan terasa seperti angin pertama.,Seasonal Blend,Palembang Cargo,The Open Horizon · Seasonal collection,Wanoja Kamojang Light SemiWashed 45% | Aceh Gayo Medium Natural 35% | Toraja Kalosi Light Washed 20%,Light,"Seperti angin laut yang pertama kali menyentuh dek, blend ini mempertemukan biji-biji dari Wanoja Kamojang serta Aceh Gayo serta Toraja Kalosi dalam sebuah komposisi yang menceritakan kekayaan dataran Nusantara. Diproses dengan metode SemiWashed dan Natural, menghadirkan nuansa papaya, prune, dried fig yang bersih namun penuh kedalaman. Sebuah persembahan kepada rute-rute yang telah menghubungkan Nusantara selama berabad-abad.",Silky,Wanoja Kamojang (Light / SemiWashed): 450g (45%) | Aceh Gayo (Medium / Natural): 350g (35%) | Toraja Kalosi (Light / Washed): 200g (20%) | total: 1000g,Ideal for Chemex
S-SUM-188,Summer,The Open Horizon,Ketika laut dan langit melebur — dan setiap tegukan terasa seperti angin pertama.,Seasonal Blend,Flores Berth,The Open Horizon · Seasonal collection,Java Preanger Dark Wine 50% | Papua Wamena Medium SemiWashed 50%,Dark,"Seperti angin laut yang pertama kali menyentuh dek, blend ini mempertemukan biji-biji dari Java Preanger serta Papua Wamena dalam sebuah komposisi yang menceritakan kekayaan dataran Nusantara. Diproses dengan metode Wine dan SemiWashed, menghadirkan nuansa smoked plum, roasted nut, aged wine yang bersih namun penuh kedalaman. Sebuah persembahan kepada rute-rute yang telah menghubungkan Nusantara selama berabad-abad.",Full Body,Java Preanger (Dark / Wine): 500g (50%) | Papua Wamena (Medium / SemiWashed): 500g (50%) | total: 1000g,Ideal untuk Ristretto
S-SUM-189,Summer,The Open Horizon,Ketika laut dan langit melebur — dan setiap tegukan terasa seperti angin pertama.,Seasonal Blend,Pontianak Heading,The Open Horizon · Seasonal collection,Flores Bajawa Dark Anaerobic 45% | Java Sindoro Light Washed 55%,Medium,"Ketika layar dibentangkan dan cakrawala terbuka lebar, blend ini mempertemukan biji-biji dari Flores Bajawa serta Java Sindoro dalam sebuah komposisi yang menceritakan kekayaan dataran Nusantara. Diproses dengan metode Anaerobic dan Washed, menghadirkan nuansa green tea, black cherry, jasmine yang bersih namun penuh kedalaman. Untuk para pelaut dalam diri kita — yang selalu menemukan jalan pulang.",Smooth,Flores Bajawa (Dark / Anaerobic): 450g (45%) | Java Sindoro (Light / Washed): 550g (55%) | total: 1000g,Cocok untuk French Press & Espresso
S-SUM-190,Summer,The Open Horizon,Ketika laut dan langit melebur — dan setiap tegukan terasa seperti angin pertama.,Seasonal Blend,Aceh Swell,The Open Horizon · Seasonal collection,Aceh Gayo Medium WetHulled 60% | Temanggung Light Washed 40%,Light,"Seperti kapal yang menemukan teluknya setelah berbulan berlayar, blend ini mempertemukan biji-biji dari Aceh Gayo serta Temanggung dalam sebuah komposisi yang menceritakan kekayaan dataran Nusantara. Diproses dengan metode WetHulled dan Washed, menghadirkan nuansa mushroom, peach, jasmine yang bersih namun penuh kedalaman. Blend yang merayakan keberanian membuka cakrawala baru, satu tegukan sekaligus.",Tea-like,Aceh Gayo (Medium / WetHulled): 600g (60%) | Temanggung (Light / Washed): 400g (40%) | total: 1000g,Ideal for Chemex
S-SUM-191,Summer,The Open Horizon,Ketika laut dan langit melebur — dan setiap tegukan terasa seperti angin pertama.,Seasonal Blend,Kupang Run,The Open Horizon · Seasonal collection,Dampit Malang Light Wine 60% | Bukit Barisan Dark Wine 25% | Mandheling Light SemiWashed 15%,Light,"Di mana muara sungai berjumpa dengan lautan terbuka, blend ini mempertemukan biji-biji dari Dampit Malang serta Bukit Barisan serta Mandheling dalam sebuah komposisi yang menceritakan kekayaan dataran Nusantara. Diproses dengan metode Wine dan SemiWashed, menghadirkan nuansa wine, light caramel, mandarin yang bersih namun penuh kedalaman. Blend yang merayakan keberanian membuka cakrawala baru, satu tegukan sekaligus.",Delicate,Dampit Malang (Light / Wine): 600g (60%) | Bukit Barisan (Dark / Wine): 250g (25%) | Mandheling (Light / SemiWashed): 150g (15%) | total: 1000g,Pour Over Recommended
S-SUM-192,Summer,The Open Horizon,Ketika laut dan langit melebur — dan setiap tegukan terasa seperti angin pertama.,Seasonal Blend,Molucca Course,The Open Horizon · Seasonal collection,Lintong Onan Dark Washed 70% | Bengkulu Medium Honey 30%,Dark,"Seperti kapal yang menemukan teluknya setelah berbulan berlayar, blend ini mempertemukan biji-biji dari Lintong Onan serta Bengkulu dalam sebuah komposisi yang menceritakan kekayaan dataran Nusantara. Diproses dengan metode Washed dan Honey, menghadirkan nuansa bitter chocolate, macadamia, honey yang bersih namun penuh kedalaman. Untuk para pelaut dalam diri kita — yang selalu menemukan jalan pulang.",Thick,Lintong Onan (Dark / Washed): 700g (70%) | Bengkulu (Medium / Honey): 300g (30%) | total: 1000g,Cocok untuk Cold Brew
S-SUM-193,Summer,The Open Horizon,Ketika laut dan langit melebur — dan setiap tegukan terasa seperti angin pertama.,Seasonal Blend,Tidore Manifest,The Open Horizon · Seasonal collection,Toraja Sapan Dark Honey 70% | Dampit Malang Dark Washed 30%,Dark,"Dari pelabuhan tua yang menyimpan ribuan cerita, blend ini mempertemukan biji-biji dari Toraja Sapan serta Dampit Malang dalam sebuah komposisi yang menceritakan kekayaan dataran Nusantara. Diproses dengan metode Honey dan Washed, menghadirkan nuansa molasses, smoky caramel, burnt caramel yang bersih namun penuh kedalaman. Blend yang merayakan keberanian membuka cakrawala baru, satu tegukan sekaligus.",Syrupy,Toraja Sapan (Dark / Honey): 700g (70%) | Dampit Malang (Dark / Washed): 300g (30%) | total: 1000g,Best for Batch Brew
S-SUM-194,Summer,The Open Horizon,Ketika laut dan langit melebur — dan setiap tegukan terasa seperti angin pertama.,Seasonal Blend,Banda Charter,The Open Horizon · Seasonal collection,Lintong Onan Light Wine 40% | Java Ciwidey Dark Anaerobic 35% | Java Preanger Medium WetHulled 25%,Medium,"Dari pelabuhan tua yang menyimpan ribuan cerita, blend ini mempertemukan biji-biji dari Lintong Onan serta Java Ciwidey serta Java Preanger dalam sebuah komposisi yang menceritakan kekayaan dataran Nusantara. Diproses dengan metode Wine dan Anaerobic, menghadirkan nuansa fermented cocoa, earthy, tobacco yang bersih namun penuh kedalaman. Untuk para pelaut dalam diri kita — yang selalu menemukan jalan pulang.",Smooth,Lintong Onan (Light / Wine): 400g (40%) | Java Ciwidey (Dark / Anaerobic): 350g (35%) | Java Preanger (Medium / WetHulled): 250g (25%) | total: 1000g,Cocok untuk French Press & Espresso
S-SUM-195,Summer,The Open Horizon,Ketika laut dan langit melebur — dan setiap tegukan terasa seperti angin pertama.,Seasonal Blend,Riau Cargo,The Open Horizon · Seasonal collection,Lampung Robusta Premium Medium WetHulled 45% | Java Garut Medium Anaerobic 55%,Medium,"Terinspirasi dari rute dagang yang telah melintasi generasi, blend ini mempertemukan biji-biji dari Lampung Robusta Premium serta Java Garut dalam sebuah komposisi yang menceritakan kekayaan dataran Nusantara. Diproses dengan metode WetHulled dan Anaerobic, menghadirkan nuansa fermented fruit, woody, tobacco yang bersih namun penuh kedalaman. Untuk para pelaut dalam diri kita — yang selalu menemukan jalan pulang.",Medium Body,Lampung Robusta Premium (Medium / WetHulled): 450g (45%) | Java Garut (Medium / Anaerobic): 550g (55%) | total: 1000g,Best for Moka Pot
S-SUM-196,Summer,The Open Horizon,Ketika laut dan langit melebur — dan setiap tegukan terasa seperti angin pertama.,Seasonal Blend,Ternate Approach,The Open Horizon · Seasonal collection,Toraja Kalosi Light WetHulled 45% | Gunung Halu Dark Honey 55%,Medium,"Ketika layar dibentangkan dan cakrawala terbuka lebar, blend ini mempertemukan biji-biji dari Toraja Kalosi serta Gunung Halu dalam sebuah komposisi yang menceritakan kekayaan dataran Nusantara. Diproses dengan metode WetHulled dan Honey, menghadirkan nuansa green pepper, toffee, cedar yang bersih namun penuh kedalaman. Blend yang merayakan keberanian membuka cakrawala baru, satu tegukan sekaligus.",Velvety,Toraja Kalosi (Light / WetHulled): 450g (45%) | Gunung Halu (Dark / Honey): 550g (55%) | total: 1000g,Best for Moka Pot
S-SUM-197,Summer,The Open Horizon,Ketika laut dan langit melebur — dan setiap tegukan terasa seperti angin pertama.,Seasonal Blend,Java Cargo,The Open Horizon · Seasonal collection,Java Temanggung Medium Wine 50% | Aceh Gayo Dark WetHulled 25% | Dampit Malang Dark WetHulled 25%,Dark,"Seperti kapal yang menemukan teluknya setelah berbulan berlayar, blend ini mempertemukan biji-biji dari Java Temanggung serta Aceh Gayo serta Dampit Malang dalam sebuah komposisi yang menceritakan kekayaan dataran Nusantara. Diproses dengan metode Wine dan WetHulled, menghadirkan nuansa peat, bark, intense earth yang bersih namun penuh kedalaman. Sebuah persembahan kepada rute-rute yang telah menghubungkan Nusantara selama berabad-abad.",Heavy Body,Java Temanggung (Medium / Wine): 500g (50%) | Aceh Gayo (Dark / WetHulled): 250g (25%) | Dampit Malang (Dark / WetHulled): 250g (25%) | total: 1000g,Ideal untuk Ristretto
S-SUM-198,Summer,The Open Horizon,Ketika laut dan langit melebur — dan setiap tegukan terasa seperti angin pertama.,Seasonal Blend,Malacca Channel,The Open Horizon · Seasonal collection,Wanoja Kamojang Medium Honey 65% | Java Ijen Raung Dark SemiWashed 35%,Medium,"Terinspirasi dari rute dagang yang telah melintasi generasi, blend ini mempertemukan biji-biji dari Wanoja Kamojang serta Java Ijen Raung dalam sebuah komposisi yang menceritakan kekayaan dataran Nusantara. Diproses dengan metode Honey dan SemiWashed, menghadirkan nuansa dried apricot, walnut, macadamia yang bersih namun penuh kedalaman. Diciptakan dari spirit jalur dagang yang mengalirkan kekayaan rasa lintas samudera.",Round,Wanoja Kamojang (Medium / Honey): 650g (65%) | Java Ijen Raung (Dark / SemiWashed): 350g (35%) | total: 1000g,Versatile for Espresso & Filter
S-SUM-199,Summer,The Open Horizon,Ketika laut dan langit melebur — dan setiap tegukan terasa seperti angin pertama.,Seasonal Blend,Bali Drift,The Open Horizon · Seasonal collection,Papua Wamena Medium Wine 40% | Java Manglayang Light SemiWashed 60%,Light,"Seperti angin laut yang pertama kali menyentuh dek, blend ini mempertemukan biji-biji dari Papua Wamena serta Java Manglayang dalam sebuah komposisi yang menceritakan kekayaan dataran Nusantara. Diproses dengan metode Wine dan SemiWashed, menghadirkan nuansa roasted grape, espresso, mandarin yang bersih namun penuh kedalaman. Blend yang merayakan keberanian membuka cakrawala baru, satu tegukan sekaligus.",Clean,Papua Wamena (Medium / Wine): 400g (40%) | Java Manglayang (Light / SemiWashed): 600g (60%) | total: 1000g,Best for V60
S-SUM-200,Summer,The Open Horizon,Ketika laut dan langit melebur — dan setiap tegukan terasa seperti angin pertama.,Seasonal Blend,Sulawesi Portside,The Open Horizon · Seasonal collection,Java Sindoro Medium Washed 50% | Java Preanger Light Anaerobic 50%,Light,"Ketika layar dibentangkan dan cakrawala terbuka lebar, blend ini mempertemukan biji-biji dari Java Sindoro serta Java Preanger dalam sebuah komposisi yang menceritakan kekayaan dataran Nusantara. Diproses dengan metode Washed dan Anaerobic, menghadirkan nuansa raspberry, rum raisin, passion fruit yang bersih namun penuh kedalaman. Untuk para pelaut dalam diri kita — yang selalu menemukan jalan pulang.",Tea-like,Java Sindoro (Medium / Washed): 500g (50%) | Java Preanger (Light / Anaerobic): 500g (50%) | total: 1000g,Cocok untuk AeroPress
S-SUM-201,Summer,The Open Horizon,Ketika laut dan langit melebur — dan setiap tegukan terasa seperti angin pertama.,Speciality Blend,Mariner's Captain's Junk,The Open Horizon · Mariner's sub-universe,Papua Dogiyai Light Natural 60% | Kerinci Kayu Aro Light Natural 40%,Light,"Terinspirasi dari rute dagang yang telah melintasi generasi, blend eksklusif ini merajut karakter biji pilihan dari Papua Dogiyai serta Kerinci Kayu Aro menjadi sebuah komposisi yang tak mudah ditemukan. Melalui proses Natural, lahirlah profil rasa strawberry, blueberry, tropical fruit — kompleks, berlapis, dan tak tergesa-gesa mengungkap dirinya. Untuk para pelaut dalam diri kita — yang selalu menemukan jalan pulang.",Light Body,Papua Dogiyai (Light / Natural): 600g (60%) | Kerinci Kayu Aro (Light / Natural): 400g (40%) | total: 1000g,Cocok untuk AeroPress
S-SUM-202,Summer,The Open Horizon,Ketika laut dan langit melebur — dan setiap tegukan terasa seperti angin pertama.,Speciality Blend,Mariner's Elite Pinnace,The Open Horizon · Mariner's sub-universe,Java Ijen Raung Medium Wine 50% | Toraja Kalosi Light Anaerobic 25% | Toraja Kalosi Dark Anaerobic 25%,Medium,"Terinspirasi dari rute dagang yang telah melintasi generasi, blend eksklusif ini merajut karakter biji pilihan dari Java Ijen Raung serta Toraja Kalosi serta Toraja Kalosi menjadi sebuah komposisi yang tak mudah ditemukan. Melalui proses Wine dan Anaerobic, lahirlah profil rasa rum raisin, roasted grape, fermented cocoa — kompleks, berlapis, dan tak tergesa-gesa mengungkap dirinya. Blend yang merayakan keberanian membuka cakrawala baru, satu tegukan sekaligus.",Velvety,Java Ijen Raung (Medium / Wine): 500g (50%) | Toraja Kalosi (Light / Anaerobic): 250g (25%) | Toraja Kalosi (Dark / Anaerobic): 250g (25%) | total: 1000g,Cocok untuk French Press & Espresso
S-SUM-203,Summer,The Open Horizon,Ketika laut dan langit melebur — dan setiap tegukan terasa seperti angin pertama.,Speciality Blend,Mariner's Mythic Bark,The Open Horizon · Mariner's sub-universe,Flores Bajawa Medium Wine 65% | Bali Ulian Light Wine 35%,Light,"Terinspirasi dari rute dagang yang telah melintasi generasi, blend eksklusif ini merajut karakter biji pilihan dari Flores Bajawa serta Bali Ulian menjadi sebuah komposisi yang tak mudah ditemukan. Melalui proses Wine, lahirlah profil rasa dark plum, plum, grape must — kompleks, berlapis, dan tak tergesa-gesa mengungkap dirinya. Blend yang merayakan keberanian membuka cakrawala baru, satu tegukan sekaligus.",Tea-like,Flores Bajawa (Medium / Wine): 650g (65%) | Bali Ulian (Light / Wine): 350g (35%) | total: 1000g,Best for V60
S-SUM-204,Summer,The Open Horizon,Ketika laut dan langit melebur — dan setiap tegukan terasa seperti angin pertama.,Speciality Blend,Mariner's Mythic Dhow,The Open Horizon · Mariner's sub-universe,Toraja Sapan Light Wine 40% | Bali Kintamani Dark Wine 35% | Semeru Light Anaerobic 25%,Medium,"Terinspirasi dari rute dagang yang telah melintasi generasi, blend eksklusif ini merajut karakter biji pilihan dari Toraja Sapan serta Bali Kintamani serta Semeru menjadi sebuah komposisi yang tak mudah ditemukan. Melalui proses Wine dan Anaerobic, lahirlah profil rasa lychee, raspberry, blackcurrant — kompleks, berlapis, dan tak tergesa-gesa mengungkap dirinya. Sebuah persembahan kepada rute-rute yang telah menghubungkan Nusantara selama berabad-abad.",Smooth,Toraja Sapan (Light / Wine): 400g (40%) | Bali Kintamani (Dark / Wine): 350g (35%) | Semeru (Light / Anaerobic): 250g (25%) | total: 1000g,Versatile for Espresso & Filter
S-SUM-205,Summer,The Open Horizon,Ketika laut dan langit melebur — dan setiap tegukan terasa seperti angin pertama.,Speciality Blend,Mariner's Premier Schooner,The Open Horizon · Mariner's sub-universe,Java Puntang Medium Anaerobic 65% | Sidikalang Medium Natural 35%,Medium,"Ketika layar dibentangkan dan cakrawala terbuka lebar, blend eksklusif ini merajut karakter biji pilihan dari Java Puntang serta Sidikalang menjadi sebuah komposisi yang tak mudah ditemukan. Melalui proses Anaerobic dan Natural, lahirlah profil rasa dark chocolate, dried fig, cacao nib — kompleks, berlapis, dan tak tergesa-gesa mengungkap dirinya. Sebuah persembahan kepada rute-rute yang telah menghubungkan Nusantara selama berabad-abad.",Smooth,Java Puntang (Medium / Anaerobic): 650g (65%) | Sidikalang (Medium / Natural): 350g (35%) | total: 1000g,Cocok untuk French Press & Espresso
S-SUM-206,Summer,The Open Horizon,Ketika laut dan langit melebur — dan setiap tegukan terasa seperti angin pertama.,Speciality Blend,Mariner's Grand Brigantine,The Open Horizon · Mariner's sub-universe,Java Sindoro Medium Anaerobic 60% | Gunung Halu Medium Natural 40%,Medium,"Di mana muara sungai berjumpa dengan lautan terbuka, blend eksklusif ini merajut karakter biji pilihan dari Java Sindoro serta Gunung Halu menjadi sebuah komposisi yang tak mudah ditemukan. Melalui proses Anaerobic dan Natural, lahirlah profil rasa tamarind, tropical punch, dark chocolate — kompleks, berlapis, dan tak tergesa-gesa mengungkap dirinya. Sebuah persembahan kepada rute-rute yang telah menghubungkan Nusantara selama berabad-abad.",Smooth,Java Sindoro (Medium / Anaerobic): 600g (60%) | Gunung Halu (Medium / Natural): 400g (40%) | total: 1000g,Cocok untuk French Press & Espresso
S-SUM-207,Summer,The Open Horizon,Ketika laut dan langit melebur — dan setiap tegukan terasa seperti angin pertama.,Speciality Blend,Mariner's Elite Frigate,The Open Horizon · Mariner's sub-universe,Kerinci Kayu Aro Dark Natural 55% | Sidikalang Light Anaerobic 30% | Bukit Barisan Medium Anaerobic 15%,Medium,"Ketika layar dibentangkan dan cakrawala terbuka lebar, blend eksklusif ini merajut karakter biji pilihan dari Kerinci Kayu Aro serta Sidikalang serta Bukit Barisan menjadi sebuah komposisi yang tak mudah ditemukan. Melalui proses Natural dan Anaerobic, lahirlah profil rasa tar, charcoal, cacao nib — kompleks, berlapis, dan tak tergesa-gesa mengungkap dirinya. Untuk para pelaut dalam diri kita — yang selalu menemukan jalan pulang.",Balanced,Kerinci Kayu Aro (Dark / Natural): 550g (55%) | Sidikalang (Light / Anaerobic): 300g (30%) | Bukit Barisan (Medium / Anaerobic): 150g (15%) | total: 1000g,Versatile for Espresso & Filter
S-SUM-208,Summer,The Open Horizon,Ketika laut dan langit melebur — dan setiap tegukan terasa seperti angin pertama.,Speciality Blend,Mariner's Celestial Clipper,The Open Horizon · Mariner's sub-universe,Java Ciwidey Medium Natural 50% | Java Sindoro Dark Anaerobic 50%,Dark,"Dari pelabuhan tua yang menyimpan ribuan cerita, blend eksklusif ini merajut karakter biji pilihan dari Java Ciwidey serta Java Sindoro menjadi sebuah komposisi yang tak mudah ditemukan. Melalui proses Natural dan Anaerobic, lahirlah profil rasa dried fig, fermented cocoa, black cherry — kompleks, berlapis, dan tak tergesa-gesa mengungkap dirinya. Untuk para pelaut dalam diri kita — yang selalu menemukan jalan pulang.",Full Body,Java Ciwidey (Medium / Natural): 500g (50%) | Java Sindoro (Dark / Anaerobic): 500g (50%) | total: 1000g,Ideal untuk Ristretto
S-SUM-209,Summer,The Open Horizon,Ketika laut dan langit melebur — dan setiap tegukan terasa seperti angin pertama.,Speciality Blend,Mariner's Flagship Clipper,The Open Horizon · Mariner's sub-universe,Bali Ulian Dark Wine 60% | Java Preanger Light Wine 25% | Dampit Malang Light Wine 15%,Medium,"Di mana muara sungai berjumpa dengan lautan terbuka, blend eksklusif ini merajut karakter biji pilihan dari Bali Ulian serta Java Preanger serta Dampit Malang menjadi sebuah komposisi yang tak mudah ditemukan. Melalui proses Wine, lahirlah profil rasa grape must, wine, plum — kompleks, berlapis, dan tak tergesa-gesa mengungkap dirinya. Diciptakan dari spirit jalur dagang yang mengalirkan kekayaan rasa lintas samudera.",Balanced,Bali Ulian (Dark / Wine): 600g (60%) | Java Preanger (Light / Wine): 250g (25%) | Dampit Malang (Light / Wine): 150g (15%) | total: 1000g,Versatile for Espresso & Filter
S-SUM-210,Summer,The Open Horizon,Ketika laut dan langit melebur — dan setiap tegukan terasa seperti angin pertama.,Speciality Blend,Mariner's Hallowed Carrack,The Open Horizon · Mariner's sub-universe,Arjuno Medium Wine 50% | Gunung Halu Light Wine 50%,Light,"Di mana muara sungai berjumpa dengan lautan terbuka, blend eksklusif ini merajut karakter biji pilihan dari Arjuno serta Gunung Halu menjadi sebuah komposisi yang tak mudah ditemukan. Melalui proses Wine, lahirlah profil rasa roasted grape, port wine, balsamic — kompleks, berlapis, dan tak tergesa-gesa mengungkap dirinya. Untuk para pelaut dalam diri kita — yang selalu menemukan jalan pulang.",Delicate,Arjuno (Medium / Wine): 500g (50%) | Gunung Halu (Light / Wine): 500g (50%) | total: 1000g,Cocok untuk AeroPress
S-SUM-211,Summer,The Open Horizon,Ketika laut dan langit melebur — dan setiap tegukan terasa seperti angin pertama.,Speciality Blend,Mariner's Hallowed Ketch,The Open Horizon · Mariner's sub-universe,Aceh Gayo Medium Natural 40% | Papua Dogiyai Medium Wine 60%,Medium,"Dari pelabuhan tua yang menyimpan ribuan cerita, blend eksklusif ini merajut karakter biji pilihan dari Aceh Gayo serta Papua Dogiyai menjadi sebuah komposisi yang tak mudah ditemukan. Melalui proses Natural dan Wine, lahirlah profil rasa espresso, dried fig, dark plum — kompleks, berlapis, dan tak tergesa-gesa mengungkap dirinya. Untuk para pelaut dalam diri kita — yang selalu menemukan jalan pulang.",Medium Body,Aceh Gayo (Medium / Natural): 400g (40%) | Papua Dogiyai (Medium / Wine): 600g (60%) | total: 1000g,Cocok untuk French Press & Espresso
S-SUM-212,Summer,The Open Horizon,Ketika laut dan langit melebur — dan setiap tegukan terasa seperti angin pertama.,Speciality Blend,Mariner's Flagship Cutter,The Open Horizon · Mariner's sub-universe,Bukit Barisan Light Wine 40% | Flores Manggarai Light Natural 60%,Light,"Terinspirasi dari rute dagang yang telah melintasi generasi, blend eksklusif ini merajut karakter biji pilihan dari Bukit Barisan serta Flores Manggarai menjadi sebuah komposisi yang tak mudah ditemukan. Melalui proses Wine dan Natural, lahirlah profil rasa plum, strawberry, wine — kompleks, berlapis, dan tak tergesa-gesa mengungkap dirinya. Diciptakan dari spirit jalur dagang yang mengalirkan kekayaan rasa lintas samudera.",Clean,Bukit Barisan (Light / Wine): 400g (40%) | Flores Manggarai (Light / Natural): 600g (60%) | total: 1000g,Ideal for Chemex
S-SUM-213,Summer,The Open Horizon,Ketika laut dan langit melebur — dan setiap tegukan terasa seperti angin pertama.,Speciality Blend,Mariner's Flagship Proa,The Open Horizon · Mariner's sub-universe,Aceh Gayo Medium Anaerobic 70% | Bukit Barisan Dark Natural 30%,Medium,"Di mana muara sungai berjumpa dengan lautan terbuka, blend eksklusif ini merajut karakter biji pilihan dari Aceh Gayo serta Bukit Barisan menjadi sebuah komposisi yang tak mudah ditemukan. Melalui proses Anaerobic dan Natural, lahirlah profil rasa tamarind, espresso, charcoal — kompleks, berlapis, dan tak tergesa-gesa mengungkap dirinya. Untuk para pelaut dalam diri kita — yang selalu menemukan jalan pulang.",Medium Body,Aceh Gayo (Medium / Anaerobic): 700g (70%) | Bukit Barisan (Dark / Natural): 300g (30%) | total: 1000g,Cocok untuk French Press & Espresso
S-SUM-214,Summer,The Open Horizon,Ketika laut dan langit melebur — dan setiap tegukan terasa seperti angin pertama.,Speciality Blend,Mariner's Captain's Pinnace,The Open Horizon · Mariner's sub-universe,Semeru Dark Natural 40% | Bali Kintamani Light Anaerobic 35% | Bukit Barisan Dark Natural 25%,Medium,"Ketika layar dibentangkan dan cakrawala terbuka lebar, blend eksklusif ini merajut karakter biji pilihan dari Semeru serta Bali Kintamani serta Bukit Barisan menjadi sebuah komposisi yang tak mudah ditemukan. Melalui proses Natural dan Anaerobic, lahirlah profil rasa cola, licorice, lychee — kompleks, berlapis, dan tak tergesa-gesa mengungkap dirinya. Untuk para pelaut dalam diri kita — yang selalu menemukan jalan pulang.",Round,Semeru (Dark / Natural): 400g (40%) | Bali Kintamani (Light / Anaerobic): 350g (35%) | Bukit Barisan (Dark / Natural): 250g (25%) | total: 1000g,Cocok untuk French Press & Espresso
S-SUM-215,Summer,The Open Horizon,Ketika laut dan langit melebur — dan setiap tegukan terasa seperti angin pertama.,Speciality Blend,Mariner's Legendary Frigate,The Open Horizon · Mariner's sub-universe,Papua Wamena Medium Natural 45% | Java Ciwidey Light Anaerobic 55%,Light,"Terinspirasi dari rute dagang yang telah melintasi generasi, blend eksklusif ini merajut karakter biji pilihan dari Papua Wamena serta Java Ciwidey menjadi sebuah komposisi yang tak mudah ditemukan. Melalui proses Natural dan Anaerobic, lahirlah profil rasa dark chocolate, rum raisin, passion fruit — kompleks, berlapis, dan tak tergesa-gesa mengungkap dirinya. Sebuah persembahan kepada rute-rute yang telah menghubungkan Nusantara selama berabad-abad.",Silky,Papua Wamena (Medium / Natural): 450g (45%) | Java Ciwidey (Light / Anaerobic): 550g (55%) | total: 1000g,Cocok untuk AeroPress
S-SUM-216,Summer,The Open Horizon,Ketika laut dan langit melebur — dan setiap tegukan terasa seperti angin pertama.,Speciality Blend,Mariner's Premier Clipper,The Open Horizon · Mariner's sub-universe,Solok Radjo Light Natural 55% | Papua Wamena Dark Anaerobic 45%,Medium,"Seperti kapal yang menemukan teluknya setelah berbulan berlayar, blend eksklusif ini merajut karakter biji pilihan dari Solok Radjo serta Papua Wamena menjadi sebuah komposisi yang tak mudah ditemukan. Melalui proses Natural dan Anaerobic, lahirlah profil rasa watermelon, tropical fruit, black cherry — kompleks, berlapis, dan tak tergesa-gesa mengungkap dirinya. Untuk para pelaut dalam diri kita — yang selalu menemukan jalan pulang.",Balanced,Solok Radjo (Light / Natural): 550g (55%) | Papua Wamena (Dark / Anaerobic): 450g (45%) | total: 1000g,Cocok untuk French Press & Espresso
S-SUM-217,Summer,The Open Horizon,Ketika laut dan langit melebur — dan setiap tegukan terasa seperti angin pertama.,Speciality Blend,Mariner's Golden Galleon,The Open Horizon · Mariner's sub-universe,Lampung Robusta Premium Dark Natural 40% | Bali Kintamani Dark Natural 35% | Toraja Kalosi Light Wine 25%,Dark,"Di mana muara sungai berjumpa dengan lautan terbuka, blend eksklusif ini merajut karakter biji pilihan dari Lampung Robusta Premium serta Bali Kintamani serta Toraja Kalosi menjadi sebuah komposisi yang tak mudah ditemukan. Melalui proses Natural dan Wine, lahirlah profil rasa grape must, tar, dark berry — kompleks, berlapis, dan tak tergesa-gesa mengungkap dirinya. Diciptakan dari spirit jalur dagang yang mengalirkan kekayaan rasa lintas samudera.",Syrupy,Lampung Robusta Premium (Dark / Natural): 400g (40%) | Bali Kintamani (Dark / Natural): 350g (35%) | Toraja Kalosi (Light / Wine): 250g (25%) | total: 1000g,Best for Batch Brew
S-SUM-218,Summer,The Open Horizon,Ketika laut dan langit melebur — dan setiap tegukan terasa seperti angin pertama.,Speciality Blend,Mariner's Elite Clipper,The Open Horizon · Mariner's sub-universe,Java Puntang Dark Natural 65% | Bali Ulian Dark Wine 35%,Dark,"Seperti kapal yang menemukan teluknya setelah berbulan berlayar, blend eksklusif ini merajut karakter biji pilihan dari Java Puntang serta Bali Ulian menjadi sebuah komposisi yang tak mudah ditemukan. Melalui proses Natural dan Wine, lahirlah profil rasa smoked plum, dark espresso, espresso — kompleks, berlapis, dan tak tergesa-gesa mengungkap dirinya. Untuk para pelaut dalam diri kita — yang selalu menemukan jalan pulang.",Thick,Java Puntang (Dark / Natural): 650g (65%) | Bali Ulian (Dark / Wine): 350g (35%) | total: 1000g,Ideal untuk Ristretto
S-SUM-219,Summer,The Open Horizon,Ketika laut dan langit melebur — dan setiap tegukan terasa seperti angin pertama.,Speciality Blend,Mariner's Legendary Bark,The Open Horizon · Mariner's sub-universe,Lampung Robusta Premium Light Natural 55% | Lintong Onan Dark Anaerobic 30% | Semeru Dark Wine 15%,Medium,"Di mana muara sungai berjumpa dengan lautan terbuka, blend eksklusif ini merajut karakter biji pilihan dari Lampung Robusta Premium serta Lintong Onan serta Semeru menjadi sebuah komposisi yang tak mudah ditemukan. Melalui proses Natural dan Anaerobic, lahirlah profil rasa tropical fruit, watermelon, aged wine — kompleks, berlapis, dan tak tergesa-gesa mengungkap dirinya. Untuk para pelaut dalam diri kita — yang selalu menemukan jalan pulang.",Medium Body,Lampung Robusta Premium (Light / Natural): 550g (55%) | Lintong Onan (Dark / Anaerobic): 300g (30%) | Semeru (Dark / Wine): 150g (15%) | total: 1000g,Best for Moka Pot
S-SUM-220,Summer,The Open Horizon,Ketika laut dan langit melebur — dan setiap tegukan terasa seperti angin pertama.,Speciality Blend,Mariner's Elite Dhow,The Open Horizon · Mariner's sub-universe,Java Preanger Light Wine 50% | Sembalun Rinjani Dark Wine 25% | Sembalun Rinjani Medium Natural 25%,Medium,"Terinspirasi dari rute dagang yang telah melintasi generasi, blend eksklusif ini merajut karakter biji pilihan dari Java Preanger serta Sembalun Rinjani serta Sembalun Rinjani menjadi sebuah komposisi yang tak mudah ditemukan. Melalui proses Wine dan Natural, lahirlah profil rasa smoked plum, dark espresso, dried fig — kompleks, berlapis, dan tak tergesa-gesa mengungkap dirinya. Diciptakan dari spirit jalur dagang yang mengalirkan kekayaan rasa lintas samudera.",Smooth,Java Preanger (Light / Wine): 500g (50%) | Sembalun Rinjani (Dark / Wine): 250g (25%) | Sembalun Rinjani (Medium / Natural): 250g (25%) | total: 1000g,Cocok untuk French Press & Espresso
S-SUM-221,Summer,The Open Horizon,Ketika laut dan langit melebur — dan setiap tegukan terasa seperti angin pertama.,Speciality Blend,Mariner's Premier Brigantine,The Open Horizon · Mariner's sub-universe,Sembalun Rinjani Dark Anaerobic 60% | Bali Kintamani Medium Anaerobic 40%,Dark,"Di mana muara sungai berjumpa dengan lautan terbuka, blend eksklusif ini merajut karakter biji pilihan dari Sembalun Rinjani serta Bali Kintamani menjadi sebuah komposisi yang tak mudah ditemukan. Melalui proses Anaerobic, lahirlah profil rasa cacao nib, smoke, dark rum — kompleks, berlapis, dan tak tergesa-gesa mengungkap dirinya. Untuk para pelaut dalam diri kita — yang selalu menemukan jalan pulang.",Full Body,Sembalun Rinjani (Dark / Anaerobic): 600g (60%) | Bali Kintamani (Medium / Anaerobic): 400g (40%) | total: 1000g,Best for Batch Brew
S-SUM-222,Summer,The Open Horizon,Ketika laut dan langit melebur — dan setiap tegukan terasa seperti angin pertama.,Speciality Blend,Mariner's Mythic Brigantine,The Open Horizon · Mariner's sub-universe,Wanoja Kamojang Light Wine 50% | Solok Radjo Medium Natural 30% | Java Ijen Raung Dark Wine 20%,Medium,"Terinspirasi dari rute dagang yang telah melintasi generasi, blend eksklusif ini merajut karakter biji pilihan dari Wanoja Kamojang serta Solok Radjo serta Java Ijen Raung menjadi sebuah komposisi yang tak mudah ditemukan. Melalui proses Wine dan Natural, lahirlah profil rasa dark cherry, wine, prune — kompleks, berlapis, dan tak tergesa-gesa mengungkap dirinya. Untuk para pelaut dalam diri kita — yang selalu menemukan jalan pulang.",Smooth,Wanoja Kamojang (Light / Wine): 500g (50%) | Solok Radjo (Medium / Natural): 300g (30%) | Java Ijen Raung (Dark / Wine): 200g (20%) | total: 1000g,Cocok untuk French Press & Espresso
S-SUM-223,Summer,The Open Horizon,Ketika laut dan langit melebur — dan setiap tegukan terasa seperti angin pertama.,Speciality Blend,Mariner's First-Class Clipper,The Open Horizon · Mariner's sub-universe,Solok Radjo Dark Natural 60% | Arjuno Medium Natural 25% | Papua Wamena Medium Natural 15%,Dark,"Seperti angin laut yang pertama kali menyentuh dek, blend eksklusif ini merajut karakter biji pilihan dari Solok Radjo serta Arjuno serta Papua Wamena menjadi sebuah komposisi yang tak mudah ditemukan. Melalui proses Natural, lahirlah profil rasa dried fig, molasses, dark chocolate — kompleks, berlapis, dan tak tergesa-gesa mengungkap dirinya. Diciptakan dari spirit jalur dagang yang mengalirkan kekayaan rasa lintas samudera.",Full Body,Solok Radjo (Dark / Natural): 600g (60%) | Arjuno (Medium / Natural): 250g (25%) | Papua Wamena (Medium / Natural): 150g (15%) | total: 1000g,Best for Espresso
S-SUM-224,Summer,The Open Horizon,Ketika laut dan langit melebur — dan setiap tegukan terasa seperti angin pertama.,Speciality Blend,Mariner's Elite Junk,The Open Horizon · Mariner's sub-universe,Papua Dogiyai Light Anaerobic 50% | Java Ijen Raung Medium Natural 30% | Bali Kintamani Medium Anaerobic 20%,Light,"Dari pelabuhan tua yang menyimpan ribuan cerita, blend eksklusif ini merajut karakter biji pilihan dari Papua Dogiyai serta Java Ijen Raung serta Bali Kintamani menjadi sebuah komposisi yang tak mudah ditemukan. Melalui proses Anaerobic dan Natural, lahirlah profil rasa dark chocolate, berry jam, raspberry — kompleks, berlapis, dan tak tergesa-gesa mengungkap dirinya. Blend yang merayakan keberanian membuka cakrawala baru, satu tegukan sekaligus.",Delicate,Papua Dogiyai (Light / Anaerobic): 500g (50%) | Java Ijen Raung (Medium / Natural): 300g (30%) | Bali Kintamani (Medium / Anaerobic): 200g (20%) | total: 1000g,Cocok untuk AeroPress
S-SUM-225,Summer,The Open Horizon,Ketika laut dan langit melebur — dan setiap tegukan terasa seperti angin pertama.,Speciality Blend,Mariner's Golden Junk,The Open Horizon · Mariner's sub-universe,Lintong Onan Light Natural 70% | Java Ciwidey Medium Wine 30%,Light,"Di mana muara sungai berjumpa dengan lautan terbuka, blend eksklusif ini merajut karakter biji pilihan dari Lintong Onan serta Java Ciwidey menjadi sebuah komposisi yang tak mudah ditemukan. Melalui proses Natural dan Wine, lahirlah profil rasa roasted grape, balsamic, strawberry — kompleks, berlapis, dan tak tergesa-gesa mengungkap dirinya. Untuk para pelaut dalam diri kita — yang selalu menemukan jalan pulang.",Delicate,Lintong Onan (Light / Natural): 700g (70%) | Java Ciwidey (Medium / Wine): 300g (30%) | total: 1000g,Best for V60
S-SUM-226,Summer,The Open Horizon,Ketika laut dan langit melebur — dan setiap tegukan terasa seperti angin pertama.,Speciality Blend,Mariner's Premier Galleon,The Open Horizon · Mariner's sub-universe,Sembalun Rinjani Light Anaerobic 40% | Temanggung Medium Wine 35% | Sembalun Rinjani Dark Natural 25%,Medium,"Di mana muara sungai berjumpa dengan lautan terbuka, blend eksklusif ini merajut karakter biji pilihan dari Sembalun Rinjani serta Temanggung serta Sembalun Rinjani menjadi sebuah komposisi yang tak mudah ditemukan. Melalui proses Anaerobic dan Wine, lahirlah profil rasa espresso, lychee, cola — kompleks, berlapis, dan tak tergesa-gesa mengungkap dirinya. Blend yang merayakan keberanian membuka cakrawala baru, satu tegukan sekaligus.",Balanced,Sembalun Rinjani (Light / Anaerobic): 400g (40%) | Temanggung (Medium / Wine): 350g (35%) | Sembalun Rinjani (Dark / Natural): 250g (25%) | total: 1000g,Versatile for Espresso & Filter
S-SUM-227,Summer,The Open Horizon,Ketika laut dan langit melebur — dan setiap tegukan terasa seperti angin pertama.,Speciality Blend,Mariner's Chartered Clipper,The Open Horizon · Mariner's sub-universe,Dampit Malang Medium Anaerobic 45% | Flores Manggarai Dark Natural 35% | Lintong Onan Dark Anaerobic 20%,Dark,"Di mana muara sungai berjumpa dengan lautan terbuka, blend eksklusif ini merajut karakter biji pilihan dari Dampit Malang serta Flores Manggarai serta Lintong Onan menjadi sebuah komposisi yang tak mudah ditemukan. Melalui proses Anaerobic dan Natural, lahirlah profil rasa cacao nib, black cherry, fermented cocoa — kompleks, berlapis, dan tak tergesa-gesa mengungkap dirinya. Blend yang merayakan keberanian membuka cakrawala baru, satu tegukan sekaligus.",Full Body,Dampit Malang (Medium / Anaerobic): 450g (45%) | Flores Manggarai (Dark / Natural): 350g (35%) | Lintong Onan (Dark / Anaerobic): 200g (20%) | total: 1000g,Ideal untuk Ristretto
S-SUM-228,Summer,The Open Horizon,Ketika laut dan langit melebur — dan setiap tegukan terasa seperti angin pertama.,Speciality Blend,Mariner's Flagship Bark,The Open Horizon · Mariner's sub-universe,Dampit Malang Medium Natural 60% | Papua Dogiyai Medium Wine 25% | Lampung Robusta Premium Medium Anaerobic 15%,Medium,"Di mana muara sungai berjumpa dengan lautan terbuka, blend eksklusif ini merajut karakter biji pilihan dari Dampit Malang serta Papua Dogiyai serta Lampung Robusta Premium menjadi sebuah komposisi yang tak mudah ditemukan. Melalui proses Natural dan Wine, lahirlah profil rasa roasted grape, cacao nib, prune — kompleks, berlapis, dan tak tergesa-gesa mengungkap dirinya. Blend yang merayakan keberanian membuka cakrawala baru, satu tegukan sekaligus.",Balanced,Dampit Malang (Medium / Natural): 600g (60%) | Papua Dogiyai (Medium / Wine): 250g (25%) | Lampung Robusta Premium (Medium / Anaerobic): 150g (15%) | total: 1000g,Cocok untuk French Press & Espresso
S-SUM-229,Summer,The Open Horizon,Ketika laut dan langit melebur — dan setiap tegukan terasa seperti angin pertama.,Speciality Blend,Mariner's Legendary Carrack,The Open Horizon · Mariner's sub-universe,Java Puntang Medium Anaerobic 65% | Sembalun Rinjani Medium Wine 35%,Medium,"Di mana muara sungai berjumpa dengan lautan terbuka, blend eksklusif ini merajut karakter biji pilihan dari Java Puntang serta Sembalun Rinjani menjadi sebuah komposisi yang tak mudah ditemukan. Melalui proses Anaerobic dan Wine, lahirlah profil rasa tamarind, fermented fruit, port wine — kompleks, berlapis, dan tak tergesa-gesa mengungkap dirinya. Blend yang merayakan keberanian membuka cakrawala baru, satu tegukan sekaligus.",Velvety,Java Puntang (Medium / Anaerobic): 650g (65%) | Sembalun Rinjani (Medium / Wine): 350g (35%) | total: 1000g,Cocok untuk French Press & Espresso
S-SUM-230,Summer,The Open Horizon,Ketika laut dan langit melebur — dan setiap tegukan terasa seperti angin pertama.,Speciality Blend,Mariner's Captain's Sloop,The Open Horizon · Mariner's sub-universe,Temanggung Dark Wine 60% | Java Manglayang Light Wine 25% | Java Garut Medium Anaerobic 15%,Medium,"Terinspirasi dari rute dagang yang telah melintasi generasi, blend eksklusif ini merajut karakter biji pilihan dari Temanggung serta Java Manglayang serta Java Garut menjadi sebuah komposisi yang tak mudah ditemukan. Melalui proses Wine dan Anaerobic, lahirlah profil rasa smoked plum, aged wine, dark cherry — kompleks, berlapis, dan tak tergesa-gesa mengungkap dirinya. Sebuah persembahan kepada rute-rute yang telah menghubungkan Nusantara selama berabad-abad.",Balanced,Temanggung (Dark / Wine): 600g (60%) | Java Manglayang (Light / Wine): 250g (25%) | Java Garut (Medium / Anaerobic): 150g (15%) | total: 1000g,Best for Moka Pot
S-SUM-231,Summer,The Open Horizon,Ketika laut dan langit melebur — dan setiap tegukan terasa seperti angin pertama.,Speciality Blend,Mariner's Admiral's Dhow,The Open Horizon · Mariner's sub-universe,Sembalun Rinjani Dark Wine 70% | Papua Wamena Dark Anaerobic 30%,Dark,"Seperti kapal yang menemukan teluknya setelah berbulan berlayar, blend eksklusif ini merajut karakter biji pilihan dari Sembalun Rinjani serta Papua Wamena menjadi sebuah komposisi yang tak mudah ditemukan. Melalui proses Wine dan Anaerobic, lahirlah profil rasa fermented cocoa, aged wine, black cherry — kompleks, berlapis, dan tak tergesa-gesa mengungkap dirinya. Blend yang merayakan keberanian membuka cakrawala baru, satu tegukan sekaligus.",Heavy Body,Sembalun Rinjani (Dark / Wine): 700g (70%) | Papua Wamena (Dark / Anaerobic): 300g (30%) | total: 1000g,Cocok untuk Cold Brew
S-SUM-232,Summer,The Open Horizon,Ketika laut dan langit melebur — dan setiap tegukan terasa seperti angin pertama.,Speciality Blend,Mariner's Imperial Proa,The Open Horizon · Mariner's sub-universe,Java Sindoro Light Wine 55% | Arjuno Dark Wine 45%,Medium,"Dari pelabuhan tua yang menyimpan ribuan cerita, blend eksklusif ini merajut karakter biji pilihan dari Java Sindoro serta Arjuno menjadi sebuah komposisi yang tak mudah ditemukan. Melalui proses Wine, lahirlah profil rasa grape must, tobacco, aged wine — kompleks, berlapis, dan tak tergesa-gesa mengungkap dirinya. Blend yang merayakan keberanian membuka cakrawala baru, satu tegukan sekaligus.",Medium Body,Java Sindoro (Light / Wine): 550g (55%) | Arjuno (Dark / Wine): 450g (45%) | total: 1000g,Cocok untuk French Press & Espresso
S-SUM-233,Summer,The Open Horizon,Ketika laut dan langit melebur — dan setiap tegukan terasa seperti angin pertama.,Speciality Blend,Mariner's Golden Proa,The Open Horizon · Mariner's sub-universe,Arjuno Dark Natural 50% | Java Sindoro Medium Natural 30% | Flores Bajawa Medium Wine 20%,Dark,"Dari pelabuhan tua yang menyimpan ribuan cerita, blend eksklusif ini merajut karakter biji pilihan dari Arjuno serta Java Sindoro serta Flores Bajawa menjadi sebuah komposisi yang tak mudah ditemukan. Melalui proses Natural dan Wine, lahirlah profil rasa espresso, molasses, licorice — kompleks, berlapis, dan tak tergesa-gesa mengungkap dirinya. Blend yang merayakan keberanian membuka cakrawala baru, satu tegukan sekaligus.",Thick,Arjuno (Dark / Natural): 500g (50%) | Java Sindoro (Medium / Natural): 300g (30%) | Flores Bajawa (Medium / Wine): 200g (20%) | total: 1000g,Best for Batch Brew
S-SUM-234,Summer,The Open Horizon,Ketika laut dan langit melebur — dan setiap tegukan terasa seperti angin pertama.,Speciality Blend,Mariner's Sovereign Corvette,The Open Horizon · Mariner's sub-universe,Bali Ulian Medium Anaerobic 55% | Toraja Sapan Medium Natural 30% | Sembalun Rinjani Light Natural 15%,Medium,"Seperti kapal yang menemukan teluknya setelah berbulan berlayar, blend eksklusif ini merajut karakter biji pilihan dari Bali Ulian serta Toraja Sapan serta Sembalun Rinjani menjadi sebuah komposisi yang tak mudah ditemukan. Melalui proses Anaerobic dan Natural, lahirlah profil rasa strawberry, blueberry, berry jam — kompleks, berlapis, dan tak tergesa-gesa mengungkap dirinya. Untuk para pelaut dalam diri kita — yang selalu menemukan jalan pulang.",Smooth,Bali Ulian (Medium / Anaerobic): 550g (55%) | Toraja Sapan (Medium / Natural): 300g (30%) | Sembalun Rinjani (Light / Natural): 150g (15%) | total: 1000g,Best for Moka Pot
S-SUM-235,Summer,The Open Horizon,Ketika laut dan langit melebur — dan setiap tegukan terasa seperti angin pertama.,Speciality Blend,Mariner's Elite Galleon,The Open Horizon · Mariner's sub-universe,Java Sindoro Medium Natural 60% | Java Preanger Medium Anaerobic 25% | Java Ijen Raung Medium Wine 15%,Medium,"Dari pelabuhan tua yang menyimpan ribuan cerita, blend eksklusif ini merajut karakter biji pilihan dari Java Sindoro serta Java Preanger serta Java Ijen Raung menjadi sebuah komposisi yang tak mudah ditemukan. Melalui proses Natural dan Anaerobic, lahirlah profil rasa tropical punch, port wine, dried fig — kompleks, berlapis, dan tak tergesa-gesa mengungkap dirinya. Blend yang merayakan keberanian membuka cakrawala baru, satu tegukan sekaligus.",Medium Body,Java Sindoro (Medium / Natural): 600g (60%) | Java Preanger (Medium / Anaerobic): 250g (25%) | Java Ijen Raung (Medium / Wine): 150g (15%) | total: 1000g,Versatile for Espresso & Filter
S-SUM-236,Summer,The Open Horizon,Ketika laut dan langit melebur — dan setiap tegukan terasa seperti angin pertama.,Speciality Blend,Mariner's First-Class Ketch,The Open Horizon · Mariner's sub-universe,Dampit Malang Light Anaerobic 50% | Java Garut Dark Anaerobic 25% | Mandheling Medium Anaerobic 25%,Medium,"Terinspirasi dari rute dagang yang telah melintasi generasi, blend eksklusif ini merajut karakter biji pilihan dari Dampit Malang serta Java Garut serta Mandheling menjadi sebuah komposisi yang tak mudah ditemukan. Melalui proses Anaerobic, lahirlah profil rasa cacao nib, fermented fruit, black cherry — kompleks, berlapis, dan tak tergesa-gesa mengungkap dirinya. Blend yang merayakan keberanian membuka cakrawala baru, satu tegukan sekaligus.",Medium Body,Dampit Malang (Light / Anaerobic): 500g (50%) | Java Garut (Dark / Anaerobic): 250g (25%) | Mandheling (Medium / Anaerobic): 250g (25%) | total: 1000g,Best for Moka Pot
S-SUM-237,Summer,The Open Horizon,Ketika laut dan langit melebur — dan setiap tegukan terasa seperti angin pertama.,Speciality Blend,Mariner's Chartered Pinnace,The Open Horizon · Mariner's sub-universe,Kerinci Kayu Aro Dark Anaerobic 50% | Flores Manggarai Medium Wine 30% | Java Sindoro Dark Natural 20%,Dark,"Terinspirasi dari rute dagang yang telah melintasi generasi, blend eksklusif ini merajut karakter biji pilihan dari Kerinci Kayu Aro serta Flores Manggarai serta Java Sindoro menjadi sebuah komposisi yang tak mudah ditemukan. Melalui proses Anaerobic dan Wine, lahirlah profil rasa dark rum, espresso, tar — kompleks, berlapis, dan tak tergesa-gesa mengungkap dirinya. Blend yang merayakan keberanian membuka cakrawala baru, satu tegukan sekaligus.",Bold,Kerinci Kayu Aro (Dark / Anaerobic): 500g (50%) | Flores Manggarai (Medium / Wine): 300g (30%) | Java Sindoro (Dark / Natural): 200g (20%) | total: 1000g,Best for Batch Brew
S-SUM-238,Summer,The Open Horizon,Ketika laut dan langit melebur — dan setiap tegukan terasa seperti angin pertama.,Speciality Blend,Mariner's Admiral's Proa,The Open Horizon · Mariner's sub-universe,Gunung Halu Dark Natural 50% | Bali Kintamani Dark Natural 50%,Dark,"Seperti kapal yang menemukan teluknya setelah berbulan berlayar, blend eksklusif ini merajut karakter biji pilihan dari Gunung Halu serta Bali Kintamani menjadi sebuah komposisi yang tak mudah ditemukan. Melalui proses Natural, lahirlah profil rasa licorice, tar, espresso — kompleks, berlapis, dan tak tergesa-gesa mengungkap dirinya. Sebuah persembahan kepada rute-rute yang telah menghubungkan Nusantara selama berabad-abad.",Syrupy,Gunung Halu (Dark / Natural): 500g (50%) | Bali Kintamani (Dark / Natural): 500g (50%) | total: 1000g,Ideal untuk Ristretto
S-SUM-239,Summer,The Open Horizon,Ketika laut dan langit melebur — dan setiap tegukan terasa seperti angin pertama.,Speciality Blend,Mariner's Premier Ketch,The Open Horizon · Mariner's sub-universe,Dampit Malang Light Anaerobic 50% | Toraja Kalosi Dark Anaerobic 30% | Toraja Kalosi Medium Anaerobic 20%,Medium,"Seperti angin laut yang pertama kali menyentuh dek, blend eksklusif ini merajut karakter biji pilihan dari Dampit Malang serta Toraja Kalosi serta Toraja Kalosi menjadi sebuah komposisi yang tak mudah ditemukan. Melalui proses Anaerobic, lahirlah profil rasa rum raisin, smoke, cacao nib — kompleks, berlapis, dan tak tergesa-gesa mengungkap dirinya. Sebuah persembahan kepada rute-rute yang telah menghubungkan Nusantara selama berabad-abad.",Medium Body,Dampit Malang (Light / Anaerobic): 500g (50%) | Toraja Kalosi (Dark / Anaerobic): 300g (30%) | Toraja Kalosi (Medium / Anaerobic): 200g (20%) | total: 1000g,Cocok untuk French Press & Espresso
S-SUM-240,Summer,The Open Horizon,Ketika laut dan langit melebur — dan setiap tegukan terasa seperti angin pertama.,Speciality Blend,Mariner's Sovereign Bark,The Open Horizon · Mariner's sub-universe,Lampung Robusta Premium Dark Wine 55% | Solok Radjo Medium Anaerobic 45%,Dark,"Seperti kapal yang menemukan teluknya setelah berbulan berlayar, blend eksklusif ini merajut karakter biji pilihan dari Lampung Robusta Premium serta Solok Radjo menjadi sebuah komposisi yang tak mudah ditemukan. Melalui proses Wine dan Anaerobic, lahirlah profil rasa fermented fruit, cacao nib, smoked plum — kompleks, berlapis, dan tak tergesa-gesa mengungkap dirinya. Diciptakan dari spirit jalur dagang yang mengalirkan kekayaan rasa lintas samudera.",Full Body,Lampung Robusta Premium (Dark / Wine): 550g (55%) | Solok Radjo (Medium / Anaerobic): 450g (45%) | total: 1000g,Ideal untuk Ristretto
S-SUM-241,Summer,The Open Horizon,Ketika laut dan langit melebur — dan setiap tegukan terasa seperti angin pertama.,Speciality Blend,Mariner's Imperial Schooner,The Open Horizon · Mariner's sub-universe,Sidikalang Light Natural 60% | Java Garut Dark Wine 25% | Aceh Gayo Medium Natural 15%,Light,"Di mana muara sungai berjumpa dengan lautan terbuka, blend eksklusif ini merajut karakter biji pilihan dari Sidikalang serta Java Garut serta Aceh Gayo menjadi sebuah komposisi yang tak mudah ditemukan. Melalui proses Natural dan Wine, lahirlah profil rasa blueberry, dark espresso, tobacco — kompleks, berlapis, dan tak tergesa-gesa mengungkap dirinya. Untuk para pelaut dalam diri kita — yang selalu menemukan jalan pulang.",Delicate,Sidikalang (Light / Natural): 600g (60%) | Java Garut (Dark / Wine): 250g (25%) | Aceh Gayo (Medium / Natural): 150g (15%) | total: 1000g,Pour Over Recommended
S-SUM-242,Summer,The Open Horizon,Ketika laut dan langit melebur — dan setiap tegukan terasa seperti angin pertama.,Speciality Blend,Mariner's Hallowed Frigate,The Open Horizon · Mariner's sub-universe,Sembalun Rinjani Dark Wine 50% | Java Preanger Light Anaerobic 25% | Java Preanger Dark Natural 25%,Dark,"Dari pelabuhan tua yang menyimpan ribuan cerita, blend eksklusif ini merajut karakter biji pilihan dari Sembalun Rinjani serta Java Preanger serta Java Preanger menjadi sebuah komposisi yang tak mudah ditemukan. Melalui proses Wine dan Anaerobic, lahirlah profil rasa tar, aged wine, cola — kompleks, berlapis, dan tak tergesa-gesa mengungkap dirinya. Sebuah persembahan kepada rute-rute yang telah menghubungkan Nusantara selama berabad-abad.",Heavy Body,Sembalun Rinjani (Dark / Wine): 500g (50%) | Java Preanger (Light / Anaerobic): 250g (25%) | Java Preanger (Dark / Natural): 250g (25%) | total: 1000g,Best for Espresso
S-SUM-243,Summer,The Open Horizon,Ketika laut dan langit melebur — dan setiap tegukan terasa seperti angin pertama.,Speciality Blend,Mariner's Admiral's Ketch,The Open Horizon · Mariner's sub-universe,Gunung Halu Dark Natural 55% | Lintong Onan Medium Anaerobic 30% | Sidikalang Medium Anaerobic 15%,Dark,"Ketika layar dibentangkan dan cakrawala terbuka lebar, blend eksklusif ini merajut karakter biji pilihan dari Gunung Halu serta Lintong Onan serta Sidikalang menjadi sebuah komposisi yang tak mudah ditemukan. Melalui proses Natural dan Anaerobic, lahirlah profil rasa tropical punch, tamarind, fermented fruit — kompleks, berlapis, dan tak tergesa-gesa mengungkap dirinya. Diciptakan dari spirit jalur dagang yang mengalirkan kekayaan rasa lintas samudera.",Heavy Body,Gunung Halu (Dark / Natural): 550g (55%) | Lintong Onan (Medium / Anaerobic): 300g (30%) | Sidikalang (Medium / Anaerobic): 150g (15%) | total: 1000g,Best for Batch Brew
S-SUM-244,Summer,The Open Horizon,Ketika laut dan langit melebur — dan setiap tegukan terasa seperti angin pertama.,Speciality Blend,Mariner's Sovereign Pinnace,The Open Horizon · Mariner's sub-universe,Lintong Onan Light Wine 60% | Wanoja Kamojang Light Natural 40%,Light,"Dari pelabuhan tua yang menyimpan ribuan cerita, blend eksklusif ini merajut karakter biji pilihan dari Lintong Onan serta Wanoja Kamojang menjadi sebuah komposisi yang tak mudah ditemukan. Melalui proses Wine dan Natural, lahirlah profil rasa tropical fruit, blueberry, watermelon — kompleks, berlapis, dan tak tergesa-gesa mengungkap dirinya. Sebuah persembahan kepada rute-rute yang telah menghubungkan Nusantara selama berabad-abad.",Tea-like,Lintong Onan (Light / Wine): 600g (60%) | Wanoja Kamojang (Light / Natural): 400g (40%) | total: 1000g,Ideal for Chemex
S-SUM-245,Summer,The Open Horizon,Ketika laut dan langit melebur — dan setiap tegukan terasa seperti angin pertama.,Speciality Blend,Mariner's Imperial Dhow,The Open Horizon · Mariner's sub-universe,Java Preanger Dark Natural 50% | Bali Kintamani Light Natural 30% | Bengkulu Light Anaerobic 20%,Medium,"Di mana muara sungai berjumpa dengan lautan terbuka, blend eksklusif ini merajut karakter biji pilihan dari Java Preanger serta Bali Kintamani serta Bengkulu menjadi sebuah komposisi yang tak mudah ditemukan. Melalui proses Natural dan Anaerobic, lahirlah profil rasa dark berry, hibiscus, licorice — kompleks, berlapis, dan tak tergesa-gesa mengungkap dirinya. Untuk para pelaut dalam diri kita — yang selalu menemukan jalan pulang.",Round,Java Preanger (Dark / Natural): 500g (50%) | Bali Kintamani (Light / Natural): 300g (30%) | Bengkulu (Light / Anaerobic): 200g (20%) | total: 1000g,Best for Moka Pot
S-SUM-246,Summer,The Open Horizon,Ketika laut dan langit melebur — dan setiap tegukan terasa seperti angin pertama.,Speciality Blend,Mariner's Celestial Cutter,The Open Horizon · Mariner's sub-universe,Flores Manggarai Dark Wine 40% | Java Temanggung Light Wine 35% | Gunung Halu Dark Natural 25%,Medium,"Seperti angin laut yang pertama kali menyentuh dek, blend eksklusif ini merajut karakter biji pilihan dari Flores Manggarai serta Java Temanggung serta Gunung Halu menjadi sebuah komposisi yang tak mudah ditemukan. Melalui proses Wine dan Natural, lahirlah profil rasa plum, dark cherry, dark espresso — kompleks, berlapis, dan tak tergesa-gesa mengungkap dirinya. Blend yang merayakan keberanian membuka cakrawala baru, satu tegukan sekaligus.",Velvety,Flores Manggarai (Dark / Wine): 400g (40%) | Java Temanggung (Light / Wine): 350g (35%) | Gunung Halu (Dark / Natural): 250g (25%) | total: 1000g,Cocok untuk French Press & Espresso
S-SUM-247,Summer,The Open Horizon,Ketika laut dan langit melebur — dan setiap tegukan terasa seperti angin pertama.,Speciality Blend,Mariner's Mythic Proa,The Open Horizon · Mariner's sub-universe,Java Puntang Medium Anaerobic 50% | Papua Dogiyai Dark Anaerobic 25% | Arjuno Dark Anaerobic 25%,Dark,"Ketika layar dibentangkan dan cakrawala terbuka lebar, blend eksklusif ini merajut karakter biji pilihan dari Java Puntang serta Papua Dogiyai serta Arjuno menjadi sebuah komposisi yang tak mudah ditemukan. Melalui proses Anaerobic, lahirlah profil rasa tamarind, smoke, cacao nib — kompleks, berlapis, dan tak tergesa-gesa mengungkap dirinya. Sebuah persembahan kepada rute-rute yang telah menghubungkan Nusantara selama berabad-abad.",Full Body,Java Puntang (Medium / Anaerobic): 500g (50%) | Papua Dogiyai (Dark / Anaerobic): 250g (25%) | Arjuno (Dark / Anaerobic): 250g (25%) | total: 1000g,Best for Batch Brew
S-SUM-248,Summer,The Open Horizon,Ketika laut dan langit melebur — dan setiap tegukan terasa seperti angin pertama.,Speciality Blend,Mariner's Grand Cutter,The Open Horizon · Mariner's sub-universe,Bukit Barisan Dark Anaerobic 50% | Semeru Dark Anaerobic 30% | Solok Radjo Dark Wine 20%,Dark,"Seperti kapal yang menemukan teluknya setelah berbulan berlayar, blend eksklusif ini merajut karakter biji pilihan dari Bukit Barisan serta Semeru serta Solok Radjo menjadi sebuah komposisi yang tak mudah ditemukan. Melalui proses Anaerobic dan Wine, lahirlah profil rasa dark espresso, fermented cocoa, black cherry — kompleks, berlapis, dan tak tergesa-gesa mengungkap dirinya. Sebuah persembahan kepada rute-rute yang telah menghubungkan Nusantara selama berabad-abad.",Bold,Bukit Barisan (Dark / Anaerobic): 500g (50%) | Semeru (Dark / Anaerobic): 300g (30%) | Solok Radjo (Dark / Wine): 200g (20%) | total: 1000g,Cocok untuk Cold Brew
S-SUM-249,Summer,The Open Horizon,Ketika laut dan langit melebur — dan setiap tegukan terasa seperti angin pertama.,Speciality Blend,Mariner's Golden Carrack,The Open Horizon · Mariner's sub-universe,Java Sindoro Light Anaerobic 45% | Bengkulu Medium Natural 55%,Light,"Seperti kapal yang menemukan teluknya setelah berbulan berlayar, blend eksklusif ini merajut karakter biji pilihan dari Java Sindoro serta Bengkulu menjadi sebuah komposisi yang tak mudah ditemukan. Melalui proses Anaerobic dan Natural, lahirlah profil rasa dried fig, molasses, lychee — kompleks, berlapis, dan tak tergesa-gesa mengungkap dirinya. Blend yang merayakan keberanian membuka cakrawala baru, satu tegukan sekaligus.",Light Body,Java Sindoro (Light / Anaerobic): 450g (45%) | Bengkulu (Medium / Natural): 550g (55%) | total: 1000g,Cocok untuk AeroPress
S-SUM-250,Summer,The Open Horizon,Ketika laut dan langit melebur — dan setiap tegukan terasa seperti angin pertama.,Speciality Blend,Mariner's Captain's Dhow,The Open Horizon · Mariner's sub-universe,Bali Ulian Medium Natural 50% | Wanoja Kamojang Dark Anaerobic 50%,Dark,"Terinspirasi dari rute dagang yang telah melintasi generasi, blend eksklusif ini merajut karakter biji pilihan dari Bali Ulian serta Wanoja Kamojang menjadi sebuah komposisi yang tak mudah ditemukan. Melalui proses Natural dan Anaerobic, lahirlah profil rasa dark rum, prune, berry jam — kompleks, berlapis, dan tak tergesa-gesa mengungkap dirinya. Sebuah persembahan kepada rute-rute yang telah menghubungkan Nusantara selama berabad-abad.",Heavy Body,Bali Ulian (Medium / Natural): 500g (50%) | Wanoja Kamojang (Dark / Anaerobic): 500g (50%) | total: 1000g,Ideal untuk Ristretto
S-AUT-001,Autumn,The Amber Descent,Turun gunung sambil membawa cerita — dan aroma tanah yang belum terlupakan.,Seasonal Blend,Well-used Odometer,The Amber Descent · Seasonal collection,Arjuno Dark SemiWashed 45% | Papua Dogiyai Medium Washed 35% | Dampit Malang Light Wine 20%,Medium,"Diilhami dari artefak yang bertahan melewati puluhan ekspedisi, blend ini mempertemukan biji-biji dari Arjuno serta Papua Dogiyai serta Dampit Malang dalam sebuah komposisi yang menceritakan kekayaan dataran Nusantara. Diproses dengan metode SemiWashed dan Washed, menghadirkan nuansa wine, milk chocolate, blackcurrant yang bersih namun penuh kedalaman. Untuk setiap penjelajah yang memahami bahwa alat terbaik adalah yang paling sering dipakai.",Medium Body,Arjuno (Dark / SemiWashed): 450g (45%) | Papua Dogiyai (Medium / Washed): 350g (35%) | Dampit Malang (Light / Wine): 200g (20%) | total: 1000g,Versatile for Espresso & Filter
S-AUT-002,Autumn,The Amber Descent,Turun gunung sambil membawa cerita — dan aroma tanah yang belum terlupakan.,Seasonal Blend,Gilded Lantern,The Amber Descent · Seasonal collection,Java Ciwidey Medium Wine 55% | Dampit Malang Light Washed 45%,Light,"Seperti alat ukur yang semakin akurat seiring bertambah usia, blend ini mempertemukan biji-biji dari Java Ciwidey serta Dampit Malang dalam sebuah komposisi yang menceritakan kekayaan dataran Nusantara. Diproses dengan metode Wine dan Washed, menghadirkan nuansa espresso, green tea, lemon zest yang bersih namun penuh kedalaman. Untuk setiap penjelajah yang memahami bahwa alat terbaik adalah yang paling sering dipakai.",Delicate,Java Ciwidey (Medium / Wine): 550g (55%) | Dampit Malang (Light / Washed): 450g (45%) | total: 1000g,Cocok untuk AeroPress
S-AUT-003,Autumn,The Amber Descent,Turun gunung sambil membawa cerita — dan aroma tanah yang belum terlupakan.,Seasonal Blend,Engraved Rucksack,The Amber Descent · Seasonal collection,Mandheling Dark Wine 60% | Java Preanger Medium Wine 25% | Sidikalang Medium Wine 15%,Dark,"Dari tangan-tangan yang pernah mengukur setiap jengkal dataran, blend ini mempertemukan biji-biji dari Mandheling serta Java Preanger serta Sidikalang dalam sebuah komposisi yang menceritakan kekayaan dataran Nusantara. Diproses dengan metode Wine, menghadirkan nuansa smoked plum, port wine, balsamic yang bersih namun penuh kedalaman. Diciptakan bagi mereka yang menemukan keindahan dalam sesuatu yang telah melalui banyak hal.",Heavy Body,Mandheling (Dark / Wine): 600g (60%) | Java Preanger (Medium / Wine): 250g (25%) | Sidikalang (Medium / Wine): 150g (15%) | total: 1000g,Cocok untuk Cold Brew
S-AUT-004,Autumn,The Amber Descent,Turun gunung sambil membawa cerita — dan aroma tanah yang belum terlupakan.,Seasonal Blend,Field-worn Logbook,The Amber Descent · Seasonal collection,Toraja Sapan Medium Washed 45% | Flores Manggarai Dark Anaerobic 55%,Dark,"Seperti kompas yang selalu menunjuk ke tempat yang tepat, blend ini mempertemukan biji-biji dari Toraja Sapan serta Flores Manggarai dalam sebuah komposisi yang menceritakan kekayaan dataran Nusantara. Diproses dengan metode Washed dan Anaerobic, menghadirkan nuansa smoke, almond, milk chocolate yang bersih namun penuh kedalaman. Diciptakan bagi mereka yang menemukan keindahan dalam sesuatu yang telah melalui banyak hal.",Thick,Toraja Sapan (Medium / Washed): 450g (45%) | Flores Manggarai (Dark / Anaerobic): 550g (55%) | total: 1000g,Best for Espresso
S-AUT-005,Autumn,The Amber Descent,Turun gunung sambil membawa cerita — dan aroma tanah yang belum terlupakan.,Seasonal Blend,Engraved Compass,The Amber Descent · Seasonal collection,Java Preanger Dark Wine 60% | Bukit Barisan Light Natural 25% | Java Manglayang Dark Natural 15%,Dark,"Seperti kompas yang selalu menunjuk ke tempat yang tepat, blend ini mempertemukan biji-biji dari Java Preanger serta Bukit Barisan serta Java Manglayang dalam sebuah komposisi yang menceritakan kekayaan dataran Nusantara. Diproses dengan metode Wine dan Natural, menghadirkan nuansa tropical fruit, strawberry, blueberry yang bersih namun penuh kedalaman. Diwariskan dari tangan-tangan yang mengukur bumi sebelum peta pernah ada.",Syrupy,Java Preanger (Dark / Wine): 600g (60%) | Bukit Barisan (Light / Natural): 250g (25%) | Java Manglayang (Dark / Natural): 150g (15%) | total: 1000g,Best for Espresso
S-AUT-006,Autumn,The Amber Descent,Turun gunung sambil membawa cerita — dan aroma tanah yang belum terlupakan.,Seasonal Blend,Timeworn Astrolabe,The Amber Descent · Seasonal collection,Solok Radjo Medium Honey 65% | Lampung Robusta Premium Light Wine 35%,Light,"Diilhami dari artefak yang bertahan melewati puluhan ekspedisi, blend ini mempertemukan biji-biji dari Solok Radjo serta Lampung Robusta Premium dalam sebuah komposisi yang menceritakan kekayaan dataran Nusantara. Diproses dengan metode Honey dan Wine, menghadirkan nuansa toffee, macadamia, dried apricot yang bersih namun penuh kedalaman. Sebuah penghormatan kepada artefak yang merekam lebih dari sekadar perjalanan.",Silky,Solok Radjo (Medium / Honey): 650g (65%) | Lampung Robusta Premium (Light / Wine): 350g (35%) | total: 1000g,Cocok untuk AeroPress
S-AUT-007,Autumn,The Amber Descent,Turun gunung sambil membawa cerita — dan aroma tanah yang belum terlupakan.,Seasonal Blend,Gilded Divider,The Amber Descent · Seasonal collection,Arjuno Medium Washed 60% | Temanggung Medium Honey 25% | Aceh Gayo Medium Natural 15%,Medium,"Diilhami dari artefak yang bertahan melewati puluhan ekspedisi, blend ini mempertemukan biji-biji dari Arjuno serta Temanggung serta Aceh Gayo dalam sebuah komposisi yang menceritakan kekayaan dataran Nusantara. Diproses dengan metode Washed dan Honey, menghadirkan nuansa toffee, hazelnut, berry jam yang bersih namun penuh kedalaman. Diwariskan dari tangan-tangan yang mengukur bumi sebelum peta pernah ada.",Balanced,Arjuno (Medium / Washed): 600g (60%) | Temanggung (Medium / Honey): 250g (25%) | Aceh Gayo (Medium / Natural): 150g (15%) | total: 1000g,Versatile for Espresso & Filter
S-AUT-008,Autumn,The Amber Descent,Turun gunung sambil membawa cerita — dan aroma tanah yang belum terlupakan.,Seasonal Blend,Aged Penknife,The Amber Descent · Seasonal collection,Papua Wamena Dark Anaerobic 40% | Bali Ulian Dark Natural 35% | Wanoja Kamojang Light SemiWashed 25%,Dark,"Ditemukan dalam catatan perjalanan seorang penjelajah tua, blend ini mempertemukan biji-biji dari Papua Wamena serta Bali Ulian serta Wanoja Kamojang dalam sebuah komposisi yang menceritakan kekayaan dataran Nusantara. Diproses dengan metode Anaerobic dan Natural, menghadirkan nuansa dark berry, tar, black cherry yang bersih namun penuh kedalaman. Diwariskan dari tangan-tangan yang mengukur bumi sebelum peta pernah ada.",Syrupy,Papua Wamena (Dark / Anaerobic): 400g (40%) | Bali Ulian (Dark / Natural): 350g (35%) | Wanoja Kamojang (Light / SemiWashed): 250g (25%) | total: 1000g,Ideal untuk Ristretto
S-AUT-009,Autumn,The Amber Descent,Turun gunung sambil membawa cerita — dan aroma tanah yang belum terlupakan.,Seasonal Blend,Rusted Odometer,The Amber Descent · Seasonal collection,Bali Kintamani Light WetHulled 40% | Flores Manggarai Medium Natural 60%,Light,"Seperti alat ukur yang semakin akurat seiring bertambah usia, blend ini mempertemukan biji-biji dari Bali Kintamani serta Flores Manggarai dalam sebuah komposisi yang menceritakan kekayaan dataran Nusantara. Diproses dengan metode WetHulled dan Natural, menghadirkan nuansa berry jam, tobacco leaf, herb yang bersih namun penuh kedalaman. Sebuah penghormatan kepada artefak yang merekam lebih dari sekadar perjalanan.",Clean,Bali Kintamani (Light / WetHulled): 400g (40%) | Flores Manggarai (Medium / Natural): 600g (60%) | total: 1000g,Cocok untuk AeroPress
S-AUT-010,Autumn,The Amber Descent,Turun gunung sambil membawa cerita — dan aroma tanah yang belum terlupakan.,Seasonal Blend,Inherited Chisel,The Amber Descent · Seasonal collection,Bali Kintamani Light Anaerobic 45% | Lampung Robusta Premium Dark SemiWashed 35% | Bali Kintamani Light WetHulled 20%,Medium,"Seperti alat ukur yang semakin akurat seiring bertambah usia, blend ini mempertemukan biji-biji dari Bali Kintamani serta Lampung Robusta Premium serta Bali Kintamani dalam sebuah komposisi yang menceritakan kekayaan dataran Nusantara. Diproses dengan metode Anaerobic dan SemiWashed, menghadirkan nuansa tobacco leaf, rum raisin, herb yang bersih namun penuh kedalaman. Diciptakan bagi mereka yang menemukan keindahan dalam sesuatu yang telah melalui banyak hal.",Smooth,Bali Kintamani (Light / Anaerobic): 450g (45%) | Lampung Robusta Premium (Dark / SemiWashed): 350g (35%) | Bali Kintamani (Light / WetHulled): 200g (20%) | total: 1000g,Best for Moka Pot
S-AUT-011,Autumn,The Amber Descent,Turun gunung sambil membawa cerita — dan aroma tanah yang belum terlupakan.,Seasonal Blend,Dented Altimeter,The Amber Descent · Seasonal collection,Kerinci Kayu Aro Medium Washed 45% | Lintong Onan Light SemiWashed 35% | Java Preanger Dark Washed 20%,Medium,"Seperti alat ukur yang semakin akurat seiring bertambah usia, blend ini mempertemukan biji-biji dari Kerinci Kayu Aro serta Lintong Onan serta Java Preanger dalam sebuah komposisi yang menceritakan kekayaan dataran Nusantara. Diproses dengan metode Washed dan SemiWashed, menghadirkan nuansa milk chocolate, mandarin, brown sugar yang bersih namun penuh kedalaman. Diwariskan dari tangan-tangan yang mengukur bumi sebelum peta pernah ada.",Round,Kerinci Kayu Aro (Medium / Washed): 450g (45%) | Lintong Onan (Light / SemiWashed): 350g (35%) | Java Preanger (Dark / Washed): 200g (20%) | total: 1000g,Cocok untuk French Press & Espresso
S-AUT-012,Autumn,The Amber Descent,Turun gunung sambil membawa cerita — dan aroma tanah yang belum terlupakan.,Seasonal Blend,Reliable Aneroid,The Amber Descent · Seasonal collection,Solok Radjo Medium Honey 60% | Semeru Dark Honey 25% | Lampung Robusta Premium Light Natural 15%,Medium,"Diilhami dari artefak yang bertahan melewati puluhan ekspedisi, blend ini mempertemukan biji-biji dari Solok Radjo serta Semeru serta Lampung Robusta Premium dalam sebuah komposisi yang menceritakan kekayaan dataran Nusantara. Diproses dengan metode Honey dan Natural, menghadirkan nuansa burnt caramel, smoked almond, toffee yang bersih namun penuh kedalaman. Diwariskan dari tangan-tangan yang mengukur bumi sebelum peta pernah ada.",Smooth,Solok Radjo (Medium / Honey): 600g (60%) | Semeru (Dark / Honey): 250g (25%) | Lampung Robusta Premium (Light / Natural): 150g (15%) | total: 1000g,Cocok untuk French Press & Espresso
S-AUT-013,Autumn,The Amber Descent,Turun gunung sambil membawa cerita — dan aroma tanah yang belum terlupakan.,Seasonal Blend,Cracked Sextant,The Amber Descent · Seasonal collection,Toraja Kalosi Medium WetHulled 50% | Toraja Kalosi Dark Washed 30% | Bali Kintamani Light SemiWashed 20%,Medium,"Diilhami dari artefak yang bertahan melewati puluhan ekspedisi, blend ini mempertemukan biji-biji dari Toraja Kalosi serta Toraja Kalosi serta Bali Kintamani dalam sebuah komposisi yang menceritakan kekayaan dataran Nusantara. Diproses dengan metode WetHulled dan Washed, menghadirkan nuansa earthy, dark roast, woody yang bersih namun penuh kedalaman. Untuk setiap penjelajah yang memahami bahwa alat terbaik adalah yang paling sering dipakai.",Medium Body,Toraja Kalosi (Medium / WetHulled): 500g (50%) | Toraja Kalosi (Dark / Washed): 300g (30%) | Bali Kintamani (Light / SemiWashed): 200g (20%) | total: 1000g,Cocok untuk French Press & Espresso
S-AUT-014,Autumn,The Amber Descent,Turun gunung sambil membawa cerita — dan aroma tanah yang belum terlupakan.,Seasonal Blend,Dented Penknife,The Amber Descent · Seasonal collection,Java Manglayang Medium Honey 50% | Arjuno Dark Wine 25% | Java Sindoro Dark WetHulled 25%,Dark,"Seperti kompas yang selalu menunjuk ke tempat yang tepat, blend ini mempertemukan biji-biji dari Java Manglayang serta Arjuno serta Java Sindoro dalam sebuah komposisi yang menceritakan kekayaan dataran Nusantara. Diproses dengan metode Honey dan Wine, menghadirkan nuansa aged wine, honey, smoked plum yang bersih namun penuh kedalaman. Diciptakan bagi mereka yang menemukan keindahan dalam sesuatu yang telah melalui banyak hal.",Thick,Java Manglayang (Medium / Honey): 500g (50%) | Arjuno (Dark / Wine): 250g (25%) | Java Sindoro (Dark / WetHulled): 250g (25%) | total: 1000g,Ideal untuk Ristretto
S-AUT-015,Autumn,The Amber Descent,Turun gunung sambil membawa cerita — dan aroma tanah yang belum terlupakan.,Seasonal Blend,Patinated Survey Map,The Amber Descent · Seasonal collection,Flores Bajawa Light SemiWashed 45% | Java Ciwidey Medium Wine 35% | Gunung Halu Light WetHulled 20%,Light,"Dari tangan-tangan yang pernah mengukur setiap jengkal dataran, blend ini mempertemukan biji-biji dari Flores Bajawa serta Java Ciwidey serta Gunung Halu dalam sebuah komposisi yang menceritakan kekayaan dataran Nusantara. Diproses dengan metode SemiWashed dan Wine, menghadirkan nuansa dark plum, roasted grape, mandarin yang bersih namun penuh kedalaman. Untuk setiap penjelajah yang memahami bahwa alat terbaik adalah yang paling sering dipakai.",Tea-like,Flores Bajawa (Light / SemiWashed): 450g (45%) | Java Ciwidey (Medium / Wine): 350g (35%) | Gunung Halu (Light / WetHulled): 200g (20%) | total: 1000g,Best for V60
S-AUT-016,Autumn,The Amber Descent,Turun gunung sambil membawa cerita — dan aroma tanah yang belum terlupakan.,Seasonal Blend,Weathered Astrolabe,The Amber Descent · Seasonal collection,Flores Manggarai Light Natural 55% | Java Ijen Raung Medium Wine 45%,Light,"Seperti alat ukur yang semakin akurat seiring bertambah usia, blend ini mempertemukan biji-biji dari Flores Manggarai serta Java Ijen Raung dalam sebuah komposisi yang menceritakan kekayaan dataran Nusantara. Diproses dengan metode Natural dan Wine, menghadirkan nuansa hibiscus, roasted grape, balsamic yang bersih namun penuh kedalaman. Diwariskan dari tangan-tangan yang mengukur bumi sebelum peta pernah ada.",Light Body,Flores Manggarai (Light / Natural): 550g (55%) | Java Ijen Raung (Medium / Wine): 450g (45%) | total: 1000g,Ideal for Chemex
S-AUT-017,Autumn,The Amber Descent,Turun gunung sambil membawa cerita — dan aroma tanah yang belum terlupakan.,Seasonal Blend,Rusted Barometer,The Amber Descent · Seasonal collection,Toraja Sapan Light Honey 45% | Java Garut Dark Washed 55%,Medium,"Terekam dalam logbook yang lusuh namun tak pernah salah, blend ini mempertemukan biji-biji dari Toraja Sapan serta Java Garut dalam sebuah komposisi yang menceritakan kekayaan dataran Nusantara. Diproses dengan metode Honey dan Washed, menghadirkan nuansa honeysuckle, nectarine, floral yang bersih namun penuh kedalaman. Diciptakan bagi mereka yang menemukan keindahan dalam sesuatu yang telah melalui banyak hal.",Velvety,Toraja Sapan (Light / Honey): 450g (45%) | Java Garut (Dark / Washed): 550g (55%) | total: 1000g,Versatile for Espresso & Filter
S-AUT-018,Autumn,The Amber Descent,Turun gunung sambil membawa cerita — dan aroma tanah yang belum terlupakan.,Seasonal Blend,Polished Transit,The Amber Descent · Seasonal collection,Gunung Halu Dark Natural 45% | Java Puntang Medium Washed 55%,Medium,"Terekam dalam logbook yang lusuh namun tak pernah salah, blend ini mempertemukan biji-biji dari Gunung Halu serta Java Puntang dalam sebuah komposisi yang menceritakan kekayaan dataran Nusantara. Diproses dengan metode Natural dan Washed, menghadirkan nuansa espresso, tar, charcoal yang bersih namun penuh kedalaman. Diciptakan bagi mereka yang menemukan keindahan dalam sesuatu yang telah melalui banyak hal.",Medium Body,Gunung Halu (Dark / Natural): 450g (45%) | Java Puntang (Medium / Washed): 550g (55%) | total: 1000g,Versatile for Espresso & Filter
S-AUT-019,Autumn,The Amber Descent,Turun gunung sambil membawa cerita — dan aroma tanah yang belum terlupakan.,Seasonal Blend,Field-worn Survey Map,The Amber Descent · Seasonal collection,Papua Wamena Light Wine 45% | Java Temanggung Medium SemiWashed 55%,Light,"Dari tangan-tangan yang pernah mengukur setiap jengkal dataran, blend ini mempertemukan biji-biji dari Papua Wamena serta Java Temanggung dalam sebuah komposisi yang menceritakan kekayaan dataran Nusantara. Diproses dengan metode Wine dan SemiWashed, menghadirkan nuansa wine, grape must, plum yang bersih namun penuh kedalaman. Untuk setiap penjelajah yang memahami bahwa alat terbaik adalah yang paling sering dipakai.",Light Body,Papua Wamena (Light / Wine): 450g (45%) | Java Temanggung (Medium / SemiWashed): 550g (55%) | total: 1000g,Best for V60
S-AUT-020,Autumn,The Amber Descent,Turun gunung sambil membawa cerita — dan aroma tanah yang belum terlupakan.,Seasonal Blend,Hammered Protractor,The Amber Descent · Seasonal collection,Bukit Barisan Medium WetHulled 40% | Java Temanggung Dark Anaerobic 60%,Dark,"Seperti kompas yang selalu menunjuk ke tempat yang tepat, blend ini mempertemukan biji-biji dari Bukit Barisan serta Java Temanggung dalam sebuah komposisi yang menceritakan kekayaan dataran Nusantara. Diproses dengan metode WetHulled dan Anaerobic, menghadirkan nuansa black cherry, woody, leather yang bersih namun penuh kedalaman. Diciptakan bagi mereka yang menemukan keindahan dalam sesuatu yang telah melalui banyak hal.",Syrupy,Bukit Barisan (Medium / WetHulled): 400g (40%) | Java Temanggung (Dark / Anaerobic): 600g (60%) | total: 1000g,Ideal untuk Ristretto
S-AUT-021,Autumn,The Amber Descent,Turun gunung sambil membawa cerita — dan aroma tanah yang belum terlupakan.,Seasonal Blend,Faded Pedometer,The Amber Descent · Seasonal collection,Lampung Robusta Premium Dark SemiWashed 40% | Sembalun Rinjani Medium Wine 35% | Bukit Barisan Dark Wine 25%,Dark,"Ditemukan dalam catatan perjalanan seorang penjelajah tua, blend ini mempertemukan biji-biji dari Lampung Robusta Premium serta Sembalun Rinjani serta Bukit Barisan dalam sebuah komposisi yang menceritakan kekayaan dataran Nusantara. Diproses dengan metode SemiWashed dan Wine, menghadirkan nuansa walnut, aged wine, intense spice yang bersih namun penuh kedalaman. Diwariskan dari tangan-tangan yang mengukur bumi sebelum peta pernah ada.",Thick,Lampung Robusta Premium (Dark / SemiWashed): 400g (40%) | Sembalun Rinjani (Medium / Wine): 350g (35%) | Bukit Barisan (Dark / Wine): 250g (25%) | total: 1000g,Best for Batch Brew
S-AUT-022,Autumn,The Amber Descent,Turun gunung sambil membawa cerita — dan aroma tanah yang belum terlupakan.,Seasonal Blend,Faded Odometer,The Amber Descent · Seasonal collection,Bukit Barisan Light Honey 40% | Gunung Halu Dark Washed 35% | Toraja Sapan Dark Anaerobic 25%,Medium,"Dari tangan-tangan yang pernah mengukur setiap jengkal dataran, blend ini mempertemukan biji-biji dari Bukit Barisan serta Gunung Halu serta Toraja Sapan dalam sebuah komposisi yang menceritakan kekayaan dataran Nusantara. Diproses dengan metode Honey dan Washed, menghadirkan nuansa honeysuckle, pear, apricot yang bersih namun penuh kedalaman. Diciptakan bagi mereka yang menemukan keindahan dalam sesuatu yang telah melalui banyak hal.",Round,Bukit Barisan (Light / Honey): 400g (40%) | Gunung Halu (Dark / Washed): 350g (35%) | Toraja Sapan (Dark / Anaerobic): 250g (25%) | total: 1000g,Cocok untuk French Press & Espresso
S-AUT-023,Autumn,The Amber Descent,Turun gunung sambil membawa cerita — dan aroma tanah yang belum terlupakan.,Seasonal Blend,Mended Field Notes,The Amber Descent · Seasonal collection,Papua Dogiyai Light WetHulled 50% | Sidikalang Medium WetHulled 25% | Toraja Sapan Light Honey 25%,Light,"Diilhami dari artefak yang bertahan melewati puluhan ekspedisi, blend ini mempertemukan biji-biji dari Papua Dogiyai serta Sidikalang serta Toraja Sapan dalam sebuah komposisi yang menceritakan kekayaan dataran Nusantara. Diproses dengan metode WetHulled dan Honey, menghadirkan nuansa tobacco leaf, tobacco, pear yang bersih namun penuh kedalaman. Diciptakan bagi mereka yang menemukan keindahan dalam sesuatu yang telah melalui banyak hal.",Tea-like,Papua Dogiyai (Light / WetHulled): 500g (50%) | Sidikalang (Medium / WetHulled): 250g (25%) | Toraja Sapan (Light / Honey): 250g (25%) | total: 1000g,Ideal for Chemex
S-AUT-024,Autumn,The Amber Descent,Turun gunung sambil membawa cerita — dan aroma tanah yang belum terlupakan.,Seasonal Blend,Field-worn Haversack,The Amber Descent · Seasonal collection,Papua Wamena Medium Anaerobic 60% | Flores Manggarai Medium Washed 25% | Java Ijen Raung Medium Natural 15%,Medium,"Dari tangan-tangan yang pernah mengukur setiap jengkal dataran, blend ini mempertemukan biji-biji dari Papua Wamena serta Flores Manggarai serta Java Ijen Raung dalam sebuah komposisi yang menceritakan kekayaan dataran Nusantara. Diproses dengan metode Anaerobic dan Washed, menghadirkan nuansa dark chocolate, brown sugar, milk chocolate yang bersih namun penuh kedalaman. Untuk setiap penjelajah yang memahami bahwa alat terbaik adalah yang paling sering dipakai.",Medium Body,Papua Wamena (Medium / Anaerobic): 600g (60%) | Flores Manggarai (Medium / Washed): 250g (25%) | Java Ijen Raung (Medium / Natural): 150g (15%) | total: 1000g,Versatile for Espresso & Filter
S-AUT-025,Autumn,The Amber Descent,Turun gunung sambil membawa cerita — dan aroma tanah yang belum terlupakan.,Seasonal Blend,Well-used Canteen,The Amber Descent · Seasonal collection,Dampit Malang Medium Anaerobic 45% | Lintong Onan Dark Natural 55%,Dark,"Dari tangan-tangan yang pernah mengukur setiap jengkal dataran, blend ini mempertemukan biji-biji dari Dampit Malang serta Lintong Onan dalam sebuah komposisi yang menceritakan kekayaan dataran Nusantara. Diproses dengan metode Anaerobic dan Natural, menghadirkan nuansa cacao nib, charcoal, espresso yang bersih namun penuh kedalaman. Diciptakan bagi mereka yang menemukan keindahan dalam sesuatu yang telah melalui banyak hal.",Full Body,Dampit Malang (Medium / Anaerobic): 450g (45%) | Lintong Onan (Dark / Natural): 550g (55%) | total: 1000g,Cocok untuk Cold Brew
S-AUT-026,Autumn,The Amber Descent,Turun gunung sambil membawa cerita — dan aroma tanah yang belum terlupakan.,Seasonal Blend,Weathered Planimeter,The Amber Descent · Seasonal collection,Bengkulu Light Wine 50% | Java Sindoro Light SemiWashed 50%,Light,"Seperti alat ukur yang semakin akurat seiring bertambah usia, blend ini mempertemukan biji-biji dari Bengkulu serta Java Sindoro dalam sebuah komposisi yang menceritakan kekayaan dataran Nusantara. Diproses dengan metode Wine dan SemiWashed, menghadirkan nuansa grape must, plum, light caramel yang bersih namun penuh kedalaman. Diciptakan bagi mereka yang menemukan keindahan dalam sesuatu yang telah melalui banyak hal.",Delicate,Bengkulu (Light / Wine): 500g (50%) | Java Sindoro (Light / SemiWashed): 500g (50%) | total: 1000g,Cocok untuk AeroPress
S-AUT-027,Autumn,The Amber Descent,Turun gunung sambil membawa cerita — dan aroma tanah yang belum terlupakan.,Seasonal Blend,Storied Hammer,The Amber Descent · Seasonal collection,Java Preanger Medium Wine 45% | Lampung Robusta Premium Dark Anaerobic 35% | Papua Dogiyai Light Honey 20%,Medium,"Terekam dalam logbook yang lusuh namun tak pernah salah, blend ini mempertemukan biji-biji dari Java Preanger serta Lampung Robusta Premium serta Papua Dogiyai dalam sebuah komposisi yang menceritakan kekayaan dataran Nusantara. Diproses dengan metode Wine dan Anaerobic, menghadirkan nuansa honeysuckle, black cherry, apricot yang bersih namun penuh kedalaman. Diwariskan dari tangan-tangan yang mengukur bumi sebelum peta pernah ada.",Round,Java Preanger (Medium / Wine): 450g (45%) | Lampung Robusta Premium (Dark / Anaerobic): 350g (35%) | Papua Dogiyai (Light / Honey): 200g (20%) | total: 1000g,Cocok untuk French Press & Espresso
S-AUT-028,Autumn,The Amber Descent,Turun gunung sambil membawa cerita — dan aroma tanah yang belum terlupakan.,Seasonal Blend,Weathered Clinometer,The Amber Descent · Seasonal collection,Bengkulu Dark WetHulled 45% | Temanggung Medium Natural 35% | Bengkulu Light Natural 20%,Medium,"Seperti kompas yang selalu menunjuk ke tempat yang tepat, blend ini mempertemukan biji-biji dari Bengkulu serta Temanggung serta Bengkulu dalam sebuah komposisi yang menceritakan kekayaan dataran Nusantara. Diproses dengan metode WetHulled dan Natural, menghadirkan nuansa dried fig, bark, molasses yang bersih namun penuh kedalaman. Diwariskan dari tangan-tangan yang mengukur bumi sebelum peta pernah ada.",Balanced,Bengkulu (Dark / WetHulled): 450g (45%) | Temanggung (Medium / Natural): 350g (35%) | Bengkulu (Light / Natural): 200g (20%) | total: 1000g,Versatile for Espresso & Filter
S-AUT-029,Autumn,The Amber Descent,Turun gunung sambil membawa cerita — dan aroma tanah yang belum terlupakan.,Seasonal Blend,Tarnished Sextant,The Amber Descent · Seasonal collection,Java Sindoro Medium Washed 45% | Bengkulu Light Honey 55%,Light,"Ditemukan dalam catatan perjalanan seorang penjelajah tua, blend ini mempertemukan biji-biji dari Java Sindoro serta Bengkulu dalam sebuah komposisi yang menceritakan kekayaan dataran Nusantara. Diproses dengan metode Washed dan Honey, menghadirkan nuansa white grape, hazelnut, honeysuckle yang bersih namun penuh kedalaman. Sebuah penghormatan kepada artefak yang merekam lebih dari sekadar perjalanan.",Silky,Java Sindoro (Medium / Washed): 450g (45%) | Bengkulu (Light / Honey): 550g (55%) | total: 1000g,Best for V60
S-AUT-030,Autumn,The Amber Descent,Turun gunung sambil membawa cerita — dan aroma tanah yang belum terlupakan.,Seasonal Blend,Weathered Haversack,The Amber Descent · Seasonal collection,Bukit Barisan Dark WetHulled 60% | Mandheling Dark Anaerobic 25% | Java Preanger Medium Anaerobic 15%,Dark,"Dari tangan-tangan yang pernah mengukur setiap jengkal dataran, blend ini mempertemukan biji-biji dari Bukit Barisan serta Mandheling serta Java Preanger dalam sebuah komposisi yang menceritakan kekayaan dataran Nusantara. Diproses dengan metode WetHulled dan Anaerobic, menghadirkan nuansa fermented cocoa, cacao nib, fermented fruit yang bersih namun penuh kedalaman. Diwariskan dari tangan-tangan yang mengukur bumi sebelum peta pernah ada.",Thick,Bukit Barisan (Dark / WetHulled): 600g (60%) | Mandheling (Dark / Anaerobic): 250g (25%) | Java Preanger (Medium / Anaerobic): 150g (15%) | total: 1000g,Cocok untuk Cold Brew
S-AUT-031,Autumn,The Amber Descent,Turun gunung sambil membawa cerita — dan aroma tanah yang belum terlupakan.,Seasonal Blend,Cracked Transit,The Amber Descent · Seasonal collection,Dampit Malang Light Honey 65% | Lintong Onan Dark Natural 35%,Medium,"Terekam dalam logbook yang lusuh namun tak pernah salah, blend ini mempertemukan biji-biji dari Dampit Malang serta Lintong Onan dalam sebuah komposisi yang menceritakan kekayaan dataran Nusantara. Diproses dengan metode Honey dan Natural, menghadirkan nuansa tar, apricot, pear yang bersih namun penuh kedalaman. Diciptakan bagi mereka yang menemukan keindahan dalam sesuatu yang telah melalui banyak hal.",Balanced,Dampit Malang (Light / Honey): 650g (65%) | Lintong Onan (Dark / Natural): 350g (35%) | total: 1000g,Versatile for Espresso & Filter
S-AUT-032,Autumn,The Amber Descent,Turun gunung sambil membawa cerita — dan aroma tanah yang belum terlupakan.,Seasonal Blend,Gilded Astrolabe,The Amber Descent · Seasonal collection,Sidikalang Medium Anaerobic 50% | Java Ijen Raung Light SemiWashed 25% | Toraja Kalosi Medium SemiWashed 25%,Medium,"Diilhami dari artefak yang bertahan melewati puluhan ekspedisi, blend ini mempertemukan biji-biji dari Sidikalang serta Java Ijen Raung serta Toraja Kalosi dalam sebuah komposisi yang menceritakan kekayaan dataran Nusantara. Diproses dengan metode Anaerobic dan SemiWashed, menghadirkan nuansa mandarin, oolong tea, tamarind yang bersih namun penuh kedalaman. Untuk setiap penjelajah yang memahami bahwa alat terbaik adalah yang paling sering dipakai.",Velvety,Sidikalang (Medium / Anaerobic): 500g (50%) | Java Ijen Raung (Light / SemiWashed): 250g (25%) | Toraja Kalosi (Medium / SemiWashed): 250g (25%) | total: 1000g,Best for Moka Pot
S-AUT-033,Autumn,The Amber Descent,Turun gunung sambil membawa cerita — dan aroma tanah yang belum terlupakan.,Seasonal Blend,Restored Survey Map,The Amber Descent · Seasonal collection,Bukit Barisan Light SemiWashed 50% | Arjuno Medium Honey 50%,Light,"Seperti alat ukur yang semakin akurat seiring bertambah usia, blend ini mempertemukan biji-biji dari Bukit Barisan serta Arjuno dalam sebuah komposisi yang menceritakan kekayaan dataran Nusantara. Diproses dengan metode SemiWashed dan Honey, menghadirkan nuansa dried apricot, honey, macadamia yang bersih namun penuh kedalaman. Untuk setiap penjelajah yang memahami bahwa alat terbaik adalah yang paling sering dipakai.",Delicate,Bukit Barisan (Light / SemiWashed): 500g (50%) | Arjuno (Medium / Honey): 500g (50%) | total: 1000g,Best for V60
S-AUT-034,Autumn,The Amber Descent,Turun gunung sambil membawa cerita — dan aroma tanah yang belum terlupakan.,Seasonal Blend,Scarred Penknife,The Amber Descent · Seasonal collection,Java Puntang Light Natural 40% | Java Ciwidey Light Wine 35% | Java Ciwidey Light WetHulled 25%,Light,"Seperti alat ukur yang semakin akurat seiring bertambah usia, blend ini mempertemukan biji-biji dari Java Puntang serta Java Ciwidey serta Java Ciwidey dalam sebuah komposisi yang menceritakan kekayaan dataran Nusantara. Diproses dengan metode Natural dan Wine, menghadirkan nuansa lime, tobacco leaf, strawberry yang bersih namun penuh kedalaman. Untuk setiap penjelajah yang memahami bahwa alat terbaik adalah yang paling sering dipakai.",Light Body,Java Puntang (Light / Natural): 400g (40%) | Java Ciwidey (Light / Wine): 350g (35%) | Java Ciwidey (Light / WetHulled): 250g (25%) | total: 1000g,Best for V60
S-AUT-035,Autumn,The Amber Descent,Turun gunung sambil membawa cerita — dan aroma tanah yang belum terlupakan.,Seasonal Blend,Field-worn Theodolite,The Amber Descent · Seasonal collection,Flores Bajawa Dark Honey 55% | Sembalun Rinjani Medium SemiWashed 45%,Dark,"Dari tangan-tangan yang pernah mengukur setiap jengkal dataran, blend ini mempertemukan biji-biji dari Flores Bajawa serta Sembalun Rinjani dalam sebuah komposisi yang menceritakan kekayaan dataran Nusantara. Diproses dengan metode Honey dan SemiWashed, menghadirkan nuansa roasted nut, apricot jam, vanilla yang bersih namun penuh kedalaman. Diciptakan bagi mereka yang menemukan keindahan dalam sesuatu yang telah melalui banyak hal.",Full Body,Flores Bajawa (Dark / Honey): 550g (55%) | Sembalun Rinjani (Medium / SemiWashed): 450g (45%) | total: 1000g,Best for Batch Brew
S-AUT-036,Autumn,The Amber Descent,Turun gunung sambil membawa cerita — dan aroma tanah yang belum terlupakan.,Seasonal Blend,Rusted Chisel,The Amber Descent · Seasonal collection,Java Manglayang Light Natural 55% | Flores Bajawa Dark WetHulled 45%,Medium,"Ditemukan dalam catatan perjalanan seorang penjelajah tua, blend ini mempertemukan biji-biji dari Java Manglayang serta Flores Bajawa dalam sebuah komposisi yang menceritakan kekayaan dataran Nusantara. Diproses dengan metode Natural dan WetHulled, menghadirkan nuansa peat, strawberry, clove yang bersih namun penuh kedalaman. Sebuah penghormatan kepada artefak yang merekam lebih dari sekadar perjalanan.",Velvety,Java Manglayang (Light / Natural): 550g (55%) | Flores Bajawa (Dark / WetHulled): 450g (45%) | total: 1000g,Best for Moka Pot
S-AUT-037,Autumn,The Amber Descent,Turun gunung sambil membawa cerita — dan aroma tanah yang belum terlupakan.,Seasonal Blend,Rusted Sextant,The Amber Descent · Seasonal collection,Java Puntang Light Honey 45% | Dampit Malang Dark Anaerobic 55%,Medium,"Ditemukan dalam catatan perjalanan seorang penjelajah tua, blend ini mempertemukan biji-biji dari Java Puntang serta Dampit Malang dalam sebuah komposisi yang menceritakan kekayaan dataran Nusantara. Diproses dengan metode Honey dan Anaerobic, menghadirkan nuansa black cherry, dark rum, honeysuckle yang bersih namun penuh kedalaman. Diciptakan bagi mereka yang menemukan keindahan dalam sesuatu yang telah melalui banyak hal.",Smooth,Java Puntang (Light / Honey): 450g (45%) | Dampit Malang (Dark / Anaerobic): 550g (55%) | total: 1000g,Best for Moka Pot
S-AUT-038,Autumn,The Amber Descent,Turun gunung sambil membawa cerita — dan aroma tanah yang belum terlupakan.,Seasonal Blend,Burnished Chronometer,The Amber Descent · Seasonal collection,Java Manglayang Light Honey 45% | Toraja Sapan Light Honey 55%,Light,"Ditemukan dalam catatan perjalanan seorang penjelajah tua, blend ini mempertemukan biji-biji dari Java Manglayang serta Toraja Sapan dalam sebuah komposisi yang menceritakan kekayaan dataran Nusantara. Diproses dengan metode Honey, menghadirkan nuansa white grape, apricot, honeysuckle yang bersih namun penuh kedalaman. Diciptakan bagi mereka yang menemukan keindahan dalam sesuatu yang telah melalui banyak hal.",Light Body,Java Manglayang (Light / Honey): 450g (45%) | Toraja Sapan (Light / Honey): 550g (55%) | total: 1000g,Cocok untuk AeroPress
S-AUT-039,Autumn,The Amber Descent,Turun gunung sambil membawa cerita — dan aroma tanah yang belum terlupakan.,Seasonal Blend,Worn Hammer,The Amber Descent · Seasonal collection,Sembalun Rinjani Dark Wine 40% | Java Preanger Light Washed 35% | Solok Radjo Medium SemiWashed 25%,Medium,"Terekam dalam logbook yang lusuh namun tak pernah salah, blend ini mempertemukan biji-biji dari Sembalun Rinjani serta Java Preanger serta Solok Radjo dalam sebuah komposisi yang menceritakan kekayaan dataran Nusantara. Diproses dengan metode Wine dan Washed, menghadirkan nuansa tobacco, milk caramel, green tea yang bersih namun penuh kedalaman. Untuk setiap penjelajah yang memahami bahwa alat terbaik adalah yang paling sering dipakai.",Round,Sembalun Rinjani (Dark / Wine): 400g (40%) | Java Preanger (Light / Washed): 350g (35%) | Solok Radjo (Medium / SemiWashed): 250g (25%) | total: 1000g,Best for Moka Pot
S-AUT-040,Autumn,The Amber Descent,Turun gunung sambil membawa cerita — dan aroma tanah yang belum terlupakan.,Seasonal Blend,Well-used Altimeter,The Amber Descent · Seasonal collection,Bengkulu Light Wine 45% | Java Sindoro Dark SemiWashed 35% | Gunung Halu Dark Natural 20%,Medium,"Seperti alat ukur yang semakin akurat seiring bertambah usia, blend ini mempertemukan biji-biji dari Bengkulu serta Java Sindoro serta Gunung Halu dalam sebuah komposisi yang menceritakan kekayaan dataran Nusantara. Diproses dengan metode Wine dan SemiWashed, menghadirkan nuansa tar, licorice, intense spice yang bersih namun penuh kedalaman. Untuk setiap penjelajah yang memahami bahwa alat terbaik adalah yang paling sering dipakai.",Velvety,Bengkulu (Light / Wine): 450g (45%) | Java Sindoro (Dark / SemiWashed): 350g (35%) | Gunung Halu (Dark / Natural): 200g (20%) | total: 1000g,Cocok untuk French Press & Espresso
S-AUT-041,Autumn,The Amber Descent,Turun gunung sambil membawa cerita — dan aroma tanah yang belum terlupakan.,Seasonal Blend,Trail-kept Flask,The Amber Descent · Seasonal collection,Java Sindoro Medium Wine 45% | Toraja Kalosi Light WetHulled 55%,Light,"Dari tangan-tangan yang pernah mengukur setiap jengkal dataran, blend ini mempertemukan biji-biji dari Java Sindoro serta Toraja Kalosi dalam sebuah komposisi yang menceritakan kekayaan dataran Nusantara. Diproses dengan metode Wine dan WetHulled, menghadirkan nuansa balsamic, espresso, dark plum yang bersih namun penuh kedalaman. Diciptakan bagi mereka yang menemukan keindahan dalam sesuatu yang telah melalui banyak hal.",Delicate,Java Sindoro (Medium / Wine): 450g (45%) | Toraja Kalosi (Light / WetHulled): 550g (55%) | total: 1000g,Cocok untuk AeroPress
S-AUT-042,Autumn,The Amber Descent,Turun gunung sambil membawa cerita — dan aroma tanah yang belum terlupakan.,Seasonal Blend,Polished Odometer,The Amber Descent · Seasonal collection,Toraja Kalosi Light Wine 60% | Flores Manggarai Dark WetHulled 40%,Medium,"Diilhami dari artefak yang bertahan melewati puluhan ekspedisi, blend ini mempertemukan biji-biji dari Toraja Kalosi serta Flores Manggarai dalam sebuah komposisi yang menceritakan kekayaan dataran Nusantara. Diproses dengan metode Wine dan WetHulled, menghadirkan nuansa intense earth, wine, plum yang bersih namun penuh kedalaman. Diciptakan bagi mereka yang menemukan keindahan dalam sesuatu yang telah melalui banyak hal.",Velvety,Toraja Kalosi (Light / Wine): 600g (60%) | Flores Manggarai (Dark / WetHulled): 400g (40%) | total: 1000g,Cocok untuk French Press & Espresso
S-AUT-043,Autumn,The Amber Descent,Turun gunung sambil membawa cerita — dan aroma tanah yang belum terlupakan.,Seasonal Blend,Hammered Haversack,The Amber Descent · Seasonal collection,Sembalun Rinjani Medium WetHulled 40% | Flores Manggarai Dark Natural 60%,Dark,"Seperti alat ukur yang semakin akurat seiring bertambah usia, blend ini mempertemukan biji-biji dari Sembalun Rinjani serta Flores Manggarai dalam sebuah komposisi yang menceritakan kekayaan dataran Nusantara. Diproses dengan metode WetHulled dan Natural, menghadirkan nuansa mushroom, charcoal, spice yang bersih namun penuh kedalaman. Sebuah penghormatan kepada artefak yang merekam lebih dari sekadar perjalanan.",Heavy Body,Sembalun Rinjani (Medium / WetHulled): 400g (40%) | Flores Manggarai (Dark / Natural): 600g (60%) | total: 1000g,Best for Batch Brew
S-AUT-044,Autumn,The Amber Descent,Turun gunung sambil membawa cerita — dan aroma tanah yang belum terlupakan.,Seasonal Blend,True Logbook,The Amber Descent · Seasonal collection,Bali Ulian Medium SemiWashed 55% | Papua Wamena Medium Anaerobic 45%,Medium,"Ditemukan dalam catatan perjalanan seorang penjelajah tua, blend ini mempertemukan biji-biji dari Bali Ulian serta Papua Wamena dalam sebuah komposisi yang menceritakan kekayaan dataran Nusantara. Diproses dengan metode SemiWashed dan Anaerobic, menghadirkan nuansa fermented fruit, tropical punch, cacao nib yang bersih namun penuh kedalaman. Sebuah penghormatan kepada artefak yang merekam lebih dari sekadar perjalanan.",Velvety,Bali Ulian (Medium / SemiWashed): 550g (55%) | Papua Wamena (Medium / Anaerobic): 450g (45%) | total: 1000g,Versatile for Espresso & Filter
S-AUT-045,Autumn,The Amber Descent,Turun gunung sambil membawa cerita — dan aroma tanah yang belum terlupakan.,Seasonal Blend,Cracked Chronometer,The Amber Descent · Seasonal collection,Java Garut Dark Washed 45% | Semeru Medium Anaerobic 35% | Lampung Robusta Premium Dark Wine 20%,Dark,"Dari tangan-tangan yang pernah mengukur setiap jengkal dataran, blend ini mempertemukan biji-biji dari Java Garut serta Semeru serta Lampung Robusta Premium dalam sebuah komposisi yang menceritakan kekayaan dataran Nusantara. Diproses dengan metode Washed dan Anaerobic, menghadirkan nuansa tropical punch, fermented fruit, smoked plum yang bersih namun penuh kedalaman. Untuk setiap penjelajah yang memahami bahwa alat terbaik adalah yang paling sering dipakai.",Syrupy,Java Garut (Dark / Washed): 450g (45%) | Semeru (Medium / Anaerobic): 350g (35%) | Lampung Robusta Premium (Dark / Wine): 200g (20%) | total: 1000g,Best for Batch Brew
S-AUT-046,Autumn,The Amber Descent,Turun gunung sambil membawa cerita — dan aroma tanah yang belum terlupakan.,Seasonal Blend,Well-used Chronometer,The Amber Descent · Seasonal collection,Bengkulu Dark Anaerobic 70% | Mandheling Medium SemiWashed 30%,Dark,"Diilhami dari artefak yang bertahan melewati puluhan ekspedisi, blend ini mempertemukan biji-biji dari Bengkulu serta Mandheling dalam sebuah komposisi yang menceritakan kekayaan dataran Nusantara. Diproses dengan metode Anaerobic dan SemiWashed, menghadirkan nuansa apricot jam, vanilla, dark rum yang bersih namun penuh kedalaman. Untuk setiap penjelajah yang memahami bahwa alat terbaik adalah yang paling sering dipakai.",Thick,Bengkulu (Dark / Anaerobic): 700g (70%) | Mandheling (Medium / SemiWashed): 300g (30%) | total: 1000g,Best for Batch Brew
S-AUT-047,Autumn,The Amber Descent,Turun gunung sambil membawa cerita — dan aroma tanah yang belum terlupakan.,Seasonal Blend,Worn Compass,The Amber Descent · Seasonal collection,Bali Ulian Light SemiWashed 40% | Java Manglayang Light Honey 60%,Light,"Ditemukan dalam catatan perjalanan seorang penjelajah tua, blend ini mempertemukan biji-biji dari Bali Ulian serta Java Manglayang dalam sebuah komposisi yang menceritakan kekayaan dataran Nusantara. Diproses dengan metode SemiWashed dan Honey, menghadirkan nuansa honeysuckle, papaya, mandarin yang bersih namun penuh kedalaman. Untuk setiap penjelajah yang memahami bahwa alat terbaik adalah yang paling sering dipakai.",Delicate,Bali Ulian (Light / SemiWashed): 400g (40%) | Java Manglayang (Light / Honey): 600g (60%) | total: 1000g,Best for V60
S-AUT-048,Autumn,The Amber Descent,Turun gunung sambil membawa cerita — dan aroma tanah yang belum terlupakan.,Seasonal Blend,Well-used Mallet,The Amber Descent · Seasonal collection,Papua Wamena Light Washed 45% | Lintong Onan Dark Natural 35% | Java Ijen Raung Medium Anaerobic 20%,Medium,"Diilhami dari artefak yang bertahan melewati puluhan ekspedisi, blend ini mempertemukan biji-biji dari Papua Wamena serta Lintong Onan serta Java Ijen Raung dalam sebuah komposisi yang menceritakan kekayaan dataran Nusantara. Diproses dengan metode Washed dan Natural, menghadirkan nuansa licorice, tamarind, bergamot yang bersih namun penuh kedalaman. Diwariskan dari tangan-tangan yang mengukur bumi sebelum peta pernah ada.",Velvety,Papua Wamena (Light / Washed): 450g (45%) | Lintong Onan (Dark / Natural): 350g (35%) | Java Ijen Raung (Medium / Anaerobic): 200g (20%) | total: 1000g,Best for Moka Pot
S-AUT-049,Autumn,The Amber Descent,Turun gunung sambil membawa cerita — dan aroma tanah yang belum terlupakan.,Seasonal Blend,Reliable Chronometer,The Amber Descent · Seasonal collection,Gunung Halu Light Washed 40% | Lampung Robusta Premium Light Honey 60%,Light,"Ditemukan dalam catatan perjalanan seorang penjelajah tua, blend ini mempertemukan biji-biji dari Gunung Halu serta Lampung Robusta Premium dalam sebuah komposisi yang menceritakan kekayaan dataran Nusantara. Diproses dengan metode Washed dan Honey, menghadirkan nuansa apricot, peach, lemon zest yang bersih namun penuh kedalaman. Diciptakan bagi mereka yang menemukan keindahan dalam sesuatu yang telah melalui banyak hal.",Light Body,Gunung Halu (Light / Washed): 400g (40%) | Lampung Robusta Premium (Light / Honey): 600g (60%) | total: 1000g,Cocok untuk AeroPress
S-AUT-050,Autumn,The Amber Descent,Turun gunung sambil membawa cerita — dan aroma tanah yang belum terlupakan.,Seasonal Blend,Inherited Chronometer,The Amber Descent · Seasonal collection,Toraja Kalosi Dark Honey 45% | Mandheling Dark Washed 35% | Flores Manggarai Dark Anaerobic 20%,Dark,"Diilhami dari artefak yang bertahan melewati puluhan ekspedisi, blend ini mempertemukan biji-biji dari Toraja Kalosi serta Mandheling serta Flores Manggarai dalam sebuah komposisi yang menceritakan kekayaan dataran Nusantara. Diproses dengan metode Honey dan Washed, menghadirkan nuansa fermented cocoa, smoked almond, dark rum yang bersih namun penuh kedalaman. Diwariskan dari tangan-tangan yang mengukur bumi sebelum peta pernah ada.",Bold,Toraja Kalosi (Dark / Honey): 450g (45%) | Mandheling (Dark / Washed): 350g (35%) | Flores Manggarai (Dark / Anaerobic): 200g (20%) | total: 1000g,Ideal untuk Ristretto
S-AUT-051,Autumn,The Amber Descent,Turun gunung sambil membawa cerita — dan aroma tanah yang belum terlupakan.,Seasonal Blend,Hammered Canteen,The Amber Descent · Seasonal collection,Lampung Robusta Premium Dark WetHulled 50% | Bukit Barisan Light Honey 30% | Java Ciwidey Medium Washed 20%,Medium,"Seperti kompas yang selalu menunjuk ke tempat yang tepat, blend ini mempertemukan biji-biji dari Lampung Robusta Premium serta Bukit Barisan serta Java Ciwidey dalam sebuah komposisi yang menceritakan kekayaan dataran Nusantara. Diproses dengan metode WetHulled dan Honey, menghadirkan nuansa milk chocolate, clove, almond yang bersih namun penuh kedalaman. Sebuah penghormatan kepada artefak yang merekam lebih dari sekadar perjalanan.",Smooth,Lampung Robusta Premium (Dark / WetHulled): 500g (50%) | Bukit Barisan (Light / Honey): 300g (30%) | Java Ciwidey (Medium / Washed): 200g (20%) | total: 1000g,Versatile for Espresso & Filter
S-AUT-052,Autumn,The Amber Descent,Turun gunung sambil membawa cerita — dan aroma tanah yang belum terlupakan.,Seasonal Blend,Engraved Canteen,The Amber Descent · Seasonal collection,Java Temanggung Light Wine 60% | Temanggung Medium Wine 25% | Dampit Malang Medium WetHulled 15%,Light,"Seperti kompas yang selalu menunjuk ke tempat yang tepat, blend ini mempertemukan biji-biji dari Java Temanggung serta Temanggung serta Dampit Malang dalam sebuah komposisi yang menceritakan kekayaan dataran Nusantara. Diproses dengan metode Wine dan WetHulled, menghadirkan nuansa wine, balsamic, espresso yang bersih namun penuh kedalaman. Sebuah penghormatan kepada artefak yang merekam lebih dari sekadar perjalanan.",Delicate,Java Temanggung (Light / Wine): 600g (60%) | Temanggung (Medium / Wine): 250g (25%) | Dampit Malang (Medium / WetHulled): 150g (15%) | total: 1000g,Ideal for Chemex
S-AUT-053,Autumn,The Amber Descent,Turun gunung sambil membawa cerita — dan aroma tanah yang belum terlupakan.,Seasonal Blend,Scarred Hammer,The Amber Descent · Seasonal collection,Bukit Barisan Dark SemiWashed 40% | Mandheling Light SemiWashed 60%,Medium,"Diilhami dari artefak yang bertahan melewati puluhan ekspedisi, blend ini mempertemukan biji-biji dari Bukit Barisan serta Mandheling dalam sebuah komposisi yang menceritakan kekayaan dataran Nusantara. Diproses dengan metode SemiWashed, menghadirkan nuansa roasted grain, walnut, oolong tea yang bersih namun penuh kedalaman. Diwariskan dari tangan-tangan yang mengukur bumi sebelum peta pernah ada.",Balanced,Bukit Barisan (Dark / SemiWashed): 400g (40%) | Mandheling (Light / SemiWashed): 600g (60%) | total: 1000g,Cocok untuk French Press & Espresso
S-AUT-054,Autumn,The Amber Descent,Turun gunung sambil membawa cerita — dan aroma tanah yang belum terlupakan.,Seasonal Blend,Timeworn Rucksack,The Amber Descent · Seasonal collection,Solok Radjo Medium WetHulled 50% | Java Ijen Raung Light SemiWashed 50%,Light,"Diilhami dari artefak yang bertahan melewati puluhan ekspedisi, blend ini mempertemukan biji-biji dari Solok Radjo serta Java Ijen Raung dalam sebuah komposisi yang menceritakan kekayaan dataran Nusantara. Diproses dengan metode WetHulled dan SemiWashed, menghadirkan nuansa papaya, mandarin, woody yang bersih namun penuh kedalaman. Diciptakan bagi mereka yang menemukan keindahan dalam sesuatu yang telah melalui banyak hal.",Clean,Solok Radjo (Medium / WetHulled): 500g (50%) | Java Ijen Raung (Light / SemiWashed): 500g (50%) | total: 1000g,Best for V60
S-AUT-055,Autumn,The Amber Descent,Turun gunung sambil membawa cerita — dan aroma tanah yang belum terlupakan.,Seasonal Blend,Antique Compass,The Amber Descent · Seasonal collection,Temanggung Light WetHulled 70% | Flores Manggarai Light Wine 30%,Light,"Seperti alat ukur yang semakin akurat seiring bertambah usia, blend ini mempertemukan biji-biji dari Temanggung serta Flores Manggarai dalam sebuah komposisi yang menceritakan kekayaan dataran Nusantara. Diproses dengan metode WetHulled dan Wine, menghadirkan nuansa dark cherry, grape must, blackcurrant yang bersih namun penuh kedalaman. Diwariskan dari tangan-tangan yang mengukur bumi sebelum peta pernah ada.",Silky,Temanggung (Light / WetHulled): 700g (70%) | Flores Manggarai (Light / Wine): 300g (30%) | total: 1000g,Cocok untuk AeroPress
S-AUT-056,Autumn,The Amber Descent,Turun gunung sambil membawa cerita — dan aroma tanah yang belum terlupakan.,Seasonal Blend,Antique Lantern,The Amber Descent · Seasonal collection,Java Ijen Raung Medium SemiWashed 45% | Temanggung Medium SemiWashed 55%,Medium,"Seperti alat ukur yang semakin akurat seiring bertambah usia, blend ini mempertemukan biji-biji dari Java Ijen Raung serta Temanggung dalam sebuah komposisi yang menceritakan kekayaan dataran Nusantara. Diproses dengan metode SemiWashed, menghadirkan nuansa roasted nut, milk caramel, vanilla yang bersih namun penuh kedalaman. Diwariskan dari tangan-tangan yang mengukur bumi sebelum peta pernah ada.",Balanced,Java Ijen Raung (Medium / SemiWashed): 450g (45%) | Temanggung (Medium / SemiWashed): 550g (55%) | total: 1000g,Cocok untuk French Press & Espresso
S-AUT-057,Autumn,The Amber Descent,Turun gunung sambil membawa cerita — dan aroma tanah yang belum terlupakan.,Seasonal Blend,Scarred Protractor,The Amber Descent · Seasonal collection,Flores Manggarai Dark Washed 40% | Flores Bajawa Light WetHulled 35% | Bengkulu Dark Wine 25%,Medium,"Dari tangan-tangan yang pernah mengukur setiap jengkal dataran, blend ini mempertemukan biji-biji dari Flores Manggarai serta Flores Bajawa serta Bengkulu dalam sebuah komposisi yang menceritakan kekayaan dataran Nusantara. Diproses dengan metode Washed dan WetHulled, menghadirkan nuansa tobacco leaf, cedar, smoky caramel yang bersih namun penuh kedalaman. Untuk setiap penjelajah yang memahami bahwa alat terbaik adalah yang paling sering dipakai.",Round,Flores Manggarai (Dark / Washed): 400g (40%) | Flores Bajawa (Light / WetHulled): 350g (35%) | Bengkulu (Dark / Wine): 250g (25%) | total: 1000g,Cocok untuk French Press & Espresso
S-AUT-058,Autumn,The Amber Descent,Turun gunung sambil membawa cerita — dan aroma tanah yang belum terlupakan.,Seasonal Blend,Cracked Penknife,The Amber Descent · Seasonal collection,Java Sindoro Light Anaerobic 70% | Bengkulu Medium Anaerobic 30%,Light,"Ditemukan dalam catatan perjalanan seorang penjelajah tua, blend ini mempertemukan biji-biji dari Java Sindoro serta Bengkulu dalam sebuah komposisi yang menceritakan kekayaan dataran Nusantara. Diproses dengan metode Anaerobic, menghadirkan nuansa fermented fruit, cola, tropical punch yang bersih namun penuh kedalaman. Diciptakan bagi mereka yang menemukan keindahan dalam sesuatu yang telah melalui banyak hal.",Light Body,Java Sindoro (Light / Anaerobic): 700g (70%) | Bengkulu (Medium / Anaerobic): 300g (30%) | total: 1000g,Best for V60
S-AUT-059,Autumn,The Amber Descent,Turun gunung sambil membawa cerita — dan aroma tanah yang belum terlupakan.,Seasonal Blend,Gilded Field Notes,The Amber Descent · Seasonal collection,Toraja Sapan Medium WetHulled 40% | Lampung Robusta Premium Medium SemiWashed 35% | Java Garut Medium Anaerobic 25%,Medium,"Diilhami dari artefak yang bertahan melewati puluhan ekspedisi, blend ini mempertemukan biji-biji dari Toraja Sapan serta Lampung Robusta Premium serta Java Garut dalam sebuah komposisi yang menceritakan kekayaan dataran Nusantara. Diproses dengan metode WetHulled dan SemiWashed, menghadirkan nuansa apricot jam, fermented fruit, tropical punch yang bersih namun penuh kedalaman. Diwariskan dari tangan-tangan yang mengukur bumi sebelum peta pernah ada.",Medium Body,Toraja Sapan (Medium / WetHulled): 400g (40%) | Lampung Robusta Premium (Medium / SemiWashed): 350g (35%) | Java Garut (Medium / Anaerobic): 250g (25%) | total: 1000g,Versatile for Espresso & Filter
S-AUT-060,Autumn,The Amber Descent,Turun gunung sambil membawa cerita — dan aroma tanah yang belum terlupakan.,Seasonal Blend,Burnished Survey Map,The Amber Descent · Seasonal collection,Java Sindoro Light Washed 40% | Dampit Malang Dark WetHulled 60%,Medium,"Ditemukan dalam catatan perjalanan seorang penjelajah tua, blend ini mempertemukan biji-biji dari Java Sindoro serta Dampit Malang dalam sebuah komposisi yang menceritakan kekayaan dataran Nusantara. Diproses dengan metode Washed dan WetHulled, menghadirkan nuansa intense earth, dark tobacco, bergamot yang bersih namun penuh kedalaman. Diwariskan dari tangan-tangan yang mengukur bumi sebelum peta pernah ada.",Medium Body,Java Sindoro (Light / Washed): 400g (40%) | Dampit Malang (Dark / WetHulled): 600g (60%) | total: 1000g,Best for Moka Pot
S-AUT-061,Autumn,The Amber Descent,Turun gunung sambil membawa cerita — dan aroma tanah yang belum terlupakan.,Seasonal Blend,Cracked Field Notes,The Amber Descent · Seasonal collection,Wanoja Kamojang Dark Washed 70% | Bukit Barisan Light Anaerobic 30%,Medium,"Terekam dalam logbook yang lusuh namun tak pernah salah, blend ini mempertemukan biji-biji dari Wanoja Kamojang serta Bukit Barisan dalam sebuah komposisi yang menceritakan kekayaan dataran Nusantara. Diproses dengan metode Washed dan Anaerobic, menghadirkan nuansa rum raisin, bitter chocolate, dark roast yang bersih namun penuh kedalaman. Diciptakan bagi mereka yang menemukan keindahan dalam sesuatu yang telah melalui banyak hal.",Smooth,Wanoja Kamojang (Dark / Washed): 700g (70%) | Bukit Barisan (Light / Anaerobic): 300g (30%) | total: 1000g,Cocok untuk French Press & Espresso
S-AUT-062,Autumn,The Amber Descent,Turun gunung sambil membawa cerita — dan aroma tanah yang belum terlupakan.,Seasonal Blend,Restored Transit,The Amber Descent · Seasonal collection,Bali Kintamani Medium Wine 60% | Kerinci Kayu Aro Light Wine 40%,Light,"Diilhami dari artefak yang bertahan melewati puluhan ekspedisi, blend ini mempertemukan biji-biji dari Bali Kintamani serta Kerinci Kayu Aro dalam sebuah komposisi yang menceritakan kekayaan dataran Nusantara. Diproses dengan metode Wine, menghadirkan nuansa wine, espresso, port wine yang bersih namun penuh kedalaman. Untuk setiap penjelajah yang memahami bahwa alat terbaik adalah yang paling sering dipakai.",Light Body,Bali Kintamani (Medium / Wine): 600g (60%) | Kerinci Kayu Aro (Light / Wine): 400g (40%) | total: 1000g,Ideal for Chemex
S-AUT-063,Autumn,The Amber Descent,Turun gunung sambil membawa cerita — dan aroma tanah yang belum terlupakan.,Seasonal Blend,Handcrafted Barometer,The Amber Descent · Seasonal collection,Lintong Onan Light SemiWashed 60% | Java Preanger Medium Honey 25% | Sidikalang Light Wine 15%,Light,"Ditemukan dalam catatan perjalanan seorang penjelajah tua, blend ini mempertemukan biji-biji dari Lintong Onan serta Java Preanger serta Sidikalang dalam sebuah komposisi yang menceritakan kekayaan dataran Nusantara. Diproses dengan metode SemiWashed dan Honey, menghadirkan nuansa wine, macadamia, honey yang bersih namun penuh kedalaman. Untuk setiap penjelajah yang memahami bahwa alat terbaik adalah yang paling sering dipakai.",Clean,Lintong Onan (Light / SemiWashed): 600g (60%) | Java Preanger (Medium / Honey): 250g (25%) | Sidikalang (Light / Wine): 150g (15%) | total: 1000g,Ideal for Chemex
S-AUT-064,Autumn,The Amber Descent,Turun gunung sambil membawa cerita — dan aroma tanah yang belum terlupakan.,Seasonal Blend,Reliable Astrolabe,The Amber Descent · Seasonal collection,Sidikalang Light Natural 50% | Bali Ulian Dark Washed 25% | Sembalun Rinjani Medium WetHulled 25%,Medium,"Seperti kompas yang selalu menunjuk ke tempat yang tepat, blend ini mempertemukan biji-biji dari Sidikalang serta Bali Ulian serta Sembalun Rinjani dalam sebuah komposisi yang menceritakan kekayaan dataran Nusantara. Diproses dengan metode Natural dan Washed, menghadirkan nuansa molasses, tobacco, spice yang bersih namun penuh kedalaman. Diwariskan dari tangan-tangan yang mengukur bumi sebelum peta pernah ada.",Medium Body,Sidikalang (Light / Natural): 500g (50%) | Bali Ulian (Dark / Washed): 250g (25%) | Sembalun Rinjani (Medium / WetHulled): 250g (25%) | total: 1000g,Best for Moka Pot
S-AUT-065,Autumn,The Amber Descent,Turun gunung sambil membawa cerita — dan aroma tanah yang belum terlupakan.,Seasonal Blend,Faded Canteen,The Amber Descent · Seasonal collection,Java Temanggung Medium Anaerobic 65% | Gunung Halu Light WetHulled 35%,Light,"Terekam dalam logbook yang lusuh namun tak pernah salah, blend ini mempertemukan biji-biji dari Java Temanggung serta Gunung Halu dalam sebuah komposisi yang menceritakan kekayaan dataran Nusantara. Diproses dengan metode Anaerobic dan WetHulled, menghadirkan nuansa tamarind, cedar, tropical punch yang bersih namun penuh kedalaman. Sebuah penghormatan kepada artefak yang merekam lebih dari sekadar perjalanan.",Delicate,Java Temanggung (Medium / Anaerobic): 650g (65%) | Gunung Halu (Light / WetHulled): 350g (35%) | total: 1000g,Best for V60
S-AUT-066,Autumn,The Amber Descent,Turun gunung sambil membawa cerita — dan aroma tanah yang belum terlupakan.,Seasonal Blend,Hammered Rucksack,The Amber Descent · Seasonal collection,Aceh Gayo Medium Washed 40% | Flores Manggarai Dark WetHulled 60%,Dark,"Terekam dalam logbook yang lusuh namun tak pernah salah, blend ini mempertemukan biji-biji dari Aceh Gayo serta Flores Manggarai dalam sebuah komposisi yang menceritakan kekayaan dataran Nusantara. Diproses dengan metode Washed dan WetHulled, menghadirkan nuansa brown sugar, almond, clove yang bersih namun penuh kedalaman. Diciptakan bagi mereka yang menemukan keindahan dalam sesuatu yang telah melalui banyak hal.",Thick,Aceh Gayo (Medium / Washed): 400g (40%) | Flores Manggarai (Dark / WetHulled): 600g (60%) | total: 1000g,Best for Espresso
S-AUT-067,Autumn,The Amber Descent,Turun gunung sambil membawa cerita — dan aroma tanah yang belum terlupakan.,Seasonal Blend,Faded Planimeter,The Amber Descent · Seasonal collection,Temanggung Light Washed 60% | Arjuno Dark Honey 25% | Flores Bajawa Dark Anaerobic 15%,Medium,"Seperti kompas yang selalu menunjuk ke tempat yang tepat, blend ini mempertemukan biji-biji dari Temanggung serta Arjuno serta Flores Bajawa dalam sebuah komposisi yang menceritakan kekayaan dataran Nusantara. Diproses dengan metode Washed dan Honey, menghadirkan nuansa green tea, smoked almond, burnt caramel yang bersih namun penuh kedalaman. Sebuah penghormatan kepada artefak yang merekam lebih dari sekadar perjalanan.",Medium Body,Temanggung (Light / Washed): 600g (60%) | Arjuno (Dark / Honey): 250g (25%) | Flores Bajawa (Dark / Anaerobic): 150g (15%) | total: 1000g,Best for Moka Pot
S-AUT-068,Autumn,The Amber Descent,Turun gunung sambil membawa cerita — dan aroma tanah yang belum terlupakan.,Seasonal Blend,Well-used Transit,The Amber Descent · Seasonal collection,Solok Radjo Dark Anaerobic 65% | Java Sindoro Light Wine 35%,Medium,"Seperti kompas yang selalu menunjuk ke tempat yang tepat, blend ini mempertemukan biji-biji dari Solok Radjo serta Java Sindoro dalam sebuah komposisi yang menceritakan kekayaan dataran Nusantara. Diproses dengan metode Anaerobic dan Wine, menghadirkan nuansa grape must, fermented cocoa, dark rum yang bersih namun penuh kedalaman. Sebuah penghormatan kepada artefak yang merekam lebih dari sekadar perjalanan.",Smooth,Solok Radjo (Dark / Anaerobic): 650g (65%) | Java Sindoro (Light / Wine): 350g (35%) | total: 1000g,Cocok untuk French Press & Espresso
S-AUT-069,Autumn,The Amber Descent,Turun gunung sambil membawa cerita — dan aroma tanah yang belum terlupakan.,Seasonal Blend,Patinated Aneroid,The Amber Descent · Seasonal collection,Kerinci Kayu Aro Dark Honey 55% | Wanoja Kamojang Dark SemiWashed 45%,Dark,"Seperti kompas yang selalu menunjuk ke tempat yang tepat, blend ini mempertemukan biji-biji dari Kerinci Kayu Aro serta Wanoja Kamojang dalam sebuah komposisi yang menceritakan kekayaan dataran Nusantara. Diproses dengan metode Honey dan SemiWashed, menghadirkan nuansa intense spice, walnut, toffee yang bersih namun penuh kedalaman. Diwariskan dari tangan-tangan yang mengukur bumi sebelum peta pernah ada.",Heavy Body,Kerinci Kayu Aro (Dark / Honey): 550g (55%) | Wanoja Kamojang (Dark / SemiWashed): 450g (45%) | total: 1000g,Cocok untuk Cold Brew
S-AUT-070,Autumn,The Amber Descent,Turun gunung sambil membawa cerita — dan aroma tanah yang belum terlupakan.,Seasonal Blend,Timeworn Ledger,The Amber Descent · Seasonal collection,Arjuno Light Wine 60% | Wanoja Kamojang Dark Washed 25% | Java Puntang Medium Natural 15%,Light,"Dari tangan-tangan yang pernah mengukur setiap jengkal dataran, blend ini mempertemukan biji-biji dari Arjuno serta Wanoja Kamojang serta Java Puntang dalam sebuah komposisi yang menceritakan kekayaan dataran Nusantara. Diproses dengan metode Wine dan Washed, menghadirkan nuansa prune, dark cherry, berry jam yang bersih namun penuh kedalaman. Diciptakan bagi mereka yang menemukan keindahan dalam sesuatu yang telah melalui banyak hal.",Silky,Arjuno (Light / Wine): 600g (60%) | Wanoja Kamojang (Dark / Washed): 250g (25%) | Java Puntang (Medium / Natural): 150g (15%) | total: 1000g,Cocok untuk AeroPress
S-AUT-071,Autumn,The Amber Descent,Turun gunung sambil membawa cerita — dan aroma tanah yang belum terlupakan.,Seasonal Blend,Hardy Clinometer,The Amber Descent · Seasonal collection,Semeru Dark Washed 40% | Java Puntang Light WetHulled 35% | Arjuno Light Anaerobic 25%,Medium,"Diilhami dari artefak yang bertahan melewati puluhan ekspedisi, blend ini mempertemukan biji-biji dari Semeru serta Java Puntang serta Arjuno dalam sebuah komposisi yang menceritakan kekayaan dataran Nusantara. Diproses dengan metode Washed dan WetHulled, menghadirkan nuansa passion fruit, smoky caramel, molasses yang bersih namun penuh kedalaman. Diciptakan bagi mereka yang menemukan keindahan dalam sesuatu yang telah melalui banyak hal.",Smooth,Semeru (Dark / Washed): 400g (40%) | Java Puntang (Light / WetHulled): 350g (35%) | Arjuno (Light / Anaerobic): 250g (25%) | total: 1000g,Versatile for Espresso & Filter
S-AUT-072,Autumn,The Amber Descent,Turun gunung sambil membawa cerita — dan aroma tanah yang belum terlupakan.,Seasonal Blend,Burnished Sketch Pad,The Amber Descent · Seasonal collection,Flores Bajawa Light Washed 45% | Java Ciwidey Medium Washed 55%,Light,"Diilhami dari artefak yang bertahan melewati puluhan ekspedisi, blend ini mempertemukan biji-biji dari Flores Bajawa serta Java Ciwidey dalam sebuah komposisi yang menceritakan kekayaan dataran Nusantara. Diproses dengan metode Washed, menghadirkan nuansa hazelnut, citrus, caramel yang bersih namun penuh kedalaman. Diciptakan bagi mereka yang menemukan keindahan dalam sesuatu yang telah melalui banyak hal.",Silky,Flores Bajawa (Light / Washed): 450g (45%) | Java Ciwidey (Medium / Washed): 550g (55%) | total: 1000g,Pour Over Recommended
S-AUT-073,Autumn,The Amber Descent,Turun gunung sambil membawa cerita — dan aroma tanah yang belum terlupakan.,Seasonal Blend,Hammered Transit,The Amber Descent · Seasonal collection,Java Garut Medium Wine 50% | Bengkulu Light Honey 30% | Kerinci Kayu Aro Light Natural 20%,Light,"Terekam dalam logbook yang lusuh namun tak pernah salah, blend ini mempertemukan biji-biji dari Java Garut serta Bengkulu serta Kerinci Kayu Aro dalam sebuah komposisi yang menceritakan kekayaan dataran Nusantara. Diproses dengan metode Wine dan Honey, menghadirkan nuansa roasted grape, floral, watermelon yang bersih namun penuh kedalaman. Untuk setiap penjelajah yang memahami bahwa alat terbaik adalah yang paling sering dipakai.",Clean,Java Garut (Medium / Wine): 500g (50%) | Bengkulu (Light / Honey): 300g (30%) | Kerinci Kayu Aro (Light / Natural): 200g (20%) | total: 1000g,Cocok untuk AeroPress
S-AUT-074,Autumn,The Amber Descent,Turun gunung sambil membawa cerita — dan aroma tanah yang belum terlupakan.,Seasonal Blend,Aged Divider,The Amber Descent · Seasonal collection,Mandheling Light SemiWashed 45% | Sembalun Rinjani Light Anaerobic 35% | Java Sindoro Medium WetHulled 20%,Light,"Terekam dalam logbook yang lusuh namun tak pernah salah, blend ini mempertemukan biji-biji dari Mandheling serta Sembalun Rinjani serta Java Sindoro dalam sebuah komposisi yang menceritakan kekayaan dataran Nusantara. Diproses dengan metode SemiWashed dan Anaerobic, menghadirkan nuansa cola, tobacco, lychee yang bersih namun penuh kedalaman. Untuk setiap penjelajah yang memahami bahwa alat terbaik adalah yang paling sering dipakai.",Silky,Mandheling (Light / SemiWashed): 450g (45%) | Sembalun Rinjani (Light / Anaerobic): 350g (35%) | Java Sindoro (Medium / WetHulled): 200g (20%) | total: 1000g,Best for V60
S-AUT-075,Autumn,The Amber Descent,Turun gunung sambil membawa cerita — dan aroma tanah yang belum terlupakan.,Seasonal Blend,True Transit,The Amber Descent · Seasonal collection,Dampit Malang Medium Wine 50% | Solok Radjo Light Honey 25% | Flores Bajawa Dark Washed 25%,Medium,"Diilhami dari artefak yang bertahan melewati puluhan ekspedisi, blend ini mempertemukan biji-biji dari Dampit Malang serta Solok Radjo serta Flores Bajawa dalam sebuah komposisi yang menceritakan kekayaan dataran Nusantara. Diproses dengan metode Wine dan Honey, menghadirkan nuansa roasted grape, nectarine, bitter chocolate yang bersih namun penuh kedalaman. Untuk setiap penjelajah yang memahami bahwa alat terbaik adalah yang paling sering dipakai.",Round,Dampit Malang (Medium / Wine): 500g (50%) | Solok Radjo (Light / Honey): 250g (25%) | Flores Bajawa (Dark / Washed): 250g (25%) | total: 1000g,Cocok untuk French Press & Espresso
S-AUT-076,Autumn,The Amber Descent,Turun gunung sambil membawa cerita — dan aroma tanah yang belum terlupakan.,Seasonal Blend,Worn Transit,The Amber Descent · Seasonal collection,Temanggung Light WetHulled 45% | Arjuno Dark SemiWashed 55%,Medium,"Seperti alat ukur yang semakin akurat seiring bertambah usia, blend ini mempertemukan biji-biji dari Temanggung serta Arjuno dalam sebuah komposisi yang menceritakan kekayaan dataran Nusantara. Diproses dengan metode WetHulled dan SemiWashed, menghadirkan nuansa herb, tobacco leaf, roasted grain yang bersih namun penuh kedalaman. Diciptakan bagi mereka yang menemukan keindahan dalam sesuatu yang telah melalui banyak hal.",Round,Temanggung (Light / WetHulled): 450g (45%) | Arjuno (Dark / SemiWashed): 550g (55%) | total: 1000g,Cocok untuk French Press & Espresso
S-AUT-077,Autumn,The Amber Descent,Turun gunung sambil membawa cerita — dan aroma tanah yang belum terlupakan.,Seasonal Blend,Engraved Pedometer,The Amber Descent · Seasonal collection,Flores Bajawa Light Natural 45% | Flores Manggarai Medium SemiWashed 55%,Light,"Dari tangan-tangan yang pernah mengukur setiap jengkal dataran, blend ini mempertemukan biji-biji dari Flores Bajawa serta Flores Manggarai dalam sebuah komposisi yang menceritakan kekayaan dataran Nusantara. Diproses dengan metode Natural dan SemiWashed, menghadirkan nuansa blueberry, hibiscus, strawberry yang bersih namun penuh kedalaman. Diciptakan bagi mereka yang menemukan keindahan dalam sesuatu yang telah melalui banyak hal.",Delicate,Flores Bajawa (Light / Natural): 450g (45%) | Flores Manggarai (Medium / SemiWashed): 550g (55%) | total: 1000g,Best for V60
S-AUT-078,Autumn,The Amber Descent,Turun gunung sambil membawa cerita — dan aroma tanah yang belum terlupakan.,Seasonal Blend,Aged Planimeter,The Amber Descent · Seasonal collection,Java Temanggung Light Natural 60% | Flores Manggarai Medium Washed 25% | Toraja Sapan Medium Natural 15%,Light,"Dari tangan-tangan yang pernah mengukur setiap jengkal dataran, blend ini mempertemukan biji-biji dari Java Temanggung serta Flores Manggarai serta Toraja Sapan dalam sebuah komposisi yang menceritakan kekayaan dataran Nusantara. Diproses dengan metode Natural dan Washed, menghadirkan nuansa berry jam, strawberry, blueberry yang bersih namun penuh kedalaman. Diciptakan bagi mereka yang menemukan keindahan dalam sesuatu yang telah melalui banyak hal.",Light Body,Java Temanggung (Light / Natural): 600g (60%) | Flores Manggarai (Medium / Washed): 250g (25%) | Toraja Sapan (Medium / Natural): 150g (15%) | total: 1000g,Best for V60
S-AUT-079,Autumn,The Amber Descent,Turun gunung sambil membawa cerita — dan aroma tanah yang belum terlupakan.,Seasonal Blend,Hardy Sextant,The Amber Descent · Seasonal collection,Java Garut Medium SemiWashed 40% | Temanggung Medium SemiWashed 60%,Medium,"Seperti alat ukur yang semakin akurat seiring bertambah usia, blend ini mempertemukan biji-biji dari Java Garut serta Temanggung dalam sebuah komposisi yang menceritakan kekayaan dataran Nusantara. Diproses dengan metode SemiWashed, menghadirkan nuansa apricot jam, vanilla, roasted nut yang bersih namun penuh kedalaman. Diwariskan dari tangan-tangan yang mengukur bumi sebelum peta pernah ada.",Medium Body,Java Garut (Medium / SemiWashed): 400g (40%) | Temanggung (Medium / SemiWashed): 600g (60%) | total: 1000g,Cocok untuk French Press & Espresso
S-AUT-080,Autumn,The Amber Descent,Turun gunung sambil membawa cerita — dan aroma tanah yang belum terlupakan.,Seasonal Blend,Well-used Sketch Pad,The Amber Descent · Seasonal collection,Gunung Halu Medium Washed 65% | Papua Dogiyai Dark Anaerobic 35%,Medium,"Dari tangan-tangan yang pernah mengukur setiap jengkal dataran, blend ini mempertemukan biji-biji dari Gunung Halu serta Papua Dogiyai dalam sebuah komposisi yang menceritakan kekayaan dataran Nusantara. Diproses dengan metode Washed dan Anaerobic, menghadirkan nuansa brown sugar, almond, milk chocolate yang bersih namun penuh kedalaman. Untuk setiap penjelajah yang memahami bahwa alat terbaik adalah yang paling sering dipakai.",Medium Body,Gunung Halu (Medium / Washed): 650g (65%) | Papua Dogiyai (Dark / Anaerobic): 350g (35%) | total: 1000g,Versatile for Espresso & Filter
S-AUT-081,Autumn,The Amber Descent,Turun gunung sambil membawa cerita — dan aroma tanah yang belum terlupakan.,Seasonal Blend,Faded Sextant,The Amber Descent · Seasonal collection,Gunung Halu Medium Wine 40% | Java Garut Light Wine 60%,Light,"Diilhami dari artefak yang bertahan melewati puluhan ekspedisi, blend ini mempertemukan biji-biji dari Gunung Halu serta Java Garut dalam sebuah komposisi yang menceritakan kekayaan dataran Nusantara. Diproses dengan metode Wine, menghadirkan nuansa espresso, blackcurrant, roasted grape yang bersih namun penuh kedalaman. Diciptakan bagi mereka yang menemukan keindahan dalam sesuatu yang telah melalui banyak hal.",Light Body,Gunung Halu (Medium / Wine): 400g (40%) | Java Garut (Light / Wine): 600g (60%) | total: 1000g,Pour Over Recommended
S-AUT-082,Autumn,The Amber Descent,Turun gunung sambil membawa cerita — dan aroma tanah yang belum terlupakan.,Seasonal Blend,Patinated Canteen,The Amber Descent · Seasonal collection,Papua Dogiyai Medium Wine 50% | Papua Wamena Light SemiWashed 25% | Semeru Dark SemiWashed 25%,Medium,"Seperti kompas yang selalu menunjuk ke tempat yang tepat, blend ini mempertemukan biji-biji dari Papua Dogiyai serta Papua Wamena serta Semeru dalam sebuah komposisi yang menceritakan kekayaan dataran Nusantara. Diproses dengan metode Wine dan SemiWashed, menghadirkan nuansa balsamic, roasted grape, espresso yang bersih namun penuh kedalaman. Diciptakan bagi mereka yang menemukan keindahan dalam sesuatu yang telah melalui banyak hal.",Round,Papua Dogiyai (Medium / Wine): 500g (50%) | Papua Wamena (Light / SemiWashed): 250g (25%) | Semeru (Dark / SemiWashed): 250g (25%) | total: 1000g,Best for Moka Pot
S-AUT-083,Autumn,The Amber Descent,Turun gunung sambil membawa cerita — dan aroma tanah yang belum terlupakan.,Seasonal Blend,Aged Compass,The Amber Descent · Seasonal collection,Flores Manggarai Light Anaerobic 55% | Semeru Dark SemiWashed 45%,Medium,"Dari tangan-tangan yang pernah mengukur setiap jengkal dataran, blend ini mempertemukan biji-biji dari Flores Manggarai serta Semeru dalam sebuah komposisi yang menceritakan kekayaan dataran Nusantara. Diproses dengan metode Anaerobic dan SemiWashed, menghadirkan nuansa walnut, raspberry, lychee yang bersih namun penuh kedalaman. Diwariskan dari tangan-tangan yang mengukur bumi sebelum peta pernah ada.",Balanced,Flores Manggarai (Light / Anaerobic): 550g (55%) | Semeru (Dark / SemiWashed): 450g (45%) | total: 1000g,Cocok untuk French Press & Espresso
S-AUT-084,Autumn,The Amber Descent,Turun gunung sambil membawa cerita — dan aroma tanah yang belum terlupakan.,Seasonal Blend,Patinated Divider,The Amber Descent · Seasonal collection,Arjuno Light Natural 40% | Lampung Robusta Premium Dark WetHulled 60%,Medium,"Terekam dalam logbook yang lusuh namun tak pernah salah, blend ini mempertemukan biji-biji dari Arjuno serta Lampung Robusta Premium dalam sebuah komposisi yang menceritakan kekayaan dataran Nusantara. Diproses dengan metode Natural dan WetHulled, menghadirkan nuansa bark, clove, peat yang bersih namun penuh kedalaman. Untuk setiap penjelajah yang memahami bahwa alat terbaik adalah yang paling sering dipakai.",Round,Arjuno (Light / Natural): 400g (40%) | Lampung Robusta Premium (Dark / WetHulled): 600g (60%) | total: 1000g,Best for Moka Pot
S-AUT-085,Autumn,The Amber Descent,Turun gunung sambil membawa cerita — dan aroma tanah yang belum terlupakan.,Seasonal Blend,Faded Flask,The Amber Descent · Seasonal collection,Solok Radjo Medium Honey 50% | Mandheling Medium Washed 30% | Kerinci Kayu Aro Light Washed 20%,Medium,"Seperti alat ukur yang semakin akurat seiring bertambah usia, blend ini mempertemukan biji-biji dari Solok Radjo serta Mandheling serta Kerinci Kayu Aro dalam sebuah komposisi yang menceritakan kekayaan dataran Nusantara. Diproses dengan metode Honey dan Washed, menghadirkan nuansa macadamia, toffee, honey yang bersih namun penuh kedalaman. Untuk setiap penjelajah yang memahami bahwa alat terbaik adalah yang paling sering dipakai.",Round,Solok Radjo (Medium / Honey): 500g (50%) | Mandheling (Medium / Washed): 300g (30%) | Kerinci Kayu Aro (Light / Washed): 200g (20%) | total: 1000g,Cocok untuk French Press & Espresso
S-AUT-086,Autumn,The Amber Descent,Turun gunung sambil membawa cerita — dan aroma tanah yang belum terlupakan.,Seasonal Blend,Field-worn Astrolabe,The Amber Descent · Seasonal collection,Java Manglayang Light WetHulled 60% | Solok Radjo Dark Honey 25% | Semeru Dark Honey 15%,Medium,"Seperti alat ukur yang semakin akurat seiring bertambah usia, blend ini mempertemukan biji-biji dari Java Manglayang serta Solok Radjo serta Semeru dalam sebuah komposisi yang menceritakan kekayaan dataran Nusantara. Diproses dengan metode WetHulled dan Honey, menghadirkan nuansa lime, tobacco leaf, green pepper yang bersih namun penuh kedalaman. Diciptakan bagi mereka yang menemukan keindahan dalam sesuatu yang telah melalui banyak hal.",Velvety,Java Manglayang (Light / WetHulled): 600g (60%) | Solok Radjo (Dark / Honey): 250g (25%) | Semeru (Dark / Honey): 150g (15%) | total: 1000g,Best for Moka Pot
S-AUT-087,Autumn,The Amber Descent,Turun gunung sambil membawa cerita — dan aroma tanah yang belum terlupakan.,Seasonal Blend,True Chronometer,The Amber Descent · Seasonal collection,Java Ijen Raung Medium Washed 55% | Flores Bajawa Dark Honey 30% | Java Preanger Dark Wine 15%,Medium,"Ditemukan dalam catatan perjalanan seorang penjelajah tua, blend ini mempertemukan biji-biji dari Java Ijen Raung serta Flores Bajawa serta Java Preanger dalam sebuah komposisi yang menceritakan kekayaan dataran Nusantara. Diproses dengan metode Washed dan Honey, menghadirkan nuansa caramel, dark sugar, smoked almond yang bersih namun penuh kedalaman. Diciptakan bagi mereka yang menemukan keindahan dalam sesuatu yang telah melalui banyak hal.",Balanced,Java Ijen Raung (Medium / Washed): 550g (55%) | Flores Bajawa (Dark / Honey): 300g (30%) | Java Preanger (Dark / Wine): 150g (15%) | total: 1000g,Best for Moka Pot
S-AUT-088,Autumn,The Amber Descent,Turun gunung sambil membawa cerita — dan aroma tanah yang belum terlupakan.,Seasonal Blend,Engraved Logbook,The Amber Descent · Seasonal collection,Bengkulu Light Honey 60% | Java Ijen Raung Dark Wine 40%,Medium,"Seperti kompas yang selalu menunjuk ke tempat yang tepat, blend ini mempertemukan biji-biji dari Bengkulu serta Java Ijen Raung dalam sebuah komposisi yang menceritakan kekayaan dataran Nusantara. Diproses dengan metode Honey dan Wine, menghadirkan nuansa nectarine, tobacco, apricot yang bersih namun penuh kedalaman. Diwariskan dari tangan-tangan yang mengukur bumi sebelum peta pernah ada.",Round,Bengkulu (Light / Honey): 600g (60%) | Java Ijen Raung (Dark / Wine): 400g (40%) | total: 1000g,Cocok untuk French Press & Espresso
S-AUT-089,Autumn,The Amber Descent,Turun gunung sambil membawa cerita — dan aroma tanah yang belum terlupakan.,Seasonal Blend,Field-worn Hammer,The Amber Descent · Seasonal collection,Flores Manggarai Dark SemiWashed 40% | Solok Radjo Dark Anaerobic 60%,Dark,"Dari tangan-tangan yang pernah mengukur setiap jengkal dataran, blend ini mempertemukan biji-biji dari Flores Manggarai serta Solok Radjo dalam sebuah komposisi yang menceritakan kekayaan dataran Nusantara. Diproses dengan metode SemiWashed dan Anaerobic, menghadirkan nuansa smoke, black cherry, dark caramel yang bersih namun penuh kedalaman. Untuk setiap penjelajah yang memahami bahwa alat terbaik adalah yang paling sering dipakai.",Syrupy,Flores Manggarai (Dark / SemiWashed): 400g (40%) | Solok Radjo (Dark / Anaerobic): 600g (60%) | total: 1000g,Ideal untuk Ristretto
S-AUT-090,Autumn,The Amber Descent,Turun gunung sambil membawa cerita — dan aroma tanah yang belum terlupakan.,Seasonal Blend,Antique Astrolabe,The Amber Descent · Seasonal collection,Gunung Halu Medium Honey 40% | Java Preanger Dark Anaerobic 35% | Java Temanggung Medium SemiWashed 25%,Medium,"Seperti kompas yang selalu menunjuk ke tempat yang tepat, blend ini mempertemukan biji-biji dari Gunung Halu serta Java Preanger serta Java Temanggung dalam sebuah komposisi yang menceritakan kekayaan dataran Nusantara. Diproses dengan metode Honey dan Anaerobic, menghadirkan nuansa vanilla, apricot jam, roasted nut yang bersih namun penuh kedalaman. Diwariskan dari tangan-tangan yang mengukur bumi sebelum peta pernah ada.",Velvety,Gunung Halu (Medium / Honey): 400g (40%) | Java Preanger (Dark / Anaerobic): 350g (35%) | Java Temanggung (Medium / SemiWashed): 250g (25%) | total: 1000g,Cocok untuk French Press & Espresso
S-AUT-091,Autumn,The Amber Descent,Turun gunung sambil membawa cerita — dan aroma tanah yang belum terlupakan.,Seasonal Blend,Faded Rucksack,The Amber Descent · Seasonal collection,Java Temanggung Medium Honey 40% | Papua Wamena Dark Anaerobic 35% | Sembalun Rinjani Dark Honey 25%,Dark,"Terekam dalam logbook yang lusuh namun tak pernah salah, blend ini mempertemukan biji-biji dari Java Temanggung serta Papua Wamena serta Sembalun Rinjani dalam sebuah komposisi yang menceritakan kekayaan dataran Nusantara. Diproses dengan metode Honey dan Anaerobic, menghadirkan nuansa dark sugar, maple syrup, fermented cocoa yang bersih namun penuh kedalaman. Diwariskan dari tangan-tangan yang mengukur bumi sebelum peta pernah ada.",Heavy Body,Java Temanggung (Medium / Honey): 400g (40%) | Papua Wamena (Dark / Anaerobic): 350g (35%) | Sembalun Rinjani (Dark / Honey): 250g (25%) | total: 1000g,Best for Batch Brew
S-AUT-092,Autumn,The Amber Descent,Turun gunung sambil membawa cerita — dan aroma tanah yang belum terlupakan.,Seasonal Blend,Worn Ledger,The Amber Descent · Seasonal collection,Semeru Medium Natural 50% | Temanggung Dark Natural 30% | Java Temanggung Medium Wine 20%,Medium,"Terekam dalam logbook yang lusuh namun tak pernah salah, blend ini mempertemukan biji-biji dari Semeru serta Temanggung serta Java Temanggung dalam sebuah komposisi yang menceritakan kekayaan dataran Nusantara. Diproses dengan metode Natural dan Wine, menghadirkan nuansa balsamic, berry jam, tar yang bersih namun penuh kedalaman. Diwariskan dari tangan-tangan yang mengukur bumi sebelum peta pernah ada.",Round,Semeru (Medium / Natural): 500g (50%) | Temanggung (Dark / Natural): 300g (30%) | Java Temanggung (Medium / Wine): 200g (20%) | total: 1000g,Best for Moka Pot
S-AUT-093,Autumn,The Amber Descent,Turun gunung sambil membawa cerita — dan aroma tanah yang belum terlupakan.,Seasonal Blend,Hardy Survey Map,The Amber Descent · Seasonal collection,Toraja Sapan Light Natural 50% | Java Garut Medium SemiWashed 30% | Bukit Barisan Light Anaerobic 20%,Light,"Ditemukan dalam catatan perjalanan seorang penjelajah tua, blend ini mempertemukan biji-biji dari Toraja Sapan serta Java Garut serta Bukit Barisan dalam sebuah komposisi yang menceritakan kekayaan dataran Nusantara. Diproses dengan metode Natural dan SemiWashed, menghadirkan nuansa rum raisin, vanilla, milk caramel yang bersih namun penuh kedalaman. Diwariskan dari tangan-tangan yang mengukur bumi sebelum peta pernah ada.",Tea-like,Toraja Sapan (Light / Natural): 500g (50%) | Java Garut (Medium / SemiWashed): 300g (30%) | Bukit Barisan (Light / Anaerobic): 200g (20%) | total: 1000g,Best for V60
S-AUT-094,Autumn,The Amber Descent,Turun gunung sambil membawa cerita — dan aroma tanah yang belum terlupakan.,Seasonal Blend,Polished Barometer,The Amber Descent · Seasonal collection,Solok Radjo Dark Washed 45% | Toraja Kalosi Dark Washed 35% | Bukit Barisan Light SemiWashed 20%,Dark,"Dari tangan-tangan yang pernah mengukur setiap jengkal dataran, blend ini mempertemukan biji-biji dari Solok Radjo serta Toraja Kalosi serta Bukit Barisan dalam sebuah komposisi yang menceritakan kekayaan dataran Nusantara. Diproses dengan metode Washed dan SemiWashed, menghadirkan nuansa bitter chocolate, dark roast, smoky caramel yang bersih namun penuh kedalaman. Diwariskan dari tangan-tangan yang mengukur bumi sebelum peta pernah ada.",Heavy Body,Solok Radjo (Dark / Washed): 450g (45%) | Toraja Kalosi (Dark / Washed): 350g (35%) | Bukit Barisan (Light / SemiWashed): 200g (20%) | total: 1000g,Cocok untuk Cold Brew
S-AUT-095,Autumn,The Amber Descent,Turun gunung sambil membawa cerita — dan aroma tanah yang belum terlupakan.,Seasonal Blend,Inherited Compass,The Amber Descent · Seasonal collection,Java Sindoro Light WetHulled 40% | Flores Bajawa Light Natural 60%,Light,"Ditemukan dalam catatan perjalanan seorang penjelajah tua, blend ini mempertemukan biji-biji dari Java Sindoro serta Flores Bajawa dalam sebuah komposisi yang menceritakan kekayaan dataran Nusantara. Diproses dengan metode WetHulled dan Natural, menghadirkan nuansa strawberry, blueberry, tobacco leaf yang bersih namun penuh kedalaman. Diwariskan dari tangan-tangan yang mengukur bumi sebelum peta pernah ada.",Tea-like,Java Sindoro (Light / WetHulled): 400g (40%) | Flores Bajawa (Light / Natural): 600g (60%) | total: 1000g,Best for V60
S-AUT-096,Autumn,The Amber Descent,Turun gunung sambil membawa cerita — dan aroma tanah yang belum terlupakan.,Seasonal Blend,Worn Aneroid,The Amber Descent · Seasonal collection,Java Manglayang Light Natural 40% | Bukit Barisan Dark WetHulled 60%,Medium,"Seperti kompas yang selalu menunjuk ke tempat yang tepat, blend ini mempertemukan biji-biji dari Java Manglayang serta Bukit Barisan dalam sebuah komposisi yang menceritakan kekayaan dataran Nusantara. Diproses dengan metode Natural dan WetHulled, menghadirkan nuansa bark, blueberry, clove yang bersih namun penuh kedalaman. Diciptakan bagi mereka yang menemukan keindahan dalam sesuatu yang telah melalui banyak hal.",Round,Java Manglayang (Light / Natural): 400g (40%) | Bukit Barisan (Dark / WetHulled): 600g (60%) | total: 1000g,Cocok untuk French Press & Espresso
S-AUT-097,Autumn,The Amber Descent,Turun gunung sambil membawa cerita — dan aroma tanah yang belum terlupakan.,Seasonal Blend,Reliable Odometer,The Amber Descent · Seasonal collection,Java Temanggung Dark Anaerobic 55% | Papua Wamena Medium WetHulled 30% | Bali Kintamani Dark Honey 15%,Dark,"Dari tangan-tangan yang pernah mengukur setiap jengkal dataran, blend ini mempertemukan biji-biji dari Java Temanggung serta Papua Wamena serta Bali Kintamani dalam sebuah komposisi yang menceritakan kekayaan dataran Nusantara. Diproses dengan metode Anaerobic dan WetHulled, menghadirkan nuansa spice, smoke, mushroom yang bersih namun penuh kedalaman. Sebuah penghormatan kepada artefak yang merekam lebih dari sekadar perjalanan.",Syrupy,Java Temanggung (Dark / Anaerobic): 550g (55%) | Papua Wamena (Medium / WetHulled): 300g (30%) | Bali Kintamani (Dark / Honey): 150g (15%) | total: 1000g,Best for Espresso
S-AUT-098,Autumn,The Amber Descent,Turun gunung sambil membawa cerita — dan aroma tanah yang belum terlupakan.,Seasonal Blend,Tarnished Clinometer,The Amber Descent · Seasonal collection,Dampit Malang Medium SemiWashed 45% | Kerinci Kayu Aro Medium Anaerobic 55%,Medium,"Seperti alat ukur yang semakin akurat seiring bertambah usia, blend ini mempertemukan biji-biji dari Dampit Malang serta Kerinci Kayu Aro dalam sebuah komposisi yang menceritakan kekayaan dataran Nusantara. Diproses dengan metode SemiWashed dan Anaerobic, menghadirkan nuansa roasted nut, apricot jam, cacao nib yang bersih namun penuh kedalaman. Diciptakan bagi mereka yang menemukan keindahan dalam sesuatu yang telah melalui banyak hal.",Velvety,Dampit Malang (Medium / SemiWashed): 450g (45%) | Kerinci Kayu Aro (Medium / Anaerobic): 550g (55%) | total: 1000g,Versatile for Espresso & Filter
S-AUT-099,Autumn,The Amber Descent,Turun gunung sambil membawa cerita — dan aroma tanah yang belum terlupakan.,Seasonal Blend,Gilded Compass,The Amber Descent · Seasonal collection,Java Ciwidey Light SemiWashed 50% | Java Garut Medium SemiWashed 50%,Light,"Dari tangan-tangan yang pernah mengukur setiap jengkal dataran, blend ini mempertemukan biji-biji dari Java Ciwidey serta Java Garut dalam sebuah komposisi yang menceritakan kekayaan dataran Nusantara. Diproses dengan metode SemiWashed, menghadirkan nuansa milk caramel, oolong tea, papaya yang bersih namun penuh kedalaman. Diciptakan bagi mereka yang menemukan keindahan dalam sesuatu yang telah melalui banyak hal.",Delicate,Java Ciwidey (Light / SemiWashed): 500g (50%) | Java Garut (Medium / SemiWashed): 500g (50%) | total: 1000g,Best for V60
S-AUT-100,Autumn,The Amber Descent,Turun gunung sambil membawa cerita — dan aroma tanah yang belum terlupakan.,Seasonal Blend,True Compass,The Amber Descent · Seasonal collection,Aceh Gayo Dark Wine 65% | Java Manglayang Dark Wine 35%,Dark,"Diilhami dari artefak yang bertahan melewati puluhan ekspedisi, blend ini mempertemukan biji-biji dari Aceh Gayo serta Java Manglayang dalam sebuah komposisi yang menceritakan kekayaan dataran Nusantara. Diproses dengan metode Wine, menghadirkan nuansa smoked plum, tobacco, dark espresso yang bersih namun penuh kedalaman. Sebuah penghormatan kepada artefak yang merekam lebih dari sekadar perjalanan.",Syrupy,Aceh Gayo (Dark / Wine): 650g (65%) | Java Manglayang (Dark / Wine): 350g (35%) | total: 1000g,Ideal untuk Ristretto
S-AUT-101,Autumn,The Amber Descent,Turun gunung sambil membawa cerita — dan aroma tanah yang belum terlupakan.,Seasonal Blend,Patinated Planimeter,The Amber Descent · Seasonal collection,Java Sindoro Dark Honey 45% | Sembalun Rinjani Light Natural 35% | Flores Bajawa Light SemiWashed 20%,Medium,"Seperti alat ukur yang semakin akurat seiring bertambah usia, blend ini mempertemukan biji-biji dari Java Sindoro serta Sembalun Rinjani serta Flores Bajawa dalam sebuah komposisi yang menceritakan kekayaan dataran Nusantara. Diproses dengan metode Honey dan Natural, menghadirkan nuansa oolong tea, blueberry, mandarin yang bersih namun penuh kedalaman. Untuk setiap penjelajah yang memahami bahwa alat terbaik adalah yang paling sering dipakai.",Velvety,Java Sindoro (Dark / Honey): 450g (45%) | Sembalun Rinjani (Light / Natural): 350g (35%) | Flores Bajawa (Light / SemiWashed): 200g (20%) | total: 1000g,Versatile for Espresso & Filter
S-AUT-102,Autumn,The Amber Descent,Turun gunung sambil membawa cerita — dan aroma tanah yang belum terlupakan.,Seasonal Blend,Inherited Penknife,The Amber Descent · Seasonal collection,Bukit Barisan Medium SemiWashed 60% | Java Garut Light Anaerobic 25% | Toraja Sapan Medium SemiWashed 15%,Medium,"Ditemukan dalam catatan perjalanan seorang penjelajah tua, blend ini mempertemukan biji-biji dari Bukit Barisan serta Java Garut serta Toraja Sapan dalam sebuah komposisi yang menceritakan kekayaan dataran Nusantara. Diproses dengan metode SemiWashed dan Anaerobic, menghadirkan nuansa rum raisin, vanilla, apricot jam yang bersih namun penuh kedalaman. Diwariskan dari tangan-tangan yang mengukur bumi sebelum peta pernah ada.",Round,Bukit Barisan (Medium / SemiWashed): 600g (60%) | Java Garut (Light / Anaerobic): 250g (25%) | Toraja Sapan (Medium / SemiWashed): 150g (15%) | total: 1000g,Best for Moka Pot
S-AUT-103,Autumn,The Amber Descent,Turun gunung sambil membawa cerita — dan aroma tanah yang belum terlupakan.,Seasonal Blend,Dented Theodolite,The Amber Descent · Seasonal collection,Temanggung Light SemiWashed 45% | Semeru Medium Anaerobic 35% | Java Manglayang Light WetHulled 20%,Light,"Terekam dalam logbook yang lusuh namun tak pernah salah, blend ini mempertemukan biji-biji dari Temanggung serta Semeru serta Java Manglayang dalam sebuah komposisi yang menceritakan kekayaan dataran Nusantara. Diproses dengan metode SemiWashed dan Anaerobic, menghadirkan nuansa cacao nib, herb, tropical punch yang bersih namun penuh kedalaman. Sebuah penghormatan kepada artefak yang merekam lebih dari sekadar perjalanan.",Silky,Temanggung (Light / SemiWashed): 450g (45%) | Semeru (Medium / Anaerobic): 350g (35%) | Java Manglayang (Light / WetHulled): 200g (20%) | total: 1000g,Best for V60
S-AUT-104,Autumn,The Amber Descent,Turun gunung sambil membawa cerita — dan aroma tanah yang belum terlupakan.,Seasonal Blend,Patinated Awl,The Amber Descent · Seasonal collection,Semeru Light Honey 50% | Java Garut Medium Wine 50%,Light,"Dari tangan-tangan yang pernah mengukur setiap jengkal dataran, blend ini mempertemukan biji-biji dari Semeru serta Java Garut dalam sebuah komposisi yang menceritakan kekayaan dataran Nusantara. Diproses dengan metode Honey dan Wine, menghadirkan nuansa roasted grape, espresso, nectarine yang bersih namun penuh kedalaman. Sebuah penghormatan kepada artefak yang merekam lebih dari sekadar perjalanan.",Clean,Semeru (Light / Honey): 500g (50%) | Java Garut (Medium / Wine): 500g (50%) | total: 1000g,Best for V60
S-AUT-105,Autumn,The Amber Descent,Turun gunung sambil membawa cerita — dan aroma tanah yang belum terlupakan.,Seasonal Blend,Battered Altimeter,The Amber Descent · Seasonal collection,Papua Dogiyai Medium Honey 40% | Sidikalang Medium Wine 35% | Semeru Dark Honey 25%,Medium,"Terekam dalam logbook yang lusuh namun tak pernah salah, blend ini mempertemukan biji-biji dari Papua Dogiyai serta Sidikalang serta Semeru dalam sebuah komposisi yang menceritakan kekayaan dataran Nusantara. Diproses dengan metode Honey dan Wine, menghadirkan nuansa toffee, dried apricot, roasted grape yang bersih namun penuh kedalaman. Sebuah penghormatan kepada artefak yang merekam lebih dari sekadar perjalanan.",Balanced,Papua Dogiyai (Medium / Honey): 400g (40%) | Sidikalang (Medium / Wine): 350g (35%) | Semeru (Dark / Honey): 250g (25%) | total: 1000g,Cocok untuk French Press & Espresso
S-AUT-106,Autumn,The Amber Descent,Turun gunung sambil membawa cerita — dan aroma tanah yang belum terlupakan.,Seasonal Blend,Gilded Transit,The Amber Descent · Seasonal collection,Bengkulu Light Natural 50% | Flores Manggarai Light Natural 50%,Light,"Ditemukan dalam catatan perjalanan seorang penjelajah tua, blend ini mempertemukan biji-biji dari Bengkulu serta Flores Manggarai dalam sebuah komposisi yang menceritakan kekayaan dataran Nusantara. Diproses dengan metode Natural, menghadirkan nuansa hibiscus, strawberry, tropical fruit yang bersih namun penuh kedalaman. Untuk setiap penjelajah yang memahami bahwa alat terbaik adalah yang paling sering dipakai.",Clean,Bengkulu (Light / Natural): 500g (50%) | Flores Manggarai (Light / Natural): 500g (50%) | total: 1000g,Cocok untuk AeroPress
S-AUT-107,Autumn,The Amber Descent,Turun gunung sambil membawa cerita — dan aroma tanah yang belum terlupakan.,Seasonal Blend,Storied Haversack,The Amber Descent · Seasonal collection,Gunung Halu Medium Natural 40% | Semeru Medium Natural 60%,Medium,"Seperti alat ukur yang semakin akurat seiring bertambah usia, blend ini mempertemukan biji-biji dari Gunung Halu serta Semeru dalam sebuah komposisi yang menceritakan kekayaan dataran Nusantara. Diproses dengan metode Natural, menghadirkan nuansa molasses, prune, dark chocolate yang bersih namun penuh kedalaman. Untuk setiap penjelajah yang memahami bahwa alat terbaik adalah yang paling sering dipakai.",Medium Body,Gunung Halu (Medium / Natural): 400g (40%) | Semeru (Medium / Natural): 600g (60%) | total: 1000g,Best for Moka Pot
S-AUT-108,Autumn,The Amber Descent,Turun gunung sambil membawa cerita — dan aroma tanah yang belum terlupakan.,Seasonal Blend,Cracked Aneroid,The Amber Descent · Seasonal collection,Temanggung Light SemiWashed 60% | Lintong Onan Medium Natural 25% | Lintong Onan Dark WetHulled 15%,Light,"Terekam dalam logbook yang lusuh namun tak pernah salah, blend ini mempertemukan biji-biji dari Temanggung serta Lintong Onan serta Lintong Onan dalam sebuah komposisi yang menceritakan kekayaan dataran Nusantara. Diproses dengan metode SemiWashed dan Natural, menghadirkan nuansa berry jam, molasses, light caramel yang bersih namun penuh kedalaman. Sebuah penghormatan kepada artefak yang merekam lebih dari sekadar perjalanan.",Tea-like,Temanggung (Light / SemiWashed): 600g (60%) | Lintong Onan (Medium / Natural): 250g (25%) | Lintong Onan (Dark / WetHulled): 150g (15%) | total: 1000g,Ideal for Chemex
S-AUT-109,Autumn,The Amber Descent,Turun gunung sambil membawa cerita — dan aroma tanah yang belum terlupakan.,Seasonal Blend,Polished Canteen,The Amber Descent · Seasonal collection,Java Ciwidey Light SemiWashed 55% | Papua Dogiyai Medium WetHulled 45%,Light,"Diilhami dari artefak yang bertahan melewati puluhan ekspedisi, blend ini mempertemukan biji-biji dari Java Ciwidey serta Papua Dogiyai dalam sebuah komposisi yang menceritakan kekayaan dataran Nusantara. Diproses dengan metode SemiWashed dan WetHulled, menghadirkan nuansa earthy, leather, mandarin yang bersih namun penuh kedalaman. Diciptakan bagi mereka yang menemukan keindahan dalam sesuatu yang telah melalui banyak hal.",Light Body,Java Ciwidey (Light / SemiWashed): 550g (55%) | Papua Dogiyai (Medium / WetHulled): 450g (45%) | total: 1000g,Ideal for Chemex
S-AUT-110,Autumn,The Amber Descent,Turun gunung sambil membawa cerita — dan aroma tanah yang belum terlupakan.,Seasonal Blend,Inherited Transit,The Amber Descent · Seasonal collection,Toraja Sapan Dark Anaerobic 60% | Papua Dogiyai Dark SemiWashed 40%,Dark,"Diilhami dari artefak yang bertahan melewati puluhan ekspedisi, blend ini mempertemukan biji-biji dari Toraja Sapan serta Papua Dogiyai dalam sebuah komposisi yang menceritakan kekayaan dataran Nusantara. Diproses dengan metode Anaerobic dan SemiWashed, menghadirkan nuansa black cherry, walnut, intense spice yang bersih namun penuh kedalaman. Diwariskan dari tangan-tangan yang mengukur bumi sebelum peta pernah ada.",Full Body,Toraja Sapan (Dark / Anaerobic): 600g (60%) | Papua Dogiyai (Dark / SemiWashed): 400g (40%) | total: 1000g,Best for Espresso
S-AUT-111,Autumn,The Amber Descent,Turun gunung sambil membawa cerita — dan aroma tanah yang belum terlupakan.,Seasonal Blend,Burnished Mallet,The Amber Descent · Seasonal collection,Java Manglayang Dark Honey 60% | Gunung Halu Light WetHulled 40%,Medium,"Seperti alat ukur yang semakin akurat seiring bertambah usia, blend ini mempertemukan biji-biji dari Java Manglayang serta Gunung Halu dalam sebuah komposisi yang menceritakan kekayaan dataran Nusantara. Diproses dengan metode Honey dan WetHulled, menghadirkan nuansa smoked almond, cedar, herb yang bersih namun penuh kedalaman. Diciptakan bagi mereka yang menemukan keindahan dalam sesuatu yang telah melalui banyak hal.",Round,Java Manglayang (Dark / Honey): 600g (60%) | Gunung Halu (Light / WetHulled): 400g (40%) | total: 1000g,Cocok untuk French Press & Espresso
S-AUT-112,Autumn,The Amber Descent,Turun gunung sambil membawa cerita — dan aroma tanah yang belum terlupakan.,Seasonal Blend,Trail-kept Lantern,The Amber Descent · Seasonal collection,Java Ciwidey Light SemiWashed 40% | Flores Bajawa Medium Washed 60%,Light,"Seperti alat ukur yang semakin akurat seiring bertambah usia, blend ini mempertemukan biji-biji dari Java Ciwidey serta Flores Bajawa dalam sebuah komposisi yang menceritakan kekayaan dataran Nusantara. Diproses dengan metode SemiWashed dan Washed, menghadirkan nuansa mandarin, almond, caramel yang bersih namun penuh kedalaman. Sebuah penghormatan kepada artefak yang merekam lebih dari sekadar perjalanan.",Tea-like,Java Ciwidey (Light / SemiWashed): 400g (40%) | Flores Bajawa (Medium / Washed): 600g (60%) | total: 1000g,Best for V60
S-AUT-113,Autumn,The Amber Descent,Turun gunung sambil membawa cerita — dan aroma tanah yang belum terlupakan.,Seasonal Blend,Well-used Logbook,The Amber Descent · Seasonal collection,Wanoja Kamojang Dark Anaerobic 60% | Semeru Dark Natural 40%,Dark,"Diilhami dari artefak yang bertahan melewati puluhan ekspedisi, blend ini mempertemukan biji-biji dari Wanoja Kamojang serta Semeru dalam sebuah komposisi yang menceritakan kekayaan dataran Nusantara. Diproses dengan metode Anaerobic dan Natural, menghadirkan nuansa tar, dark berry, licorice yang bersih namun penuh kedalaman. Diciptakan bagi mereka yang menemukan keindahan dalam sesuatu yang telah melalui banyak hal.",Thick,Wanoja Kamojang (Dark / Anaerobic): 600g (60%) | Semeru (Dark / Natural): 400g (40%) | total: 1000g,Ideal untuk Ristretto
S-AUT-114,Autumn,The Amber Descent,Turun gunung sambil membawa cerita — dan aroma tanah yang belum terlupakan.,Seasonal Blend,Tarnished Haversack,The Amber Descent · Seasonal collection,Semeru Medium WetHulled 60% | Java Manglayang Dark Natural 25% | Toraja Sapan Light Honey 15%,Medium,"Terekam dalam logbook yang lusuh namun tak pernah salah, blend ini mempertemukan biji-biji dari Semeru serta Java Manglayang serta Toraja Sapan dalam sebuah komposisi yang menceritakan kekayaan dataran Nusantara. Diproses dengan metode WetHulled dan Natural, menghadirkan nuansa white grape, woody, charcoal yang bersih namun penuh kedalaman. Diciptakan bagi mereka yang menemukan keindahan dalam sesuatu yang telah melalui banyak hal.",Round,Semeru (Medium / WetHulled): 600g (60%) | Java Manglayang (Dark / Natural): 250g (25%) | Toraja Sapan (Light / Honey): 150g (15%) | total: 1000g,Best for Moka Pot
S-AUT-115,Autumn,The Amber Descent,Turun gunung sambil membawa cerita — dan aroma tanah yang belum terlupakan.,Seasonal Blend,Timeworn Chronometer,The Amber Descent · Seasonal collection,Temanggung Medium Washed 45% | Java Manglayang Dark SemiWashed 55%,Dark,"Diilhami dari artefak yang bertahan melewati puluhan ekspedisi, blend ini mempertemukan biji-biji dari Temanggung serta Java Manglayang dalam sebuah komposisi yang menceritakan kekayaan dataran Nusantara. Diproses dengan metode Washed dan SemiWashed, menghadirkan nuansa dark caramel, hazelnut, intense spice yang bersih namun penuh kedalaman. Sebuah penghormatan kepada artefak yang merekam lebih dari sekadar perjalanan.",Heavy Body,Temanggung (Medium / Washed): 450g (45%) | Java Manglayang (Dark / SemiWashed): 550g (55%) | total: 1000g,Best for Batch Brew
S-AUT-116,Autumn,The Amber Descent,Turun gunung sambil membawa cerita — dan aroma tanah yang belum terlupakan.,Seasonal Blend,Weathered Rucksack,The Amber Descent · Seasonal collection,Java Preanger Medium WetHulled 50% | Sembalun Rinjani Dark Washed 50%,Dark,"Terekam dalam logbook yang lusuh namun tak pernah salah, blend ini mempertemukan biji-biji dari Java Preanger serta Sembalun Rinjani dalam sebuah komposisi yang menceritakan kekayaan dataran Nusantara. Diproses dengan metode WetHulled dan Washed, menghadirkan nuansa leather, dark roast, smoky caramel yang bersih namun penuh kedalaman. Untuk setiap penjelajah yang memahami bahwa alat terbaik adalah yang paling sering dipakai.",Heavy Body,Java Preanger (Medium / WetHulled): 500g (50%) | Sembalun Rinjani (Dark / Washed): 500g (50%) | total: 1000g,Best for Espresso
S-AUT-117,Autumn,The Amber Descent,Turun gunung sambil membawa cerita — dan aroma tanah yang belum terlupakan.,Seasonal Blend,Burnished Hammer,The Amber Descent · Seasonal collection,Java Temanggung Medium WetHulled 40% | Aceh Gayo Light Washed 35% | Solok Radjo Dark Anaerobic 25%,Medium,"Diilhami dari artefak yang bertahan melewati puluhan ekspedisi, blend ini mempertemukan biji-biji dari Java Temanggung serta Aceh Gayo serta Solok Radjo dalam sebuah komposisi yang menceritakan kekayaan dataran Nusantara. Diproses dengan metode WetHulled dan Washed, menghadirkan nuansa bergamot, lemon zest, earthy yang bersih namun penuh kedalaman. Diwariskan dari tangan-tangan yang mengukur bumi sebelum peta pernah ada.",Medium Body,Java Temanggung (Medium / WetHulled): 400g (40%) | Aceh Gayo (Light / Washed): 350g (35%) | Solok Radjo (Dark / Anaerobic): 250g (25%) | total: 1000g,Cocok untuk French Press & Espresso
S-AUT-118,Autumn,The Amber Descent,Turun gunung sambil membawa cerita — dan aroma tanah yang belum terlupakan.,Seasonal Blend,Handcrafted Penknife,The Amber Descent · Seasonal collection,Lintong Onan Dark Honey 50% | Temanggung Light Wine 25% | Java Puntang Dark Honey 25%,Dark,"Seperti kompas yang selalu menunjuk ke tempat yang tepat, blend ini mempertemukan biji-biji dari Lintong Onan serta Temanggung serta Java Puntang dalam sebuah komposisi yang menceritakan kekayaan dataran Nusantara. Diproses dengan metode Honey dan Wine, menghadirkan nuansa burnt caramel, toffee, smoked almond yang bersih namun penuh kedalaman. Untuk setiap penjelajah yang memahami bahwa alat terbaik adalah yang paling sering dipakai.",Heavy Body,Lintong Onan (Dark / Honey): 500g (50%) | Temanggung (Light / Wine): 250g (25%) | Java Puntang (Dark / Honey): 250g (25%) | total: 1000g,Best for Batch Brew
S-AUT-119,Autumn,The Amber Descent,Turun gunung sambil membawa cerita — dan aroma tanah yang belum terlupakan.,Seasonal Blend,Worn Flask,The Amber Descent · Seasonal collection,Papua Wamena Light WetHulled 45% | Solok Radjo Medium Washed 35% | Semeru Light Wine 20%,Light,"Terekam dalam logbook yang lusuh namun tak pernah salah, blend ini mempertemukan biji-biji dari Papua Wamena serta Solok Radjo serta Semeru dalam sebuah komposisi yang menceritakan kekayaan dataran Nusantara. Diproses dengan metode WetHulled dan Washed, menghadirkan nuansa milk chocolate, wine, hazelnut yang bersih namun penuh kedalaman. Untuk setiap penjelajah yang memahami bahwa alat terbaik adalah yang paling sering dipakai.",Clean,Papua Wamena (Light / WetHulled): 450g (45%) | Solok Radjo (Medium / Washed): 350g (35%) | Semeru (Light / Wine): 200g (20%) | total: 1000g,Ideal for Chemex
S-AUT-120,Autumn,The Amber Descent,Turun gunung sambil membawa cerita — dan aroma tanah yang belum terlupakan.,Seasonal Blend,Field-worn Flask,The Amber Descent · Seasonal collection,Semeru Medium Natural 55% | Bukit Barisan Dark Anaerobic 45%,Medium,"Seperti alat ukur yang semakin akurat seiring bertambah usia, blend ini mempertemukan biji-biji dari Semeru serta Bukit Barisan dalam sebuah komposisi yang menceritakan kekayaan dataran Nusantara. Diproses dengan metode Natural dan Anaerobic, menghadirkan nuansa smoke, dark rum, dark chocolate yang bersih namun penuh kedalaman. Diciptakan bagi mereka yang menemukan keindahan dalam sesuatu yang telah melalui banyak hal.",Velvety,Semeru (Medium / Natural): 550g (55%) | Bukit Barisan (Dark / Anaerobic): 450g (45%) | total: 1000g,Cocok untuk French Press & Espresso
S-AUT-121,Autumn,The Amber Descent,Turun gunung sambil membawa cerita — dan aroma tanah yang belum terlupakan.,Seasonal Blend,Field-worn Odometer,The Amber Descent · Seasonal collection,Gunung Halu Medium Wine 40% | Sembalun Rinjani Dark Anaerobic 60%,Dark,"Seperti kompas yang selalu menunjuk ke tempat yang tepat, blend ini mempertemukan biji-biji dari Gunung Halu serta Sembalun Rinjani dalam sebuah komposisi yang menceritakan kekayaan dataran Nusantara. Diproses dengan metode Wine dan Anaerobic, menghadirkan nuansa black cherry, port wine, dark rum yang bersih namun penuh kedalaman. Diciptakan bagi mereka yang menemukan keindahan dalam sesuatu yang telah melalui banyak hal.",Heavy Body,Gunung Halu (Medium / Wine): 400g (40%) | Sembalun Rinjani (Dark / Anaerobic): 600g (60%) | total: 1000g,Cocok untuk Cold Brew
S-AUT-122,Autumn,The Amber Descent,Turun gunung sambil membawa cerita — dan aroma tanah yang belum terlupakan.,Seasonal Blend,Burnished Awl,The Amber Descent · Seasonal collection,Java Sindoro Light Wine 45% | Mandheling Dark Anaerobic 35% | Bali Ulian Medium WetHulled 20%,Medium,"Dari tangan-tangan yang pernah mengukur setiap jengkal dataran, blend ini mempertemukan biji-biji dari Java Sindoro serta Mandheling serta Bali Ulian dalam sebuah komposisi yang menceritakan kekayaan dataran Nusantara. Diproses dengan metode Wine dan Anaerobic, menghadirkan nuansa tobacco, black cherry, fermented cocoa yang bersih namun penuh kedalaman. Diciptakan bagi mereka yang menemukan keindahan dalam sesuatu yang telah melalui banyak hal.",Balanced,Java Sindoro (Light / Wine): 450g (45%) | Mandheling (Dark / Anaerobic): 350g (35%) | Bali Ulian (Medium / WetHulled): 200g (20%) | total: 1000g,Best for Moka Pot
S-AUT-123,Autumn,The Amber Descent,Turun gunung sambil membawa cerita — dan aroma tanah yang belum terlupakan.,Seasonal Blend,Engraved Clinometer,The Amber Descent · Seasonal collection,Semeru Dark SemiWashed 50% | Sidikalang Light SemiWashed 50%,Medium,"Seperti kompas yang selalu menunjuk ke tempat yang tepat, blend ini mempertemukan biji-biji dari Semeru serta Sidikalang dalam sebuah komposisi yang menceritakan kekayaan dataran Nusantara. Diproses dengan metode SemiWashed, menghadirkan nuansa intense spice, mandarin, light caramel yang bersih namun penuh kedalaman. Untuk setiap penjelajah yang memahami bahwa alat terbaik adalah yang paling sering dipakai.",Round,Semeru (Dark / SemiWashed): 500g (50%) | Sidikalang (Light / SemiWashed): 500g (50%) | total: 1000g,Cocok untuk French Press & Espresso
S-AUT-124,Autumn,The Amber Descent,Turun gunung sambil membawa cerita — dan aroma tanah yang belum terlupakan.,Seasonal Blend,True Divider,The Amber Descent · Seasonal collection,Bukit Barisan Dark Anaerobic 50% | Bukit Barisan Dark WetHulled 50%,Dark,"Ditemukan dalam catatan perjalanan seorang penjelajah tua, blend ini mempertemukan biji-biji dari Bukit Barisan serta Bukit Barisan dalam sebuah komposisi yang menceritakan kekayaan dataran Nusantara. Diproses dengan metode Anaerobic dan WetHulled, menghadirkan nuansa peat, smoke, intense earth yang bersih namun penuh kedalaman. Diwariskan dari tangan-tangan yang mengukur bumi sebelum peta pernah ada.",Syrupy,Bukit Barisan (Dark / Anaerobic): 500g (50%) | Bukit Barisan (Dark / WetHulled): 500g (50%) | total: 1000g,Ideal untuk Ristretto
S-AUT-125,Autumn,The Amber Descent,Turun gunung sambil membawa cerita — dan aroma tanah yang belum terlupakan.,Seasonal Blend,Cracked Odometer,The Amber Descent · Seasonal collection,Solok Radjo Medium SemiWashed 70% | Java Puntang Light SemiWashed 30%,Medium,"Terekam dalam logbook yang lusuh namun tak pernah salah, blend ini mempertemukan biji-biji dari Solok Radjo serta Java Puntang dalam sebuah komposisi yang menceritakan kekayaan dataran Nusantara. Diproses dengan metode SemiWashed, menghadirkan nuansa apricot jam, mandarin, milk caramel yang bersih namun penuh kedalaman. Untuk setiap penjelajah yang memahami bahwa alat terbaik adalah yang paling sering dipakai.",Smooth,Solok Radjo (Medium / SemiWashed): 700g (70%) | Java Puntang (Light / SemiWashed): 300g (30%) | total: 1000g,Versatile for Espresso & Filter
S-AUT-126,Autumn,The Amber Descent,Turun gunung sambil membawa cerita — dan aroma tanah yang belum terlupakan.,Seasonal Blend,Handcrafted Mallet,The Amber Descent · Seasonal collection,Java Sindoro Dark Wine 40% | Solok Radjo Medium SemiWashed 60%,Medium,"Ditemukan dalam catatan perjalanan seorang penjelajah tua, blend ini mempertemukan biji-biji dari Java Sindoro serta Solok Radjo dalam sebuah komposisi yang menceritakan kekayaan dataran Nusantara. Diproses dengan metode Wine dan SemiWashed, menghadirkan nuansa milk caramel, dark espresso, vanilla yang bersih namun penuh kedalaman. Sebuah penghormatan kepada artefak yang merekam lebih dari sekadar perjalanan.",Smooth,Java Sindoro (Dark / Wine): 400g (40%) | Solok Radjo (Medium / SemiWashed): 600g (60%) | total: 1000g,Cocok untuk French Press & Espresso
S-AUT-127,Autumn,The Amber Descent,Turun gunung sambil membawa cerita — dan aroma tanah yang belum terlupakan.,Seasonal Blend,Weathered Compass,The Amber Descent · Seasonal collection,Aceh Gayo Dark Anaerobic 55% | Temanggung Medium Wine 45%,Dark,"Terekam dalam logbook yang lusuh namun tak pernah salah, blend ini mempertemukan biji-biji dari Aceh Gayo serta Temanggung dalam sebuah komposisi yang menceritakan kekayaan dataran Nusantara. Diproses dengan metode Anaerobic dan Wine, menghadirkan nuansa fermented cocoa, smoke, espresso yang bersih namun penuh kedalaman. Untuk setiap penjelajah yang memahami bahwa alat terbaik adalah yang paling sering dipakai.",Syrupy,Aceh Gayo (Dark / Anaerobic): 550g (55%) | Temanggung (Medium / Wine): 450g (45%) | total: 1000g,Best for Espresso
S-AUT-128,Autumn,The Amber Descent,Turun gunung sambil membawa cerita — dan aroma tanah yang belum terlupakan.,Seasonal Blend,Engraved Theodolite,The Amber Descent · Seasonal collection,Mandheling Light Honey 40% | Kerinci Kayu Aro Medium Wine 35% | Bukit Barisan Medium Washed 25%,Light,"Dari tangan-tangan yang pernah mengukur setiap jengkal dataran, blend ini mempertemukan biji-biji dari Mandheling serta Kerinci Kayu Aro serta Bukit Barisan dalam sebuah komposisi yang menceritakan kekayaan dataran Nusantara. Diproses dengan metode Honey dan Wine, menghadirkan nuansa milk chocolate, nectarine, honeysuckle yang bersih namun penuh kedalaman. Sebuah penghormatan kepada artefak yang merekam lebih dari sekadar perjalanan.",Tea-like,Mandheling (Light / Honey): 400g (40%) | Kerinci Kayu Aro (Medium / Wine): 350g (35%) | Bukit Barisan (Medium / Washed): 250g (25%) | total: 1000g,Pour Over Recommended
S-AUT-129,Autumn,The Amber Descent,Turun gunung sambil membawa cerita — dan aroma tanah yang belum terlupakan.,Seasonal Blend,Dented Compass,The Amber Descent · Seasonal collection,Toraja Kalosi Light Washed 45% | Java Manglayang Dark SemiWashed 55%,Medium,"Seperti kompas yang selalu menunjuk ke tempat yang tepat, blend ini mempertemukan biji-biji dari Toraja Kalosi serta Java Manglayang dalam sebuah komposisi yang menceritakan kekayaan dataran Nusantara. Diproses dengan metode Washed dan SemiWashed, menghadirkan nuansa bergamot, intense spice, jasmine yang bersih namun penuh kedalaman. Diciptakan bagi mereka yang menemukan keindahan dalam sesuatu yang telah melalui banyak hal.",Velvety,Toraja Kalosi (Light / Washed): 450g (45%) | Java Manglayang (Dark / SemiWashed): 550g (55%) | total: 1000g,Best for Moka Pot
S-AUT-130,Autumn,The Amber Descent,Turun gunung sambil membawa cerita — dan aroma tanah yang belum terlupakan.,Seasonal Blend,Storied Flask,The Amber Descent · Seasonal collection,Flores Bajawa Medium Natural 40% | Bengkulu Dark Natural 35% | Bengkulu Light SemiWashed 25%,Medium,"Seperti alat ukur yang semakin akurat seiring bertambah usia, blend ini mempertemukan biji-biji dari Flores Bajawa serta Bengkulu serta Bengkulu dalam sebuah komposisi yang menceritakan kekayaan dataran Nusantara. Diproses dengan metode Natural dan SemiWashed, menghadirkan nuansa dark berry, tar, dark chocolate yang bersih namun penuh kedalaman. Untuk setiap penjelajah yang memahami bahwa alat terbaik adalah yang paling sering dipakai.",Round,Flores Bajawa (Medium / Natural): 400g (40%) | Bengkulu (Dark / Natural): 350g (35%) | Bengkulu (Light / SemiWashed): 250g (25%) | total: 1000g,Versatile for Espresso & Filter
S-AUT-131,Autumn,The Amber Descent,Turun gunung sambil membawa cerita — dan aroma tanah yang belum terlupakan.,Seasonal Blend,Battered Protractor,The Amber Descent · Seasonal collection,Arjuno Light Natural 55% | Toraja Sapan Light Honey 30% | Bengkulu Medium SemiWashed 15%,Light,"Seperti alat ukur yang semakin akurat seiring bertambah usia, blend ini mempertemukan biji-biji dari Arjuno serta Toraja Sapan serta Bengkulu dalam sebuah komposisi yang menceritakan kekayaan dataran Nusantara. Diproses dengan metode Natural dan Honey, menghadirkan nuansa white grape, watermelon, floral yang bersih namun penuh kedalaman. Diciptakan bagi mereka yang menemukan keindahan dalam sesuatu yang telah melalui banyak hal.",Delicate,Arjuno (Light / Natural): 550g (55%) | Toraja Sapan (Light / Honey): 300g (30%) | Bengkulu (Medium / SemiWashed): 150g (15%) | total: 1000g,Best for V60
S-AUT-132,Autumn,The Amber Descent,Turun gunung sambil membawa cerita — dan aroma tanah yang belum terlupakan.,Seasonal Blend,Aged Hammer,The Amber Descent · Seasonal collection,Flores Manggarai Medium WetHulled 60% | Lintong Onan Dark WetHulled 25% | Aceh Gayo Medium Natural 15%,Medium,"Dari tangan-tangan yang pernah mengukur setiap jengkal dataran, blend ini mempertemukan biji-biji dari Flores Manggarai serta Lintong Onan serta Aceh Gayo dalam sebuah komposisi yang menceritakan kekayaan dataran Nusantara. Diproses dengan metode WetHulled dan Natural, menghadirkan nuansa peat, leather, intense earth yang bersih namun penuh kedalaman. Diciptakan bagi mereka yang menemukan keindahan dalam sesuatu yang telah melalui banyak hal.",Round,Flores Manggarai (Medium / WetHulled): 600g (60%) | Lintong Onan (Dark / WetHulled): 250g (25%) | Aceh Gayo (Medium / Natural): 150g (15%) | total: 1000g,Versatile for Espresso & Filter
S-AUT-133,Autumn,The Amber Descent,Turun gunung sambil membawa cerita — dan aroma tanah yang belum terlupakan.,Seasonal Blend,Hammered Awl,The Amber Descent · Seasonal collection,Flores Bajawa Light WetHulled 65% | Sembalun Rinjani Dark Natural 35%,Medium,"Terekam dalam logbook yang lusuh namun tak pernah salah, blend ini mempertemukan biji-biji dari Flores Bajawa serta Sembalun Rinjani dalam sebuah komposisi yang menceritakan kekayaan dataran Nusantara. Diproses dengan metode WetHulled dan Natural, menghadirkan nuansa tar, lime, herb yang bersih namun penuh kedalaman. Sebuah penghormatan kepada artefak yang merekam lebih dari sekadar perjalanan.",Smooth,Flores Bajawa (Light / WetHulled): 650g (65%) | Sembalun Rinjani (Dark / Natural): 350g (35%) | total: 1000g,Cocok untuk French Press & Espresso
S-AUT-134,Autumn,The Amber Descent,Turun gunung sambil membawa cerita — dan aroma tanah yang belum terlupakan.,Seasonal Blend,Weathered Transit,The Amber Descent · Seasonal collection,Gunung Halu Light Washed 40% | Dampit Malang Dark Washed 35% | Toraja Kalosi Dark WetHulled 25%,Medium,"Seperti kompas yang selalu menunjuk ke tempat yang tepat, blend ini mempertemukan biji-biji dari Gunung Halu serta Dampit Malang serta Toraja Kalosi dalam sebuah komposisi yang menceritakan kekayaan dataran Nusantara. Diproses dengan metode Washed dan WetHulled, menghadirkan nuansa dark roast, molasses, green tea yang bersih namun penuh kedalaman. Diwariskan dari tangan-tangan yang mengukur bumi sebelum peta pernah ada.",Smooth,Gunung Halu (Light / Washed): 400g (40%) | Dampit Malang (Dark / Washed): 350g (35%) | Toraja Kalosi (Dark / WetHulled): 250g (25%) | total: 1000g,Cocok untuk French Press & Espresso
S-AUT-135,Autumn,The Amber Descent,Turun gunung sambil membawa cerita — dan aroma tanah yang belum terlupakan.,Seasonal Blend,Dented Hammer,The Amber Descent · Seasonal collection,Flores Manggarai Medium Honey 45% | Sidikalang Dark Wine 35% | Sembalun Rinjani Medium Wine 20%,Medium,"Diilhami dari artefak yang bertahan melewati puluhan ekspedisi, blend ini mempertemukan biji-biji dari Flores Manggarai serta Sidikalang serta Sembalun Rinjani dalam sebuah komposisi yang menceritakan kekayaan dataran Nusantara. Diproses dengan metode Honey dan Wine, menghadirkan nuansa tobacco, espresso, macadamia yang bersih namun penuh kedalaman. Diciptakan bagi mereka yang menemukan keindahan dalam sesuatu yang telah melalui banyak hal.",Balanced,Flores Manggarai (Medium / Honey): 450g (45%) | Sidikalang (Dark / Wine): 350g (35%) | Sembalun Rinjani (Medium / Wine): 200g (20%) | total: 1000g,Best for Moka Pot
S-AUT-136,Autumn,The Amber Descent,Turun gunung sambil membawa cerita — dan aroma tanah yang belum terlupakan.,Seasonal Blend,Inherited Hammer,The Amber Descent · Seasonal collection,Bengkulu Dark WetHulled 50% | Solok Radjo Light Anaerobic 25% | Lintong Onan Dark WetHulled 25%,Dark,"Seperti alat ukur yang semakin akurat seiring bertambah usia, blend ini mempertemukan biji-biji dari Bengkulu serta Solok Radjo serta Lintong Onan dalam sebuah komposisi yang menceritakan kekayaan dataran Nusantara. Diproses dengan metode WetHulled dan Anaerobic, menghadirkan nuansa peat, cola, lychee yang bersih namun penuh kedalaman. Diciptakan bagi mereka yang menemukan keindahan dalam sesuatu yang telah melalui banyak hal.",Syrupy,Bengkulu (Dark / WetHulled): 500g (50%) | Solok Radjo (Light / Anaerobic): 250g (25%) | Lintong Onan (Dark / WetHulled): 250g (25%) | total: 1000g,Ideal untuk Ristretto
S-AUT-137,Autumn,The Amber Descent,Turun gunung sambil membawa cerita — dan aroma tanah yang belum terlupakan.,Seasonal Blend,Aged Canteen,The Amber Descent · Seasonal collection,Papua Dogiyai Light Natural 40% | Papua Wamena Dark Washed 60%,Medium,"Dari tangan-tangan yang pernah mengukur setiap jengkal dataran, blend ini mempertemukan biji-biji dari Papua Dogiyai serta Papua Wamena dalam sebuah komposisi yang menceritakan kekayaan dataran Nusantara. Diproses dengan metode Natural dan Washed, menghadirkan nuansa smoky caramel, dark roast, watermelon yang bersih namun penuh kedalaman. Diciptakan bagi mereka yang menemukan keindahan dalam sesuatu yang telah melalui banyak hal.",Velvety,Papua Dogiyai (Light / Natural): 400g (40%) | Papua Wamena (Dark / Washed): 600g (60%) | total: 1000g,Best for Moka Pot
S-AUT-138,Autumn,The Amber Descent,Turun gunung sambil membawa cerita — dan aroma tanah yang belum terlupakan.,Seasonal Blend,Reliable Rucksack,The Amber Descent · Seasonal collection,Bali Kintamani Light WetHulled 60% | Java Ijen Raung Medium WetHulled 40%,Light,"Seperti kompas yang selalu menunjuk ke tempat yang tepat, blend ini mempertemukan biji-biji dari Bali Kintamani serta Java Ijen Raung dalam sebuah komposisi yang menceritakan kekayaan dataran Nusantara. Diproses dengan metode WetHulled, menghadirkan nuansa cedar, herb, lime yang bersih namun penuh kedalaman. Sebuah penghormatan kepada artefak yang merekam lebih dari sekadar perjalanan.",Tea-like,Bali Kintamani (Light / WetHulled): 600g (60%) | Java Ijen Raung (Medium / WetHulled): 400g (40%) | total: 1000g,Ideal for Chemex
S-AUT-139,Autumn,The Amber Descent,Turun gunung sambil membawa cerita — dan aroma tanah yang belum terlupakan.,Seasonal Blend,Rusted Rucksack,The Amber Descent · Seasonal collection,Papua Dogiyai Medium Natural 55% | Bali Kintamani Medium Washed 30% | Java Puntang Medium Anaerobic 15%,Medium,"Seperti kompas yang selalu menunjuk ke tempat yang tepat, blend ini mempertemukan biji-biji dari Papua Dogiyai serta Bali Kintamani serta Java Puntang dalam sebuah komposisi yang menceritakan kekayaan dataran Nusantara. Diproses dengan metode Natural dan Washed, menghadirkan nuansa caramel, almond, tamarind yang bersih namun penuh kedalaman. Diciptakan bagi mereka yang menemukan keindahan dalam sesuatu yang telah melalui banyak hal.",Round,Papua Dogiyai (Medium / Natural): 550g (55%) | Bali Kintamani (Medium / Washed): 300g (30%) | Java Puntang (Medium / Anaerobic): 150g (15%) | total: 1000g,Best for Moka Pot
S-AUT-140,Autumn,The Amber Descent,Turun gunung sambil membawa cerita — dan aroma tanah yang belum terlupakan.,Seasonal Blend,True Aneroid,The Amber Descent · Seasonal collection,Java Sindoro Light Washed 55% | Solok Radjo Dark Washed 45%,Medium,"Ditemukan dalam catatan perjalanan seorang penjelajah tua, blend ini mempertemukan biji-biji dari Java Sindoro serta Solok Radjo dalam sebuah komposisi yang menceritakan kekayaan dataran Nusantara. Diproses dengan metode Washed, menghadirkan nuansa smoky caramel, jasmine, dark roast yang bersih namun penuh kedalaman. Sebuah penghormatan kepada artefak yang merekam lebih dari sekadar perjalanan.",Round,Java Sindoro (Light / Washed): 550g (55%) | Solok Radjo (Dark / Washed): 450g (45%) | total: 1000g,Versatile for Espresso & Filter
S-AUT-141,Autumn,The Amber Descent,Turun gunung sambil membawa cerita — dan aroma tanah yang belum terlupakan.,Seasonal Blend,Well-used Field Notes,The Amber Descent · Seasonal collection,Bengkulu Light Natural 50% | Gunung Halu Dark Natural 30% | Mandheling Dark Anaerobic 20%,Medium,"Ditemukan dalam catatan perjalanan seorang penjelajah tua, blend ini mempertemukan biji-biji dari Bengkulu serta Gunung Halu serta Mandheling dalam sebuah komposisi yang menceritakan kekayaan dataran Nusantara. Diproses dengan metode Natural dan Anaerobic, menghadirkan nuansa tropical fruit, strawberry, charcoal yang bersih namun penuh kedalaman. Diwariskan dari tangan-tangan yang mengukur bumi sebelum peta pernah ada.",Round,Bengkulu (Light / Natural): 500g (50%) | Gunung Halu (Dark / Natural): 300g (30%) | Mandheling (Dark / Anaerobic): 200g (20%) | total: 1000g,Best for Moka Pot
S-AUT-142,Autumn,The Amber Descent,Turun gunung sambil membawa cerita — dan aroma tanah yang belum terlupakan.,Seasonal Blend,Cracked Astrolabe,The Amber Descent · Seasonal collection,Gunung Halu Medium Wine 70% | Java Manglayang Dark Honey 30%,Medium,"Diilhami dari artefak yang bertahan melewati puluhan ekspedisi, blend ini mempertemukan biji-biji dari Gunung Halu serta Java Manglayang dalam sebuah komposisi yang menceritakan kekayaan dataran Nusantara. Diproses dengan metode Wine dan Honey, menghadirkan nuansa smoked almond, espresso, dark sugar yang bersih namun penuh kedalaman. Untuk setiap penjelajah yang memahami bahwa alat terbaik adalah yang paling sering dipakai.",Round,Gunung Halu (Medium / Wine): 700g (70%) | Java Manglayang (Dark / Honey): 300g (30%) | total: 1000g,Cocok untuk French Press & Espresso
S-AUT-143,Autumn,The Amber Descent,Turun gunung sambil membawa cerita — dan aroma tanah yang belum terlupakan.,Seasonal Blend,Well-used Aneroid,The Amber Descent · Seasonal collection,Java Sindoro Medium Natural 55% | Wanoja Kamojang Light WetHulled 30% | Bengkulu Light Wine 15%,Light,"Seperti kompas yang selalu menunjuk ke tempat yang tepat, blend ini mempertemukan biji-biji dari Java Sindoro serta Wanoja Kamojang serta Bengkulu dalam sebuah komposisi yang menceritakan kekayaan dataran Nusantara. Diproses dengan metode Natural dan WetHulled, menghadirkan nuansa berry jam, plum, molasses yang bersih namun penuh kedalaman. Diciptakan bagi mereka yang menemukan keindahan dalam sesuatu yang telah melalui banyak hal.",Light Body,Java Sindoro (Medium / Natural): 550g (55%) | Wanoja Kamojang (Light / WetHulled): 300g (30%) | Bengkulu (Light / Wine): 150g (15%) | total: 1000g,Best for V60
S-AUT-144,Autumn,The Amber Descent,Turun gunung sambil membawa cerita — dan aroma tanah yang belum terlupakan.,Seasonal Blend,Antique Protractor,The Amber Descent · Seasonal collection,Solok Radjo Medium SemiWashed 55% | Java Manglayang Light SemiWashed 45%,Light,"Terekam dalam logbook yang lusuh namun tak pernah salah, blend ini mempertemukan biji-biji dari Solok Radjo serta Java Manglayang dalam sebuah komposisi yang menceritakan kekayaan dataran Nusantara. Diproses dengan metode SemiWashed, menghadirkan nuansa mandarin, apricot jam, vanilla yang bersih namun penuh kedalaman. Diwariskan dari tangan-tangan yang mengukur bumi sebelum peta pernah ada.",Delicate,Solok Radjo (Medium / SemiWashed): 550g (55%) | Java Manglayang (Light / SemiWashed): 450g (45%) | total: 1000g,Pour Over Recommended
S-AUT-145,Autumn,The Amber Descent,Turun gunung sambil membawa cerita — dan aroma tanah yang belum terlupakan.,Seasonal Blend,Rusted Penknife,The Amber Descent · Seasonal collection,Toraja Sapan Dark Anaerobic 65% | Java Manglayang Medium Anaerobic 35%,Dark,"Dari tangan-tangan yang pernah mengukur setiap jengkal dataran, blend ini mempertemukan biji-biji dari Toraja Sapan serta Java Manglayang dalam sebuah komposisi yang menceritakan kekayaan dataran Nusantara. Diproses dengan metode Anaerobic, menghadirkan nuansa cacao nib, tropical punch, fermented cocoa yang bersih namun penuh kedalaman. Diwariskan dari tangan-tangan yang mengukur bumi sebelum peta pernah ada.",Full Body,Toraja Sapan (Dark / Anaerobic): 650g (65%) | Java Manglayang (Medium / Anaerobic): 350g (35%) | total: 1000g,Ideal untuk Ristretto
S-AUT-146,Autumn,The Amber Descent,Turun gunung sambil membawa cerita — dan aroma tanah yang belum terlupakan.,Seasonal Blend,Dented Protractor,The Amber Descent · Seasonal collection,Bengkulu Medium Natural 65% | Kerinci Kayu Aro Medium Natural 35%,Medium,"Seperti kompas yang selalu menunjuk ke tempat yang tepat, blend ini mempertemukan biji-biji dari Bengkulu serta Kerinci Kayu Aro dalam sebuah komposisi yang menceritakan kekayaan dataran Nusantara. Diproses dengan metode Natural, menghadirkan nuansa molasses, dried fig, berry jam yang bersih namun penuh kedalaman. Untuk setiap penjelajah yang memahami bahwa alat terbaik adalah yang paling sering dipakai.",Velvety,Bengkulu (Medium / Natural): 650g (65%) | Kerinci Kayu Aro (Medium / Natural): 350g (35%) | total: 1000g,Best for Moka Pot
S-AUT-147,Autumn,The Amber Descent,Turun gunung sambil membawa cerita — dan aroma tanah yang belum terlupakan.,Seasonal Blend,Tarnished Logbook,The Amber Descent · Seasonal collection,Java Manglayang Dark Honey 55% | Sembalun Rinjani Medium Anaerobic 30% | Semeru Light SemiWashed 15%,Medium,"Dari tangan-tangan yang pernah mengukur setiap jengkal dataran, blend ini mempertemukan biji-biji dari Java Manglayang serta Sembalun Rinjani serta Semeru dalam sebuah komposisi yang menceritakan kekayaan dataran Nusantara. Diproses dengan metode Honey dan Anaerobic, menghadirkan nuansa oolong tea, burnt caramel, cacao nib yang bersih namun penuh kedalaman. Untuk setiap penjelajah yang memahami bahwa alat terbaik adalah yang paling sering dipakai.",Round,Java Manglayang (Dark / Honey): 550g (55%) | Sembalun Rinjani (Medium / Anaerobic): 300g (30%) | Semeru (Light / SemiWashed): 150g (15%) | total: 1000g,Cocok untuk French Press & Espresso
S-AUT-148,Autumn,The Amber Descent,Turun gunung sambil membawa cerita — dan aroma tanah yang belum terlupakan.,Seasonal Blend,Burnished Sextant,The Amber Descent · Seasonal collection,Flores Bajawa Light SemiWashed 55% | Java Sindoro Dark Anaerobic 30% | Temanggung Light Washed 15%,Light,"Terekam dalam logbook yang lusuh namun tak pernah salah, blend ini mempertemukan biji-biji dari Flores Bajawa serta Java Sindoro serta Temanggung dalam sebuah komposisi yang menceritakan kekayaan dataran Nusantara. Diproses dengan metode SemiWashed dan Anaerobic, menghadirkan nuansa lemon zest, peach, dark rum yang bersih namun penuh kedalaman. Untuk setiap penjelajah yang memahami bahwa alat terbaik adalah yang paling sering dipakai.",Light Body,Flores Bajawa (Light / SemiWashed): 550g (55%) | Java Sindoro (Dark / Anaerobic): 300g (30%) | Temanggung (Light / Washed): 150g (15%) | total: 1000g,Pour Over Recommended
S-AUT-149,Autumn,The Amber Descent,Turun gunung sambil membawa cerita — dan aroma tanah yang belum terlupakan.,Seasonal Blend,Gilded Protractor,The Amber Descent · Seasonal collection,Semeru Medium Honey 50% | Temanggung Medium WetHulled 50%,Medium,"Seperti alat ukur yang semakin akurat seiring bertambah usia, blend ini mempertemukan biji-biji dari Semeru serta Temanggung dalam sebuah komposisi yang menceritakan kekayaan dataran Nusantara. Diproses dengan metode Honey dan WetHulled, menghadirkan nuansa macadamia, toffee, maple syrup yang bersih namun penuh kedalaman. Diwariskan dari tangan-tangan yang mengukur bumi sebelum peta pernah ada.",Balanced,Semeru (Medium / Honey): 500g (50%) | Temanggung (Medium / WetHulled): 500g (50%) | total: 1000g,Versatile for Espresso & Filter
S-AUT-150,Autumn,The Amber Descent,Turun gunung sambil membawa cerita — dan aroma tanah yang belum terlupakan.,Seasonal Blend,Gilded Awl,The Amber Descent · Seasonal collection,Lampung Robusta Premium Light Wine 50% | Java Puntang Light Wine 25% | Dampit Malang Dark WetHulled 25%,Light,"Diilhami dari artefak yang bertahan melewati puluhan ekspedisi, blend ini mempertemukan biji-biji dari Lampung Robusta Premium serta Java Puntang serta Dampit Malang dalam sebuah komposisi yang menceritakan kekayaan dataran Nusantara. Diproses dengan metode Wine dan WetHulled, menghadirkan nuansa clove, wine, peat yang bersih namun penuh kedalaman. Diwariskan dari tangan-tangan yang mengukur bumi sebelum peta pernah ada.",Delicate,Lampung Robusta Premium (Light / Wine): 500g (50%) | Java Puntang (Light / Wine): 250g (25%) | Dampit Malang (Dark / WetHulled): 250g (25%) | total: 1000g,Ideal for Chemex
S-AUT-151,Autumn,The Amber Descent,Turun gunung sambil membawa cerita — dan aroma tanah yang belum terlupakan.,Seasonal Blend,Aged Awl,The Amber Descent · Seasonal collection,Java Manglayang Light WetHulled 45% | Flores Bajawa Medium WetHulled 35% | Flores Manggarai Medium Washed 20%,Light,"Ditemukan dalam catatan perjalanan seorang penjelajah tua, blend ini mempertemukan biji-biji dari Java Manglayang serta Flores Bajawa serta Flores Manggarai dalam sebuah komposisi yang menceritakan kekayaan dataran Nusantara. Diproses dengan metode WetHulled dan Washed, menghadirkan nuansa lime, brown sugar, hazelnut yang bersih namun penuh kedalaman. Diwariskan dari tangan-tangan yang mengukur bumi sebelum peta pernah ada.",Silky,Java Manglayang (Light / WetHulled): 450g (45%) | Flores Bajawa (Medium / WetHulled): 350g (35%) | Flores Manggarai (Medium / Washed): 200g (20%) | total: 1000g,Cocok untuk AeroPress
S-AUT-152,Autumn,The Amber Descent,Turun gunung sambil membawa cerita — dan aroma tanah yang belum terlupakan.,Seasonal Blend,Well-used Clinometer,The Amber Descent · Seasonal collection,Dampit Malang Medium Anaerobic 45% | Java Sindoro Light Anaerobic 35% | Bali Ulian Light Anaerobic 20%,Light,"Seperti alat ukur yang semakin akurat seiring bertambah usia, blend ini mempertemukan biji-biji dari Dampit Malang serta Java Sindoro serta Bali Ulian dalam sebuah komposisi yang menceritakan kekayaan dataran Nusantara. Diproses dengan metode Anaerobic, menghadirkan nuansa cola, lychee, passion fruit yang bersih namun penuh kedalaman. Sebuah penghormatan kepada artefak yang merekam lebih dari sekadar perjalanan.",Tea-like,Dampit Malang (Medium / Anaerobic): 450g (45%) | Java Sindoro (Light / Anaerobic): 350g (35%) | Bali Ulian (Light / Anaerobic): 200g (20%) | total: 1000g,Best for V60
S-AUT-153,Autumn,The Amber Descent,Turun gunung sambil membawa cerita — dan aroma tanah yang belum terlupakan.,Seasonal Blend,Faded Mallet,The Amber Descent · Seasonal collection,Java Sindoro Light Natural 50% | Flores Manggarai Light Anaerobic 25% | Dampit Malang Medium Wine 25%,Light,"Diilhami dari artefak yang bertahan melewati puluhan ekspedisi, blend ini mempertemukan biji-biji dari Java Sindoro serta Flores Manggarai serta Dampit Malang dalam sebuah komposisi yang menceritakan kekayaan dataran Nusantara. Diproses dengan metode Natural dan Anaerobic, menghadirkan nuansa tropical fruit, passion fruit, watermelon yang bersih namun penuh kedalaman. Diciptakan bagi mereka yang menemukan keindahan dalam sesuatu yang telah melalui banyak hal.",Silky,Java Sindoro (Light / Natural): 500g (50%) | Flores Manggarai (Light / Anaerobic): 250g (25%) | Dampit Malang (Medium / Wine): 250g (25%) | total: 1000g,Pour Over Recommended
S-AUT-154,Autumn,The Amber Descent,Turun gunung sambil membawa cerita — dan aroma tanah yang belum terlupakan.,Seasonal Blend,Aged Flask,The Amber Descent · Seasonal collection,Java Sindoro Dark Anaerobic 50% | Java Puntang Medium Natural 30% | Semeru Medium Honey 20%,Dark,"Ditemukan dalam catatan perjalanan seorang penjelajah tua, blend ini mempertemukan biji-biji dari Java Sindoro serta Java Puntang serta Semeru dalam sebuah komposisi yang menceritakan kekayaan dataran Nusantara. Diproses dengan metode Anaerobic dan Natural, menghadirkan nuansa smoke, dried apricot, molasses yang bersih namun penuh kedalaman. Untuk setiap penjelajah yang memahami bahwa alat terbaik adalah yang paling sering dipakai.",Bold,Java Sindoro (Dark / Anaerobic): 500g (50%) | Java Puntang (Medium / Natural): 300g (30%) | Semeru (Medium / Honey): 200g (20%) | total: 1000g,Cocok untuk Cold Brew
S-AUT-155,Autumn,The Amber Descent,Turun gunung sambil membawa cerita — dan aroma tanah yang belum terlupakan.,Seasonal Blend,Tarnished Aneroid,The Amber Descent · Seasonal collection,Java Sindoro Dark Washed 65% | Sidikalang Light WetHulled 35%,Medium,"Seperti kompas yang selalu menunjuk ke tempat yang tepat, blend ini mempertemukan biji-biji dari Java Sindoro serta Sidikalang dalam sebuah komposisi yang menceritakan kekayaan dataran Nusantara. Diproses dengan metode Washed dan WetHulled, menghadirkan nuansa dark roast, lime, herb yang bersih namun penuh kedalaman. Untuk setiap penjelajah yang memahami bahwa alat terbaik adalah yang paling sering dipakai.",Velvety,Java Sindoro (Dark / Washed): 650g (65%) | Sidikalang (Light / WetHulled): 350g (35%) | total: 1000g,Best for Moka Pot
S-AUT-156,Autumn,The Amber Descent,Turun gunung sambil membawa cerita — dan aroma tanah yang belum terlupakan.,Seasonal Blend,Weathered Flask,The Amber Descent · Seasonal collection,Flores Bajawa Medium SemiWashed 40% | Dampit Malang Medium SemiWashed 35% | Toraja Sapan Medium Washed 25%,Medium,"Dari tangan-tangan yang pernah mengukur setiap jengkal dataran, blend ini mempertemukan biji-biji dari Flores Bajawa serta Dampit Malang serta Toraja Sapan dalam sebuah komposisi yang menceritakan kekayaan dataran Nusantara. Diproses dengan metode SemiWashed dan Washed, menghadirkan nuansa brown sugar, vanilla, hazelnut yang bersih namun penuh kedalaman. Diwariskan dari tangan-tangan yang mengukur bumi sebelum peta pernah ada.",Velvety,Flores Bajawa (Medium / SemiWashed): 400g (40%) | Dampit Malang (Medium / SemiWashed): 350g (35%) | Toraja Sapan (Medium / Washed): 250g (25%) | total: 1000g,Best for Moka Pot
S-AUT-157,Autumn,The Amber Descent,Turun gunung sambil membawa cerita — dan aroma tanah yang belum terlupakan.,Seasonal Blend,Antique Ledger,The Amber Descent · Seasonal collection,Lampung Robusta Premium Dark Anaerobic 60% | Bali Kintamani Light SemiWashed 40%,Medium,"Dari tangan-tangan yang pernah mengukur setiap jengkal dataran, blend ini mempertemukan biji-biji dari Lampung Robusta Premium serta Bali Kintamani dalam sebuah komposisi yang menceritakan kekayaan dataran Nusantara. Diproses dengan metode Anaerobic dan SemiWashed, menghadirkan nuansa black cherry, smoke, light caramel yang bersih namun penuh kedalaman. Diciptakan bagi mereka yang menemukan keindahan dalam sesuatu yang telah melalui banyak hal.",Smooth,Lampung Robusta Premium (Dark / Anaerobic): 600g (60%) | Bali Kintamani (Light / SemiWashed): 400g (40%) | total: 1000g,Cocok untuk French Press & Espresso
S-AUT-158,Autumn,The Amber Descent,Turun gunung sambil membawa cerita — dan aroma tanah yang belum terlupakan.,Seasonal Blend,Timeworn Sextant,The Amber Descent · Seasonal collection,Wanoja Kamojang Dark Natural 65% | Wanoja Kamojang Light Wine 35%,Medium,"Dari tangan-tangan yang pernah mengukur setiap jengkal dataran, blend ini mempertemukan biji-biji dari Wanoja Kamojang serta Wanoja Kamojang dalam sebuah komposisi yang menceritakan kekayaan dataran Nusantara. Diproses dengan metode Natural dan Wine, menghadirkan nuansa tar, espresso, dark berry yang bersih namun penuh kedalaman. Diciptakan bagi mereka yang menemukan keindahan dalam sesuatu yang telah melalui banyak hal.",Medium Body,Wanoja Kamojang (Dark / Natural): 650g (65%) | Wanoja Kamojang (Light / Wine): 350g (35%) | total: 1000g,Best for Moka Pot
S-AUT-159,Autumn,The Amber Descent,Turun gunung sambil membawa cerita — dan aroma tanah yang belum terlupakan.,Seasonal Blend,Weathered Pedometer,The Amber Descent · Seasonal collection,Java Garut Light WetHulled 50% | Aceh Gayo Light Washed 50%,Light,"Diilhami dari artefak yang bertahan melewati puluhan ekspedisi, blend ini mempertemukan biji-biji dari Java Garut serta Aceh Gayo dalam sebuah komposisi yang menceritakan kekayaan dataran Nusantara. Diproses dengan metode WetHulled dan Washed, menghadirkan nuansa peach, lime, green tea yang bersih namun penuh kedalaman. Diwariskan dari tangan-tangan yang mengukur bumi sebelum peta pernah ada.",Silky,Java Garut (Light / WetHulled): 500g (50%) | Aceh Gayo (Light / Washed): 500g (50%) | total: 1000g,Best for V60
S-AUT-160,Autumn,The Amber Descent,Turun gunung sambil membawa cerita — dan aroma tanah yang belum terlupakan.,Seasonal Blend,Handcrafted Flask,The Amber Descent · Seasonal collection,Java Ciwidey Dark WetHulled 65% | Solok Radjo Dark Anaerobic 35%,Dark,"Diilhami dari artefak yang bertahan melewati puluhan ekspedisi, blend ini mempertemukan biji-biji dari Java Ciwidey serta Solok Radjo dalam sebuah komposisi yang menceritakan kekayaan dataran Nusantara. Diproses dengan metode WetHulled dan Anaerobic, menghadirkan nuansa fermented cocoa, dark tobacco, dark rum yang bersih namun penuh kedalaman. Sebuah penghormatan kepada artefak yang merekam lebih dari sekadar perjalanan.",Thick,Java Ciwidey (Dark / WetHulled): 650g (65%) | Solok Radjo (Dark / Anaerobic): 350g (35%) | total: 1000g,Best for Batch Brew
S-AUT-161,Autumn,The Amber Descent,Turun gunung sambil membawa cerita — dan aroma tanah yang belum terlupakan.,Seasonal Blend,Engraved Planimeter,The Amber Descent · Seasonal collection,Java Ijen Raung Medium Anaerobic 45% | Solok Radjo Medium Washed 35% | Java Ijen Raung Medium WetHulled 20%,Medium,"Seperti kompas yang selalu menunjuk ke tempat yang tepat, blend ini mempertemukan biji-biji dari Java Ijen Raung serta Solok Radjo serta Java Ijen Raung dalam sebuah komposisi yang menceritakan kekayaan dataran Nusantara. Diproses dengan metode Anaerobic dan Washed, menghadirkan nuansa milk chocolate, almond, tamarind yang bersih namun penuh kedalaman. Sebuah penghormatan kepada artefak yang merekam lebih dari sekadar perjalanan.",Medium Body,Java Ijen Raung (Medium / Anaerobic): 450g (45%) | Solok Radjo (Medium / Washed): 350g (35%) | Java Ijen Raung (Medium / WetHulled): 200g (20%) | total: 1000g,Cocok untuk French Press & Espresso
S-AUT-162,Autumn,The Amber Descent,Turun gunung sambil membawa cerita — dan aroma tanah yang belum terlupakan.,Seasonal Blend,Trail-kept Mallet,The Amber Descent · Seasonal collection,Lintong Onan Light Anaerobic 60% | Flores Bajawa Dark Honey 25% | Bali Kintamani Medium SemiWashed 15%,Light,"Diilhami dari artefak yang bertahan melewati puluhan ekspedisi, blend ini mempertemukan biji-biji dari Lintong Onan serta Flores Bajawa serta Bali Kintamani dalam sebuah komposisi yang menceritakan kekayaan dataran Nusantara. Diproses dengan metode Anaerobic dan Honey, menghadirkan nuansa vanilla, lychee, toffee yang bersih namun penuh kedalaman. Diwariskan dari tangan-tangan yang mengukur bumi sebelum peta pernah ada.",Tea-like,Lintong Onan (Light / Anaerobic): 600g (60%) | Flores Bajawa (Dark / Honey): 250g (25%) | Bali Kintamani (Medium / SemiWashed): 150g (15%) | total: 1000g,Pour Over Recommended
S-AUT-163,Autumn,The Amber Descent,Turun gunung sambil membawa cerita — dan aroma tanah yang belum terlupakan.,Seasonal Blend,Weathered Chisel,The Amber Descent · Seasonal collection,Bukit Barisan Medium Anaerobic 45% | Java Garut Light Natural 35% | Wanoja Kamojang Medium WetHulled 20%,Light,"Seperti kompas yang selalu menunjuk ke tempat yang tepat, blend ini mempertemukan biji-biji dari Bukit Barisan serta Java Garut serta Wanoja Kamojang dalam sebuah komposisi yang menceritakan kekayaan dataran Nusantara. Diproses dengan metode Anaerobic dan Natural, menghadirkan nuansa tropical punch, strawberry, spice yang bersih namun penuh kedalaman. Diwariskan dari tangan-tangan yang mengukur bumi sebelum peta pernah ada.",Silky,Bukit Barisan (Medium / Anaerobic): 450g (45%) | Java Garut (Light / Natural): 350g (35%) | Wanoja Kamojang (Medium / WetHulled): 200g (20%) | total: 1000g,Cocok untuk AeroPress
S-AUT-164,Autumn,The Amber Descent,Turun gunung sambil membawa cerita — dan aroma tanah yang belum terlupakan.,Seasonal Blend,Storied Pedometer,The Amber Descent · Seasonal collection,Bukit Barisan Dark SemiWashed 45% | Bali Ulian Medium Wine 35% | Semeru Medium SemiWashed 20%,Medium,"Dari tangan-tangan yang pernah mengukur setiap jengkal dataran, blend ini mempertemukan biji-biji dari Bukit Barisan serta Bali Ulian serta Semeru dalam sebuah komposisi yang menceritakan kekayaan dataran Nusantara. Diproses dengan metode SemiWashed dan Wine, menghadirkan nuansa apricot jam, intense spice, dark caramel yang bersih namun penuh kedalaman. Diciptakan bagi mereka yang menemukan keindahan dalam sesuatu yang telah melalui banyak hal.",Smooth,Bukit Barisan (Dark / SemiWashed): 450g (45%) | Bali Ulian (Medium / Wine): 350g (35%) | Semeru (Medium / SemiWashed): 200g (20%) | total: 1000g,Versatile for Espresso & Filter
S-AUT-165,Autumn,The Amber Descent,Turun gunung sambil membawa cerita — dan aroma tanah yang belum terlupakan.,Seasonal Blend,Restored Protractor,The Amber Descent · Seasonal collection,Java Preanger Light Natural 45% | Mandheling Light Washed 35% | Arjuno Medium Wine 20%,Light,"Seperti alat ukur yang semakin akurat seiring bertambah usia, blend ini mempertemukan biji-biji dari Java Preanger serta Mandheling serta Arjuno dalam sebuah komposisi yang menceritakan kekayaan dataran Nusantara. Diproses dengan metode Natural dan Washed, menghadirkan nuansa jasmine, hibiscus, dark plum yang bersih namun penuh kedalaman. Diciptakan bagi mereka yang menemukan keindahan dalam sesuatu yang telah melalui banyak hal.",Delicate,Java Preanger (Light / Natural): 450g (45%) | Mandheling (Light / Washed): 350g (35%) | Arjuno (Medium / Wine): 200g (20%) | total: 1000g,Best for V60
S-AUT-166,Autumn,The Amber Descent,Turun gunung sambil membawa cerita — dan aroma tanah yang belum terlupakan.,Seasonal Blend,True Lantern,The Amber Descent · Seasonal collection,Semeru Light Washed 60% | Java Preanger Dark Honey 40%,Medium,"Dari tangan-tangan yang pernah mengukur setiap jengkal dataran, blend ini mempertemukan biji-biji dari Semeru serta Java Preanger dalam sebuah komposisi yang menceritakan kekayaan dataran Nusantara. Diproses dengan metode Washed dan Honey, menghadirkan nuansa bergamot, jasmine, dark sugar yang bersih namun penuh kedalaman. Diwariskan dari tangan-tangan yang mengukur bumi sebelum peta pernah ada.",Smooth,Semeru (Light / Washed): 600g (60%) | Java Preanger (Dark / Honey): 400g (40%) | total: 1000g,Versatile for Espresso & Filter
S-AUT-167,Autumn,The Amber Descent,Turun gunung sambil membawa cerita — dan aroma tanah yang belum terlupakan.,Seasonal Blend,Engraved Survey Map,The Amber Descent · Seasonal collection,Toraja Kalosi Light Natural 60% | Flores Bajawa Medium Anaerobic 40%,Light,"Diilhami dari artefak yang bertahan melewati puluhan ekspedisi, blend ini mempertemukan biji-biji dari Toraja Kalosi serta Flores Bajawa dalam sebuah komposisi yang menceritakan kekayaan dataran Nusantara. Diproses dengan metode Natural dan Anaerobic, menghadirkan nuansa cacao nib, blueberry, fermented fruit yang bersih namun penuh kedalaman. Sebuah penghormatan kepada artefak yang merekam lebih dari sekadar perjalanan.",Clean,Toraja Kalosi (Light / Natural): 600g (60%) | Flores Bajawa (Medium / Anaerobic): 400g (40%) | total: 1000g,Cocok untuk AeroPress
S-AUT-168,Autumn,The Amber Descent,Turun gunung sambil membawa cerita — dan aroma tanah yang belum terlupakan.,Seasonal Blend,Weathered Lantern,The Amber Descent · Seasonal collection,Lampung Robusta Premium Light Anaerobic 50% | Bengkulu Light Washed 25% | Bengkulu Dark Wine 25%,Light,"Dari tangan-tangan yang pernah mengukur setiap jengkal dataran, blend ini mempertemukan biji-biji dari Lampung Robusta Premium serta Bengkulu serta Bengkulu dalam sebuah komposisi yang menceritakan kekayaan dataran Nusantara. Diproses dengan metode Anaerobic dan Washed, menghadirkan nuansa passion fruit, raspberry, citrus yang bersih namun penuh kedalaman. Untuk setiap penjelajah yang memahami bahwa alat terbaik adalah yang paling sering dipakai.",Silky,Lampung Robusta Premium (Light / Anaerobic): 500g (50%) | Bengkulu (Light / Washed): 250g (25%) | Bengkulu (Dark / Wine): 250g (25%) | total: 1000g,Best for V60
S-AUT-169,Autumn,The Amber Descent,Turun gunung sambil membawa cerita — dan aroma tanah yang belum terlupakan.,Seasonal Blend,Scarred Haversack,The Amber Descent · Seasonal collection,Temanggung Dark Natural 55% | Toraja Sapan Medium Anaerobic 45%,Dark,"Ditemukan dalam catatan perjalanan seorang penjelajah tua, blend ini mempertemukan biji-biji dari Temanggung serta Toraja Sapan dalam sebuah komposisi yang menceritakan kekayaan dataran Nusantara. Diproses dengan metode Natural dan Anaerobic, menghadirkan nuansa cacao nib, tar, tamarind yang bersih namun penuh kedalaman. Sebuah penghormatan kepada artefak yang merekam lebih dari sekadar perjalanan.",Thick,Temanggung (Dark / Natural): 550g (55%) | Toraja Sapan (Medium / Anaerobic): 450g (45%) | total: 1000g,Ideal untuk Ristretto
S-AUT-170,Autumn,The Amber Descent,Turun gunung sambil membawa cerita — dan aroma tanah yang belum terlupakan.,Seasonal Blend,Patinated Flask,The Amber Descent · Seasonal collection,Lampung Robusta Premium Light Washed 65% | Gunung Halu Light Washed 35%,Light,"Diilhami dari artefak yang bertahan melewati puluhan ekspedisi, blend ini mempertemukan biji-biji dari Lampung Robusta Premium serta Gunung Halu dalam sebuah komposisi yang menceritakan kekayaan dataran Nusantara. Diproses dengan metode Washed, menghadirkan nuansa bergamot, lemon zest, peach yang bersih namun penuh kedalaman. Untuk setiap penjelajah yang memahami bahwa alat terbaik adalah yang paling sering dipakai.",Tea-like,Lampung Robusta Premium (Light / Washed): 650g (65%) | Gunung Halu (Light / Washed): 350g (35%) | total: 1000g,Cocok untuk AeroPress
S-AUT-171,Autumn,The Amber Descent,Turun gunung sambil membawa cerita — dan aroma tanah yang belum terlupakan.,Seasonal Blend,Hardy Sketch Pad,The Amber Descent · Seasonal collection,Java Ciwidey Light Washed 60% | Toraja Kalosi Light Honey 40%,Light,"Seperti kompas yang selalu menunjuk ke tempat yang tepat, blend ini mempertemukan biji-biji dari Java Ciwidey serta Toraja Kalosi dalam sebuah komposisi yang menceritakan kekayaan dataran Nusantara. Diproses dengan metode Washed dan Honey, menghadirkan nuansa bergamot, green tea, peach yang bersih namun penuh kedalaman. Diciptakan bagi mereka yang menemukan keindahan dalam sesuatu yang telah melalui banyak hal.",Tea-like,Java Ciwidey (Light / Washed): 600g (60%) | Toraja Kalosi (Light / Honey): 400g (40%) | total: 1000g,Best for V60
S-AUT-172,Autumn,The Amber Descent,Turun gunung sambil membawa cerita — dan aroma tanah yang belum terlupakan.,Seasonal Blend,Embossed Flask,The Amber Descent · Seasonal collection,Java Ciwidey Light Honey 70% | Lintong Onan Medium Natural 30%,Light,"Diilhami dari artefak yang bertahan melewati puluhan ekspedisi, blend ini mempertemukan biji-biji dari Java Ciwidey serta Lintong Onan dalam sebuah komposisi yang menceritakan kekayaan dataran Nusantara. Diproses dengan metode Honey dan Natural, menghadirkan nuansa molasses, nectarine, pear yang bersih namun penuh kedalaman. Diciptakan bagi mereka yang menemukan keindahan dalam sesuatu yang telah melalui banyak hal.",Light Body,Java Ciwidey (Light / Honey): 700g (70%) | Lintong Onan (Medium / Natural): 300g (30%) | total: 1000g,Best for V60
S-AUT-173,Autumn,The Amber Descent,Turun gunung sambil membawa cerita — dan aroma tanah yang belum terlupakan.,Seasonal Blend,Mended Odometer,The Amber Descent · Seasonal collection,Java Manglayang Light Wine 65% | Lampung Robusta Premium Medium SemiWashed 35%,Light,"Seperti kompas yang selalu menunjuk ke tempat yang tepat, blend ini mempertemukan biji-biji dari Java Manglayang serta Lampung Robusta Premium dalam sebuah komposisi yang menceritakan kekayaan dataran Nusantara. Diproses dengan metode Wine dan SemiWashed, menghadirkan nuansa dark cherry, plum, grape must yang bersih namun penuh kedalaman. Untuk setiap penjelajah yang memahami bahwa alat terbaik adalah yang paling sering dipakai.",Silky,Java Manglayang (Light / Wine): 650g (65%) | Lampung Robusta Premium (Medium / SemiWashed): 350g (35%) | total: 1000g,Pour Over Recommended
S-AUT-174,Autumn,The Amber Descent,Turun gunung sambil membawa cerita — dan aroma tanah yang belum terlupakan.,Seasonal Blend,Cracked Ledger,The Amber Descent · Seasonal collection,Flores Manggarai Light WetHulled 65% | Wanoja Kamojang Light Honey 35%,Light,"Seperti alat ukur yang semakin akurat seiring bertambah usia, blend ini mempertemukan biji-biji dari Flores Manggarai serta Wanoja Kamojang dalam sebuah komposisi yang menceritakan kekayaan dataran Nusantara. Diproses dengan metode WetHulled dan Honey, menghadirkan nuansa herb, nectarine, floral yang bersih namun penuh kedalaman. Sebuah penghormatan kepada artefak yang merekam lebih dari sekadar perjalanan.",Delicate,Flores Manggarai (Light / WetHulled): 650g (65%) | Wanoja Kamojang (Light / Honey): 350g (35%) | total: 1000g,Cocok untuk AeroPress
S-AUT-175,Autumn,The Amber Descent,Turun gunung sambil membawa cerita — dan aroma tanah yang belum terlupakan.,Seasonal Blend,Field-worn Transit,The Amber Descent · Seasonal collection,Dampit Malang Medium Natural 40% | Gunung Halu Light WetHulled 35% | Kerinci Kayu Aro Light Wine 25%,Light,"Seperti alat ukur yang semakin akurat seiring bertambah usia, blend ini mempertemukan biji-biji dari Dampit Malang serta Gunung Halu serta Kerinci Kayu Aro dalam sebuah komposisi yang menceritakan kekayaan dataran Nusantara. Diproses dengan metode Natural dan WetHulled, menghadirkan nuansa plum, berry jam, cedar yang bersih namun penuh kedalaman. Untuk setiap penjelajah yang memahami bahwa alat terbaik adalah yang paling sering dipakai.",Tea-like,Dampit Malang (Medium / Natural): 400g (40%) | Gunung Halu (Light / WetHulled): 350g (35%) | Kerinci Kayu Aro (Light / Wine): 250g (25%) | total: 1000g,Ideal for Chemex
S-AUT-176,Autumn,The Amber Descent,Turun gunung sambil membawa cerita — dan aroma tanah yang belum terlupakan.,Seasonal Blend,Mended Penknife,The Amber Descent · Seasonal collection,Sidikalang Light WetHulled 60% | Semeru Medium Washed 25% | Bengkulu Dark Washed 15%,Light,"Terekam dalam logbook yang lusuh namun tak pernah salah, blend ini mempertemukan biji-biji dari Sidikalang serta Semeru serta Bengkulu dalam sebuah komposisi yang menceritakan kekayaan dataran Nusantara. Diproses dengan metode WetHulled dan Washed, menghadirkan nuansa hazelnut, milk chocolate, cedar yang bersih namun penuh kedalaman. Sebuah penghormatan kepada artefak yang merekam lebih dari sekadar perjalanan.",Tea-like,Sidikalang (Light / WetHulled): 600g (60%) | Semeru (Medium / Washed): 250g (25%) | Bengkulu (Dark / Washed): 150g (15%) | total: 1000g,Cocok untuk AeroPress
S-AUT-177,Autumn,The Amber Descent,Turun gunung sambil membawa cerita — dan aroma tanah yang belum terlupakan.,Seasonal Blend,Cracked Clinometer,The Amber Descent · Seasonal collection,Java Puntang Light SemiWashed 45% | Temanggung Medium Honey 55%,Light,"Seperti kompas yang selalu menunjuk ke tempat yang tepat, blend ini mempertemukan biji-biji dari Java Puntang serta Temanggung dalam sebuah komposisi yang menceritakan kekayaan dataran Nusantara. Diproses dengan metode SemiWashed dan Honey, menghadirkan nuansa dried apricot, honey, light caramel yang bersih namun penuh kedalaman. Untuk setiap penjelajah yang memahami bahwa alat terbaik adalah yang paling sering dipakai.",Silky,Java Puntang (Light / SemiWashed): 450g (45%) | Temanggung (Medium / Honey): 550g (55%) | total: 1000g,Ideal for Chemex
S-AUT-178,Autumn,The Amber Descent,Turun gunung sambil membawa cerita — dan aroma tanah yang belum terlupakan.,Seasonal Blend,Mended Awl,The Amber Descent · Seasonal collection,Bali Kintamani Medium Natural 45% | Temanggung Dark SemiWashed 55%,Dark,"Dari tangan-tangan yang pernah mengukur setiap jengkal dataran, blend ini mempertemukan biji-biji dari Bali Kintamani serta Temanggung dalam sebuah komposisi yang menceritakan kekayaan dataran Nusantara. Diproses dengan metode Natural dan SemiWashed, menghadirkan nuansa dark caramel, intense spice, dried fig yang bersih namun penuh kedalaman. Diwariskan dari tangan-tangan yang mengukur bumi sebelum peta pernah ada.",Heavy Body,Bali Kintamani (Medium / Natural): 450g (45%) | Temanggung (Dark / SemiWashed): 550g (55%) | total: 1000g,Cocok untuk Cold Brew
S-AUT-179,Autumn,The Amber Descent,Turun gunung sambil membawa cerita — dan aroma tanah yang belum terlupakan.,Seasonal Blend,Patinated Sextant,The Amber Descent · Seasonal collection,Java Garut Light WetHulled 55% | Papua Wamena Dark Wine 30% | Toraja Kalosi Light Honey 15%,Light,"Diilhami dari artefak yang bertahan melewati puluhan ekspedisi, blend ini mempertemukan biji-biji dari Java Garut serta Papua Wamena serta Toraja Kalosi dalam sebuah komposisi yang menceritakan kekayaan dataran Nusantara. Diproses dengan metode WetHulled dan Wine, menghadirkan nuansa aged wine, honeysuckle, white grape yang bersih namun penuh kedalaman. Sebuah penghormatan kepada artefak yang merekam lebih dari sekadar perjalanan.",Clean,Java Garut (Light / WetHulled): 550g (55%) | Papua Wamena (Dark / Wine): 300g (30%) | Toraja Kalosi (Light / Honey): 150g (15%) | total: 1000g,Best for V60
S-AUT-180,Autumn,The Amber Descent,Turun gunung sambil membawa cerita — dan aroma tanah yang belum terlupakan.,Seasonal Blend,Rusted Flask,The Amber Descent · Seasonal collection,Mandheling Medium Honey 40% | Bali Ulian Medium Wine 35% | Kerinci Kayu Aro Dark Wine 25%,Medium,"Dari tangan-tangan yang pernah mengukur setiap jengkal dataran, blend ini mempertemukan biji-biji dari Mandheling serta Bali Ulian serta Kerinci Kayu Aro dalam sebuah komposisi yang menceritakan kekayaan dataran Nusantara. Diproses dengan metode Honey dan Wine, menghadirkan nuansa toffee, port wine, aged wine yang bersih namun penuh kedalaman. Diwariskan dari tangan-tangan yang mengukur bumi sebelum peta pernah ada.",Medium Body,Mandheling (Medium / Honey): 400g (40%) | Bali Ulian (Medium / Wine): 350g (35%) | Kerinci Kayu Aro (Dark / Wine): 250g (25%) | total: 1000g,Best for Moka Pot
S-AUT-181,Autumn,The Amber Descent,Turun gunung sambil membawa cerita — dan aroma tanah yang belum terlupakan.,Seasonal Blend,Dented Ledger,The Amber Descent · Seasonal collection,Toraja Kalosi Light Wine 45% | Semeru Medium WetHulled 55%,Light,"Dari tangan-tangan yang pernah mengukur setiap jengkal dataran, blend ini mempertemukan biji-biji dari Toraja Kalosi serta Semeru dalam sebuah komposisi yang menceritakan kekayaan dataran Nusantara. Diproses dengan metode Wine dan WetHulled, menghadirkan nuansa blackcurrant, tobacco, dark cherry yang bersih namun penuh kedalaman. Diwariskan dari tangan-tangan yang mengukur bumi sebelum peta pernah ada.",Clean,Toraja Kalosi (Light / Wine): 450g (45%) | Semeru (Medium / WetHulled): 550g (55%) | total: 1000g,Cocok untuk AeroPress
S-AUT-182,Autumn,The Amber Descent,Turun gunung sambil membawa cerita — dan aroma tanah yang belum terlupakan.,Seasonal Blend,Handcrafted Pedometer,The Amber Descent · Seasonal collection,Java Garut Medium Natural 55% | Java Garut Dark SemiWashed 30% | Java Preanger Light Washed 15%,Medium,"Seperti kompas yang selalu menunjuk ke tempat yang tepat, blend ini mempertemukan biji-biji dari Java Garut serta Java Garut serta Java Preanger dalam sebuah komposisi yang menceritakan kekayaan dataran Nusantara. Diproses dengan metode Natural dan SemiWashed, menghadirkan nuansa dark chocolate, molasses, bergamot yang bersih namun penuh kedalaman. Diciptakan bagi mereka yang menemukan keindahan dalam sesuatu yang telah melalui banyak hal.",Medium Body,Java Garut (Medium / Natural): 550g (55%) | Java Garut (Dark / SemiWashed): 300g (30%) | Java Preanger (Light / Washed): 150g (15%) | total: 1000g,Versatile for Espresso & Filter
S-AUT-183,Autumn,The Amber Descent,Turun gunung sambil membawa cerita — dan aroma tanah yang belum terlupakan.,Seasonal Blend,Handcrafted Awl,The Amber Descent · Seasonal collection,Java Manglayang Dark Natural 55% | Dampit Malang Light Wine 45%,Medium,"Seperti kompas yang selalu menunjuk ke tempat yang tepat, blend ini mempertemukan biji-biji dari Java Manglayang serta Dampit Malang dalam sebuah komposisi yang menceritakan kekayaan dataran Nusantara. Diproses dengan metode Natural dan Wine, menghadirkan nuansa wine, licorice, dark cherry yang bersih namun penuh kedalaman. Untuk setiap penjelajah yang memahami bahwa alat terbaik adalah yang paling sering dipakai.",Round,Java Manglayang (Dark / Natural): 550g (55%) | Dampit Malang (Light / Wine): 450g (45%) | total: 1000g,Versatile for Espresso & Filter
S-AUT-184,Autumn,The Amber Descent,Turun gunung sambil membawa cerita — dan aroma tanah yang belum terlupakan.,Seasonal Blend,Restored Planimeter,The Amber Descent · Seasonal collection,Toraja Kalosi Medium Anaerobic 40% | Lampung Robusta Premium Dark Wine 35% | Java Preanger Medium Wine 25%,Medium,"Seperti kompas yang selalu menunjuk ke tempat yang tepat, blend ini mempertemukan biji-biji dari Toraja Kalosi serta Lampung Robusta Premium serta Java Preanger dalam sebuah komposisi yang menceritakan kekayaan dataran Nusantara. Diproses dengan metode Anaerobic dan Wine, menghadirkan nuansa dark espresso, roasted grape, fermented fruit yang bersih namun penuh kedalaman. Untuk setiap penjelajah yang memahami bahwa alat terbaik adalah yang paling sering dipakai.",Smooth,Toraja Kalosi (Medium / Anaerobic): 400g (40%) | Lampung Robusta Premium (Dark / Wine): 350g (35%) | Java Preanger (Medium / Wine): 250g (25%) | total: 1000g,Best for Moka Pot
S-AUT-185,Autumn,The Amber Descent,Turun gunung sambil membawa cerita — dan aroma tanah yang belum terlupakan.,Seasonal Blend,Embossed Transit,The Amber Descent · Seasonal collection,Gunung Halu Medium Honey 45% | Temanggung Light Anaerobic 35% | Java Garut Medium Washed 20%,Light,"Terekam dalam logbook yang lusuh namun tak pernah salah, blend ini mempertemukan biji-biji dari Gunung Halu serta Temanggung serta Java Garut dalam sebuah komposisi yang menceritakan kekayaan dataran Nusantara. Diproses dengan metode Honey dan Anaerobic, menghadirkan nuansa honey, lychee, milk chocolate yang bersih namun penuh kedalaman. Diciptakan bagi mereka yang menemukan keindahan dalam sesuatu yang telah melalui banyak hal.",Delicate,Gunung Halu (Medium / Honey): 450g (45%) | Temanggung (Light / Anaerobic): 350g (35%) | Java Garut (Medium / Washed): 200g (20%) | total: 1000g,Pour Over Recommended
S-AUT-186,Autumn,The Amber Descent,Turun gunung sambil membawa cerita — dan aroma tanah yang belum terlupakan.,Seasonal Blend,Rusted Awl,The Amber Descent · Seasonal collection,Lintong Onan Dark SemiWashed 55% | Sidikalang Dark SemiWashed 45%,Dark,"Diilhami dari artefak yang bertahan melewati puluhan ekspedisi, blend ini mempertemukan biji-biji dari Lintong Onan serta Sidikalang dalam sebuah komposisi yang menceritakan kekayaan dataran Nusantara. Diproses dengan metode SemiWashed, menghadirkan nuansa walnut, roasted grain, intense spice yang bersih namun penuh kedalaman. Sebuah penghormatan kepada artefak yang merekam lebih dari sekadar perjalanan.",Full Body,Lintong Onan (Dark / SemiWashed): 550g (55%) | Sidikalang (Dark / SemiWashed): 450g (45%) | total: 1000g,Best for Espresso
S-AUT-187,Autumn,The Amber Descent,Turun gunung sambil membawa cerita — dan aroma tanah yang belum terlupakan.,Seasonal Blend,Worn Clinometer,The Amber Descent · Seasonal collection,Sidikalang Light SemiWashed 60% | Temanggung Medium Anaerobic 40%,Light,"Diilhami dari artefak yang bertahan melewati puluhan ekspedisi, blend ini mempertemukan biji-biji dari Sidikalang serta Temanggung dalam sebuah komposisi yang menceritakan kekayaan dataran Nusantara. Diproses dengan metode SemiWashed dan Anaerobic, menghadirkan nuansa light caramel, mandarin, tropical punch yang bersih namun penuh kedalaman. Diciptakan bagi mereka yang menemukan keindahan dalam sesuatu yang telah melalui banyak hal.",Tea-like,Sidikalang (Light / SemiWashed): 600g (60%) | Temanggung (Medium / Anaerobic): 400g (40%) | total: 1000g,Pour Over Recommended
S-AUT-188,Autumn,The Amber Descent,Turun gunung sambil membawa cerita — dan aroma tanah yang belum terlupakan.,Seasonal Blend,Cracked Mallet,The Amber Descent · Seasonal collection,Aceh Gayo Medium WetHulled 60% | Mandheling Light Washed 25% | Java Puntang Medium WetHulled 15%,Medium,"Seperti kompas yang selalu menunjuk ke tempat yang tepat, blend ini mempertemukan biji-biji dari Aceh Gayo serta Mandheling serta Java Puntang dalam sebuah komposisi yang menceritakan kekayaan dataran Nusantara. Diproses dengan metode WetHulled dan Washed, menghadirkan nuansa leather, lemon zest, citrus yang bersih namun penuh kedalaman. Untuk setiap penjelajah yang memahami bahwa alat terbaik adalah yang paling sering dipakai.",Velvety,Aceh Gayo (Medium / WetHulled): 600g (60%) | Mandheling (Light / Washed): 250g (25%) | Java Puntang (Medium / WetHulled): 150g (15%) | total: 1000g,Cocok untuk French Press & Espresso
S-AUT-189,Autumn,The Amber Descent,Turun gunung sambil membawa cerita — dan aroma tanah yang belum terlupakan.,Seasonal Blend,Aged Mallet,The Amber Descent · Seasonal collection,Solok Radjo Medium WetHulled 40% | Papua Dogiyai Medium Anaerobic 60%,Medium,"Seperti alat ukur yang semakin akurat seiring bertambah usia, blend ini mempertemukan biji-biji dari Solok Radjo serta Papua Dogiyai dalam sebuah komposisi yang menceritakan kekayaan dataran Nusantara. Diproses dengan metode WetHulled dan Anaerobic, menghadirkan nuansa tobacco, earthy, cacao nib yang bersih namun penuh kedalaman. Sebuah penghormatan kepada artefak yang merekam lebih dari sekadar perjalanan.",Medium Body,Solok Radjo (Medium / WetHulled): 400g (40%) | Papua Dogiyai (Medium / Anaerobic): 600g (60%) | total: 1000g,Best for Moka Pot
S-AUT-190,Autumn,The Amber Descent,Turun gunung sambil membawa cerita — dan aroma tanah yang belum terlupakan.,Seasonal Blend,Inherited Flask,The Amber Descent · Seasonal collection,Bali Kintamani Medium WetHulled 40% | Toraja Kalosi Medium Wine 35% | Java Manglayang Dark Wine 25%,Medium,"Terekam dalam logbook yang lusuh namun tak pernah salah, blend ini mempertemukan biji-biji dari Bali Kintamani serta Toraja Kalosi serta Java Manglayang dalam sebuah komposisi yang menceritakan kekayaan dataran Nusantara. Diproses dengan metode WetHulled dan Wine, menghadirkan nuansa spice, balsamic, port wine yang bersih namun penuh kedalaman. Diwariskan dari tangan-tangan yang mengukur bumi sebelum peta pernah ada.",Medium Body,Bali Kintamani (Medium / WetHulled): 400g (40%) | Toraja Kalosi (Medium / Wine): 350g (35%) | Java Manglayang (Dark / Wine): 250g (25%) | total: 1000g,Cocok untuk French Press & Espresso
S-AUT-191,Autumn,The Amber Descent,Turun gunung sambil membawa cerita — dan aroma tanah yang belum terlupakan.,Seasonal Blend,Polished Mallet,The Amber Descent · Seasonal collection,Java Ijen Raung Light Honey 40% | Flores Bajawa Medium Natural 60%,Light,"Terekam dalam logbook yang lusuh namun tak pernah salah, blend ini mempertemukan biji-biji dari Java Ijen Raung serta Flores Bajawa dalam sebuah komposisi yang menceritakan kekayaan dataran Nusantara. Diproses dengan metode Honey dan Natural, menghadirkan nuansa honeysuckle, floral, molasses yang bersih namun penuh kedalaman. Untuk setiap penjelajah yang memahami bahwa alat terbaik adalah yang paling sering dipakai.",Light Body,Java Ijen Raung (Light / Honey): 400g (40%) | Flores Bajawa (Medium / Natural): 600g (60%) | total: 1000g,Best for V60
S-AUT-192,Autumn,The Amber Descent,Turun gunung sambil membawa cerita — dan aroma tanah yang belum terlupakan.,Seasonal Blend,Embossed Canteen,The Amber Descent · Seasonal collection,Dampit Malang Dark Natural 60% | Bukit Barisan Medium WetHulled 25% | Temanggung Dark SemiWashed 15%,Dark,"Ditemukan dalam catatan perjalanan seorang penjelajah tua, blend ini mempertemukan biji-biji dari Dampit Malang serta Bukit Barisan serta Temanggung dalam sebuah komposisi yang menceritakan kekayaan dataran Nusantara. Diproses dengan metode Natural dan WetHulled, menghadirkan nuansa leather, roasted grain, charcoal yang bersih namun penuh kedalaman. Diciptakan bagi mereka yang menemukan keindahan dalam sesuatu yang telah melalui banyak hal.",Thick,Dampit Malang (Dark / Natural): 600g (60%) | Bukit Barisan (Medium / WetHulled): 250g (25%) | Temanggung (Dark / SemiWashed): 150g (15%) | total: 1000g,Cocok untuk Cold Brew
S-AUT-193,Autumn,The Amber Descent,Turun gunung sambil membawa cerita — dan aroma tanah yang belum terlupakan.,Seasonal Blend,Rusted Mallet,The Amber Descent · Seasonal collection,Mandheling Light Washed 40% | Java Sindoro Dark Anaerobic 60%,Medium,"Diilhami dari artefak yang bertahan melewati puluhan ekspedisi, blend ini mempertemukan biji-biji dari Mandheling serta Java Sindoro dalam sebuah komposisi yang menceritakan kekayaan dataran Nusantara. Diproses dengan metode Washed dan Anaerobic, menghadirkan nuansa citrus, bergamot, fermented cocoa yang bersih namun penuh kedalaman. Untuk setiap penjelajah yang memahami bahwa alat terbaik adalah yang paling sering dipakai.",Round,Mandheling (Light / Washed): 400g (40%) | Java Sindoro (Dark / Anaerobic): 600g (60%) | total: 1000g,Versatile for Espresso & Filter
S-AUT-194,Autumn,The Amber Descent,Turun gunung sambil membawa cerita — dan aroma tanah yang belum terlupakan.,Seasonal Blend,Rusted Transit,The Amber Descent · Seasonal collection,Toraja Kalosi Dark Washed 50% | Bengkulu Medium Washed 30% | Java Manglayang Dark Natural 20%,Dark,"Dari tangan-tangan yang pernah mengukur setiap jengkal dataran, blend ini mempertemukan biji-biji dari Toraja Kalosi serta Bengkulu serta Java Manglayang dalam sebuah komposisi yang menceritakan kekayaan dataran Nusantara. Diproses dengan metode Washed dan Natural, menghadirkan nuansa molasses, caramel, brown sugar yang bersih namun penuh kedalaman. Sebuah penghormatan kepada artefak yang merekam lebih dari sekadar perjalanan.",Bold,Toraja Kalosi (Dark / Washed): 500g (50%) | Bengkulu (Medium / Washed): 300g (30%) | Java Manglayang (Dark / Natural): 200g (20%) | total: 1000g,Ideal untuk Ristretto
S-AUT-195,Autumn,The Amber Descent,Turun gunung sambil membawa cerita — dan aroma tanah yang belum terlupakan.,Seasonal Blend,Dented Logbook,The Amber Descent · Seasonal collection,Papua Wamena Light Honey 60% | Java Temanggung Medium Natural 25% | Java Temanggung Medium Natural 15%,Light,"Ditemukan dalam catatan perjalanan seorang penjelajah tua, blend ini mempertemukan biji-biji dari Papua Wamena serta Java Temanggung serta Java Temanggung dalam sebuah komposisi yang menceritakan kekayaan dataran Nusantara. Diproses dengan metode Honey dan Natural, menghadirkan nuansa white grape, pear, prune yang bersih namun penuh kedalaman. Untuk setiap penjelajah yang memahami bahwa alat terbaik adalah yang paling sering dipakai.",Light Body,Papua Wamena (Light / Honey): 600g (60%) | Java Temanggung (Medium / Natural): 150g (15%) | total: 1000g,Best for V60
S-AUT-196,Autumn,The Amber Descent,Turun gunung sambil membawa cerita — dan aroma tanah yang belum terlupakan.,Seasonal Blend,Gilded Aneroid,The Amber Descent · Seasonal collection,Toraja Kalosi Light WetHulled 55% | Bali Kintamani Light Anaerobic 45%,Light,"Ditemukan dalam catatan perjalanan seorang penjelajah tua, blend ini mempertemukan biji-biji dari Toraja Kalosi serta Bali Kintamani dalam sebuah komposisi yang menceritakan kekayaan dataran Nusantara. Diproses dengan metode WetHulled dan Anaerobic, menghadirkan nuansa lychee, green pepper, tobacco leaf yang bersih namun penuh kedalaman. Diciptakan bagi mereka yang menemukan keindahan dalam sesuatu yang telah melalui banyak hal.",Clean,Toraja Kalosi (Light / WetHulled): 550g (55%) | Bali Kintamani (Light / Anaerobic): 450g (45%) | total: 1000g,Best for V60
S-AUT-197,Autumn,The Amber Descent,Turun gunung sambil membawa cerita — dan aroma tanah yang belum terlupakan.,Seasonal Blend,Inherited Planimeter,The Amber Descent · Seasonal collection,Toraja Sapan Dark Wine 70% | Lintong Onan Light Washed 30%,Medium,"Ditemukan dalam catatan perjalanan seorang penjelajah tua, blend ini mempertemukan biji-biji dari Toraja Sapan serta Lintong Onan dalam sebuah komposisi yang menceritakan kekayaan dataran Nusantara. Diproses dengan metode Wine dan Washed, menghadirkan nuansa green tea, citrus, lemon zest yang bersih namun penuh kedalaman. Sebuah penghormatan kepada artefak yang merekam lebih dari sekadar perjalanan.",Velvety,Toraja Sapan (Dark / Wine): 700g (70%) | Lintong Onan (Light / Washed): 300g (30%) | total: 1000g,Cocok untuk French Press & Espresso
S-AUT-198,Autumn,The Amber Descent,Turun gunung sambil membawa cerita — dan aroma tanah yang belum terlupakan.,Seasonal Blend,Hardy Hammer,The Amber Descent · Seasonal collection,Temanggung Dark WetHulled 60% | Aceh Gayo Dark SemiWashed 25% | Dampit Malang Light Anaerobic 15%,Dark,"Diilhami dari artefak yang bertahan melewati puluhan ekspedisi, blend ini mempertemukan biji-biji dari Temanggung serta Aceh Gayo serta Dampit Malang dalam sebuah komposisi yang menceritakan kekayaan dataran Nusantara. Diproses dengan metode WetHulled dan SemiWashed, menghadirkan nuansa bark, dark caramel, walnut yang bersih namun penuh kedalaman. Diciptakan bagi mereka yang menemukan keindahan dalam sesuatu yang telah melalui banyak hal.",Full Body,Temanggung (Dark / WetHulled): 600g (60%) | Aceh Gayo (Dark / SemiWashed): 250g (25%) | Dampit Malang (Light / Anaerobic): 150g (15%) | total: 1000g,Ideal untuk Ristretto
S-AUT-199,Autumn,The Amber Descent,Turun gunung sambil membawa cerita — dan aroma tanah yang belum terlupakan.,Seasonal Blend,Faded Penknife,The Amber Descent · Seasonal collection,Java Manglayang Light Washed 45% | Kerinci Kayu Aro Light Natural 55%,Light,"Diilhami dari artefak yang bertahan melewati puluhan ekspedisi, blend ini mempertemukan biji-biji dari Java Manglayang serta Kerinci Kayu Aro dalam sebuah komposisi yang menceritakan kekayaan dataran Nusantara. Diproses dengan metode Washed dan Natural, menghadirkan nuansa hibiscus, tropical fruit, bergamot yang bersih namun penuh kedalaman. Sebuah penghormatan kepada artefak yang merekam lebih dari sekadar perjalanan.",Silky,Java Manglayang (Light / Washed): 450g (45%) | Kerinci Kayu Aro (Light / Natural): 550g (55%) | total: 1000g,Best for V60
S-AUT-200,Autumn,The Amber Descent,Turun gunung sambil membawa cerita — dan aroma tanah yang belum terlupakan.,Seasonal Blend,Weathered Divider,The Amber Descent · Seasonal collection,Wanoja Kamojang Medium SemiWashed 50% | Java Temanggung Medium Anaerobic 30% | Dampit Malang Light Wine 20%,Medium,"Ditemukan dalam catatan perjalanan seorang penjelajah tua, blend ini mempertemukan biji-biji dari Wanoja Kamojang serta Java Temanggung serta Dampit Malang dalam sebuah komposisi yang menceritakan kekayaan dataran Nusantara. Diproses dengan metode SemiWashed dan Anaerobic, menghadirkan nuansa apricot jam, plum, blackcurrant yang bersih namun penuh kedalaman. Diciptakan bagi mereka yang menemukan keindahan dalam sesuatu yang telah melalui banyak hal.",Smooth,Wanoja Kamojang (Medium / SemiWashed): 500g (50%) | Java Temanggung (Medium / Anaerobic): 300g (30%) | Dampit Malang (Light / Wine): 200g (20%) | total: 1000g,Versatile for Espresso & Filter
S-AUT-201,Autumn,The Amber Descent,Turun gunung sambil membawa cerita — dan aroma tanah yang belum terlupakan.,Speciality Blend,Relic Pristine Emblem,The Amber Descent · Relic sub-universe,Papua Dogiyai Medium Natural 55% | Toraja Kalosi Medium Wine 45%,Medium,"Seperti kompas yang selalu menunjuk ke tempat yang tepat, blend eksklusif ini merajut karakter biji pilihan dari Papua Dogiyai serta Toraja Kalosi menjadi sebuah komposisi yang tak mudah ditemukan. Melalui proses Natural dan Wine, lahirlah profil rasa port wine, molasses, berry jam — kompleks, berlapis, dan tak tergesa-gesa mengungkap dirinya. Sebuah penghormatan kepada artefak yang merekam lebih dari sekadar perjalanan.",Balanced,Papua Dogiyai (Medium / Natural): 550g (55%) | Toraja Kalosi (Medium / Wine): 450g (45%) | total: 1000g,Cocok untuk French Press & Espresso
S-AUT-202,Autumn,The Amber Descent,Turun gunung sambil membawa cerita — dan aroma tanah yang belum terlupakan.,Speciality Blend,Relic Antiquarian Keepsake,The Amber Descent · Relic sub-universe,Flores Bajawa Dark Wine 55% | Papua Dogiyai Light Anaerobic 30% | Arjuno Light Natural 15%,Medium,"Terekam dalam logbook yang lusuh namun tak pernah salah, blend eksklusif ini merajut karakter biji pilihan dari Flores Bajawa serta Papua Dogiyai serta Arjuno menjadi sebuah komposisi yang tak mudah ditemukan. Melalui proses Wine dan Anaerobic, lahirlah profil rasa passion fruit, hibiscus, rum raisin — kompleks, berlapis, dan tak tergesa-gesa mengungkap dirinya. Diwariskan dari tangan-tangan yang mengukur bumi sebelum peta pernah ada.",Balanced,Flores Bajawa (Dark / Wine): 550g (55%) | Papua Dogiyai (Light / Anaerobic): 300g (30%) | Arjuno (Light / Natural): 150g (15%) | total: 1000g,Versatile for Espresso & Filter
S-AUT-203,Autumn,The Amber Descent,Turun gunung sambil membawa cerita — dan aroma tanah yang belum terlupakan.,Speciality Blend,Relic Hallowed Amulet,The Amber Descent · Relic sub-universe,Papua Wamena Light Natural 50% | Java Temanggung Dark Natural 50%,Medium,"Seperti alat ukur yang semakin akurat seiring bertambah usia, blend eksklusif ini merajut karakter biji pilihan dari Papua Wamena serta Java Temanggung menjadi sebuah komposisi yang tak mudah ditemukan. Melalui proses Natural, lahirlah profil rasa licorice, blueberry, dark berry — kompleks, berlapis, dan tak tergesa-gesa mengungkap dirinya. Diciptakan bagi mereka yang menemukan keindahan dalam sesuatu yang telah melalui banyak hal.",Medium Body,Papua Wamena (Light / Natural): 500g (50%) | Java Temanggung (Dark / Natural): 500g (50%) | total: 1000g,Cocok untuk French Press & Espresso
S-AUT-204,Autumn,The Amber Descent,Turun gunung sambil membawa cerita — dan aroma tanah yang belum terlupakan.,Speciality Blend,Relic Hallowed Token,The Amber Descent · Relic sub-universe,Papua Dogiyai Medium Anaerobic 40% | Toraja Kalosi Light Wine 60%,Light,"Diilhami dari artefak yang bertahan melewati puluhan ekspedisi, blend eksklusif ini merajut karakter biji pilihan dari Papua Dogiyai serta Toraja Kalosi menjadi sebuah komposisi yang tak mudah ditemukan. Melalui proses Anaerobic dan Wine, lahirlah profil rasa plum, grape must, wine — kompleks, berlapis, dan tak tergesa-gesa mengungkap dirinya. Untuk setiap penjelajah yang memahami bahwa alat terbaik adalah yang paling sering dipakai.",Delicate,Papua Dogiyai (Medium / Anaerobic): 400g (40%) | Toraja Kalosi (Light / Wine): 600g (60%) | total: 1000g,Pour Over Recommended
S-AUT-205,Autumn,The Amber Descent,Turun gunung sambil membawa cerita — dan aroma tanah yang belum terlupakan.,Speciality Blend,Relic Consecrated Artifact,The Amber Descent · Relic sub-universe,Arjuno Light Anaerobic 50% | Solok Radjo Dark Anaerobic 25% | Lampung Robusta Premium Dark Wine 25%,Medium,"Terekam dalam logbook yang lusuh namun tak pernah salah, blend eksklusif ini merajut karakter biji pilihan dari Arjuno serta Solok Radjo serta Lampung Robusta Premium menjadi sebuah komposisi yang tak mudah ditemukan. Melalui proses Anaerobic dan Wine, lahirlah profil rasa passion fruit, smoke, tobacco — kompleks, berlapis, dan tak tergesa-gesa mengungkap dirinya. Sebuah penghormatan kepada artefak yang merekam lebih dari sekadar perjalanan.",Balanced,Arjuno (Light / Anaerobic): 500g (50%) | Solok Radjo (Dark / Anaerobic): 250g (25%) | Lampung Robusta Premium (Dark / Wine): 250g (25%) | total: 1000g,Versatile for Espresso & Filter
S-AUT-206,Autumn,The Amber Descent,Turun gunung sambil membawa cerita — dan aroma tanah yang belum terlupakan.,Speciality Blend,Relic Grand Signet,The Amber Descent · Relic sub-universe,Java Preanger Medium Anaerobic 60% | Java Temanggung Dark Wine 25% | Lampung Robusta Premium Medium Wine 15%,Medium,"Dari tangan-tangan yang pernah mengukur setiap jengkal dataran, blend eksklusif ini merajut karakter biji pilihan dari Java Preanger serta Java Temanggung serta Lampung Robusta Premium menjadi sebuah komposisi yang tak mudah ditemukan. Melalui proses Anaerobic dan Wine, lahirlah profil rasa roasted grape, fermented fruit, dark espresso — kompleks, berlapis, dan tak tergesa-gesa mengungkap dirinya. Untuk setiap penjelajah yang memahami bahwa alat terbaik adalah yang paling sering dipakai.",Smooth,Java Preanger (Medium / Anaerobic): 600g (60%) | Java Temanggung (Dark / Wine): 250g (25%) | Lampung Robusta Premium (Medium / Wine): 150g (15%) | total: 1000g,Versatile for Espresso & Filter
S-AUT-207,Autumn,The Amber Descent,Turun gunung sambil membawa cerita — dan aroma tanah yang belum terlupakan.,Speciality Blend,Relic Authenticated Heirloom,The Amber Descent · Relic sub-universe,Semeru Dark Natural 55% | Java Sindoro Dark Wine 30% | Papua Dogiyai Dark Anaerobic 15%,Dark,"Seperti alat ukur yang semakin akurat seiring bertambah usia, blend eksklusif ini merajut karakter biji pilihan dari Semeru serta Java Sindoro serta Papua Dogiyai menjadi sebuah komposisi yang tak mudah ditemukan. Melalui proses Natural dan Wine, lahirlah profil rasa charcoal, dark espresso, fermented cocoa — kompleks, berlapis, dan tak tergesa-gesa mengungkap dirinya. Untuk setiap penjelajah yang memahami bahwa alat terbaik adalah yang paling sering dipakai.",Heavy Body,Semeru (Dark / Natural): 550g (55%) | Java Sindoro (Dark / Wine): 300g (30%) | Papua Dogiyai (Dark / Anaerobic): 150g (15%) | total: 1000g,Ideal untuk Ristretto
S-AUT-208,Autumn,The Amber Descent,Turun gunung sambil membawa cerita — dan aroma tanah yang belum terlupakan.,Speciality Blend,Relic Museum-Grade Artifact,The Amber Descent · Relic sub-universe,Java Manglayang Dark Natural 60% | Lampung Robusta Premium Medium Anaerobic 25% | Java Preanger Dark Natural 15%,Dark,"Seperti alat ukur yang semakin akurat seiring bertambah usia, blend eksklusif ini merajut karakter biji pilihan dari Java Manglayang serta Lampung Robusta Premium serta Java Preanger menjadi sebuah komposisi yang tak mudah ditemukan. Melalui proses Natural dan Anaerobic, lahirlah profil rasa charcoal, fermented fruit, espresso — kompleks, berlapis, dan tak tergesa-gesa mengungkap dirinya. Sebuah penghormatan kepada artefak yang merekam lebih dari sekadar perjalanan.",Full Body,Java Manglayang (Dark / Natural): 600g (60%) | Lampung Robusta Premium (Medium / Anaerobic): 250g (25%) | Java Preanger (Dark / Natural): 150g (15%) | total: 1000g,Ideal untuk Ristretto
S-AUT-209,Autumn,The Amber Descent,Turun gunung sambil membawa cerita — dan aroma tanah yang belum terlupakan.,Speciality Blend,Relic One-of-a-Kind Exhibit,The Amber Descent · Relic sub-universe,Lintong Onan Dark Anaerobic 60% | Mandheling Light Wine 25% | Gunung Halu Light Wine 15%,Medium,"Dari tangan-tangan yang pernah mengukur setiap jengkal dataran, blend eksklusif ini merajut karakter biji pilihan dari Lintong Onan serta Mandheling serta Gunung Halu menjadi sebuah komposisi yang tak mudah ditemukan. Melalui proses Anaerobic dan Wine, lahirlah profil rasa plum, black cherry, grape must — kompleks, berlapis, dan tak tergesa-gesa mengungkap dirinya. Diwariskan dari tangan-tangan yang mengukur bumi sebelum peta pernah ada.",Smooth,Lintong Onan (Dark / Anaerobic): 600g (60%) | Mandheling (Light / Wine): 250g (25%) | Gunung Halu (Light / Wine): 150g (15%) | total: 1000g,Cocok untuk French Press & Espresso
S-AUT-210,Autumn,The Amber Descent,Turun gunung sambil membawa cerita — dan aroma tanah yang belum terlupakan.,Speciality Blend,Relic Unearthed Insignia,The Amber Descent · Relic sub-universe,Java Manglayang Dark Natural 60% | Java Ijen Raung Light Anaerobic 25% | Kerinci Kayu Aro Medium Anaerobic 15%,Medium,"Terekam dalam logbook yang lusuh namun tak pernah salah, blend eksklusif ini merajut karakter biji pilihan dari Java Manglayang serta Java Ijen Raung serta Kerinci Kayu Aro menjadi sebuah komposisi yang tak mudah ditemukan. Melalui proses Natural dan Anaerobic, lahirlah profil rasa tar, cola, tropical punch — kompleks, berlapis, dan tak tergesa-gesa mengungkap dirinya. Diciptakan bagi mereka yang menemukan keindahan dalam sesuatu yang telah melalui banyak hal.",Medium Body,Java Manglayang (Dark / Natural): 600g (60%) | Java Ijen Raung (Light / Anaerobic): 250g (25%) | Kerinci Kayu Aro (Medium / Anaerobic): 150g (15%) | total: 1000g,Versatile for Espresso & Filter
S-AUT-211,Autumn,The Amber Descent,Turun gunung sambil membawa cerita — dan aroma tanah yang belum terlupakan.,Speciality Blend,Relic Pristine Amulet,The Amber Descent · Relic sub-universe,Mandheling Medium Wine 40% | Bengkulu Dark Wine 60%,Dark,"Diilhami dari artefak yang bertahan melewati puluhan ekspedisi, blend eksklusif ini merajut karakter biji pilihan dari Mandheling serta Bengkulu menjadi sebuah komposisi yang tak mudah ditemukan. Melalui proses Wine, lahirlah profil rasa dark plum, smoked plum, roasted grape — kompleks, berlapis, dan tak tergesa-gesa mengungkap dirinya. Untuk setiap penjelajah yang memahami bahwa alat terbaik adalah yang paling sering dipakai.",Thick,Mandheling (Medium / Wine): 400g (40%) | Bengkulu (Dark / Wine): 600g (60%) | total: 1000g,Best for Espresso
S-AUT-212,Autumn,The Amber Descent,Turun gunung sambil membawa cerita — dan aroma tanah yang belum terlupakan.,Speciality Blend,Relic Pristine Exhibit,The Amber Descent · Relic sub-universe,Flores Manggarai Dark Natural 70% | Bukit Barisan Medium Anaerobic 30%,Dark,"Diilhami dari artefak yang bertahan melewati puluhan ekspedisi, blend eksklusif ini merajut karakter biji pilihan dari Flores Manggarai serta Bukit Barisan menjadi sebuah komposisi yang tak mudah ditemukan. Melalui proses Natural dan Anaerobic, lahirlah profil rasa licorice, espresso, tamarind — kompleks, berlapis, dan tak tergesa-gesa mengungkap dirinya. Diciptakan bagi mereka yang menemukan keindahan dalam sesuatu yang telah melalui banyak hal.",Syrupy,Flores Manggarai (Dark / Natural): 700g (70%) | Bukit Barisan (Medium / Anaerobic): 300g (30%) | total: 1000g,Cocok untuk Cold Brew
S-AUT-213,Autumn,The Amber Descent,Turun gunung sambil membawa cerita — dan aroma tanah yang belum terlupakan.,Speciality Blend,Relic Curated Medallion,The Amber Descent · Relic sub-universe,Flores Manggarai Medium Anaerobic 55% | Java Sindoro Medium Anaerobic 30% | Bali Kintamani Medium Anaerobic 15%,Medium,"Dari tangan-tangan yang pernah mengukur setiap jengkal dataran, blend eksklusif ini merajut karakter biji pilihan dari Flores Manggarai serta Java Sindoro serta Bali Kintamani menjadi sebuah komposisi yang tak mudah ditemukan. Melalui proses Anaerobic, lahirlah profil rasa tropical punch, cacao nib, fermented fruit — kompleks, berlapis, dan tak tergesa-gesa mengungkap dirinya. Diciptakan bagi mereka yang menemukan keindahan dalam sesuatu yang telah melalui banyak hal.",Round,Flores Manggarai (Medium / Anaerobic): 550g (55%) | Java Sindoro (Medium / Anaerobic): 300g (30%) | Bali Kintamani (Medium / Anaerobic): 150g (15%) | total: 1000g,Versatile for Espresso & Filter
S-AUT-214,Autumn,The Amber Descent,Turun gunung sambil membawa cerita — dan aroma tanah yang belum terlupakan.,Speciality Blend,Relic Catalogued Insignia,The Amber Descent · Relic sub-universe,Bali Kintamani Medium Natural 60% | Flores Bajawa Medium Wine 25% | Dampit Malang Light Anaerobic 15%,Medium,"Seperti alat ukur yang semakin akurat seiring bertambah usia, blend eksklusif ini merajut karakter biji pilihan dari Bali Kintamani serta Flores Bajawa serta Dampit Malang menjadi sebuah komposisi yang tak mudah ditemukan. Melalui proses Natural dan Wine, lahirlah profil rasa berry jam, roasted grape, balsamic — kompleks, berlapis, dan tak tergesa-gesa mengungkap dirinya. Diwariskan dari tangan-tangan yang mengukur bumi sebelum peta pernah ada.",Velvety,Bali Kintamani (Medium / Natural): 600g (60%) | Flores Bajawa (Medium / Wine): 250g (25%) | Dampit Malang (Light / Anaerobic): 150g (15%) | total: 1000g,Versatile for Espresso & Filter
S-AUT-215,Autumn,The Amber Descent,Turun gunung sambil membawa cerita — dan aroma tanah yang belum terlupakan.,Speciality Blend,Relic Archived Amulet,The Amber Descent · Relic sub-universe,Java Temanggung Light Wine 40% | Sidikalang Light Anaerobic 35% | Bali Kintamani Dark Natural 25%,Light,"Seperti kompas yang selalu menunjuk ke tempat yang tepat, blend eksklusif ini merajut karakter biji pilihan dari Java Temanggung serta Sidikalang serta Bali Kintamani menjadi sebuah komposisi yang tak mudah ditemukan. Melalui proses Wine dan Anaerobic, lahirlah profil rasa cola, dark berry, espresso — kompleks, berlapis, dan tak tergesa-gesa mengungkap dirinya. Untuk setiap penjelajah yang memahami bahwa alat terbaik adalah yang paling sering dipakai.",Silky,Java Temanggung (Light / Wine): 400g (40%) | Sidikalang (Light / Anaerobic): 350g (35%) | Bali Kintamani (Dark / Natural): 250g (25%) | total: 1000g,Cocok untuk AeroPress
S-AUT-216,Autumn,The Amber Descent,Turun gunung sambil membawa cerita — dan aroma tanah yang belum terlupakan.,Speciality Blend,Relic Authenticated Medallion,The Amber Descent · Relic sub-universe,Lintong Onan Dark Anaerobic 50% | Solok Radjo Dark Anaerobic 30% | Arjuno Medium Wine 20%,Dark,"Seperti alat ukur yang semakin akurat seiring bertambah usia, blend eksklusif ini merajut karakter biji pilihan dari Lintong Onan serta Solok Radjo serta Arjuno menjadi sebuah komposisi yang tak mudah ditemukan. Melalui proses Anaerobic dan Wine, lahirlah profil rasa roasted grape, smoke, fermented cocoa — kompleks, berlapis, dan tak tergesa-gesa mengungkap dirinya. Untuk setiap penjelajah yang memahami bahwa alat terbaik adalah yang paling sering dipakai.",Thick,Lintong Onan (Dark / Anaerobic): 500g (50%) | Solok Radjo (Dark / Anaerobic): 300g (30%) | Arjuno (Medium / Wine): 200g (20%) | total: 1000g,Best for Batch Brew
S-AUT-217,Autumn,The Amber Descent,Turun gunung sambil membawa cerita — dan aroma tanah yang belum terlupakan.,Speciality Blend,Relic One-of-a-Kind Medallion,The Amber Descent · Relic sub-universe,Java Ijen Raung Dark Natural 50% | Lintong Onan Dark Wine 50%,Dark,"Terekam dalam logbook yang lusuh namun tak pernah salah, blend eksklusif ini merajut karakter biji pilihan dari Java Ijen Raung serta Lintong Onan menjadi sebuah komposisi yang tak mudah ditemukan. Melalui proses Natural dan Wine, lahirlah profil rasa licorice, charcoal, dark berry — kompleks, berlapis, dan tak tergesa-gesa mengungkap dirinya. Sebuah penghormatan kepada artefak yang merekam lebih dari sekadar perjalanan.",Full Body,Java Ijen Raung (Dark / Natural): 500g (50%) | Lintong Onan (Dark / Wine): 500g (50%) | total: 1000g,Ideal untuk Ristretto
S-AUT-218,Autumn,The Amber Descent,Turun gunung sambil membawa cerita — dan aroma tanah yang belum terlupakan.,Speciality Blend,Relic Curated Trophy,The Amber Descent · Relic sub-universe,Toraja Sapan Dark Anaerobic 40% | Papua Dogiyai Dark Anaerobic 60%,Dark,"Seperti kompas yang selalu menunjuk ke tempat yang tepat, blend eksklusif ini merajut karakter biji pilihan dari Toraja Sapan serta Papua Dogiyai menjadi sebuah komposisi yang tak mudah ditemukan. Melalui proses Anaerobic, lahirlah profil rasa dark rum, fermented cocoa, black cherry — kompleks, berlapis, dan tak tergesa-gesa mengungkap dirinya. Diciptakan bagi mereka yang menemukan keindahan dalam sesuatu yang telah melalui banyak hal.",Thick,Toraja Sapan (Dark / Anaerobic): 400g (40%) | Papua Dogiyai (Dark / Anaerobic): 600g (60%) | total: 1000g,Best for Espresso
S-AUT-219,Autumn,The Amber Descent,Turun gunung sambil membawa cerita — dan aroma tanah yang belum terlupakan.,Speciality Blend,Relic Consecrated Seal,The Amber Descent · Relic sub-universe,Java Sindoro Light Anaerobic 60% | Flores Manggarai Light Anaerobic 25% | Aceh Gayo Medium Wine 15%,Light,"Seperti kompas yang selalu menunjuk ke tempat yang tepat, blend eksklusif ini merajut karakter biji pilihan dari Java Sindoro serta Flores Manggarai serta Aceh Gayo menjadi sebuah komposisi yang tak mudah ditemukan. Melalui proses Anaerobic dan Wine, lahirlah profil rasa cola, lychee, espresso — kompleks, berlapis, dan tak tergesa-gesa mengungkap dirinya. Diwariskan dari tangan-tangan yang mengukur bumi sebelum peta pernah ada.",Tea-like,Java Sindoro (Light / Anaerobic): 600g (60%) | Flores Manggarai (Light / Anaerobic): 250g (25%) | Aceh Gayo (Medium / Wine): 150g (15%) | total: 1000g,Cocok untuk AeroPress
S-AUT-220,Autumn,The Amber Descent,Turun gunung sambil membawa cerita — dan aroma tanah yang belum terlupakan.,Speciality Blend,Relic Hallowed Keepsake,The Amber Descent · Relic sub-universe,Java Temanggung Light Anaerobic 70% | Papua Dogiyai Dark Wine 30%,Light,"Dari tangan-tangan yang pernah mengukur setiap jengkal dataran, blend eksklusif ini merajut karakter biji pilihan dari Java Temanggung serta Papua Dogiyai menjadi sebuah komposisi yang tak mudah ditemukan. Melalui proses Anaerobic dan Wine, lahirlah profil rasa raspberry, passion fruit, rum raisin — kompleks, berlapis, dan tak tergesa-gesa mengungkap dirinya. Sebuah penghormatan kepada artefak yang merekam lebih dari sekadar perjalanan.",Clean,Java Temanggung (Light / Anaerobic): 700g (70%) | Papua Dogiyai (Dark / Wine): 300g (30%) | total: 1000g,Cocok untuk AeroPress
S-AUT-221,Autumn,The Amber Descent,Turun gunung sambil membawa cerita — dan aroma tanah yang belum terlupakan.,Speciality Blend,Relic Excavated Seal,The Amber Descent · Relic sub-universe,Lampung Robusta Premium Dark Wine 40% | Java Manglayang Light Natural 35% | Flores Bajawa Medium Natural 25%,Medium,"Seperti kompas yang selalu menunjuk ke tempat yang tepat, blend eksklusif ini merajut karakter biji pilihan dari Lampung Robusta Premium serta Java Manglayang serta Flores Bajawa menjadi sebuah komposisi yang tak mudah ditemukan. Melalui proses Wine dan Natural, lahirlah profil rasa dried fig, prune, aged wine — kompleks, berlapis, dan tak tergesa-gesa mengungkap dirinya. Sebuah penghormatan kepada artefak yang merekam lebih dari sekadar perjalanan.",Round,Lampung Robusta Premium (Dark / Wine): 400g (40%) | Java Manglayang (Light / Natural): 350g (35%) | Flores Bajawa (Medium / Natural): 250g (25%) | total: 1000g,Cocok untuk French Press & Espresso
S-AUT-222,Autumn,The Amber Descent,Turun gunung sambil membawa cerita — dan aroma tanah yang belum terlupakan.,Speciality Blend,Relic Curated Talisman,The Amber Descent · Relic sub-universe,Temanggung Light Natural 40% | Semeru Medium Anaerobic 35% | Toraja Kalosi Dark Wine 25%,Medium,"Diilhami dari artefak yang bertahan melewati puluhan ekspedisi, blend eksklusif ini merajut karakter biji pilihan dari Temanggung serta Semeru serta Toraja Kalosi menjadi sebuah komposisi yang tak mudah ditemukan. Melalui proses Natural dan Anaerobic, lahirlah profil rasa tropical fruit, fermented fruit, tropical punch — kompleks, berlapis, dan tak tergesa-gesa mengungkap dirinya. Diciptakan bagi mereka yang menemukan keindahan dalam sesuatu yang telah melalui banyak hal.",Medium Body,Temanggung (Light / Natural): 400g (40%) | Semeru (Medium / Anaerobic): 350g (35%) | Toraja Kalosi (Dark / Wine): 250g (25%) | total: 1000g,Cocok untuk French Press & Espresso
S-AUT-223,Autumn,The Amber Descent,Turun gunung sambil membawa cerita — dan aroma tanah yang belum terlupakan.,Speciality Blend,Relic Catalogued Specimen,The Amber Descent · Relic sub-universe,Toraja Sapan Dark Natural 65% | Lintong Onan Light Anaerobic 35%,Medium,"Diilhami dari artefak yang bertahan melewati puluhan ekspedisi, blend eksklusif ini merajut karakter biji pilihan dari Toraja Sapan serta Lintong Onan menjadi sebuah komposisi yang tak mudah ditemukan. Melalui proses Natural dan Anaerobic, lahirlah profil rasa espresso, raspberry, tar — kompleks, berlapis, dan tak tergesa-gesa mengungkap dirinya. Sebuah penghormatan kepada artefak yang merekam lebih dari sekadar perjalanan.",Velvety,Toraja Sapan (Dark / Natural): 650g (65%) | Lintong Onan (Light / Anaerobic): 350g (35%) | total: 1000g,Best for Moka Pot
S-AUT-224,Autumn,The Amber Descent,Turun gunung sambil membawa cerita — dan aroma tanah yang belum terlupakan.,Speciality Blend,Relic Curated Keepsake,The Amber Descent · Relic sub-universe,Semeru Medium Wine 45% | Gunung Halu Dark Natural 55%,Dark,"Seperti alat ukur yang semakin akurat seiring bertambah usia, blend eksklusif ini merajut karakter biji pilihan dari Semeru serta Gunung Halu menjadi sebuah komposisi yang tak mudah ditemukan. Melalui proses Wine dan Natural, lahirlah profil rasa dark plum, espresso, balsamic — kompleks, berlapis, dan tak tergesa-gesa mengungkap dirinya. Untuk setiap penjelajah yang memahami bahwa alat terbaik adalah yang paling sering dipakai.",Bold,Semeru (Medium / Wine): 450g (45%) | Gunung Halu (Dark / Natural): 550g (55%) | total: 1000g,Ideal untuk Ristretto
S-AUT-225,Autumn,The Amber Descent,Turun gunung sambil membawa cerita — dan aroma tanah yang belum terlupakan.,Speciality Blend,Relic Preserved Insignia,The Amber Descent · Relic sub-universe,Toraja Kalosi Light Anaerobic 55% | Toraja Kalosi Dark Anaerobic 30% | Java Ciwidey Light Anaerobic 15%,Light,"Seperti kompas yang selalu menunjuk ke tempat yang tepat, blend eksklusif ini merajut karakter biji pilihan dari Toraja Kalosi serta Toraja Kalosi serta Java Ciwidey menjadi sebuah komposisi yang tak mudah ditemukan. Melalui proses Anaerobic, lahirlah profil rasa passion fruit, raspberry, fermented cocoa — kompleks, berlapis, dan tak tergesa-gesa mengungkap dirinya. Diwariskan dari tangan-tangan yang mengukur bumi sebelum peta pernah ada.",Silky,Toraja Kalosi (Light / Anaerobic): 550g (55%) | Toraja Kalosi (Dark / Anaerobic): 300g (30%) | Java Ciwidey (Light / Anaerobic): 150g (15%) | total: 1000g,Cocok untuk AeroPress
S-AUT-226,Autumn,The Amber Descent,Turun gunung sambil membawa cerita — dan aroma tanah yang belum terlupakan.,Speciality Blend,Relic Authenticated Token,The Amber Descent · Relic sub-universe,Java Preanger Dark Wine 55% | Sembalun Rinjani Light Wine 45%,Medium,"Terekam dalam logbook yang lusuh namun tak pernah salah, blend eksklusif ini merajut karakter biji pilihan dari Java Preanger serta Sembalun Rinjani menjadi sebuah komposisi yang tak mudah ditemukan. Melalui proses Wine, lahirlah profil rasa dark cherry, aged wine, blackcurrant — kompleks, berlapis, dan tak tergesa-gesa mengungkap dirinya. Sebuah penghormatan kepada artefak yang merekam lebih dari sekadar perjalanan.",Medium Body,Java Preanger (Dark / Wine): 550g (55%) | Sembalun Rinjani (Light / Wine): 450g (45%) | total: 1000g,Versatile for Espresso & Filter
S-AUT-227,Autumn,The Amber Descent,Turun gunung sambil membawa cerita — dan aroma tanah yang belum terlupakan.,Speciality Blend,Relic Grand Artifact,The Amber Descent · Relic sub-universe,Mandheling Dark Wine 55% | Temanggung Light Anaerobic 30% | Mandheling Light Wine 15%,Medium,"Seperti kompas yang selalu menunjuk ke tempat yang tepat, blend eksklusif ini merajut karakter biji pilihan dari Mandheling serta Temanggung serta Mandheling menjadi sebuah komposisi yang tak mudah ditemukan. Melalui proses Wine dan Anaerobic, lahirlah profil rasa plum, grape must, passion fruit — kompleks, berlapis, dan tak tergesa-gesa mengungkap dirinya. Diciptakan bagi mereka yang menemukan keindahan dalam sesuatu yang telah melalui banyak hal.",Smooth,Mandheling (Dark / Wine): 550g (55%) | Temanggung (Light / Anaerobic): 300g (30%) | Mandheling (Light / Wine): 150g (15%) | total: 1000g,Versatile for Espresso & Filter
S-AUT-228,Autumn,The Amber Descent,Turun gunung sambil membawa cerita — dan aroma tanah yang belum terlupakan.,Speciality Blend,Relic Heritage-Class Emblem,The Amber Descent · Relic sub-universe,Lintong Onan Dark Natural 50% | Bali Kintamani Light Natural 25% | Java Manglayang Dark Anaerobic 25%,Dark,"Diilhami dari artefak yang bertahan melewati puluhan ekspedisi, blend eksklusif ini merajut karakter biji pilihan dari Lintong Onan serta Bali Kintamani serta Java Manglayang menjadi sebuah komposisi yang tak mudah ditemukan. Melalui proses Natural dan Anaerobic, lahirlah profil rasa espresso, fermented cocoa, black cherry — kompleks, berlapis, dan tak tergesa-gesa mengungkap dirinya. Diwariskan dari tangan-tangan yang mengukur bumi sebelum peta pernah ada.",Full Body,Lintong Onan (Dark / Natural): 500g (50%) | Bali Kintamani (Light / Natural): 250g (25%) | Java Manglayang (Dark / Anaerobic): 250g (25%) | total: 1000g,Cocok untuk Cold Brew
S-AUT-229,Autumn,The Amber Descent,Turun gunung sambil membawa cerita — dan aroma tanah yang belum terlupakan.,Speciality Blend,Relic One-of-a-Kind Insignia,The Amber Descent · Relic sub-universe,Java Garut Dark Wine 45% | Solok Radjo Light Natural 35% | Bali Kintamani Light Anaerobic 20%,Medium,"Seperti kompas yang selalu menunjuk ke tempat yang tepat, blend eksklusif ini merajut karakter biji pilihan dari Java Garut serta Solok Radjo serta Bali Kintamani menjadi sebuah komposisi yang tak mudah ditemukan. Melalui proses Wine dan Natural, lahirlah profil rasa raspberry, lychee, tobacco — kompleks, berlapis, dan tak tergesa-gesa mengungkap dirinya. Diciptakan bagi mereka yang menemukan keindahan dalam sesuatu yang telah melalui banyak hal.",Velvety,Java Garut (Dark / Wine): 450g (45%) | Solok Radjo (Light / Natural): 350g (35%) | Bali Kintamani (Light / Anaerobic): 200g (20%) | total: 1000g,Versatile for Espresso & Filter
S-AUT-230,Autumn,The Amber Descent,Turun gunung sambil membawa cerita — dan aroma tanah yang belum terlupakan.,Speciality Blend,Relic Unearthed Trophy,The Amber Descent · Relic sub-universe,Papua Dogiyai Dark Anaerobic 70% | Bali Kintamani Dark Natural 30%,Dark,"Dari tangan-tangan yang pernah mengukur setiap jengkal dataran, blend eksklusif ini merajut karakter biji pilihan dari Papua Dogiyai serta Bali Kintamani menjadi sebuah komposisi yang tak mudah ditemukan. Melalui proses Anaerobic dan Natural, lahirlah profil rasa charcoal, black cherry, dark berry — kompleks, berlapis, dan tak tergesa-gesa mengungkap dirinya. Untuk setiap penjelajah yang memahami bahwa alat terbaik adalah yang paling sering dipakai.",Bold,Papua Dogiyai (Dark / Anaerobic): 700g (70%) | Bali Kintamani (Dark / Natural): 300g (30%) | total: 1000g,Cocok untuk Cold Brew
S-AUT-231,Autumn,The Amber Descent,Turun gunung sambil membawa cerita — dan aroma tanah yang belum terlupakan.,Speciality Blend,Relic Heritage-Class Seal,The Amber Descent · Relic sub-universe,Java Preanger Medium Anaerobic 45% | Dampit Malang Dark Wine 35% | Java Manglayang Medium Anaerobic 20%,Medium,"Seperti alat ukur yang semakin akurat seiring bertambah usia, blend eksklusif ini merajut karakter biji pilihan dari Java Preanger serta Dampit Malang serta Java Manglayang menjadi sebuah komposisi yang tak mudah ditemukan. Melalui proses Anaerobic dan Wine, lahirlah profil rasa tropical punch, dark espresso, fermented fruit — kompleks, berlapis, dan tak tergesa-gesa mengungkap dirinya. Diwariskan dari tangan-tangan yang mengukur bumi sebelum peta pernah ada.",Balanced,Java Preanger (Medium / Anaerobic): 450g (45%) | Dampit Malang (Dark / Wine): 350g (35%) | Java Manglayang (Medium / Anaerobic): 200g (20%) | total: 1000g,Cocok untuk French Press & Espresso
S-AUT-232,Autumn,The Amber Descent,Turun gunung sambil membawa cerita — dan aroma tanah yang belum terlupakan.,Speciality Blend,Relic Grand Insignia,The Amber Descent · Relic sub-universe,Papua Wamena Light Anaerobic 50% | Flores Bajawa Medium Natural 25% | Java Temanggung Dark Wine 25%,Medium,"Seperti alat ukur yang semakin akurat seiring bertambah usia, blend eksklusif ini merajut karakter biji pilihan dari Papua Wamena serta Flores Bajawa serta Java Temanggung menjadi sebuah komposisi yang tak mudah ditemukan. Melalui proses Anaerobic dan Natural, lahirlah profil rasa dark espresso, berry jam, cola — kompleks, berlapis, dan tak tergesa-gesa mengungkap dirinya. Untuk setiap penjelajah yang memahami bahwa alat terbaik adalah yang paling sering dipakai.",Velvety,Papua Wamena (Light / Anaerobic): 500g (50%) | Flores Bajawa (Medium / Natural): 250g (25%) | Java Temanggung (Dark / Wine): 250g (25%) | total: 1000g,Cocok untuk French Press & Espresso
S-AUT-233,Autumn,The Amber Descent,Turun gunung sambil membawa cerita — dan aroma tanah yang belum terlupakan.,Speciality Blend,Relic Hallowed Talisman,The Amber Descent · Relic sub-universe,Sidikalang Light Natural 40% | Arjuno Light Anaerobic 60%,Light,"Ditemukan dalam catatan perjalanan seorang penjelajah tua, blend eksklusif ini merajut karakter biji pilihan dari Sidikalang serta Arjuno menjadi sebuah komposisi yang tak mudah ditemukan. Melalui proses Natural dan Anaerobic, lahirlah profil rasa lychee, watermelon, cola — kompleks, berlapis, dan tak tergesa-gesa mengungkap dirinya. Diwariskan dari tangan-tangan yang mengukur bumi sebelum peta pernah ada.",Clean,Sidikalang (Light / Natural): 400g (40%) | Arjuno (Light / Anaerobic): 600g (60%) | total: 1000g,Pour Over Recommended
S-AUT-234,Autumn,The Amber Descent,Turun gunung sambil membawa cerita — dan aroma tanah yang belum terlupakan.,Speciality Blend,Relic Preserved Medallion,The Amber Descent · Relic sub-universe,Dampit Malang Dark Natural 40% | Java Sindoro Light Natural 60%,Medium,"Terekam dalam logbook yang lusuh namun tak pernah salah, blend eksklusif ini merajut karakter biji pilihan dari Dampit Malang serta Java Sindoro menjadi sebuah komposisi yang tak mudah ditemukan. Melalui proses Natural, lahirlah profil rasa hibiscus, licorice, dark berry — kompleks, berlapis, dan tak tergesa-gesa mengungkap dirinya. Sebuah penghormatan kepada artefak yang merekam lebih dari sekadar perjalanan.",Smooth,Dampit Malang (Dark / Natural): 400g (40%) | Java Sindoro (Light / Natural): 600g (60%) | total: 1000g,Best for Moka Pot
S-AUT-235,Autumn,The Amber Descent,Turun gunung sambil membawa cerita — dan aroma tanah yang belum terlupakan.,Speciality Blend,Relic Preserved Talisman,The Amber Descent · Relic sub-universe,Java Ciwidey Dark Natural 45% | Java Ijen Raung Dark Natural 35% | Temanggung Light Natural 20%,Dark,"Ditemukan dalam catatan perjalanan seorang penjelajah tua, blend eksklusif ini merajut karakter biji pilihan dari Java Ciwidey serta Java Ijen Raung serta Temanggung menjadi sebuah komposisi yang tak mudah ditemukan. Melalui proses Natural, lahirlah profil rasa blueberry, espresso, dark berry — kompleks, berlapis, dan tak tergesa-gesa mengungkap dirinya. Diwariskan dari tangan-tangan yang mengukur bumi sebelum peta pernah ada.",Bold,Java Ciwidey (Dark / Natural): 450g (45%) | Java Ijen Raung (Dark / Natural): 350g (35%) | Temanggung (Light / Natural): 200g (20%) | total: 1000g,Best for Espresso
S-AUT-236,Autumn,The Amber Descent,Turun gunung sambil membawa cerita — dan aroma tanah yang belum terlupakan.,Speciality Blend,Relic Hallowed Exhibit,The Amber Descent · Relic sub-universe,Java Ijen Raung Dark Anaerobic 45% | Lintong Onan Dark Anaerobic 55%,Dark,"Ditemukan dalam catatan perjalanan seorang penjelajah tua, blend eksklusif ini merajut karakter biji pilihan dari Java Ijen Raung serta Lintong Onan menjadi sebuah komposisi yang tak mudah ditemukan. Melalui proses Anaerobic, lahirlah profil rasa black cherry, dark rum, fermented cocoa — kompleks, berlapis, dan tak tergesa-gesa mengungkap dirinya. Diciptakan bagi mereka yang menemukan keindahan dalam sesuatu yang telah melalui banyak hal.",Heavy Body,Java Ijen Raung (Dark / Anaerobic): 450g (45%) | Lintong Onan (Dark / Anaerobic): 550g (55%) | total: 1000g,Ideal untuk Ristretto
S-AUT-237,Autumn,The Amber Descent,Turun gunung sambil membawa cerita — dan aroma tanah yang belum terlupakan.,Speciality Blend,Relic One-of-a-Kind Keepsake,The Amber Descent · Relic sub-universe,Temanggung Medium Natural 60% | Arjuno Dark Anaerobic 25% | Papua Dogiyai Medium Wine 15%,Medium,"Diilhami dari artefak yang bertahan melewati puluhan ekspedisi, blend eksklusif ini merajut karakter biji pilihan dari Temanggung serta Arjuno serta Papua Dogiyai menjadi sebuah komposisi yang tak mudah ditemukan. Melalui proses Natural dan Anaerobic, lahirlah profil rasa prune, black cherry, dried fig — kompleks, berlapis, dan tak tergesa-gesa mengungkap dirinya. Diciptakan bagi mereka yang menemukan keindahan dalam sesuatu yang telah melalui banyak hal.",Round,Temanggung (Medium / Natural): 600g (60%) | Arjuno (Dark / Anaerobic): 250g (25%) | Papua Dogiyai (Medium / Wine): 150g (15%) | total: 1000g,Cocok untuk French Press & Espresso
S-AUT-238,Autumn,The Amber Descent,Turun gunung sambil membawa cerita — dan aroma tanah yang belum terlupakan.,Speciality Blend,Relic Pristine Heirloom,The Amber Descent · Relic sub-universe,Aceh Gayo Light Wine 70% | Semeru Dark Natural 30%,Light,"Dari tangan-tangan yang pernah mengukur setiap jengkal dataran, blend eksklusif ini merajut karakter biji pilihan dari Aceh Gayo serta Semeru menjadi sebuah komposisi yang tak mudah ditemukan. Melalui proses Wine dan Natural, lahirlah profil rasa tar, dark cherry, charcoal — kompleks, berlapis, dan tak tergesa-gesa mengungkap dirinya. Untuk setiap penjelajah yang memahami bahwa alat terbaik adalah yang paling sering dipakai.",Silky,Aceh Gayo (Light / Wine): 700g (70%) | Semeru (Dark / Natural): 300g (30%) | total: 1000g,Best for V60
S-AUT-239,Autumn,The Amber Descent,Turun gunung sambil membawa cerita — dan aroma tanah yang belum terlupakan.,Speciality Blend,Relic Excavated Insignia,The Amber Descent · Relic sub-universe,Java Manglayang Light Anaerobic 60% | Java Sindoro Medium Natural 40%,Light,"Terekam dalam logbook yang lusuh namun tak pernah salah, blend eksklusif ini merajut karakter biji pilihan dari Java Manglayang serta Java Sindoro menjadi sebuah komposisi yang tak mudah ditemukan. Melalui proses Anaerobic dan Natural, lahirlah profil rasa cola, berry jam, passion fruit — kompleks, berlapis, dan tak tergesa-gesa mengungkap dirinya. Sebuah penghormatan kepada artefak yang merekam lebih dari sekadar perjalanan.",Tea-like,Java Manglayang (Light / Anaerobic): 600g (60%) | Java Sindoro (Medium / Natural): 400g (40%) | total: 1000g,Ideal for Chemex
S-AUT-240,Autumn,The Amber Descent,Turun gunung sambil membawa cerita — dan aroma tanah yang belum terlupakan.,Speciality Blend,Relic Authenticated Relic,The Amber Descent · Relic sub-universe,Aceh Gayo Medium Natural 40% | Mandheling Medium Anaerobic 60%,Medium,"Ditemukan dalam catatan perjalanan seorang penjelajah tua, blend eksklusif ini merajut karakter biji pilihan dari Aceh Gayo serta Mandheling menjadi sebuah komposisi yang tak mudah ditemukan. Melalui proses Natural dan Anaerobic, lahirlah profil rasa fermented fruit, molasses, dried fig — kompleks, berlapis, dan tak tergesa-gesa mengungkap dirinya. Untuk setiap penjelajah yang memahami bahwa alat terbaik adalah yang paling sering dipakai.",Smooth,Aceh Gayo (Medium / Natural): 400g (40%) | Mandheling (Medium / Anaerobic): 600g (60%) | total: 1000g,Versatile for Espresso & Filter
S-AUT-241,Autumn,The Amber Descent,Turun gunung sambil membawa cerita — dan aroma tanah yang belum terlupakan.,Speciality Blend,Relic Pristine Medallion,The Amber Descent · Relic sub-universe,Mandheling Dark Anaerobic 70% | Bali Ulian Light Natural 30%,Medium,"Diilhami dari artefak yang bertahan melewati puluhan ekspedisi, blend eksklusif ini merajut karakter biji pilihan dari Mandheling serta Bali Ulian menjadi sebuah komposisi yang tak mudah ditemukan. Melalui proses Anaerobic dan Natural, lahirlah profil rasa dark rum, watermelon, hibiscus — kompleks, berlapis, dan tak tergesa-gesa mengungkap dirinya. Diciptakan bagi mereka yang menemukan keindahan dalam sesuatu yang telah melalui banyak hal.",Velvety,Mandheling (Dark / Anaerobic): 700g (70%) | Bali Ulian (Light / Natural): 300g (30%) | total: 1000g,Best for Moka Pot
S-AUT-242,Autumn,The Amber Descent,Turun gunung sambil membawa cerita — dan aroma tanah yang belum terlupakan.,Speciality Blend,Relic Authenticated Amulet,The Amber Descent · Relic sub-universe,Bukit Barisan Light Natural 40% | Java Ijen Raung Medium Wine 35% | Sembalun Rinjani Medium Anaerobic 25%,Light,"Dari tangan-tangan yang pernah mengukur setiap jengkal dataran, blend eksklusif ini merajut karakter biji pilihan dari Bukit Barisan serta Java Ijen Raung serta Sembalun Rinjani menjadi sebuah komposisi yang tak mudah ditemukan. Melalui proses Natural dan Wine, lahirlah profil rasa blueberry, watermelon, hibiscus — kompleks, berlapis, dan tak tergesa-gesa mengungkap dirinya. Sebuah penghormatan kepada artefak yang merekam lebih dari sekadar perjalanan.",Light Body,Bukit Barisan (Light / Natural): 400g (40%) | Java Ijen Raung (Medium / Wine): 350g (35%) | Sembalun Rinjani (Medium / Anaerobic): 250g (25%) | total: 1000g,Ideal for Chemex
S-AUT-243,Autumn,The Amber Descent,Turun gunung sambil membawa cerita — dan aroma tanah yang belum terlupakan.,Speciality Blend,Relic Pristine Keepsake,The Amber Descent · Relic sub-universe,Gunung Halu Light Wine 70% | Lampung Robusta Premium Dark Anaerobic 30%,Light,"Seperti alat ukur yang semakin akurat seiring bertambah usia, blend eksklusif ini merajut karakter biji pilihan dari Gunung Halu serta Lampung Robusta Premium menjadi sebuah komposisi yang tak mudah ditemukan. Melalui proses Wine dan Anaerobic, lahirlah profil rasa wine, plum, fermented cocoa — kompleks, berlapis, dan tak tergesa-gesa mengungkap dirinya. Diciptakan bagi mereka yang menemukan keindahan dalam sesuatu yang telah melalui banyak hal.",Delicate,Gunung Halu (Light / Wine): 700g (70%) | Lampung Robusta Premium (Dark / Anaerobic): 300g (30%) | total: 1000g,Pour Over Recommended
S-AUT-244,Autumn,The Amber Descent,Turun gunung sambil membawa cerita — dan aroma tanah yang belum terlupakan.,Speciality Blend,Relic Pristine Token,The Amber Descent · Relic sub-universe,Toraja Kalosi Light Wine 40% | Flores Manggarai Light Anaerobic 35% | Mandheling Light Anaerobic 25%,Light,"Dari tangan-tangan yang pernah mengukur setiap jengkal dataran, blend eksklusif ini merajut karakter biji pilihan dari Toraja Kalosi serta Flores Manggarai serta Mandheling menjadi sebuah komposisi yang tak mudah ditemukan. Melalui proses Wine dan Anaerobic, lahirlah profil rasa wine, raspberry, rum raisin — kompleks, berlapis, dan tak tergesa-gesa mengungkap dirinya. Sebuah penghormatan kepada artefak yang merekam lebih dari sekadar perjalanan.",Clean,Toraja Kalosi (Light / Wine): 400g (40%) | Flores Manggarai (Light / Anaerobic): 350g (35%) | Mandheling (Light / Anaerobic): 250g (25%) | total: 1000g,Cocok untuk AeroPress
S-AUT-245,Autumn,The Amber Descent,Turun gunung sambil membawa cerita — dan aroma tanah yang belum terlupakan.,Speciality Blend,Relic Authenticated Signet,The Amber Descent · Relic sub-universe,Java Preanger Light Natural 40% | Papua Wamena Medium Anaerobic 60%,Light,"Seperti alat ukur yang semakin akurat seiring bertambah usia, blend eksklusif ini merajut karakter biji pilihan dari Java Preanger serta Papua Wamena menjadi sebuah komposisi yang tak mudah ditemukan. Melalui proses Natural dan Anaerobic, lahirlah profil rasa strawberry, tropical punch, fermented fruit — kompleks, berlapis, dan tak tergesa-gesa mengungkap dirinya. Diciptakan bagi mereka yang menemukan keindahan dalam sesuatu yang telah melalui banyak hal.",Tea-like,Java Preanger (Light / Natural): 400g (40%) | Papua Wamena (Medium / Anaerobic): 600g (60%) | total: 1000g,Pour Over Recommended
S-AUT-246,Autumn,The Amber Descent,Turun gunung sambil membawa cerita — dan aroma tanah yang belum terlupakan.,Speciality Blend,Relic Hallowed Seal,The Amber Descent · Relic sub-universe,Kerinci Kayu Aro Light Anaerobic 65% | Java Temanggung Light Wine 35%,Light,"Seperti kompas yang selalu menunjuk ke tempat yang tepat, blend eksklusif ini merajut karakter biji pilihan dari Kerinci Kayu Aro serta Java Temanggung menjadi sebuah komposisi yang tak mudah ditemukan. Melalui proses Anaerobic dan Wine, lahirlah profil rasa passion fruit, plum, grape must — kompleks, berlapis, dan tak tergesa-gesa mengungkap dirinya. Diciptakan bagi mereka yang menemukan keindahan dalam sesuatu yang telah melalui banyak hal.",Tea-like,Kerinci Kayu Aro (Light / Anaerobic): 650g (65%) | Java Temanggung (Light / Wine): 350g (35%) | total: 1000g,Cocok untuk AeroPress
S-AUT-247,Autumn,The Amber Descent,Turun gunung sambil membawa cerita — dan aroma tanah yang belum terlupakan.,Speciality Blend,Relic Authenticated Emblem,The Amber Descent · Relic sub-universe,Gunung Halu Medium Wine 50% | Java Ijen Raung Light Anaerobic 25% | Java Ciwidey Dark Wine 25%,Medium,"Seperti kompas yang selalu menunjuk ke tempat yang tepat, blend eksklusif ini merajut karakter biji pilihan dari Gunung Halu serta Java Ijen Raung serta Java Ciwidey menjadi sebuah komposisi yang tak mudah ditemukan. Melalui proses Wine dan Anaerobic, lahirlah profil rasa roasted grape, balsamic, raspberry — kompleks, berlapis, dan tak tergesa-gesa mengungkap dirinya. Untuk setiap penjelajah yang memahami bahwa alat terbaik adalah yang paling sering dipakai.",Balanced,Gunung Halu (Medium / Wine): 500g (50%) | Java Ijen Raung (Light / Anaerobic): 250g (25%) | Java Ciwidey (Dark / Wine): 250g (25%) | total: 1000g,Versatile for Espresso & Filter
S-AUT-248,Autumn,The Amber Descent,Turun gunung sambil membawa cerita — dan aroma tanah yang belum terlupakan.,Speciality Blend,Relic Heritage-Class Signet,The Amber Descent · Relic sub-universe,Lintong Onan Medium Anaerobic 60% | Flores Manggarai Dark Natural 40%,Medium,"Seperti kompas yang selalu menunjuk ke tempat yang tepat, blend eksklusif ini merajut karakter biji pilihan dari Lintong Onan serta Flores Manggarai menjadi sebuah komposisi yang tak mudah ditemukan. Melalui proses Anaerobic dan Natural, lahirlah profil rasa tar, fermented fruit, dark berry — kompleks, berlapis, dan tak tergesa-gesa mengungkap dirinya. Untuk setiap penjelajah yang memahami bahwa alat terbaik adalah yang paling sering dipakai.",Smooth,Lintong Onan (Medium / Anaerobic): 600g (60%) | Flores Manggarai (Dark / Natural): 400g (40%) | total: 1000g,Best for Moka Pot
S-AUT-249,Autumn,The Amber Descent,Turun gunung sambil membawa cerita — dan aroma tanah yang belum terlupakan.,Speciality Blend,Relic Museum-Grade Heirloom,The Amber Descent · Relic sub-universe,Gunung Halu Dark Anaerobic 60% | Kerinci Kayu Aro Light Natural 40%,Medium,"Dari tangan-tangan yang pernah mengukur setiap jengkal dataran, blend eksklusif ini merajut karakter biji pilihan dari Gunung Halu serta Kerinci Kayu Aro menjadi sebuah komposisi yang tak mudah ditemukan. Melalui proses Anaerobic dan Natural, lahirlah profil rasa blueberry, fermented cocoa, tropical fruit — kompleks, berlapis, dan tak tergesa-gesa mengungkap dirinya. Diciptakan bagi mereka yang menemukan keindahan dalam sesuatu yang telah melalui banyak hal.",Velvety,Gunung Halu (Dark / Anaerobic): 600g (60%) | Kerinci Kayu Aro (Light / Natural): 400g (40%) | total: 1000g,Best for Moka Pot
S-AUT-250,Autumn,The Amber Descent,Turun gunung sambil membawa cerita — dan aroma tanah yang belum terlupakan.,Speciality Blend,Relic Pristine Trophy,The Amber Descent · Relic sub-universe,Java Temanggung Dark Natural 55% | Flores Manggarai Dark Natural 45%,Dark,"Seperti kompas yang selalu menunjuk ke tempat yang tepat, blend eksklusif ini merajut karakter biji pilihan dari Java Temanggung serta Flores Manggarai menjadi sebuah komposisi yang tak mudah ditemukan. Melalui proses Natural, lahirlah profil rasa dark berry, espresso, charcoal — kompleks, berlapis, dan tak tergesa-gesa mengungkap dirinya. Untuk setiap penjelajah yang memahami bahwa alat terbaik adalah yang paling sering dipakai.",Heavy Body,Java Temanggung (Dark / Natural): 550g (55%) | Flores Manggarai (Dark / Natural): 450g (45%) | total: 1000g,Cocok untuk Cold Brew
S-SPR-001,Spring,The First Ascent,Sebelum puncak — ada langkah pertama yang paling jujur.,Seasonal Blend,Breaking Runoff,The First Ascent · Seasonal collection,Gunung Halu Light Natural 55% | Flores Bajawa Dark Anaerobic 30% | Solok Radjo Medium Honey 15%,Medium,"Terinspirasi dari fajar yang menerangi jalur yang belum pernah dilalui, blend ini mempertemukan biji-biji dari Gunung Halu serta Flores Bajawa serta Solok Radjo dalam sebuah komposisi yang menceritakan kekayaan dataran Nusantara. Diproses dengan metode Natural dan Anaerobic, menghadirkan nuansa fermented cocoa, tropical fruit, honey yang bersih namun penuh kedalaman. Untuk langkah pertama yang selalu lebih jujur dari seribu langkah berikutnya.",Balanced,Gunung Halu (Light / Natural): 550g (55%) | Flores Bajawa (Dark / Anaerobic): 300g (30%) | Solok Radjo (Medium / Honey): 150g (15%) | total: 1000g,Best for Moka Pot
S-SPR-002,Spring,The First Ascent,Sebelum puncak — ada langkah pertama yang paling jujur.,Seasonal Blend,Drifting Tendril,The First Ascent · Seasonal collection,Java Preanger Dark Honey 65% | Sidikalang Medium Washed 35%,Dark,"Di mana benih harapan tumbuh dari tanah yang baru mencair, blend ini mempertemukan biji-biji dari Java Preanger serta Sidikalang dalam sebuah komposisi yang menceritakan kekayaan dataran Nusantara. Diproses dengan metode Honey dan Washed, menghadirkan nuansa milk chocolate, toffee, burnt caramel yang bersih namun penuh kedalaman. Untuk langkah pertama yang selalu lebih jujur dari seribu langkah berikutnya.",Thick,Java Preanger (Dark / Honey): 650g (65%) | Sidikalang (Medium / Washed): 350g (35%) | total: 1000g,Cocok untuk Cold Brew
S-SPR-003,Spring,The First Ascent,Sebelum puncak — ada langkah pertama yang paling jujur.,Seasonal Blend,Soft Fern,The First Ascent · Seasonal collection,Bali Ulian Light Anaerobic 55% | Sembalun Rinjani Light Wine 30% | Java Sindoro Light Washed 15%,Light,"Seperti embun yang jatuh pada daun pertama musim baru, blend ini mempertemukan biji-biji dari Bali Ulian serta Sembalun Rinjani serta Java Sindoro dalam sebuah komposisi yang menceritakan kekayaan dataran Nusantara. Diproses dengan metode Anaerobic dan Wine, menghadirkan nuansa grape must, lychee, plum yang bersih namun penuh kedalaman. Sebuah perayaan atas keberanian memulai — ketika segala sesuatunya masih bersih dan mungkin.",Silky,Bali Ulian (Light / Anaerobic): 550g (55%) | Sembalun Rinjani (Light / Wine): 300g (30%) | Java Sindoro (Light / Washed): 150g (15%) | total: 1000g,Cocok untuk AeroPress
S-SPR-004,Spring,The First Ascent,Sebelum puncak — ada langkah pertama yang paling jujur.,Seasonal Blend,Young Frost,The First Ascent · Seasonal collection,Java Puntang Dark Natural 50% | Bukit Barisan Light WetHulled 30% | Java Garut Light Washed 20%,Medium,"Terinspirasi dari fajar yang menerangi jalur yang belum pernah dilalui, blend ini mempertemukan biji-biji dari Java Puntang serta Bukit Barisan serta Java Garut dalam sebuah komposisi yang menceritakan kekayaan dataran Nusantara. Diproses dengan metode Natural dan WetHulled, menghadirkan nuansa charcoal, tar, licorice yang bersih namun penuh kedalaman. Diciptakan bagi mereka yang memahami bahwa setiap puncak dimulai dari sebuah pagi.",Smooth,Java Puntang (Dark / Natural): 500g (50%) | Bukit Barisan (Light / WetHulled): 300g (30%) | Java Garut (Light / Washed): 200g (20%) | total: 1000g,Versatile for Espresso & Filter
S-SPR-005,Spring,The First Ascent,Sebelum puncak — ada langkah pertama yang paling jujur.,Seasonal Blend,Waking Frost,The First Ascent · Seasonal collection,Wanoja Kamojang Medium Wine 50% | Java Sindoro Light SemiWashed 25% | Java Sindoro Dark Honey 25%,Medium,"Saat kabut pagi pertama mulai mengangkat tirainya, blend ini mempertemukan biji-biji dari Wanoja Kamojang serta Java Sindoro serta Java Sindoro dalam sebuah komposisi yang menceritakan kekayaan dataran Nusantara. Diproses dengan metode Wine dan SemiWashed, menghadirkan nuansa balsamic, smoked almond, oolong tea yang bersih namun penuh kedalaman. Blend yang merekam kesegaran dari tempat di mana perjalanan baru saja dimulai.",Medium Body,Wanoja Kamojang (Medium / Wine): 500g (50%) | Java Sindoro (Light / SemiWashed): 250g (25%) | Java Sindoro (Dark / Honey): 250g (25%) | total: 1000g,Cocok untuk French Press & Espresso
S-SPR-006,Spring,The First Ascent,Sebelum puncak — ada langkah pertama yang paling jujur.,Seasonal Blend,Drifting Moss,The First Ascent · Seasonal collection,Aceh Gayo Light Wine 55% | Lintong Onan Light Anaerobic 45%,Light,"Saat kabut pagi pertama mulai mengangkat tirainya, blend ini mempertemukan biji-biji dari Aceh Gayo serta Lintong Onan dalam sebuah komposisi yang menceritakan kekayaan dataran Nusantara. Diproses dengan metode Wine dan Anaerobic, menghadirkan nuansa wine, dark cherry, plum yang bersih namun penuh kedalaman. Blend yang merekam kesegaran dari tempat di mana perjalanan baru saja dimulai.",Clean,Aceh Gayo (Light / Wine): 550g (55%) | Lintong Onan (Light / Anaerobic): 450g (45%) | total: 1000g,Ideal for Chemex
S-SPR-007,Spring,The First Ascent,Sebelum puncak — ada langkah pertama yang paling jujur.,Seasonal Blend,Pure Pollen,The First Ascent · Seasonal collection,Lintong Onan Light Anaerobic 40% | Java Manglayang Light Honey 35% | Solok Radjo Dark Honey 25%,Light,"Di mana benih harapan tumbuh dari tanah yang baru mencair, blend ini mempertemukan biji-biji dari Lintong Onan serta Java Manglayang serta Solok Radjo dalam sebuah komposisi yang menceritakan kekayaan dataran Nusantara. Diproses dengan metode Anaerobic dan Honey, menghadirkan nuansa passion fruit, apricot, smoked almond yang bersih namun penuh kedalaman. Sebuah perayaan atas keberanian memulai — ketika segala sesuatunya masih bersih dan mungkin.",Clean,Lintong Onan (Light / Anaerobic): 400g (40%) | Java Manglayang (Light / Honey): 350g (35%) | Solok Radjo (Dark / Honey): 250g (25%) | total: 1000g,Ideal for Chemex
S-SPR-008,Spring,The First Ascent,Sebelum puncak — ada langkah pertama yang paling jujur.,Seasonal Blend,Pure Tendril,The First Ascent · Seasonal collection,Java Sindoro Medium Natural 60% | Java Ijen Raung Medium WetHulled 40%,Medium,"Saat kabut pagi pertama mulai mengangkat tirainya, blend ini mempertemukan biji-biji dari Java Sindoro serta Java Ijen Raung dalam sebuah komposisi yang menceritakan kekayaan dataran Nusantara. Diproses dengan metode Natural dan WetHulled, menghadirkan nuansa spice, woody, berry jam yang bersih namun penuh kedalaman. Blend yang merekam kesegaran dari tempat di mana perjalanan baru saja dimulai.",Velvety,Java Sindoro (Medium / Natural): 600g (60%) | Java Ijen Raung (Medium / WetHulled): 400g (40%) | total: 1000g,Versatile for Espresso & Filter
S-SPR-009,Spring,The First Ascent,Sebelum puncak — ada langkah pertama yang paling jujur.,Seasonal Blend,Hovering Spring,The First Ascent · Seasonal collection,Toraja Sapan Light Natural 40% | Temanggung Medium Washed 35% | Semeru Medium SemiWashed 25%,Light,"Terinspirasi dari fajar yang menerangi jalur yang belum pernah dilalui, blend ini mempertemukan biji-biji dari Toraja Sapan serta Temanggung serta Semeru dalam sebuah komposisi yang menceritakan kekayaan dataran Nusantara. Diproses dengan metode Natural dan Washed, menghadirkan nuansa blueberry, milk chocolate, apricot jam yang bersih namun penuh kedalaman. Diciptakan bagi mereka yang memahami bahwa setiap puncak dimulai dari sebuah pagi.",Silky,Toraja Sapan (Light / Natural): 400g (40%) | Temanggung (Medium / Washed): 350g (35%) | Semeru (Medium / SemiWashed): 250g (25%) | total: 1000g,Ideal for Chemex
S-SPR-010,Spring,The First Ascent,Sebelum puncak — ada langkah pertama yang paling jujur.,Seasonal Blend,Climbing Rime,The First Ascent · Seasonal collection,Aceh Gayo Light Honey 45% | Java Temanggung Dark SemiWashed 35% | Lintong Onan Dark Wine 20%,Medium,"Di mana benih harapan tumbuh dari tanah yang baru mencair, blend ini mempertemukan biji-biji dari Aceh Gayo serta Java Temanggung serta Lintong Onan dalam sebuah komposisi yang menceritakan kekayaan dataran Nusantara. Diproses dengan metode Honey dan SemiWashed, menghadirkan nuansa tobacco, walnut, apricot yang bersih namun penuh kedalaman. Diciptakan bagi mereka yang memahami bahwa setiap puncak dimulai dari sebuah pagi.",Velvety,Aceh Gayo (Light / Honey): 450g (45%) | Java Temanggung (Dark / SemiWashed): 350g (35%) | Lintong Onan (Dark / Wine): 200g (20%) | total: 1000g,Best for Moka Pot
S-SPR-011,Spring,The First Ascent,Sebelum puncak — ada langkah pertama yang paling jujur.,Seasonal Blend,Nascent Rime,The First Ascent · Seasonal collection,Flores Bajawa Medium SemiWashed 45% | Java Preanger Dark Anaerobic 55%,Dark,"Saat kabut pagi pertama mulai mengangkat tirainya, blend ini mempertemukan biji-biji dari Flores Bajawa serta Java Preanger dalam sebuah komposisi yang menceritakan kekayaan dataran Nusantara. Diproses dengan metode SemiWashed dan Anaerobic, menghadirkan nuansa fermented cocoa, black cherry, dark rum yang bersih namun penuh kedalaman. Blend yang merekam kesegaran dari tempat di mana perjalanan baru saja dimulai.",Bold,Flores Bajawa (Medium / SemiWashed): 450g (45%) | Java Preanger (Dark / Anaerobic): 550g (55%) | total: 1000g,Best for Batch Brew
S-SPR-012,Spring,The First Ascent,Sebelum puncak — ada langkah pertama yang paling jujur.,Seasonal Blend,Young Haze,The First Ascent · Seasonal collection,Papua Wamena Light Natural 45% | Bukit Barisan Medium Washed 55%,Light,"Dari mata air yang baru saja membuka jejaknya di lereng, blend ini mempertemukan biji-biji dari Papua Wamena serta Bukit Barisan dalam sebuah komposisi yang menceritakan kekayaan dataran Nusantara. Diproses dengan metode Natural dan Washed, menghadirkan nuansa watermelon, blueberry, tropical fruit yang bersih namun penuh kedalaman. Blend yang merekam kesegaran dari tempat di mana perjalanan baru saja dimulai.",Light Body,Papua Wamena (Light / Natural): 450g (45%) | Bukit Barisan (Medium / Washed): 550g (55%) | total: 1000g,Cocok untuk AeroPress
S-SPR-013,Spring,The First Ascent,Sebelum puncak — ada langkah pertama yang paling jujur.,Seasonal Blend,Wispy Rivulet,The First Ascent · Seasonal collection,Kerinci Kayu Aro Light Natural 70% | Java Preanger Medium Honey 30%,Light,"Terinspirasi dari fajar yang menerangi jalur yang belum pernah dilalui, blend ini mempertemukan biji-biji dari Kerinci Kayu Aro serta Java Preanger dalam sebuah komposisi yang menceritakan kekayaan dataran Nusantara. Diproses dengan metode Natural dan Honey, menghadirkan nuansa maple syrup, watermelon, macadamia yang bersih namun penuh kedalaman. Untuk langkah pertama yang selalu lebih jujur dari seribu langkah berikutnya.",Delicate,Kerinci Kayu Aro (Light / Natural): 700g (70%) | Java Preanger (Medium / Honey): 300g (30%) | total: 1000g,Ideal for Chemex
S-SPR-014,Spring,The First Ascent,Sebelum puncak — ada langkah pertama yang paling jujur.,Seasonal Blend,Climbing Cirrus,The First Ascent · Seasonal collection,Java Sindoro Dark Honey 40% | Aceh Gayo Dark SemiWashed 35% | Bali Ulian Medium WetHulled 25%,Dark,"Dari mata air yang baru saja membuka jejaknya di lereng, blend ini mempertemukan biji-biji dari Java Sindoro serta Aceh Gayo serta Bali Ulian dalam sebuah komposisi yang menceritakan kekayaan dataran Nusantara. Diproses dengan metode Honey dan SemiWashed, menghadirkan nuansa spice, roasted grain, dark sugar yang bersih namun penuh kedalaman. Sebuah perayaan atas keberanian memulai — ketika segala sesuatunya masih bersih dan mungkin.",Syrupy,Java Sindoro (Dark / Honey): 400g (40%) | Aceh Gayo (Dark / SemiWashed): 350g (35%) | Bali Ulian (Medium / WetHulled): 250g (25%) | total: 1000g,Ideal untuk Ristretto
S-SPR-015,Spring,The First Ascent,Sebelum puncak — ada langkah pertama yang paling jujur.,Seasonal Blend,Gentle Tendril,The First Ascent · Seasonal collection,Temanggung Dark SemiWashed 60% | Lampung Robusta Premium Dark Natural 25% | Java Ijen Raung Dark Anaerobic 15%,Dark,"Terinspirasi dari fajar yang menerangi jalur yang belum pernah dilalui, blend ini mempertemukan biji-biji dari Temanggung serta Lampung Robusta Premium serta Java Ijen Raung dalam sebuah komposisi yang menceritakan kekayaan dataran Nusantara. Diproses dengan metode SemiWashed dan Natural, menghadirkan nuansa dark caramel, tar, espresso yang bersih namun penuh kedalaman. Sebuah perayaan atas keberanian memulai — ketika segala sesuatunya masih bersih dan mungkin.",Bold,Temanggung (Dark / SemiWashed): 600g (60%) | Lampung Robusta Premium (Dark / Natural): 250g (25%) | Java Ijen Raung (Dark / Anaerobic): 150g (15%) | total: 1000g,Best for Espresso
S-SPR-016,Spring,The First Ascent,Sebelum puncak — ada langkah pertama yang paling jujur.,Seasonal Blend,Fresh Bloom,The First Ascent · Seasonal collection,Dampit Malang Dark Washed 50% | Java Garut Medium Anaerobic 30% | Semeru Medium Wine 20%,Dark,"Ketika langkah pertama meninggalkan bekas di tanah yang bersih, blend ini mempertemukan biji-biji dari Dampit Malang serta Java Garut serta Semeru dalam sebuah komposisi yang menceritakan kekayaan dataran Nusantara. Diproses dengan metode Washed dan Anaerobic, menghadirkan nuansa dark plum, port wine, espresso yang bersih namun penuh kedalaman. Diciptakan bagi mereka yang memahami bahwa setiap puncak dimulai dari sebuah pagi.",Syrupy,Dampit Malang (Dark / Washed): 500g (50%) | Java Garut (Medium / Anaerobic): 300g (30%) | Semeru (Medium / Wine): 200g (20%) | total: 1000g,Cocok untuk Cold Brew
S-SPR-017,Spring,The First Ascent,Sebelum puncak — ada langkah pertama yang paling jujur.,Seasonal Blend,Ascending Clearwater,The First Ascent · Seasonal collection,Java Puntang Dark Honey 50% | Bengkulu Medium Natural 25% | Java Garut Dark Wine 25%,Dark,"Dari mata air yang baru saja membuka jejaknya di lereng, blend ini mempertemukan biji-biji dari Java Puntang serta Bengkulu serta Java Garut dalam sebuah komposisi yang menceritakan kekayaan dataran Nusantara. Diproses dengan metode Honey dan Natural, menghadirkan nuansa dark espresso, molasses, dried fig yang bersih namun penuh kedalaman. Sebuah perayaan atas keberanian memulai — ketika segala sesuatunya masih bersih dan mungkin.",Heavy Body,Java Puntang (Dark / Honey): 500g (50%) | Bengkulu (Medium / Natural): 250g (25%) | Java Garut (Dark / Wine): 250g (25%) | total: 1000g,Ideal untuk Ristretto
S-SPR-018,Spring,The First Ascent,Sebelum puncak — ada langkah pertama yang paling jujur.,Seasonal Blend,Quiet Vapor,The First Ascent · Seasonal collection,Java Temanggung Light WetHulled 65% | Java Temanggung Dark Anaerobic 35%,Medium,"Ketika langkah pertama meninggalkan bekas di tanah yang bersih, blend ini mempertemukan biji-biji dari Java Temanggung serta Java Temanggung dalam sebuah komposisi yang menceritakan kekayaan dataran Nusantara. Diproses dengan metode WetHulled dan Anaerobic, menghadirkan nuansa herb, green pepper, fermented cocoa yang bersih namun penuh kedalaman. Sebuah perayaan atas keberanian memulai — ketika segala sesuatunya masih bersih dan mungkin.",Round,Java Temanggung (Light / WetHulled): 650g (65%) | Java Temanggung (Dark / Anaerobic): 350g (35%) | total: 1000g,Versatile for Espresso & Filter
S-SPR-019,Spring,The First Ascent,Sebelum puncak — ada langkah pertama yang paling jujur.,Seasonal Blend,Young Fog,The First Ascent · Seasonal collection,Bali Ulian Light WetHulled 55% | Java Garut Medium Wine 30% | Solok Radjo Light SemiWashed 15%,Light,"Di mana benih harapan tumbuh dari tanah yang baru mencair, blend ini mempertemukan biji-biji dari Bali Ulian serta Java Garut serta Solok Radjo dalam sebuah komposisi yang menceritakan kekayaan dataran Nusantara. Diproses dengan metode WetHulled dan Wine, menghadirkan nuansa oolong tea, cedar, lime yang bersih namun penuh kedalaman. Blend yang merekam kesegaran dari tempat di mana perjalanan baru saja dimulai.",Silky,Bali Ulian (Light / WetHulled): 550g (55%) | Java Garut (Medium / Wine): 300g (30%) | Solok Radjo (Light / SemiWashed): 150g (15%) | total: 1000g,Best for V60
S-SPR-020,Spring,The First Ascent,Sebelum puncak — ada langkah pertama yang paling jujur.,Seasonal Blend,Rising Fog,The First Ascent · Seasonal collection,Temanggung Light Washed 60% | Temanggung Light Natural 25% | Mandheling Light Natural 15%,Light,"Terinspirasi dari fajar yang menerangi jalur yang belum pernah dilalui, blend ini mempertemukan biji-biji dari Temanggung serta Temanggung serta Mandheling dalam sebuah komposisi yang menceritakan kekayaan dataran Nusantara. Diproses dengan metode Washed dan Natural, menghadirkan nuansa blueberry, peach, tropical fruit yang bersih namun penuh kedalaman. Diciptakan bagi mereka yang memahami bahwa setiap puncak dimulai dari sebuah pagi.",Light Body,Temanggung (Light / Washed): 600g (60%) | Temanggung (Light / Natural): 250g (25%) | Mandheling (Light / Natural): 150g (15%) | total: 1000g,Ideal for Chemex
S-SPR-021,Spring,The First Ascent,Sebelum puncak — ada langkah pertama yang paling jujur.,Seasonal Blend,Faint Pollen,The First Ascent · Seasonal collection,Java Ciwidey Dark Washed 50% | Java Temanggung Dark Anaerobic 50%,Dark,"Di mana benih harapan tumbuh dari tanah yang baru mencair, blend ini mempertemukan biji-biji dari Java Ciwidey serta Java Temanggung dalam sebuah komposisi yang menceritakan kekayaan dataran Nusantara. Diproses dengan metode Washed dan Anaerobic, menghadirkan nuansa smoke, black cherry, fermented cocoa yang bersih namun penuh kedalaman. Diciptakan bagi mereka yang memahami bahwa setiap puncak dimulai dari sebuah pagi.",Thick,Java Ciwidey (Dark / Washed): 500g (50%) | Java Temanggung (Dark / Anaerobic): 500g (50%) | total: 1000g,Best for Espresso
S-SPR-022,Spring,The First Ascent,Sebelum puncak — ada langkah pertama yang paling jujur.,Seasonal Blend,Opening Tendril,The First Ascent · Seasonal collection,Bali Kintamani Light Anaerobic 40% | Java Puntang Medium WetHulled 35% | Bali Kintamani Dark Honey 25%,Medium,"Seperti embun yang jatuh pada daun pertama musim baru, blend ini mempertemukan biji-biji dari Bali Kintamani serta Java Puntang serta Bali Kintamani dalam sebuah komposisi yang menceritakan kekayaan dataran Nusantara. Diproses dengan metode Anaerobic dan WetHulled, menghadirkan nuansa cola, raspberry, spice yang bersih namun penuh kedalaman. Diciptakan bagi mereka yang memahami bahwa setiap puncak dimulai dari sebuah pagi.",Smooth,Bali Kintamani (Light / Anaerobic): 400g (40%) | Java Puntang (Medium / WetHulled): 350g (35%) | Bali Kintamani (Dark / Honey): 250g (25%) | total: 1000g,Cocok untuk French Press & Espresso
S-SPR-023,Spring,The First Ascent,Sebelum puncak — ada langkah pertama yang paling jujur.,Seasonal Blend,Quiet Frost,The First Ascent · Seasonal collection,Sidikalang Medium Anaerobic 65% | Lampung Robusta Premium Light Wine 35%,Light,"Seperti embun yang jatuh pada daun pertama musim baru, blend ini mempertemukan biji-biji dari Sidikalang serta Lampung Robusta Premium dalam sebuah komposisi yang menceritakan kekayaan dataran Nusantara. Diproses dengan metode Anaerobic dan Wine, menghadirkan nuansa plum, tropical punch, blackcurrant yang bersih namun penuh kedalaman. Untuk langkah pertama yang selalu lebih jujur dari seribu langkah berikutnya.",Light Body,Sidikalang (Medium / Anaerobic): 650g (65%) | Lampung Robusta Premium (Light / Wine): 350g (35%) | total: 1000g,Ideal for Chemex
S-SPR-024,Spring,The First Ascent,Sebelum puncak — ada langkah pertama yang paling jujur.,Seasonal Blend,Nascent Snowmelt,The First Ascent · Seasonal collection,Java Puntang Medium Wine 50% | Wanoja Kamojang Dark Natural 50%,Dark,"Terinspirasi dari fajar yang menerangi jalur yang belum pernah dilalui, blend ini mempertemukan biji-biji dari Java Puntang serta Wanoja Kamojang dalam sebuah komposisi yang menceritakan kekayaan dataran Nusantara. Diproses dengan metode Wine dan Natural, menghadirkan nuansa espresso, tar, port wine yang bersih namun penuh kedalaman. Blend yang merekam kesegaran dari tempat di mana perjalanan baru saja dimulai.",Full Body,Java Puntang (Medium / Wine): 500g (50%) | Wanoja Kamojang (Dark / Natural): 500g (50%) | total: 1000g,Ideal untuk Ristretto
S-SPR-025,Spring,The First Ascent,Sebelum puncak — ada langkah pertama yang paling jujur.,Seasonal Blend,Early Mist,The First Ascent · Seasonal collection,Bukit Barisan Dark Honey 60% | Arjuno Dark Wine 25% | Wanoja Kamojang Medium Natural 15%,Dark,"Saat kabut pagi pertama mulai mengangkat tirainya, blend ini mempertemukan biji-biji dari Bukit Barisan serta Arjuno serta Wanoja Kamojang dalam sebuah komposisi yang menceritakan kekayaan dataran Nusantara. Diproses dengan metode Honey dan Wine, menghadirkan nuansa berry jam, smoked almond, dried fig yang bersih namun penuh kedalaman. Diciptakan bagi mereka yang memahami bahwa setiap puncak dimulai dari sebuah pagi.",Thick,Bukit Barisan (Dark / Honey): 600g (60%) | Arjuno (Dark / Wine): 250g (25%) | Wanoja Kamojang (Medium / Natural): 150g (15%) | total: 1000g,Ideal untuk Ristretto
S-SPR-026,Spring,The First Ascent,Sebelum puncak — ada langkah pertama yang paling jujur.,Seasonal Blend,Gathering Rime,The First Ascent · Seasonal collection,Lampung Robusta Premium Dark Washed 40% | Toraja Kalosi Light Wine 35% | Semeru Dark Anaerobic 25%,Medium,"Ketika langkah pertama meninggalkan bekas di tanah yang bersih, blend ini mempertemukan biji-biji dari Lampung Robusta Premium serta Toraja Kalosi serta Semeru dalam sebuah komposisi yang menceritakan kekayaan dataran Nusantara. Diproses dengan metode Washed dan Wine, menghadirkan nuansa smoky caramel, dark cherry, dark rum yang bersih namun penuh kedalaman. Blend yang merekam kesegaran dari tempat di mana perjalanan baru saja dimulai.",Smooth,Lampung Robusta Premium (Dark / Washed): 400g (40%) | Toraja Kalosi (Light / Wine): 350g (35%) | Semeru (Dark / Anaerobic): 250g (25%) | total: 1000g,Cocok untuk French Press & Espresso
S-SPR-027,Spring,The First Ascent,Sebelum puncak — ada langkah pertama yang paling jujur.,Seasonal Blend,Dawn Rivulet,The First Ascent · Seasonal collection,Mandheling Dark Washed 70% | Java Garut Dark Natural 30%,Dark,"Saat kabut pagi pertama mulai mengangkat tirainya, blend ini mempertemukan biji-biji dari Mandheling serta Java Garut dalam sebuah komposisi yang menceritakan kekayaan dataran Nusantara. Diproses dengan metode Washed dan Natural, menghadirkan nuansa smoky caramel, dark roast, tar yang bersih namun penuh kedalaman. Untuk langkah pertama yang selalu lebih jujur dari seribu langkah berikutnya.",Heavy Body,Mandheling (Dark / Washed): 700g (70%) | Java Garut (Dark / Natural): 300g (30%) | total: 1000g,Best for Espresso
S-SPR-028,Spring,The First Ascent,Sebelum puncak — ada langkah pertama yang paling jujur.,Seasonal Blend,Thin Dew,The First Ascent · Seasonal collection,Java Garut Light Anaerobic 45% | Wanoja Kamojang Light Washed 35% | Lampung Robusta Premium Light Natural 20%,Light,"Saat kabut pagi pertama mulai mengangkat tirainya, blend ini mempertemukan biji-biji dari Java Garut serta Wanoja Kamojang serta Lampung Robusta Premium dalam sebuah komposisi yang menceritakan kekayaan dataran Nusantara. Diproses dengan metode Anaerobic dan Washed, menghadirkan nuansa jasmine, cola, hibiscus yang bersih namun penuh kedalaman. Untuk langkah pertama yang selalu lebih jujur dari seribu langkah berikutnya.",Silky,Java Garut (Light / Anaerobic): 450g (45%) | Wanoja Kamojang (Light / Washed): 350g (35%) | Lampung Robusta Premium (Light / Natural): 200g (20%) | total: 1000g,Cocok untuk AeroPress
S-SPR-029,Spring,The First Ascent,Sebelum puncak — ada langkah pertama yang paling jujur.,Seasonal Blend,Tender Clearwater,The First Ascent · Seasonal collection,Bali Ulian Dark WetHulled 40% | Solok Radjo Dark Wine 60%,Dark,"Di mana benih harapan tumbuh dari tanah yang baru mencair, blend ini mempertemukan biji-biji dari Bali Ulian serta Solok Radjo dalam sebuah komposisi yang menceritakan kekayaan dataran Nusantara. Diproses dengan metode WetHulled dan Wine, menghadirkan nuansa tobacco, clove, dark tobacco yang bersih namun penuh kedalaman. Sebuah perayaan atas keberanian memulai — ketika segala sesuatunya masih bersih dan mungkin.",Syrupy,Bali Ulian (Dark / WetHulled): 400g (40%) | Solok Radjo (Dark / Wine): 600g (60%) | total: 1000g,Cocok untuk Cold Brew
S-SPR-030,Spring,The First Ascent,Sebelum puncak — ada langkah pertama yang paling jujur.,Seasonal Blend,Soft Clearance,The First Ascent · Seasonal collection,Papua Dogiyai Medium Wine 40% | Gunung Halu Medium Anaerobic 60%,Medium,"Ketika langkah pertama meninggalkan bekas di tanah yang bersih, blend ini mempertemukan biji-biji dari Papua Dogiyai serta Gunung Halu dalam sebuah komposisi yang menceritakan kekayaan dataran Nusantara. Diproses dengan metode Wine dan Anaerobic, menghadirkan nuansa tamarind, dark plum, espresso yang bersih namun penuh kedalaman. Diciptakan bagi mereka yang memahami bahwa setiap puncak dimulai dari sebuah pagi.",Velvety,Papua Dogiyai (Medium / Wine): 400g (40%) | Gunung Halu (Medium / Anaerobic): 600g (60%) | total: 1000g,Versatile for Espresso & Filter
S-SPR-031,Spring,The First Ascent,Sebelum puncak — ada langkah pertama yang paling jujur.,Seasonal Blend,Gathering Brook,The First Ascent · Seasonal collection,Aceh Gayo Light SemiWashed 55% | Mandheling Light Honey 30% | Bukit Barisan Dark SemiWashed 15%,Light,"Terinspirasi dari fajar yang menerangi jalur yang belum pernah dilalui, blend ini mempertemukan biji-biji dari Aceh Gayo serta Mandheling serta Bukit Barisan dalam sebuah komposisi yang menceritakan kekayaan dataran Nusantara. Diproses dengan metode SemiWashed dan Honey, menghadirkan nuansa walnut, light caramel, pear yang bersih namun penuh kedalaman. Blend yang merekam kesegaran dari tempat di mana perjalanan baru saja dimulai.",Delicate,Aceh Gayo (Light / SemiWashed): 550g (55%) | Mandheling (Light / Honey): 300g (30%) | Bukit Barisan (Dark / SemiWashed): 150g (15%) | total: 1000g,Ideal for Chemex
S-SPR-032,Spring,The First Ascent,Sebelum puncak — ada langkah pertama yang paling jujur.,Seasonal Blend,Young Spore,The First Ascent · Seasonal collection,Aceh Gayo Light Natural 50% | Bukit Barisan Medium Wine 30% | Java Ciwidey Medium WetHulled 20%,Light,"Dari mata air yang baru saja membuka jejaknya di lereng, blend ini mempertemukan biji-biji dari Aceh Gayo serta Bukit Barisan serta Java Ciwidey dalam sebuah komposisi yang menceritakan kekayaan dataran Nusantara. Diproses dengan metode Natural dan Wine, menghadirkan nuansa watermelon, strawberry, blueberry yang bersih namun penuh kedalaman. Diciptakan bagi mereka yang memahami bahwa setiap puncak dimulai dari sebuah pagi.",Silky,Aceh Gayo (Light / Natural): 500g (50%) | Bukit Barisan (Medium / Wine): 300g (30%) | Java Ciwidey (Medium / WetHulled): 200g (20%) | total: 1000g,Pour Over Recommended
S-SPR-033,Spring,The First Ascent,Sebelum puncak — ada langkah pertama yang paling jujur.,Seasonal Blend,Faint Headwater,The First Ascent · Seasonal collection,Lintong Onan Medium Anaerobic 50% | Java Ciwidey Dark Washed 30% | Flores Bajawa Dark Washed 20%,Dark,"Terinspirasi dari fajar yang menerangi jalur yang belum pernah dilalui, blend ini mempertemukan biji-biji dari Lintong Onan serta Java Ciwidey serta Flores Bajawa dalam sebuah komposisi yang menceritakan kekayaan dataran Nusantara. Diproses dengan metode Anaerobic dan Washed, menghadirkan nuansa molasses, bitter chocolate, fermented fruit yang bersih namun penuh kedalaman. Sebuah perayaan atas keberanian memulai — ketika segala sesuatunya masih bersih dan mungkin.",Bold,Lintong Onan (Medium / Anaerobic): 500g (50%) | Java Ciwidey (Dark / Washed): 300g (30%) | Flores Bajawa (Dark / Washed): 200g (20%) | total: 1000g,Ideal untuk Ristretto
S-SPR-034,Spring,The First Ascent,Sebelum puncak — ada langkah pertama yang paling jujur.,Seasonal Blend,Wispy Fern,The First Ascent · Seasonal collection,Java Ijen Raung Medium Wine 55% | Dampit Malang Light Natural 30% | Toraja Kalosi Medium Washed 15%,Medium,"Ketika langkah pertama meninggalkan bekas di tanah yang bersih, blend ini mempertemukan biji-biji dari Java Ijen Raung serta Dampit Malang serta Toraja Kalosi dalam sebuah komposisi yang menceritakan kekayaan dataran Nusantara. Diproses dengan metode Wine dan Natural, menghadirkan nuansa balsamic, blueberry, caramel yang bersih namun penuh kedalaman. Untuk langkah pertama yang selalu lebih jujur dari seribu langkah berikutnya.",Balanced,Java Ijen Raung (Medium / Wine): 550g (55%) | Dampit Malang (Light / Natural): 300g (30%) | Toraja Kalosi (Medium / Washed): 150g (15%) | total: 1000g,Best for Moka Pot
S-SPR-035,Spring,The First Ascent,Sebelum puncak — ada langkah pertama yang paling jujur.,Seasonal Blend,Pale Fog,The First Ascent · Seasonal collection,Aceh Gayo Dark SemiWashed 50% | Papua Wamena Medium WetHulled 25% | Mandheling Medium WetHulled 25%,Dark,"Di mana benih harapan tumbuh dari tanah yang baru mencair, blend ini mempertemukan biji-biji dari Aceh Gayo serta Papua Wamena serta Mandheling dalam sebuah komposisi yang menceritakan kekayaan dataran Nusantara. Diproses dengan metode SemiWashed dan WetHulled, menghadirkan nuansa earthy, leather, walnut yang bersih namun penuh kedalaman. Sebuah perayaan atas keberanian memulai — ketika segala sesuatunya masih bersih dan mungkin.",Heavy Body,Aceh Gayo (Dark / SemiWashed): 500g (50%) | Papua Wamena (Medium / WetHulled): 250g (25%) | Mandheling (Medium / WetHulled): 250g (25%) | total: 1000g,Ideal untuk Ristretto
S-SPR-036,Spring,The First Ascent,Sebelum puncak — ada langkah pertama yang paling jujur.,Seasonal Blend,Tender Haze,The First Ascent · Seasonal collection,Lampung Robusta Premium Dark WetHulled 55% | Toraja Kalosi Dark SemiWashed 30% | Toraja Kalosi Dark Anaerobic 15%,Dark,"Dari mata air yang baru saja membuka jejaknya di lereng, blend ini mempertemukan biji-biji dari Lampung Robusta Premium serta Toraja Kalosi serta Toraja Kalosi dalam sebuah komposisi yang menceritakan kekayaan dataran Nusantara. Diproses dengan metode WetHulled dan SemiWashed, menghadirkan nuansa dark tobacco, walnut, dark rum yang bersih namun penuh kedalaman. Blend yang merekam kesegaran dari tempat di mana perjalanan baru saja dimulai.",Thick,Lampung Robusta Premium (Dark / WetHulled): 550g (55%) | Toraja Kalosi (Dark / SemiWashed): 300g (30%) | Toraja Kalosi (Dark / Anaerobic): 150g (15%) | total: 1000g,Best for Espresso
S-SPR-037,Spring,The First Ascent,Sebelum puncak — ada langkah pertama yang paling jujur.,Seasonal Blend,First Cirrus,The First Ascent · Seasonal collection,Lampung Robusta Premium Dark Honey 40% | Java Sindoro Light WetHulled 35% | Sidikalang Dark Anaerobic 25%,Medium,"Ketika langkah pertama meninggalkan bekas di tanah yang bersih, blend ini mempertemukan biji-biji dari Lampung Robusta Premium serta Java Sindoro serta Sidikalang dalam sebuah komposisi yang menceritakan kekayaan dataran Nusantara. Diproses dengan metode Honey dan WetHulled, menghadirkan nuansa dark rum, smoked almond, toffee yang bersih namun penuh kedalaman. Untuk langkah pertama yang selalu lebih jujur dari seribu langkah berikutnya.",Velvety,Lampung Robusta Premium (Dark / Honey): 400g (40%) | Java Sindoro (Light / WetHulled): 350g (35%) | Sidikalang (Dark / Anaerobic): 250g (25%) | total: 1000g,Best for Moka Pot
S-SPR-038,Spring,The First Ascent,Sebelum puncak — ada langkah pertama yang paling jujur.,Seasonal Blend,Opening Rivulet,The First Ascent · Seasonal collection,Sembalun Rinjani Medium WetHulled 50% | Java Temanggung Medium Honey 30% | Java Puntang Dark Anaerobic 20%,Medium,"Saat kabut pagi pertama mulai mengangkat tirainya, blend ini mempertemukan biji-biji dari Sembalun Rinjani serta Java Temanggung serta Java Puntang dalam sebuah komposisi yang menceritakan kekayaan dataran Nusantara. Diproses dengan metode WetHulled dan Honey, menghadirkan nuansa maple syrup, spice, mushroom yang bersih namun penuh kedalaman. Sebuah perayaan atas keberanian memulai — ketika segala sesuatunya masih bersih dan mungkin.",Velvety,Sembalun Rinjani (Medium / WetHulled): 500g (50%) | Java Temanggung (Medium / Honey): 300g (30%) | Java Puntang (Dark / Anaerobic): 200g (20%) | total: 1000g,Best for Moka Pot
S-SPR-039,Spring,The First Ascent,Sebelum puncak — ada langkah pertama yang paling jujur.,Seasonal Blend,Climbing Headwater,The First Ascent · Seasonal collection,Bali Ulian Light Washed 45% | Papua Wamena Dark Washed 35% | Bukit Barisan Dark Anaerobic 20%,Medium,"Di mana benih harapan tumbuh dari tanah yang baru mencair, blend ini mempertemukan biji-biji dari Bali Ulian serta Papua Wamena serta Bukit Barisan dalam sebuah komposisi yang menceritakan kekayaan dataran Nusantara. Diproses dengan metode Washed dan Anaerobic, menghadirkan nuansa dark roast, smoke, green tea yang bersih namun penuh kedalaman. Untuk langkah pertama yang selalu lebih jujur dari seribu langkah berikutnya.",Round,Bali Ulian (Light / Washed): 450g (45%) | Papua Wamena (Dark / Washed): 350g (35%) | Bukit Barisan (Dark / Anaerobic): 200g (20%) | total: 1000g,Best for Moka Pot
S-SPR-040,Spring,The First Ascent,Sebelum puncak — ada langkah pertama yang paling jujur.,Seasonal Blend,Pale Cumulus,The First Ascent · Seasonal collection,Kerinci Kayu Aro Dark SemiWashed 45% | Java Puntang Light Wine 35% | Java Preanger Dark Wine 20%,Medium,"Ketika langkah pertama meninggalkan bekas di tanah yang bersih, blend ini mempertemukan biji-biji dari Kerinci Kayu Aro serta Java Puntang serta Java Preanger dalam sebuah komposisi yang menceritakan kekayaan dataran Nusantara. Diproses dengan metode SemiWashed dan Wine, menghadirkan nuansa dark espresso, aged wine, intense spice yang bersih namun penuh kedalaman. Diciptakan bagi mereka yang memahami bahwa setiap puncak dimulai dari sebuah pagi.",Medium Body,Kerinci Kayu Aro (Dark / SemiWashed): 450g (45%) | Java Puntang (Light / Wine): 350g (35%) | Java Preanger (Dark / Wine): 200g (20%) | total: 1000g,Best for Moka Pot
S-SPR-041,Spring,The First Ascent,Sebelum puncak — ada langkah pertama yang paling jujur.,Seasonal Blend,Drifting Rivulet,The First Ascent · Seasonal collection,Java Manglayang Dark Anaerobic 50% | Papua Wamena Medium Anaerobic 50%,Dark,"Saat kabut pagi pertama mulai mengangkat tirainya, blend ini mempertemukan biji-biji dari Java Manglayang serta Papua Wamena dalam sebuah komposisi yang menceritakan kekayaan dataran Nusantara. Diproses dengan metode Anaerobic, menghadirkan nuansa cacao nib, dark rum, fermented fruit yang bersih namun penuh kedalaman. Blend yang merekam kesegaran dari tempat di mana perjalanan baru saja dimulai.",Syrupy,Java Manglayang (Dark / Anaerobic): 500g (50%) | Papua Wamena (Medium / Anaerobic): 500g (50%) | total: 1000g,Best for Batch Brew
S-SPR-042,Spring,The First Ascent,Sebelum puncak — ada langkah pertama yang paling jujur.,Seasonal Blend,Dawn Frost,The First Ascent · Seasonal collection,Flores Manggarai Medium Wine 65% | Java Temanggung Light Washed 35%,Light,"Dari mata air yang baru saja membuka jejaknya di lereng, blend ini mempertemukan biji-biji dari Flores Manggarai serta Java Temanggung dalam sebuah komposisi yang menceritakan kekayaan dataran Nusantara. Diproses dengan metode Wine dan Washed, menghadirkan nuansa espresso, bergamot, peach yang bersih namun penuh kedalaman. Sebuah perayaan atas keberanian memulai — ketika segala sesuatunya masih bersih dan mungkin.",Light Body,Flores Manggarai (Medium / Wine): 650g (65%) | Java Temanggung (Light / Washed): 350g (35%) | total: 1000g,Pour Over Recommended
S-SPR-043,Spring,The First Ascent,Sebelum puncak — ada langkah pertama yang paling jujur.,Seasonal Blend,Quiet Cirrus,The First Ascent · Seasonal collection,Java Ijen Raung Light Anaerobic 40% | Dampit Malang Dark SemiWashed 60%,Medium,"Saat kabut pagi pertama mulai mengangkat tirainya, blend ini mempertemukan biji-biji dari Java Ijen Raung serta Dampit Malang dalam sebuah komposisi yang menceritakan kekayaan dataran Nusantara. Diproses dengan metode Anaerobic dan SemiWashed, menghadirkan nuansa dark caramel, walnut, rum raisin yang bersih namun penuh kedalaman. Diciptakan bagi mereka yang memahami bahwa setiap puncak dimulai dari sebuah pagi.",Velvety,Java Ijen Raung (Light / Anaerobic): 400g (40%) | Dampit Malang (Dark / SemiWashed): 600g (60%) | total: 1000g,Cocok untuk French Press & Espresso
S-SPR-044,Spring,The First Ascent,Sebelum puncak — ada langkah pertama yang paling jujur.,Seasonal Blend,Faint Sunbreak,The First Ascent · Seasonal collection,Papua Dogiyai Light Natural 45% | Java Ciwidey Light Wine 55%,Light,"Saat kabut pagi pertama mulai mengangkat tirainya, blend ini mempertemukan biji-biji dari Papua Dogiyai serta Java Ciwidey dalam sebuah komposisi yang menceritakan kekayaan dataran Nusantara. Diproses dengan metode Natural dan Wine, menghadirkan nuansa grape must, dark cherry, blackcurrant yang bersih namun penuh kedalaman. Sebuah perayaan atas keberanian memulai — ketika segala sesuatunya masih bersih dan mungkin.",Light Body,Papua Dogiyai (Light / Natural): 450g (45%) | Java Ciwidey (Light / Wine): 550g (55%) | total: 1000g,Best for V60
S-SPR-045,Spring,The First Ascent,Sebelum puncak — ada langkah pertama yang paling jujur.,Seasonal Blend,Waking Blossom,The First Ascent · Seasonal collection,Dampit Malang Medium SemiWashed 45% | Temanggung Light Honey 55%,Light,"Di mana benih harapan tumbuh dari tanah yang baru mencair, blend ini mempertemukan biji-biji dari Dampit Malang serta Temanggung dalam sebuah komposisi yang menceritakan kekayaan dataran Nusantara. Diproses dengan metode SemiWashed dan Honey, menghadirkan nuansa vanilla, roasted nut, milk caramel yang bersih namun penuh kedalaman. Untuk langkah pertama yang selalu lebih jujur dari seribu langkah berikutnya.",Clean,Dampit Malang (Medium / SemiWashed): 450g (45%) | Temanggung (Light / Honey): 550g (55%) | total: 1000g,Ideal for Chemex
S-SPR-046,Spring,The First Ascent,Sebelum puncak — ada langkah pertama yang paling jujur.,Seasonal Blend,First Cloud,The First Ascent · Seasonal collection,Java Manglayang Light Anaerobic 45% | Gunung Halu Light Honey 35% | Mandheling Medium Natural 20%,Light,"Ketika langkah pertama meninggalkan bekas di tanah yang bersih, blend ini mempertemukan biji-biji dari Java Manglayang serta Gunung Halu serta Mandheling dalam sebuah komposisi yang menceritakan kekayaan dataran Nusantara. Diproses dengan metode Anaerobic dan Honey, menghadirkan nuansa white grape, dried fig, lychee yang bersih namun penuh kedalaman. Blend yang merekam kesegaran dari tempat di mana perjalanan baru saja dimulai.",Silky,Java Manglayang (Light / Anaerobic): 450g (45%) | Gunung Halu (Light / Honey): 350g (35%) | Mandheling (Medium / Natural): 200g (20%) | total: 1000g,Ideal for Chemex
S-SPR-047,Spring,The First Ascent,Sebelum puncak — ada langkah pertama yang paling jujur.,Seasonal Blend,Shifting Wellspring,The First Ascent · Seasonal collection,Bali Ulian Dark SemiWashed 50% | Gunung Halu Light Anaerobic 25% | Bukit Barisan Dark Wine 25%,Dark,"Di mana benih harapan tumbuh dari tanah yang baru mencair, blend ini mempertemukan biji-biji dari Bali Ulian serta Gunung Halu serta Bukit Barisan dalam sebuah komposisi yang menceritakan kekayaan dataran Nusantara. Diproses dengan metode SemiWashed dan Anaerobic, menghadirkan nuansa aged wine, rum raisin, dark caramel yang bersih namun penuh kedalaman. Untuk langkah pertama yang selalu lebih jujur dari seribu langkah berikutnya.",Bold,Bali Ulian (Dark / SemiWashed): 500g (50%) | Gunung Halu (Light / Anaerobic): 250g (25%) | Bukit Barisan (Dark / Wine): 250g (25%) | total: 1000g,Cocok untuk Cold Brew
S-SPR-048,Spring,The First Ascent,Sebelum puncak — ada langkah pertama yang paling jujur.,Seasonal Blend,Faint Spring,The First Ascent · Seasonal collection,Bukit Barisan Dark SemiWashed 65% | Dampit Malang Light SemiWashed 35%,Medium,"Di mana benih harapan tumbuh dari tanah yang baru mencair, blend ini mempertemukan biji-biji dari Bukit Barisan serta Dampit Malang dalam sebuah komposisi yang menceritakan kekayaan dataran Nusantara. Diproses dengan metode SemiWashed, menghadirkan nuansa roasted grain, intense spice, dark caramel yang bersih namun penuh kedalaman. Diciptakan bagi mereka yang memahami bahwa setiap puncak dimulai dari sebuah pagi.",Velvety,Bukit Barisan (Dark / SemiWashed): 650g (65%) | Dampit Malang (Light / SemiWashed): 350g (35%) | total: 1000g,Best for Moka Pot
S-SPR-049,Spring,The First Ascent,Sebelum puncak — ada langkah pertama yang paling jujur.,Seasonal Blend,Fresh Headwater,The First Ascent · Seasonal collection,Java Puntang Light Anaerobic 60% | Java Sindoro Dark SemiWashed 40%,Medium,"Seperti embun yang jatuh pada daun pertama musim baru, blend ini mempertemukan biji-biji dari Java Puntang serta Java Sindoro dalam sebuah komposisi yang menceritakan kekayaan dataran Nusantara. Diproses dengan metode Anaerobic dan SemiWashed, menghadirkan nuansa rum raisin, passion fruit, walnut yang bersih namun penuh kedalaman. Diciptakan bagi mereka yang memahami bahwa setiap puncak dimulai dari sebuah pagi.",Balanced,Java Puntang (Light / Anaerobic): 600g (60%) | Java Sindoro (Dark / SemiWashed): 400g (40%) | total: 1000g,Best for Moka Pot
S-SPR-050,Spring,The First Ascent,Sebelum puncak — ada langkah pertama yang paling jujur.,Seasonal Blend,Still Runoff,The First Ascent · Seasonal collection,Kerinci Kayu Aro Dark Natural 55% | Wanoja Kamojang Dark Natural 30% | Kerinci Kayu Aro Medium WetHulled 15%,Dark,"Saat kabut pagi pertama mulai mengangkat tirainya, blend ini mempertemukan biji-biji dari Kerinci Kayu Aro serta Wanoja Kamojang serta Kerinci Kayu Aro dalam sebuah komposisi yang menceritakan kekayaan dataran Nusantara. Diproses dengan metode Natural dan WetHulled, menghadirkan nuansa spice, tobacco, dark berry yang bersih namun penuh kedalaman. Sebuah perayaan atas keberanian memulai — ketika segala sesuatunya masih bersih dan mungkin.",Bold,Kerinci Kayu Aro (Dark / Natural): 550g (55%) | Wanoja Kamojang (Dark / Natural): 300g (30%) | Kerinci Kayu Aro (Medium / WetHulled): 150g (15%) | total: 1000g,Ideal untuk Ristretto
S-SPR-051,Spring,The First Ascent,Sebelum puncak — ada langkah pertama yang paling jujur.,Seasonal Blend,Quiet Rime,The First Ascent · Seasonal collection,Lampung Robusta Premium Medium Anaerobic 45% | Wanoja Kamojang Light Wine 55%,Light,"Dari mata air yang baru saja membuka jejaknya di lereng, blend ini mempertemukan biji-biji dari Lampung Robusta Premium serta Wanoja Kamojang dalam sebuah komposisi yang menceritakan kekayaan dataran Nusantara. Diproses dengan metode Anaerobic dan Wine, menghadirkan nuansa fermented fruit, dark cherry, wine yang bersih namun penuh kedalaman. Untuk langkah pertama yang selalu lebih jujur dari seribu langkah berikutnya.",Tea-like,Lampung Robusta Premium (Medium / Anaerobic): 450g (45%) | Wanoja Kamojang (Light / Wine): 550g (55%) | total: 1000g,Cocok untuk AeroPress
S-SPR-052,Spring,The First Ascent,Sebelum puncak — ada langkah pertama yang paling jujur.,Seasonal Blend,Faint Brook,The First Ascent · Seasonal collection,Aceh Gayo Light Anaerobic 55% | Papua Wamena Dark Natural 45%,Medium,"Seperti embun yang jatuh pada daun pertama musim baru, blend ini mempertemukan biji-biji dari Aceh Gayo serta Papua Wamena dalam sebuah komposisi yang menceritakan kekayaan dataran Nusantara. Diproses dengan metode Anaerobic dan Natural, menghadirkan nuansa licorice, charcoal, dark berry yang bersih namun penuh kedalaman. Sebuah perayaan atas keberanian memulai — ketika segala sesuatunya masih bersih dan mungkin.",Velvety,Aceh Gayo (Light / Anaerobic): 550g (55%) | Papua Wamena (Dark / Natural): 450g (45%) | total: 1000g,Versatile for Espresso & Filter
S-SPR-053,Spring,The First Ascent,Sebelum puncak — ada langkah pertama yang paling jujur.,Seasonal Blend,Early Snowmelt,The First Ascent · Seasonal collection,Lampung Robusta Premium Dark Honey 50% | Java Puntang Light Anaerobic 30% | Java Garut Medium Washed 20%,Medium,"Dari mata air yang baru saja membuka jejaknya di lereng, blend ini mempertemukan biji-biji dari Lampung Robusta Premium serta Java Puntang serta Java Garut dalam sebuah komposisi yang menceritakan kekayaan dataran Nusantara. Diproses dengan metode Honey dan Anaerobic, menghadirkan nuansa hazelnut, brown sugar, dark sugar yang bersih namun penuh kedalaman. Diciptakan bagi mereka yang memahami bahwa setiap puncak dimulai dari sebuah pagi.",Round,Lampung Robusta Premium (Dark / Honey): 500g (50%) | Java Puntang (Light / Anaerobic): 300g (30%) | Java Garut (Medium / Washed): 200g (20%) | total: 1000g,Versatile for Espresso & Filter
S-SPR-054,Spring,The First Ascent,Sebelum puncak — ada langkah pertama yang paling jujur.,Seasonal Blend,Stirring Snowmelt,The First Ascent · Seasonal collection,Flores Manggarai Dark Honey 55% | Solok Radjo Dark Wine 30% | Java Ciwidey Light Wine 15%,Dark,"Seperti embun yang jatuh pada daun pertama musim baru, blend ini mempertemukan biji-biji dari Flores Manggarai serta Solok Radjo serta Java Ciwidey dalam sebuah komposisi yang menceritakan kekayaan dataran Nusantara. Diproses dengan metode Honey dan Wine, menghadirkan nuansa dark espresso, wine, dark cherry yang bersih namun penuh kedalaman. Diciptakan bagi mereka yang memahami bahwa setiap puncak dimulai dari sebuah pagi.",Full Body,Flores Manggarai (Dark / Honey): 550g (55%) | Solok Radjo (Dark / Wine): 300g (30%) | Java Ciwidey (Light / Wine): 150g (15%) | total: 1000g,Best for Espresso
S-SPR-055,Spring,The First Ascent,Sebelum puncak — ada langkah pertama yang paling jujur.,Seasonal Blend,Tender Rivulet,The First Ascent · Seasonal collection,Bengkulu Light Wine 45% | Papua Wamena Light WetHulled 35% | Java Preanger Light Anaerobic 20%,Light,"Seperti embun yang jatuh pada daun pertama musim baru, blend ini mempertemukan biji-biji dari Bengkulu serta Papua Wamena serta Java Preanger dalam sebuah komposisi yang menceritakan kekayaan dataran Nusantara. Diproses dengan metode Wine dan WetHulled, menghadirkan nuansa rum raisin, passion fruit, herb yang bersih namun penuh kedalaman. Diciptakan bagi mereka yang memahami bahwa setiap puncak dimulai dari sebuah pagi.",Tea-like,Bengkulu (Light / Wine): 450g (45%) | Papua Wamena (Light / WetHulled): 350g (35%) | Java Preanger (Light / Anaerobic): 200g (20%) | total: 1000g,Cocok untuk AeroPress
S-SPR-056,Spring,The First Ascent,Sebelum puncak — ada langkah pertama yang paling jujur.,Seasonal Blend,Tender Fog,The First Ascent · Seasonal collection,Java Ijen Raung Light SemiWashed 55% | Bengkulu Medium Washed 45%,Light,"Terinspirasi dari fajar yang menerangi jalur yang belum pernah dilalui, blend ini mempertemukan biji-biji dari Java Ijen Raung serta Bengkulu dalam sebuah komposisi yang menceritakan kekayaan dataran Nusantara. Diproses dengan metode SemiWashed dan Washed, menghadirkan nuansa papaya, light caramel, hazelnut yang bersih namun penuh kedalaman. Blend yang merekam kesegaran dari tempat di mana perjalanan baru saja dimulai.",Delicate,Java Ijen Raung (Light / SemiWashed): 550g (55%) | Bengkulu (Medium / Washed): 450g (45%) | total: 1000g,Best for V60
S-SPR-057,Spring,The First Ascent,Sebelum puncak — ada langkah pertama yang paling jujur.,Seasonal Blend,Breaking Cloud,The First Ascent · Seasonal collection,Java Garut Medium WetHulled 45% | Toraja Kalosi Light Washed 35% | Java Puntang Medium Wine 20%,Light,"Dari mata air yang baru saja membuka jejaknya di lereng, blend ini mempertemukan biji-biji dari Java Garut serta Toraja Kalosi serta Java Puntang dalam sebuah komposisi yang menceritakan kekayaan dataran Nusantara. Diproses dengan metode WetHulled dan Washed, menghadirkan nuansa balsamic, roasted grape, leather yang bersih namun penuh kedalaman. Blend yang merekam kesegaran dari tempat di mana perjalanan baru saja dimulai.",Silky,Java Garut (Medium / WetHulled): 450g (45%) | Toraja Kalosi (Light / Washed): 350g (35%) | Java Puntang (Medium / Wine): 200g (20%) | total: 1000g,Cocok untuk AeroPress
S-SPR-058,Spring,The First Ascent,Sebelum puncak — ada langkah pertama yang paling jujur.,Seasonal Blend,Gentle Brook,The First Ascent · Seasonal collection,Sembalun Rinjani Medium SemiWashed 55% | Papua Dogiyai Medium WetHulled 45%,Medium,"Dari mata air yang baru saja membuka jejaknya di lereng, blend ini mempertemukan biji-biji dari Sembalun Rinjani serta Papua Dogiyai dalam sebuah komposisi yang menceritakan kekayaan dataran Nusantara. Diproses dengan metode SemiWashed dan WetHulled, menghadirkan nuansa roasted nut, apricot jam, spice yang bersih namun penuh kedalaman. Blend yang merekam kesegaran dari tempat di mana perjalanan baru saja dimulai.",Balanced,Sembalun Rinjani (Medium / SemiWashed): 550g (55%) | Papua Dogiyai (Medium / WetHulled): 450g (45%) | total: 1000g,Versatile for Espresso & Filter
S-SPR-059,Spring,The First Ascent,Sebelum puncak — ada langkah pertama yang paling jujur.,Seasonal Blend,Young Mist,The First Ascent · Seasonal collection,Bali Kintamani Light WetHulled 45% | Flores Manggarai Medium SemiWashed 35% | Toraja Sapan Light Anaerobic 20%,Light,"Saat kabut pagi pertama mulai mengangkat tirainya, blend ini mempertemukan biji-biji dari Bali Kintamani serta Flores Manggarai serta Toraja Sapan dalam sebuah komposisi yang menceritakan kekayaan dataran Nusantara. Diproses dengan metode WetHulled dan SemiWashed, menghadirkan nuansa tobacco leaf, raspberry, herb yang bersih namun penuh kedalaman. Diciptakan bagi mereka yang memahami bahwa setiap puncak dimulai dari sebuah pagi.",Tea-like,Bali Kintamani (Light / WetHulled): 450g (45%) | Flores Manggarai (Medium / SemiWashed): 350g (35%) | Toraja Sapan (Light / Anaerobic): 200g (20%) | total: 1000g,Best for V60
S-SPR-060,Spring,The First Ascent,Sebelum puncak — ada langkah pertama yang paling jujur.,Seasonal Blend,Faint Frost,The First Ascent · Seasonal collection,Papua Wamena Medium Wine 50% | Aceh Gayo Light Wine 30% | Arjuno Dark SemiWashed 20%,Medium,"Saat kabut pagi pertama mulai mengangkat tirainya, blend ini mempertemukan biji-biji dari Papua Wamena serta Aceh Gayo serta Arjuno dalam sebuah komposisi yang menceritakan kekayaan dataran Nusantara. Diproses dengan metode Wine dan SemiWashed, menghadirkan nuansa dark caramel, port wine, plum yang bersih namun penuh kedalaman. Untuk langkah pertama yang selalu lebih jujur dari seribu langkah berikutnya.",Smooth,Papua Wamena (Medium / Wine): 500g (50%) | Aceh Gayo (Light / Wine): 300g (30%) | Arjuno (Dark / SemiWashed): 200g (20%) | total: 1000g,Cocok untuk French Press & Espresso
S-SPR-061,Spring,The First Ascent,Sebelum puncak — ada langkah pertama yang paling jujur.,Seasonal Blend,Hovering Spore,The First Ascent · Seasonal collection,Java Manglayang Light Honey 45% | Sembalun Rinjani Dark Washed 35% | Papua Wamena Light WetHulled 20%,Medium,"Dari mata air yang baru saja membuka jejaknya di lereng, blend ini mempertemukan biji-biji dari Java Manglayang serta Sembalun Rinjani serta Papua Wamena dalam sebuah komposisi yang menceritakan kekayaan dataran Nusantara. Diproses dengan metode Honey dan Washed, menghadirkan nuansa herb, nectarine, pear yang bersih namun penuh kedalaman. Diciptakan bagi mereka yang memahami bahwa setiap puncak dimulai dari sebuah pagi.",Round,Java Manglayang (Light / Honey): 450g (45%) | Sembalun Rinjani (Dark / Washed): 350g (35%) | Papua Wamena (Light / WetHulled): 200g (20%) | total: 1000g,Versatile for Espresso & Filter
S-SPR-062,Spring,The First Ascent,Sebelum puncak — ada langkah pertama yang paling jujur.,Seasonal Blend,Gathering Fog,The First Ascent · Seasonal collection,Kerinci Kayu Aro Medium Honey 40% | Java Ijen Raung Dark Wine 35% | Wanoja Kamojang Dark Anaerobic 25%,Dark,"Terinspirasi dari fajar yang menerangi jalur yang belum pernah dilalui, blend ini mempertemukan biji-biji dari Kerinci Kayu Aro serta Java Ijen Raung serta Wanoja Kamojang dalam sebuah komposisi yang menceritakan kekayaan dataran Nusantara. Diproses dengan metode Honey dan Wine, menghadirkan nuansa fermented cocoa, tobacco, dark rum yang bersih namun penuh kedalaman. Sebuah perayaan atas keberanian memulai — ketika segala sesuatunya masih bersih dan mungkin.",Bold,Kerinci Kayu Aro (Medium / Honey): 400g (40%) | Java Ijen Raung (Dark / Wine): 350g (35%) | Wanoja Kamojang (Dark / Anaerobic): 250g (25%) | total: 1000g,Cocok untuk Cold Brew
S-SPR-063,Spring,The First Ascent,Sebelum puncak — ada langkah pertama yang paling jujur.,Seasonal Blend,Wispy Tendril,The First Ascent · Seasonal collection,Bali Ulian Medium SemiWashed 55% | Java Manglayang Medium Washed 30% | Flores Bajawa Light Anaerobic 15%,Medium,"Terinspirasi dari fajar yang menerangi jalur yang belum pernah dilalui, blend ini mempertemukan biji-biji dari Bali Ulian serta Java Manglayang serta Flores Bajawa dalam sebuah komposisi yang menceritakan kekayaan dataran Nusantara. Diproses dengan metode SemiWashed dan Washed, menghadirkan nuansa hazelnut, milk chocolate, brown sugar yang bersih namun penuh kedalaman. Blend yang merekam kesegaran dari tempat di mana perjalanan baru saja dimulai.",Velvety,Bali Ulian (Medium / SemiWashed): 550g (55%) | Java Manglayang (Medium / Washed): 300g (30%) | Flores Bajawa (Light / Anaerobic): 150g (15%) | total: 1000g,Cocok untuk French Press & Espresso
S-SPR-064,Spring,The First Ascent,Sebelum puncak — ada langkah pertama yang paling jujur.,Seasonal Blend,Pure Bloom,The First Ascent · Seasonal collection,Temanggung Dark Washed 50% | Kerinci Kayu Aro Dark Natural 25% | Java Temanggung Medium WetHulled 25%,Dark,"Saat kabut pagi pertama mulai mengangkat tirainya, blend ini mempertemukan biji-biji dari Temanggung serta Kerinci Kayu Aro serta Java Temanggung dalam sebuah komposisi yang menceritakan kekayaan dataran Nusantara. Diproses dengan metode Washed dan Natural, menghadirkan nuansa mushroom, charcoal, espresso yang bersih namun penuh kedalaman. Blend yang merekam kesegaran dari tempat di mana perjalanan baru saja dimulai.",Full Body,Temanggung (Dark / Washed): 500g (50%) | Kerinci Kayu Aro (Dark / Natural): 250g (25%) | Java Temanggung (Medium / WetHulled): 250g (25%) | total: 1000g,Best for Batch Brew
S-SPR-065,Spring,The First Ascent,Sebelum puncak — ada langkah pertama yang paling jujur.,Seasonal Blend,Still Sunbreak,The First Ascent · Seasonal collection,Aceh Gayo Light WetHulled 50% | Java Temanggung Light SemiWashed 50%,Light,"Di mana benih harapan tumbuh dari tanah yang baru mencair, blend ini mempertemukan biji-biji dari Aceh Gayo serta Java Temanggung dalam sebuah komposisi yang menceritakan kekayaan dataran Nusantara. Diproses dengan metode WetHulled dan SemiWashed, menghadirkan nuansa green pepper, mandarin, tobacco leaf yang bersih namun penuh kedalaman. Sebuah perayaan atas keberanian memulai — ketika segala sesuatunya masih bersih dan mungkin.",Tea-like,Aceh Gayo (Light / WetHulled): 500g (50%) | Java Temanggung (Light / SemiWashed): 500g (50%) | total: 1000g,Pour Over Recommended
S-SPR-066,Spring,The First Ascent,Sebelum puncak — ada langkah pertama yang paling jujur.,Seasonal Blend,Soft Mist,The First Ascent · Seasonal collection,Java Sindoro Light Natural 55% | Papua Dogiyai Light Honey 45%,Light,"Seperti embun yang jatuh pada daun pertama musim baru, blend ini mempertemukan biji-biji dari Java Sindoro serta Papua Dogiyai dalam sebuah komposisi yang menceritakan kekayaan dataran Nusantara. Diproses dengan metode Natural dan Honey, menghadirkan nuansa nectarine, blueberry, floral yang bersih namun penuh kedalaman. Untuk langkah pertama yang selalu lebih jujur dari seribu langkah berikutnya.",Tea-like,Java Sindoro (Light / Natural): 550g (55%) | Papua Dogiyai (Light / Honey): 450g (45%) | total: 1000g,Cocok untuk AeroPress
S-SPR-067,Spring,The First Ascent,Sebelum puncak — ada langkah pertama yang paling jujur.,Seasonal Blend,Dawn Bloom,The First Ascent · Seasonal collection,Java Temanggung Light Honey 55% | Dampit Malang Medium SemiWashed 45%,Light,"Seperti embun yang jatuh pada daun pertama musim baru, blend ini mempertemukan biji-biji dari Java Temanggung serta Dampit Malang dalam sebuah komposisi yang menceritakan kekayaan dataran Nusantara. Diproses dengan metode Honey dan SemiWashed, menghadirkan nuansa apricot jam, roasted nut, apricot yang bersih namun penuh kedalaman. Sebuah perayaan atas keberanian memulai — ketika segala sesuatunya masih bersih dan mungkin.",Silky,Java Temanggung (Light / Honey): 550g (55%) | Dampit Malang (Medium / SemiWashed): 450g (45%) | total: 1000g,Ideal for Chemex
S-SPR-068,Spring,The First Ascent,Sebelum puncak — ada langkah pertama yang paling jujur.,Seasonal Blend,Gentle Rime,The First Ascent · Seasonal collection,Flores Manggarai Light Wine 65% | Gunung Halu Medium Honey 35%,Light,"Ketika langkah pertama meninggalkan bekas di tanah yang bersih, blend ini mempertemukan biji-biji dari Flores Manggarai serta Gunung Halu dalam sebuah komposisi yang menceritakan kekayaan dataran Nusantara. Diproses dengan metode Wine dan Honey, menghadirkan nuansa grape must, honey, toffee yang bersih namun penuh kedalaman. Sebuah perayaan atas keberanian memulai — ketika segala sesuatunya masih bersih dan mungkin.",Clean,Flores Manggarai (Light / Wine): 650g (65%) | Gunung Halu (Medium / Honey): 350g (35%) | total: 1000g,Cocok untuk AeroPress
S-SPR-069,Spring,The First Ascent,Sebelum puncak — ada langkah pertama yang paling jujur.,Seasonal Blend,Rising Headwater,The First Ascent · Seasonal collection,Aceh Gayo Dark Wine 60% | Kerinci Kayu Aro Dark SemiWashed 40%,Dark,"Dari mata air yang baru saja membuka jejaknya di lereng, blend ini mempertemukan biji-biji dari Aceh Gayo serta Kerinci Kayu Aro dalam sebuah komposisi yang menceritakan kekayaan dataran Nusantara. Diproses dengan metode Wine dan SemiWashed, menghadirkan nuansa intense spice, roasted grain, dark espresso yang bersih namun penuh kedalaman. Blend yang merekam kesegaran dari tempat di mana perjalanan baru saja dimulai.",Thick,Aceh Gayo (Dark / Wine): 600g (60%) | Kerinci Kayu Aro (Dark / SemiWashed): 400g (40%) | total: 1000g,Cocok untuk Cold Brew
S-SPR-070,Spring,The First Ascent,Sebelum puncak — ada langkah pertama yang paling jujur.,Seasonal Blend,Soft Brook,The First Ascent · Seasonal collection,Solok Radjo Light Honey 60% | Flores Manggarai Medium Washed 40%,Light,"Ketika langkah pertama meninggalkan bekas di tanah yang bersih, blend ini mempertemukan biji-biji dari Solok Radjo serta Flores Manggarai dalam sebuah komposisi yang menceritakan kekayaan dataran Nusantara. Diproses dengan metode Honey dan Washed, menghadirkan nuansa honeysuckle, milk chocolate, hazelnut yang bersih namun penuh kedalaman. Diciptakan bagi mereka yang memahami bahwa setiap puncak dimulai dari sebuah pagi.",Tea-like,Solok Radjo (Light / Honey): 600g (60%) | Flores Manggarai (Medium / Washed): 400g (40%) | total: 1000g,Pour Over Recommended
S-SPR-071,Spring,The First Ascent,Sebelum puncak — ada langkah pertama yang paling jujur.,Seasonal Blend,Climbing Wellspring,The First Ascent · Seasonal collection,Arjuno Light Wine 50% | Toraja Kalosi Dark WetHulled 30% | Wanoja Kamojang Medium Washed 20%,Medium,"Terinspirasi dari fajar yang menerangi jalur yang belum pernah dilalui, blend ini mempertemukan biji-biji dari Arjuno serta Toraja Kalosi serta Wanoja Kamojang dalam sebuah komposisi yang menceritakan kekayaan dataran Nusantara. Diproses dengan metode Wine dan WetHulled, menghadirkan nuansa almond, bark, hazelnut yang bersih namun penuh kedalaman. Sebuah perayaan atas keberanian memulai — ketika segala sesuatunya masih bersih dan mungkin.",Balanced,Arjuno (Light / Wine): 500g (50%) | Toraja Kalosi (Dark / WetHulled): 300g (30%) | Wanoja Kamojang (Medium / Washed): 200g (20%) | total: 1000g,Best for Moka Pot
S-SPR-072,Spring,The First Ascent,Sebelum puncak — ada langkah pertama yang paling jujur.,Seasonal Blend,Opening Clearance,The First Ascent · Seasonal collection,Semeru Light Honey 50% | Arjuno Dark Honey 25% | Papua Dogiyai Light WetHulled 25%,Light,"Ketika langkah pertama meninggalkan bekas di tanah yang bersih, blend ini mempertemukan biji-biji dari Semeru serta Arjuno serta Papua Dogiyai dalam sebuah komposisi yang menceritakan kekayaan dataran Nusantara. Diproses dengan metode Honey dan WetHulled, menghadirkan nuansa honeysuckle, apricot, floral yang bersih namun penuh kedalaman. Blend yang merekam kesegaran dari tempat di mana perjalanan baru saja dimulai.",Light Body,Semeru (Light / Honey): 500g (50%) | Arjuno (Dark / Honey): 250g (25%) | Papua Dogiyai (Light / WetHulled): 250g (25%) | total: 1000g,Cocok untuk AeroPress
S-SPR-073,Spring,The First Ascent,Sebelum puncak — ada langkah pertama yang paling jujur.,Seasonal Blend,Gathering Sunbreak,The First Ascent · Seasonal collection,Java Manglayang Medium Natural 55% | Lampung Robusta Premium Light SemiWashed 45%,Light,"Seperti embun yang jatuh pada daun pertama musim baru, blend ini mempertemukan biji-biji dari Java Manglayang serta Lampung Robusta Premium dalam sebuah komposisi yang menceritakan kekayaan dataran Nusantara. Diproses dengan metode Natural dan SemiWashed, menghadirkan nuansa berry jam, papaya, molasses yang bersih namun penuh kedalaman. Blend yang merekam kesegaran dari tempat di mana perjalanan baru saja dimulai.",Tea-like,Java Manglayang (Medium / Natural): 550g (55%) | Lampung Robusta Premium (Light / SemiWashed): 450g (45%) | total: 1000g,Ideal for Chemex
S-SPR-074,Spring,The First Ascent,Sebelum puncak — ada langkah pertama yang paling jujur.,Seasonal Blend,Hovering Rime,The First Ascent · Seasonal collection,Toraja Kalosi Light Wine 45% | Java Manglayang Light SemiWashed 35% | Java Ciwidey Dark SemiWashed 20%,Light,"Ketika langkah pertama meninggalkan bekas di tanah yang bersih, blend ini mempertemukan biji-biji dari Toraja Kalosi serta Java Manglayang serta Java Ciwidey dalam sebuah komposisi yang menceritakan kekayaan dataran Nusantara. Diproses dengan metode Wine dan SemiWashed, menghadirkan nuansa light caramel, dark caramel, dark cherry yang bersih namun penuh kedalaman. Blend yang merekam kesegaran dari tempat di mana perjalanan baru saja dimulai.",Light Body,Toraja Kalosi (Light / Wine): 450g (45%) | Java Manglayang (Light / SemiWashed): 350g (35%) | Java Ciwidey (Dark / SemiWashed): 200g (20%) | total: 1000g,Pour Over Recommended
S-SPR-075,Spring,The First Ascent,Sebelum puncak — ada langkah pertama yang paling jujur.,Seasonal Blend,Gentle Pollen,The First Ascent · Seasonal collection,Gunung Halu Light Honey 50% | Java Temanggung Dark Wine 50%,Medium,"Dari mata air yang baru saja membuka jejaknya di lereng, blend ini mempertemukan biji-biji dari Gunung Halu serta Java Temanggung dalam sebuah komposisi yang menceritakan kekayaan dataran Nusantara. Diproses dengan metode Honey dan Wine, menghadirkan nuansa aged wine, apricot, white grape yang bersih namun penuh kedalaman. Diciptakan bagi mereka yang memahami bahwa setiap puncak dimulai dari sebuah pagi.",Smooth,Gunung Halu (Light / Honey): 500g (50%) | Java Temanggung (Dark / Wine): 500g (50%) | total: 1000g,Cocok untuk French Press & Espresso
S-SPR-076,Spring,The First Ascent,Sebelum puncak — ada langkah pertama yang paling jujur.,Seasonal Blend,Pale Wellspring,The First Ascent · Seasonal collection,Wanoja Kamojang Medium Anaerobic 40% | Java Puntang Dark WetHulled 35% | Java Garut Light SemiWashed 25%,Medium,"Di mana benih harapan tumbuh dari tanah yang baru mencair, blend ini mempertemukan biji-biji dari Wanoja Kamojang serta Java Puntang serta Java Garut dalam sebuah komposisi yang menceritakan kekayaan dataran Nusantara. Diproses dengan metode Anaerobic dan WetHulled, menghadirkan nuansa peat, tamarind, cacao nib yang bersih namun penuh kedalaman. Diciptakan bagi mereka yang memahami bahwa setiap puncak dimulai dari sebuah pagi.",Medium Body,Wanoja Kamojang (Medium / Anaerobic): 400g (40%) | Java Puntang (Dark / WetHulled): 350g (35%) | Java Garut (Light / SemiWashed): 250g (25%) | total: 1000g,Versatile for Espresso & Filter
S-SPR-077,Spring,The First Ascent,Sebelum puncak — ada langkah pertama yang paling jujur.,Seasonal Blend,Fresh Haze,The First Ascent · Seasonal collection,Java Manglayang Light SemiWashed 45% | Java Ciwidey Light Honey 55%,Light,"Terinspirasi dari fajar yang menerangi jalur yang belum pernah dilalui, blend ini mempertemukan biji-biji dari Java Manglayang serta Java Ciwidey dalam sebuah komposisi yang menceritakan kekayaan dataran Nusantara. Diproses dengan metode SemiWashed dan Honey, menghadirkan nuansa light caramel, oolong tea, papaya yang bersih namun penuh kedalaman. Untuk langkah pertama yang selalu lebih jujur dari seribu langkah berikutnya.",Light Body,Java Manglayang (Light / SemiWashed): 450g (45%) | Java Ciwidey (Light / Honey): 550g (55%) | total: 1000g,Best for V60
S-SPR-078,Spring,The First Ascent,Sebelum puncak — ada langkah pertama yang paling jujur.,Seasonal Blend,Pure Clearwater,The First Ascent · Seasonal collection,Kerinci Kayu Aro Light Anaerobic 45% | Java Preanger Light Natural 35% | Mandheling Dark Washed 20%,Light,"Seperti embun yang jatuh pada daun pertama musim baru, blend ini mempertemukan biji-biji dari Kerinci Kayu Aro serta Java Preanger serta Mandheling dalam sebuah komposisi yang menceritakan kekayaan dataran Nusantara. Diproses dengan metode Anaerobic dan Natural, menghadirkan nuansa blueberry, rum raisin, passion fruit yang bersih namun penuh kedalaman. Untuk langkah pertama yang selalu lebih jujur dari seribu langkah berikutnya.",Silky,Kerinci Kayu Aro (Light / Anaerobic): 450g (45%) | Java Preanger (Light / Natural): 350g (35%) | Mandheling (Dark / Washed): 200g (20%) | total: 1000g,Pour Over Recommended
S-SPR-079,Spring,The First Ascent,Sebelum puncak — ada langkah pertama yang paling jujur.,Seasonal Blend,Wispy Rime,The First Ascent · Seasonal collection,Bukit Barisan Dark Natural 40% | Java Ciwidey Dark Washed 35% | Mandheling Medium SemiWashed 25%,Dark,"Seperti embun yang jatuh pada daun pertama musim baru, blend ini mempertemukan biji-biji dari Bukit Barisan serta Java Ciwidey serta Mandheling dalam sebuah komposisi yang menceritakan kekayaan dataran Nusantara. Diproses dengan metode Natural dan Washed, menghadirkan nuansa smoky caramel, espresso, dark berry yang bersih namun penuh kedalaman. Blend yang merekam kesegaran dari tempat di mana perjalanan baru saja dimulai.",Bold,Bukit Barisan (Dark / Natural): 400g (40%) | Java Ciwidey (Dark / Washed): 350g (35%) | Mandheling (Medium / SemiWashed): 250g (25%) | total: 1000g,Ideal untuk Ristretto
S-SPR-080,Spring,The First Ascent,Sebelum puncak — ada langkah pertama yang paling jujur.,Seasonal Blend,Soft Pollen,The First Ascent · Seasonal collection,Java Ciwidey Light Natural 50% | Lintong Onan Light Anaerobic 25% | Sidikalang Light Anaerobic 25%,Light,"Di mana benih harapan tumbuh dari tanah yang baru mencair, blend ini mempertemukan biji-biji dari Java Ciwidey serta Lintong Onan serta Sidikalang dalam sebuah komposisi yang menceritakan kekayaan dataran Nusantara. Diproses dengan metode Natural dan Anaerobic, menghadirkan nuansa blueberry, hibiscus, watermelon yang bersih namun penuh kedalaman. Sebuah perayaan atas keberanian memulai — ketika segala sesuatunya masih bersih dan mungkin.",Light Body,Java Ciwidey (Light / Natural): 500g (50%) | Lintong Onan (Light / Anaerobic): 250g (25%) | Sidikalang (Light / Anaerobic): 250g (25%) | total: 1000g,Ideal for Chemex
S-SPR-081,Spring,The First Ascent,Sebelum puncak — ada langkah pertama yang paling jujur.,Seasonal Blend,Climbing Fern,The First Ascent · Seasonal collection,Temanggung Dark Wine 60% | Java Ciwidey Light SemiWashed 25% | Java Ciwidey Medium WetHulled 15%,Medium,"Ketika langkah pertama meninggalkan bekas di tanah yang bersih, blend ini mempertemukan biji-biji dari Temanggung serta Java Ciwidey serta Java Ciwidey dalam sebuah komposisi yang menceritakan kekayaan dataran Nusantara. Diproses dengan metode Wine dan SemiWashed, menghadirkan nuansa earthy, woody, dark espresso yang bersih namun penuh kedalaman. Diciptakan bagi mereka yang memahami bahwa setiap puncak dimulai dari sebuah pagi.",Balanced,Temanggung (Dark / Wine): 600g (60%) | Java Ciwidey (Light / SemiWashed): 250g (25%) | Java Ciwidey (Medium / WetHulled): 150g (15%) | total: 1000g,Best for Moka Pot
S-SPR-082,Spring,The First Ascent,Sebelum puncak — ada langkah pertama yang paling jujur.,Seasonal Blend,Nascent Headwater,The First Ascent · Seasonal collection,Flores Manggarai Light Honey 55% | Bengkulu Dark Natural 30% | Java Ijen Raung Dark Honey 15%,Medium,"Di mana benih harapan tumbuh dari tanah yang baru mencair, blend ini mempertemukan biji-biji dari Flores Manggarai serta Bengkulu serta Java Ijen Raung dalam sebuah komposisi yang menceritakan kekayaan dataran Nusantara. Diproses dengan metode Honey dan Natural, menghadirkan nuansa charcoal, floral, licorice yang bersih namun penuh kedalaman. Diciptakan bagi mereka yang memahami bahwa setiap puncak dimulai dari sebuah pagi.",Smooth,Flores Manggarai (Light / Honey): 550g (55%) | Bengkulu (Dark / Natural): 300g (30%) | Java Ijen Raung (Dark / Honey): 150g (15%) | total: 1000g,Best for Moka Pot
S-SPR-083,Spring,The First Ascent,Sebelum puncak — ada langkah pertama yang paling jujur.,Seasonal Blend,Fresh Moss,The First Ascent · Seasonal collection,Wanoja Kamojang Light Wine 50% | Lampung Robusta Premium Light Natural 50%,Light,"Dari mata air yang baru saja membuka jejaknya di lereng, blend ini mempertemukan biji-biji dari Wanoja Kamojang serta Lampung Robusta Premium dalam sebuah komposisi yang menceritakan kekayaan dataran Nusantara. Diproses dengan metode Wine dan Natural, menghadirkan nuansa plum, dark cherry, tropical fruit yang bersih namun penuh kedalaman. Blend yang merekam kesegaran dari tempat di mana perjalanan baru saja dimulai.",Clean,Wanoja Kamojang (Light / Wine): 500g (50%) | Lampung Robusta Premium (Light / Natural): 500g (50%) | total: 1000g,Ideal for Chemex
S-SPR-084,Spring,The First Ascent,Sebelum puncak — ada langkah pertama yang paling jujur.,Seasonal Blend,Thin Sunbreak,The First Ascent · Seasonal collection,Java Ciwidey Dark Anaerobic 65% | Bali Ulian Medium SemiWashed 35%,Dark,"Ketika langkah pertama meninggalkan bekas di tanah yang bersih, blend ini mempertemukan biji-biji dari Java Ciwidey serta Bali Ulian dalam sebuah komposisi yang menceritakan kekayaan dataran Nusantara. Diproses dengan metode Anaerobic dan SemiWashed, menghadirkan nuansa vanilla, roasted nut, smoke yang bersih namun penuh kedalaman. Blend yang merekam kesegaran dari tempat di mana perjalanan baru saja dimulai.",Heavy Body,Java Ciwidey (Dark / Anaerobic): 650g (65%) | Bali Ulian (Medium / SemiWashed): 350g (35%) | total: 1000g,Best for Batch Brew
S-SPR-085,Spring,The First Ascent,Sebelum puncak — ada langkah pertama yang paling jujur.,Seasonal Blend,First Runoff,The First Ascent · Seasonal collection,Bukit Barisan Medium SemiWashed 40% | Java Ijen Raung Medium Anaerobic 35% | Papua Dogiyai Medium WetHulled 25%,Medium,"Saat kabut pagi pertama mulai mengangkat tirainya, blend ini mempertemukan biji-biji dari Bukit Barisan serta Java Ijen Raung serta Papua Dogiyai dalam sebuah komposisi yang menceritakan kekayaan dataran Nusantara. Diproses dengan metode SemiWashed dan Anaerobic, menghadirkan nuansa spice, woody, tropical punch yang bersih namun penuh kedalaman. Diciptakan bagi mereka yang memahami bahwa setiap puncak dimulai dari sebuah pagi.",Smooth,Bukit Barisan (Medium / SemiWashed): 400g (40%) | Java Ijen Raung (Medium / Anaerobic): 350g (35%) | Papua Dogiyai (Medium / WetHulled): 250g (25%) | total: 1000g,Best for Moka Pot
S-SPR-086,Spring,The First Ascent,Sebelum puncak — ada langkah pertama yang paling jujur.,Seasonal Blend,Quiet Moss,The First Ascent · Seasonal collection,Wanoja Kamojang Medium Honey 40% | Flores Manggarai Medium Wine 60%,Medium,"Dari mata air yang baru saja membuka jejaknya di lereng, blend ini mempertemukan biji-biji dari Wanoja Kamojang serta Flores Manggarai dalam sebuah komposisi yang menceritakan kekayaan dataran Nusantara. Diproses dengan metode Honey dan Wine, menghadirkan nuansa port wine, maple syrup, espresso yang bersih namun penuh kedalaman. Untuk langkah pertama yang selalu lebih jujur dari seribu langkah berikutnya.",Round,Wanoja Kamojang (Medium / Honey): 400g (40%) | Flores Manggarai (Medium / Wine): 600g (60%) | total: 1000g,Versatile for Espresso & Filter
S-SPR-087,Spring,The First Ascent,Sebelum puncak — ada langkah pertama yang paling jujur.,Seasonal Blend,Wispy Cirrus,The First Ascent · Seasonal collection,Sidikalang Medium Wine 60% | Papua Dogiyai Dark Natural 25% | Wanoja Kamojang Light Washed 15%,Medium,"Seperti embun yang jatuh pada daun pertama musim baru, blend ini mempertemukan biji-biji dari Sidikalang serta Papua Dogiyai serta Wanoja Kamojang dalam sebuah komposisi yang menceritakan kekayaan dataran Nusantara. Diproses dengan metode Wine dan Natural, menghadirkan nuansa peach, licorice, espresso yang bersih namun penuh kedalaman. Blend yang merekam kesegaran dari tempat di mana perjalanan baru saja dimulai.",Velvety,Sidikalang (Medium / Wine): 600g (60%) | Papua Dogiyai (Dark / Natural): 250g (25%) | Wanoja Kamojang (Light / Washed): 150g (15%) | total: 1000g,Versatile for Espresso & Filter
S-SPR-088,Spring,The First Ascent,Sebelum puncak — ada langkah pertama yang paling jujur.,Seasonal Blend,Faint Haze,The First Ascent · Seasonal collection,Java Ciwidey Dark Honey 40% | Flores Manggarai Medium WetHulled 35% | Sembalun Rinjani Light Honey 25%,Medium,"Di mana benih harapan tumbuh dari tanah yang baru mencair, blend ini mempertemukan biji-biji dari Java Ciwidey serta Flores Manggarai serta Sembalun Rinjani dalam sebuah komposisi yang menceritakan kekayaan dataran Nusantara. Diproses dengan metode Honey dan WetHulled, menghadirkan nuansa tobacco, mushroom, leather yang bersih namun penuh kedalaman. Sebuah perayaan atas keberanian memulai — ketika segala sesuatunya masih bersih dan mungkin.",Velvety,Java Ciwidey (Dark / Honey): 400g (40%) | Flores Manggarai (Medium / WetHulled): 350g (35%) | Sembalun Rinjani (Light / Honey): 250g (25%) | total: 1000g,Versatile for Espresso & Filter
S-SPR-089,Spring,The First Ascent,Sebelum puncak — ada langkah pertama yang paling jujur.,Seasonal Blend,Rising Rime,The First Ascent · Seasonal collection,Toraja Sapan Dark Wine 45% | Java Temanggung Light WetHulled 55%,Medium,"Terinspirasi dari fajar yang menerangi jalur yang belum pernah dilalui, blend ini mempertemukan biji-biji dari Toraja Sapan serta Java Temanggung dalam sebuah komposisi yang menceritakan kekayaan dataran Nusantara. Diproses dengan metode Wine dan WetHulled, menghadirkan nuansa tobacco, cedar, lime yang bersih namun penuh kedalaman. Diciptakan bagi mereka yang memahami bahwa setiap puncak dimulai dari sebuah pagi.",Smooth,Toraja Sapan (Dark / Wine): 450g (45%) | Java Temanggung (Light / WetHulled): 550g (55%) | total: 1000g,Best for Moka Pot
S-SPR-090,Spring,The First Ascent,Sebelum puncak — ada langkah pertama yang paling jujur.,Seasonal Blend,Drifting Cumulus,The First Ascent · Seasonal collection,Lampung Robusta Premium Light Natural 40% | Java Temanggung Dark Honey 35% | Java Temanggung Medium Wine 25%,Medium,"Terinspirasi dari fajar yang menerangi jalur yang belum pernah dilalui, blend ini mempertemukan biji-biji dari Lampung Robusta Premium serta Java Temanggung serta Java Temanggung dalam sebuah komposisi yang menceritakan kekayaan dataran Nusantara. Diproses dengan metode Natural dan Honey, menghadirkan nuansa burnt caramel, blueberry, tropical fruit yang bersih namun penuh kedalaman. Blend yang merekam kesegaran dari tempat di mana perjalanan baru saja dimulai.",Velvety,Lampung Robusta Premium (Light / Natural): 400g (40%) | Java Temanggung (Dark / Honey): 350g (35%) | Java Temanggung (Medium / Wine): 250g (25%) | total: 1000g,Best for Moka Pot
S-SPR-091,Spring,The First Ascent,Sebelum puncak — ada langkah pertama yang paling jujur.,Seasonal Blend,Thin Rime,The First Ascent · Seasonal collection,Java Ciwidey Dark Wine 40% | Solok Radjo Dark SemiWashed 60%,Dark,"Di mana benih harapan tumbuh dari tanah yang baru mencair, blend ini mempertemukan biji-biji dari Java Ciwidey serta Solok Radjo dalam sebuah komposisi yang menceritakan kekayaan dataran Nusantara. Diproses dengan metode Wine dan SemiWashed, menghadirkan nuansa walnut, dark caramel, roasted grain yang bersih namun penuh kedalaman. Untuk langkah pertama yang selalu lebih jujur dari seribu langkah berikutnya.",Thick,Java Ciwidey (Dark / Wine): 400g (40%) | Solok Radjo (Dark / SemiWashed): 600g (60%) | total: 1000g,Cocok untuk Cold Brew
S-SPR-092,Spring,The First Ascent,Sebelum puncak — ada langkah pertama yang paling jujur.,Seasonal Blend,Climbing Clearance,The First Ascent · Seasonal collection,Toraja Sapan Light SemiWashed 50% | Dampit Malang Medium Washed 25% | Flores Manggarai Medium SemiWashed 25%,Light,"Seperti embun yang jatuh pada daun pertama musim baru, blend ini mempertemukan biji-biji dari Toraja Sapan serta Dampit Malang serta Flores Manggarai dalam sebuah komposisi yang menceritakan kekayaan dataran Nusantara. Diproses dengan metode SemiWashed dan Washed, menghadirkan nuansa vanilla, caramel, mandarin yang bersih namun penuh kedalaman. Sebuah perayaan atas keberanian memulai — ketika segala sesuatunya masih bersih dan mungkin.",Silky,Toraja Sapan (Light / SemiWashed): 500g (50%) | Dampit Malang (Medium / Washed): 250g (25%) | Flores Manggarai (Medium / SemiWashed): 250g (25%) | total: 1000g,Pour Over Recommended
S-SPR-093,Spring,The First Ascent,Sebelum puncak — ada langkah pertama yang paling jujur.,Seasonal Blend,Gathering Pollen,The First Ascent · Seasonal collection,Flores Bajawa Dark SemiWashed 50% | Sidikalang Medium SemiWashed 50%,Dark,"Terinspirasi dari fajar yang menerangi jalur yang belum pernah dilalui, blend ini mempertemukan biji-biji dari Flores Bajawa serta Sidikalang dalam sebuah komposisi yang menceritakan kekayaan dataran Nusantara. Diproses dengan metode SemiWashed, menghadirkan nuansa roasted grain, roasted nut, milk caramel yang bersih namun penuh kedalaman. Sebuah perayaan atas keberanian memulai — ketika segala sesuatunya masih bersih dan mungkin.",Heavy Body,Flores Bajawa (Dark / SemiWashed): 500g (50%) | Sidikalang (Medium / SemiWashed): 500g (50%) | total: 1000g,Best for Espresso
S-SPR-094,Spring,The First Ascent,Sebelum puncak — ada langkah pertama yang paling jujur.,Seasonal Blend,Blooming Haze,The First Ascent · Seasonal collection,Lampung Robusta Premium Dark Honey 50% | Lintong Onan Dark Natural 30% | Java Temanggung Medium Honey 20%,Dark,"Terinspirasi dari fajar yang menerangi jalur yang belum pernah dilalui, blend ini mempertemukan biji-biji dari Lampung Robusta Premium serta Lintong Onan serta Java Temanggung dalam sebuah komposisi yang menceritakan kekayaan dataran Nusantara. Diproses dengan metode Honey dan Natural, menghadirkan nuansa macadamia, dark sugar, charcoal yang bersih namun penuh kedalaman. Diciptakan bagi mereka yang memahami bahwa setiap puncak dimulai dari sebuah pagi.",Bold,Lampung Robusta Premium (Dark / Honey): 500g (50%) | Lintong Onan (Dark / Natural): 300g (30%) | Java Temanggung (Medium / Honey): 200g (20%) | total: 1000g,Best for Espresso
S-SPR-095,Spring,The First Ascent,Sebelum puncak — ada langkah pertama yang paling jujur.,Seasonal Blend,Early Wellspring,The First Ascent · Seasonal collection,Java Garut Dark Wine 70% | Bengkulu Medium SemiWashed 30%,Dark,"Saat kabut pagi pertama mulai mengangkat tirainya, blend ini mempertemukan biji-biji dari Java Garut serta Bengkulu dalam sebuah komposisi yang menceritakan kekayaan dataran Nusantara. Diproses dengan metode Wine dan SemiWashed, menghadirkan nuansa aged wine, apricot jam, smoked plum yang bersih namun penuh kedalaman. Sebuah perayaan atas keberanian memulai — ketika segala sesuatunya masih bersih dan mungkin.",Thick,Java Garut (Dark / Wine): 700g (70%) | Bengkulu (Medium / SemiWashed): 300g (30%) | total: 1000g,Best for Batch Brew
S-SPR-096,Spring,The First Ascent,Sebelum puncak — ada langkah pertama yang paling jujur.,Seasonal Blend,Pale Sunbreak,The First Ascent · Seasonal collection,Wanoja Kamojang Medium WetHulled 65% | Java Garut Dark Honey 35%,Medium,"Ketika langkah pertama meninggalkan bekas di tanah yang bersih, blend ini mempertemukan biji-biji dari Wanoja Kamojang serta Java Garut dalam sebuah komposisi yang menceritakan kekayaan dataran Nusantara. Diproses dengan metode WetHulled dan Honey, menghadirkan nuansa smoked almond, woody, toffee yang bersih namun penuh kedalaman. Untuk langkah pertama yang selalu lebih jujur dari seribu langkah berikutnya.",Balanced,Wanoja Kamojang (Medium / WetHulled): 650g (65%) | Java Garut (Dark / Honey): 350g (35%) | total: 1000g,Best for Moka Pot
S-SPR-097,Spring,The First Ascent,Sebelum puncak — ada langkah pertama yang paling jujur.,Seasonal Blend,Waking Sprig,The First Ascent · Seasonal collection,Papua Dogiyai Light Anaerobic 40% | Arjuno Light Honey 60%,Light,"Seperti embun yang jatuh pada daun pertama musim baru, blend ini mempertemukan biji-biji dari Papua Dogiyai serta Arjuno dalam sebuah komposisi yang menceritakan kekayaan dataran Nusantara. Diproses dengan metode Anaerobic dan Honey, menghadirkan nuansa cola, honeysuckle, floral yang bersih namun penuh kedalaman. Blend yang merekam kesegaran dari tempat di mana perjalanan baru saja dimulai.",Clean,Papua Dogiyai (Light / Anaerobic): 400g (40%) | Arjuno (Light / Honey): 600g (60%) | total: 1000g,Best for V60
S-SPR-098,Spring,The First Ascent,Sebelum puncak — ada langkah pertama yang paling jujur.,Seasonal Blend,Still Pollen,The First Ascent · Seasonal collection,Java Garut Medium Natural 45% | Arjuno Dark Honey 35% | Kerinci Kayu Aro Light SemiWashed 20%,Medium,"Dari mata air yang baru saja membuka jejaknya di lereng, blend ini mempertemukan biji-biji dari Java Garut serta Arjuno serta Kerinci Kayu Aro dalam sebuah komposisi yang menceritakan kekayaan dataran Nusantara. Diproses dengan metode Natural dan Honey, menghadirkan nuansa papaya, smoked almond, oolong tea yang bersih namun penuh kedalaman. Sebuah perayaan atas keberanian memulai — ketika segala sesuatunya masih bersih dan mungkin.",Round,Java Garut (Medium / Natural): 450g (45%) | Arjuno (Dark / Honey): 350g (35%) | Kerinci Kayu Aro (Light / SemiWashed): 200g (20%) | total: 1000g,Versatile for Espresso & Filter
S-SPR-099,Spring,The First Ascent,Sebelum puncak — ada langkah pertama yang paling jujur.,Seasonal Blend,Wispy Cumulus,The First Ascent · Seasonal collection,Bali Ulian Light Honey 55% | Toraja Sapan Dark Wine 30% | Arjuno Light Wine 15%,Light,"Di mana benih harapan tumbuh dari tanah yang baru mencair, blend ini mempertemukan biji-biji dari Bali Ulian serta Toraja Sapan serta Arjuno dalam sebuah komposisi yang menceritakan kekayaan dataran Nusantara. Diproses dengan metode Honey dan Wine, menghadirkan nuansa dark espresso, dark cherry, white grape yang bersih namun penuh kedalaman. Untuk langkah pertama yang selalu lebih jujur dari seribu langkah berikutnya.",Tea-like,Bali Ulian (Light / Honey): 550g (55%) | Toraja Sapan (Dark / Wine): 300g (30%) | Arjuno (Light / Wine): 150g (15%) | total: 1000g,Ideal for Chemex
S-SPR-100,Spring,The First Ascent,Sebelum puncak — ada langkah pertama yang paling jujur.,Seasonal Blend,Drifting Lichen,The First Ascent · Seasonal collection,Aceh Gayo Dark WetHulled 60% | Lintong Onan Light Washed 25% | Mandheling Medium WetHulled 15%,Medium,"Dari mata air yang baru saja membuka jejaknya di lereng, blend ini mempertemukan biji-biji dari Aceh Gayo serta Lintong Onan serta Mandheling dalam sebuah komposisi yang menceritakan kekayaan dataran Nusantara. Diproses dengan metode WetHulled dan Washed, menghadirkan nuansa intense earth, citrus, peach yang bersih namun penuh kedalaman. Sebuah perayaan atas keberanian memulai — ketika segala sesuatunya masih bersih dan mungkin.",Medium Body,Aceh Gayo (Dark / WetHulled): 600g (60%) | Lintong Onan (Light / Washed): 250g (25%) | Mandheling (Medium / WetHulled): 150g (15%) | total: 1000g,Best for Moka Pot
S-SPR-101,Spring,The First Ascent,Sebelum puncak — ada langkah pertama yang paling jujur.,Seasonal Blend,Pale Spring,The First Ascent · Seasonal collection,Kerinci Kayu Aro Light Natural 55% | Java Garut Dark Anaerobic 45%,Medium,"Ketika langkah pertama meninggalkan bekas di tanah yang bersih, blend ini mempertemukan biji-biji dari Kerinci Kayu Aro serta Java Garut dalam sebuah komposisi yang menceritakan kekayaan dataran Nusantara. Diproses dengan metode Natural dan Anaerobic, menghadirkan nuansa black cherry, blueberry, watermelon yang bersih namun penuh kedalaman. Untuk langkah pertama yang selalu lebih jujur dari seribu langkah berikutnya.",Balanced,Kerinci Kayu Aro (Light / Natural): 550g (55%) | Java Garut (Dark / Anaerobic): 450g (45%) | total: 1000g,Best for Moka Pot
S-SPR-102,Spring,The First Ascent,Sebelum puncak — ada langkah pertama yang paling jujur.,Seasonal Blend,Nascent Vapor,The First Ascent · Seasonal collection,Dampit Malang Medium Honey 40% | Java Puntang Light WetHulled 60%,Light,"Saat kabut pagi pertama mulai mengangkat tirainya, blend ini mempertemukan biji-biji dari Dampit Malang serta Java Puntang dalam sebuah komposisi yang menceritakan kekayaan dataran Nusantara. Diproses dengan metode Honey dan WetHulled, menghadirkan nuansa herb, cedar, lime yang bersih namun penuh kedalaman. Blend yang merekam kesegaran dari tempat di mana perjalanan baru saja dimulai.",Delicate,Dampit Malang (Medium / Honey): 400g (40%) | Java Puntang (Light / WetHulled): 600g (60%) | total: 1000g,Best for V60
S-SPR-103,Spring,The First Ascent,Sebelum puncak — ada langkah pertama yang paling jujur.,Seasonal Blend,Hovering Cumulus,The First Ascent · Seasonal collection,Java Sindoro Medium Wine 60% | Lampung Robusta Premium Dark WetHulled 25% | Bengkulu Dark Anaerobic 15%,Medium,"Ketika langkah pertama meninggalkan bekas di tanah yang bersih, blend ini mempertemukan biji-biji dari Java Sindoro serta Lampung Robusta Premium serta Bengkulu dalam sebuah komposisi yang menceritakan kekayaan dataran Nusantara. Diproses dengan metode Wine dan WetHulled, menghadirkan nuansa intense earth, roasted grape, port wine yang bersih namun penuh kedalaman. Diciptakan bagi mereka yang memahami bahwa setiap puncak dimulai dari sebuah pagi.",Velvety,Java Sindoro (Medium / Wine): 600g (60%) | Lampung Robusta Premium (Dark / WetHulled): 250g (25%) | Bengkulu (Dark / Anaerobic): 150g (15%) | total: 1000g,Cocok untuk French Press & Espresso
S-SPR-104,Spring,The First Ascent,Sebelum puncak — ada langkah pertama yang paling jujur.,Seasonal Blend,Opening Wellspring,The First Ascent · Seasonal collection,Gunung Halu Dark Washed 55% | Flores Bajawa Dark Natural 30% | Java Garut Dark Washed 15%,Dark,"Dari mata air yang baru saja membuka jejaknya di lereng, blend ini mempertemukan biji-biji dari Gunung Halu serta Flores Bajawa serta Java Garut dalam sebuah komposisi yang menceritakan kekayaan dataran Nusantara. Diproses dengan metode Washed dan Natural, menghadirkan nuansa dark roast, tar, bitter chocolate yang bersih namun penuh kedalaman. Diciptakan bagi mereka yang memahami bahwa setiap puncak dimulai dari sebuah pagi.",Full Body,Gunung Halu (Dark / Washed): 550g (55%) | Flores Bajawa (Dark / Natural): 300g (30%) | Java Garut (Dark / Washed): 150g (15%) | total: 1000g,Ideal untuk Ristretto
S-SPR-105,Spring,The First Ascent,Sebelum puncak — ada langkah pertama yang paling jujur.,Seasonal Blend,Soft Cirrus,The First Ascent · Seasonal collection,Solok Radjo Dark WetHulled 50% | Wanoja Kamojang Light SemiWashed 30% | Gunung Halu Dark WetHulled 20%,Medium,"Terinspirasi dari fajar yang menerangi jalur yang belum pernah dilalui, blend ini mempertemukan biji-biji dari Solok Radjo serta Wanoja Kamojang serta Gunung Halu dalam sebuah komposisi yang menceritakan kekayaan dataran Nusantara. Diproses dengan metode WetHulled dan SemiWashed, menghadirkan nuansa peat, intense earth, dark tobacco yang bersih namun penuh kedalaman. Diciptakan bagi mereka yang memahami bahwa setiap puncak dimulai dari sebuah pagi.",Balanced,Solok Radjo (Dark / WetHulled): 500g (50%) | Wanoja Kamojang (Light / SemiWashed): 300g (30%) | Gunung Halu (Dark / WetHulled): 200g (20%) | total: 1000g,Cocok untuk French Press & Espresso
S-SPR-106,Spring,The First Ascent,Sebelum puncak — ada langkah pertama yang paling jujur.,Seasonal Blend,Morning Clearwater,The First Ascent · Seasonal collection,Java Garut Dark Natural 60% | Java Ijen Raung Dark Washed 40%,Dark,"Dari mata air yang baru saja membuka jejaknya di lereng, blend ini mempertemukan biji-biji dari Java Garut serta Java Ijen Raung dalam sebuah komposisi yang menceritakan kekayaan dataran Nusantara. Diproses dengan metode Natural dan Washed, menghadirkan nuansa tar, molasses, dark berry yang bersih namun penuh kedalaman. Blend yang merekam kesegaran dari tempat di mana perjalanan baru saja dimulai.",Full Body,Java Garut (Dark / Natural): 600g (60%) | Java Ijen Raung (Dark / Washed): 400g (40%) | total: 1000g,Ideal untuk Ristretto
S-SPR-107,Spring,The First Ascent,Sebelum puncak — ada langkah pertama yang paling jujur.,Seasonal Blend,Shifting Fog,The First Ascent · Seasonal collection,Java Preanger Medium Washed 50% | Papua Dogiyai Medium Honey 25% | Flores Bajawa Light Washed 25%,Medium,"Di mana benih harapan tumbuh dari tanah yang baru mencair, blend ini mempertemukan biji-biji dari Java Preanger serta Papua Dogiyai serta Flores Bajawa dalam sebuah komposisi yang menceritakan kekayaan dataran Nusantara. Diproses dengan metode Washed dan Honey, menghadirkan nuansa citrus, maple syrup, almond yang bersih namun penuh kedalaman. Diciptakan bagi mereka yang memahami bahwa setiap puncak dimulai dari sebuah pagi.",Smooth,Java Preanger (Medium / Washed): 500g (50%) | Papua Dogiyai (Medium / Honey): 250g (25%) | Flores Bajawa (Light / Washed): 250g (25%) | total: 1000g,Versatile for Espresso & Filter
S-SPR-108,Spring,The First Ascent,Sebelum puncak — ada langkah pertama yang paling jujur.,Seasonal Blend,Stirring Cumulus,The First Ascent · Seasonal collection,Java Ciwidey Dark WetHulled 40% | Semeru Light Washed 60%,Medium,"Saat kabut pagi pertama mulai mengangkat tirainya, blend ini mempertemukan biji-biji dari Java Ciwidey serta Semeru dalam sebuah komposisi yang menceritakan kekayaan dataran Nusantara. Diproses dengan metode WetHulled dan Washed, menghadirkan nuansa dark tobacco, green tea, peat yang bersih namun penuh kedalaman. Untuk langkah pertama yang selalu lebih jujur dari seribu langkah berikutnya.",Round,Java Ciwidey (Dark / WetHulled): 400g (40%) | Semeru (Light / Washed): 600g (60%) | total: 1000g,Best for Moka Pot
S-SPR-109,Spring,The First Ascent,Sebelum puncak — ada langkah pertama yang paling jujur.,Seasonal Blend,Opening Headwater,The First Ascent · Seasonal collection,Toraja Kalosi Medium SemiWashed 50% | Lampung Robusta Premium Medium SemiWashed 30% | Java Ijen Raung Medium WetHulled 20%,Medium,"Dari mata air yang baru saja membuka jejaknya di lereng, blend ini mempertemukan biji-biji dari Toraja Kalosi serta Lampung Robusta Premium serta Java Ijen Raung dalam sebuah komposisi yang menceritakan kekayaan dataran Nusantara. Diproses dengan metode SemiWashed dan WetHulled, menghadirkan nuansa vanilla, leather, spice yang bersih namun penuh kedalaman. Untuk langkah pertama yang selalu lebih jujur dari seribu langkah berikutnya.",Round,Toraja Kalosi (Medium / SemiWashed): 500g (50%) | Lampung Robusta Premium (Medium / SemiWashed): 300g (30%) | Java Ijen Raung (Medium / WetHulled): 200g (20%) | total: 1000g,Best for Moka Pot
S-SPR-110,Spring,The First Ascent,Sebelum puncak — ada langkah pertama yang paling jujur.,Seasonal Blend,Drifting Vapor,The First Ascent · Seasonal collection,Java Temanggung Medium Anaerobic 55% | Bali Ulian Dark Washed 30% | Papua Dogiyai Dark Honey 15%,Medium,"Seperti embun yang jatuh pada daun pertama musim baru, blend ini mempertemukan biji-biji dari Java Temanggung serta Bali Ulian serta Papua Dogiyai dalam sebuah komposisi yang menceritakan kekayaan dataran Nusantara. Diproses dengan metode Anaerobic dan Washed, menghadirkan nuansa tamarind, burnt caramel, dark sugar yang bersih namun penuh kedalaman. Diciptakan bagi mereka yang memahami bahwa setiap puncak dimulai dari sebuah pagi.",Smooth,Java Temanggung (Medium / Anaerobic): 550g (55%) | Bali Ulian (Dark / Washed): 300g (30%) | Papua Dogiyai (Dark / Honey): 150g (15%) | total: 1000g,Versatile for Espresso & Filter
S-SPR-111,Spring,The First Ascent,Sebelum puncak — ada langkah pertama yang paling jujur.,Seasonal Blend,Ascending Moss,The First Ascent · Seasonal collection,Sidikalang Dark Wine 45% | Bali Kintamani Dark Anaerobic 55%,Dark,"Seperti embun yang jatuh pada daun pertama musim baru, blend ini mempertemukan biji-biji dari Sidikalang serta Bali Kintamani dalam sebuah komposisi yang menceritakan kekayaan dataran Nusantara. Diproses dengan metode Wine dan Anaerobic, menghadirkan nuansa smoke, black cherry, smoked plum yang bersih namun penuh kedalaman. Untuk langkah pertama yang selalu lebih jujur dari seribu langkah berikutnya.",Thick,Sidikalang (Dark / Wine): 450g (45%) | Bali Kintamani (Dark / Anaerobic): 550g (55%) | total: 1000g,Ideal untuk Ristretto
S-SPR-112,Spring,The First Ascent,Sebelum puncak — ada langkah pertama yang paling jujur.,Seasonal Blend,Shifting Clearance,The First Ascent · Seasonal collection,Wanoja Kamojang Light Anaerobic 50% | Java Preanger Dark Natural 30% | Aceh Gayo Dark WetHulled 20%,Medium,"Dari mata air yang baru saja membuka jejaknya di lereng, blend ini mempertemukan biji-biji dari Wanoja Kamojang serta Java Preanger serta Aceh Gayo dalam sebuah komposisi yang menceritakan kekayaan dataran Nusantara. Diproses dengan metode Anaerobic dan Natural, menghadirkan nuansa intense earth, cola, dark berry yang bersih namun penuh kedalaman. Sebuah perayaan atas keberanian memulai — ketika segala sesuatunya masih bersih dan mungkin.",Smooth,Wanoja Kamojang (Light / Anaerobic): 500g (50%) | Java Preanger (Dark / Natural): 300g (30%) | Aceh Gayo (Dark / WetHulled): 200g (20%) | total: 1000g,Best for Moka Pot
S-SPR-113,Spring,The First Ascent,Sebelum puncak — ada langkah pertama yang paling jujur.,Seasonal Blend,Nascent Rivulet,The First Ascent · Seasonal collection,Semeru Dark Wine 65% | Solok Radjo Dark Wine 35%,Dark,"Di mana benih harapan tumbuh dari tanah yang baru mencair, blend ini mempertemukan biji-biji dari Semeru serta Solok Radjo dalam sebuah komposisi yang menceritakan kekayaan dataran Nusantara. Diproses dengan metode Wine, menghadirkan nuansa aged wine, dark espresso, tobacco yang bersih namun penuh kedalaman. Untuk langkah pertama yang selalu lebih jujur dari seribu langkah berikutnya.",Bold,Semeru (Dark / Wine): 650g (65%) | Solok Radjo (Dark / Wine): 350g (35%) | total: 1000g,Ideal untuk Ristretto
S-SPR-114,Spring,The First Ascent,Sebelum puncak — ada langkah pertama yang paling jujur.,Seasonal Blend,Gentle Headwater,The First Ascent · Seasonal collection,Aceh Gayo Medium Natural 55% | Toraja Kalosi Medium Honey 45%,Medium,"Di mana benih harapan tumbuh dari tanah yang baru mencair, blend ini mempertemukan biji-biji dari Aceh Gayo serta Toraja Kalosi dalam sebuah komposisi yang menceritakan kekayaan dataran Nusantara. Diproses dengan metode Natural dan Honey, menghadirkan nuansa molasses, honey, dried apricot yang bersih namun penuh kedalaman. Diciptakan bagi mereka yang memahami bahwa setiap puncak dimulai dari sebuah pagi.",Round,Aceh Gayo (Medium / Natural): 550g (55%) | Toraja Kalosi (Medium / Honey): 450g (45%) | total: 1000g,Versatile for Espresso & Filter
S-SPR-115,Spring,The First Ascent,Sebelum puncak — ada langkah pertama yang paling jujur.,Seasonal Blend,Fresh Snowmelt,The First Ascent · Seasonal collection,Toraja Kalosi Dark WetHulled 60% | Papua Dogiyai Light Natural 25% | Bali Ulian Light SemiWashed 15%,Medium,"Seperti embun yang jatuh pada daun pertama musim baru, blend ini mempertemukan biji-biji dari Toraja Kalosi serta Papua Dogiyai serta Bali Ulian dalam sebuah komposisi yang menceritakan kekayaan dataran Nusantara. Diproses dengan metode WetHulled dan Natural, menghadirkan nuansa mandarin, strawberry, tropical fruit yang bersih namun penuh kedalaman. Untuk langkah pertama yang selalu lebih jujur dari seribu langkah berikutnya.",Smooth,Toraja Kalosi (Dark / WetHulled): 600g (60%) | Papua Dogiyai (Light / Natural): 250g (25%) | Bali Ulian (Light / SemiWashed): 150g (15%) | total: 1000g,Best for Moka Pot
S-SPR-116,Spring,The First Ascent,Sebelum puncak — ada langkah pertama yang paling jujur.,Seasonal Blend,Hovering Dew,The First Ascent · Seasonal collection,Toraja Kalosi Light Washed 55% | Dampit Malang Medium Natural 30% | Papua Wamena Medium WetHulled 15%,Light,"Di mana benih harapan tumbuh dari tanah yang baru mencair, blend ini mempertemukan biji-biji dari Toraja Kalosi serta Dampit Malang serta Papua Wamena dalam sebuah komposisi yang menceritakan kekayaan dataran Nusantara. Diproses dengan metode Washed dan Natural, menghadirkan nuansa spice, earthy, citrus yang bersih namun penuh kedalaman. Untuk langkah pertama yang selalu lebih jujur dari seribu langkah berikutnya.",Light Body,Toraja Kalosi (Light / Washed): 550g (55%) | Dampit Malang (Medium / Natural): 300g (30%) | Papua Wamena (Medium / WetHulled): 150g (15%) | total: 1000g,Best for V60
S-SPR-117,Spring,The First Ascent,Sebelum puncak — ada langkah pertama yang paling jujur.,Seasonal Blend,Morning Sunbreak,The First Ascent · Seasonal collection,Java Preanger Medium Washed 60% | Bengkulu Dark Washed 40%,Medium,"Saat kabut pagi pertama mulai mengangkat tirainya, blend ini mempertemukan biji-biji dari Java Preanger serta Bengkulu dalam sebuah komposisi yang menceritakan kekayaan dataran Nusantara. Diproses dengan metode Washed, menghadirkan nuansa almond, caramel, smoky caramel yang bersih namun penuh kedalaman. Diciptakan bagi mereka yang memahami bahwa setiap puncak dimulai dari sebuah pagi.",Round,Java Preanger (Medium / Washed): 600g (60%) | Bengkulu (Dark / Washed): 400g (40%) | total: 1000g,Best for Moka Pot
S-SPR-118,Spring,The First Ascent,Sebelum puncak — ada langkah pertama yang paling jujur.,Seasonal Blend,Hovering Frost,The First Ascent · Seasonal collection,Bali Kintamani Medium Honey 65% | Java Manglayang Light Honey 35%,Light,"Seperti embun yang jatuh pada daun pertama musim baru, blend ini mempertemukan biji-biji dari Bali Kintamani serta Java Manglayang dalam sebuah komposisi yang menceritakan kekayaan dataran Nusantara. Diproses dengan metode Honey, menghadirkan nuansa honeysuckle, white grape, apricot yang bersih namun penuh kedalaman. Sebuah perayaan atas keberanian memulai — ketika segala sesuatunya masih bersih dan mungkin.",Tea-like,Bali Kintamani (Medium / Honey): 650g (65%) | Java Manglayang (Light / Honey): 350g (35%) | total: 1000g,Best for V60
S-SPR-119,Spring,The First Ascent,Sebelum puncak — ada langkah pertama yang paling jujur.,Seasonal Blend,Blooming Cumulus,The First Ascent · Seasonal collection,Dampit Malang Light Anaerobic 60% | Java Ciwidey Medium Wine 40%,Light,"Dari mata air yang baru saja membuka jejaknya di lereng, blend ini mempertemukan biji-biji dari Dampit Malang serta Java Ciwidey dalam sebuah komposisi yang menceritakan kekayaan dataran Nusantara. Diproses dengan metode Anaerobic dan Wine, menghadirkan nuansa rum raisin, lychee, raspberry yang bersih namun penuh kedalaman. Sebuah perayaan atas keberanian memulai — ketika segala sesuatunya masih bersih dan mungkin.",Delicate,Dampit Malang (Light / Anaerobic): 600g (60%) | Java Ciwidey (Medium / Wine): 400g (40%) | total: 1000g,Best for V60
S-SPR-120,Spring,The First Ascent,Sebelum puncak — ada langkah pertama yang paling jujur.,Seasonal Blend,Rising Sunbreak,The First Ascent · Seasonal collection,Kerinci Kayu Aro Light SemiWashed 60% | Java Garut Dark Anaerobic 40%,Medium,"Terinspirasi dari fajar yang menerangi jalur yang belum pernah dilalui, blend ini mempertemukan biji-biji dari Kerinci Kayu Aro serta Java Garut dalam sebuah komposisi yang menceritakan kekayaan dataran Nusantara. Diproses dengan metode SemiWashed dan Anaerobic, menghadirkan nuansa fermented cocoa, oolong tea, smoke yang bersih namun penuh kedalaman. Diciptakan bagi mereka yang memahami bahwa setiap puncak dimulai dari sebuah pagi.",Balanced,Kerinci Kayu Aro (Light / SemiWashed): 600g (60%) | Java Garut (Dark / Anaerobic): 400g (40%) | total: 1000g,Best for Moka Pot
S-SPR-121,Spring,The First Ascent,Sebelum puncak — ada langkah pertama yang paling jujur.,Seasonal Blend,Morning Pollen,The First Ascent · Seasonal collection,Aceh Gayo Medium Anaerobic 50% | Java Ciwidey Dark Natural 50%,Dark,"Seperti embun yang jatuh pada daun pertama musim baru, blend ini mempertemukan biji-biji dari Aceh Gayo serta Java Ciwidey dalam sebuah komposisi yang menceritakan kekayaan dataran Nusantara. Diproses dengan metode Anaerobic dan Natural, menghadirkan nuansa tamarind, tropical punch, licorice yang bersih namun penuh kedalaman. Blend yang merekam kesegaran dari tempat di mana perjalanan baru saja dimulai.",Bold,Aceh Gayo (Medium / Anaerobic): 500g (50%) | Java Ciwidey (Dark / Natural): 500g (50%) | total: 1000g,Best for Batch Brew
S-SPR-122,Spring,The First Ascent,Sebelum puncak — ada langkah pertama yang paling jujur.,Seasonal Blend,Gathering Lichen,The First Ascent · Seasonal collection,Java Sindoro Medium Natural 50% | Sembalun Rinjani Light Wine 25% | Bengkulu Medium Washed 25%,Medium,"Terinspirasi dari fajar yang menerangi jalur yang belum pernah dilalui, blend ini mempertemukan biji-biji dari Java Sindoro serta Sembalun Rinjani serta Bengkulu dalam sebuah komposisi yang menceritakan kekayaan dataran Nusantara. Diproses dengan metode Natural dan Wine, menghadirkan nuansa molasses, dark cherry, grape must yang bersih namun penuh kedalaman. Blend yang merekam kesegaran dari tempat di mana perjalanan baru saja dimulai.",Smooth,Java Sindoro (Medium / Natural): 500g (50%) | Sembalun Rinjani (Light / Wine): 250g (25%) | Bengkulu (Medium / Washed): 250g (25%) | total: 1000g,Best for Moka Pot
S-SPR-123,Spring,The First Ascent,Sebelum puncak — ada langkah pertama yang paling jujur.,Seasonal Blend,Pure Moss,The First Ascent · Seasonal collection,Arjuno Dark Honey 45% | Kerinci Kayu Aro Light SemiWashed 35% | Kerinci Kayu Aro Medium Wine 20%,Medium,"Di mana benih harapan tumbuh dari tanah yang baru mencair, blend ini mempertemukan biji-biji dari Arjuno serta Kerinci Kayu Aro serta Kerinci Kayu Aro dalam sebuah komposisi yang menceritakan kekayaan dataran Nusantara. Diproses dengan metode Honey dan SemiWashed, menghadirkan nuansa papaya, espresso, smoked almond yang bersih namun penuh kedalaman. Diciptakan bagi mereka yang memahami bahwa setiap puncak dimulai dari sebuah pagi.",Balanced,Arjuno (Dark / Honey): 450g (45%) | Kerinci Kayu Aro (Light / SemiWashed): 350g (35%) | Kerinci Kayu Aro (Medium / Wine): 200g (20%) | total: 1000g,Cocok untuk French Press & Espresso
S-SPR-124,Spring,The First Ascent,Sebelum puncak — ada langkah pertama yang paling jujur.,Seasonal Blend,Gathering Mist,The First Ascent · Seasonal collection,Lampung Robusta Premium Dark Wine 60% | Lintong Onan Light Anaerobic 25% | Lampung Robusta Premium Light Washed 15%,Medium,"Dari mata air yang baru saja membuka jejaknya di lereng, blend ini mempertemukan biji-biji dari Lampung Robusta Premium serta Lintong Onan serta Lampung Robusta Premium dalam sebuah komposisi yang menceritakan kekayaan dataran Nusantara. Diproses dengan metode Wine dan Anaerobic, menghadirkan nuansa bergamot, rum raisin, citrus yang bersih namun penuh kedalaman. Blend yang merekam kesegaran dari tempat di mana perjalanan baru saja dimulai.",Velvety,Lampung Robusta Premium (Dark / Wine): 600g (60%) | Lintong Onan (Light / Anaerobic): 250g (25%) | Lampung Robusta Premium (Light / Washed): 150g (15%) | total: 1000g,Versatile for Espresso & Filter
S-SPR-125,Spring,The First Ascent,Sebelum puncak — ada langkah pertama yang paling jujur.,Seasonal Blend,New Cloud,The First Ascent · Seasonal collection,Aceh Gayo Light WetHulled 70% | Sembalun Rinjani Medium SemiWashed 30%,Light,"Di mana benih harapan tumbuh dari tanah yang baru mencair, blend ini mempertemukan biji-biji dari Aceh Gayo serta Sembalun Rinjani dalam sebuah komposisi yang menceritakan kekayaan dataran Nusantara. Diproses dengan metode WetHulled dan SemiWashed, menghadirkan nuansa milk caramel, apricot jam, vanilla yang bersih namun penuh kedalaman. Untuk langkah pertama yang selalu lebih jujur dari seribu langkah berikutnya.",Light Body,Aceh Gayo (Light / WetHulled): 700g (70%) | Sembalun Rinjani (Medium / SemiWashed): 300g (30%) | total: 1000g,Pour Over Recommended
S-SPR-126,Spring,The First Ascent,Sebelum puncak — ada langkah pertama yang paling jujur.,Seasonal Blend,Young Cumulus,The First Ascent · Seasonal collection,Toraja Sapan Dark Washed 70% | Bukit Barisan Light SemiWashed 30%,Medium,"Di mana benih harapan tumbuh dari tanah yang baru mencair, blend ini mempertemukan biji-biji dari Toraja Sapan serta Bukit Barisan dalam sebuah komposisi yang menceritakan kekayaan dataran Nusantara. Diproses dengan metode Washed dan SemiWashed, menghadirkan nuansa smoky caramel, bitter chocolate, molasses yang bersih namun penuh kedalaman. Diciptakan bagi mereka yang memahami bahwa setiap puncak dimulai dari sebuah pagi.",Round,Toraja Sapan (Dark / Washed): 700g (70%) | Bukit Barisan (Light / SemiWashed): 300g (30%) | total: 1000g,Best for Moka Pot
S-SPR-127,Spring,The First Ascent,Sebelum puncak — ada langkah pertama yang paling jujur.,Seasonal Blend,Stirring Cloud,The First Ascent · Seasonal collection,Dampit Malang Medium Washed 60% | Dampit Malang Dark SemiWashed 40%,Medium,"Dari mata air yang baru saja membuka jejaknya di lereng, blend ini mempertemukan biji-biji dari Dampit Malang serta Dampit Malang dalam sebuah komposisi yang menceritakan kekayaan dataran Nusantara. Diproses dengan metode Washed dan SemiWashed, menghadirkan nuansa hazelnut, milk chocolate, almond yang bersih namun penuh kedalaman. Diciptakan bagi mereka yang memahami bahwa setiap puncak dimulai dari sebuah pagi.",Smooth,Dampit Malang (Medium / Washed): 600g (60%) | Dampit Malang (Dark / SemiWashed): 400g (40%) | total: 1000g,Cocok untuk French Press & Espresso
S-SPR-128,Spring,The First Ascent,Sebelum puncak — ada langkah pertama yang paling jujur.,Seasonal Blend,Drifting Wellspring,The First Ascent · Seasonal collection,Bengkulu Light Anaerobic 55% | Bali Kintamani Medium Wine 45%,Light,"Terinspirasi dari fajar yang menerangi jalur yang belum pernah dilalui, blend ini mempertemukan biji-biji dari Bengkulu serta Bali Kintamani dalam sebuah komposisi yang menceritakan kekayaan dataran Nusantara. Diproses dengan metode Anaerobic dan Wine, menghadirkan nuansa port wine, roasted grape, balsamic yang bersih namun penuh kedalaman. Untuk langkah pertama yang selalu lebih jujur dari seribu langkah berikutnya.",Light Body,Bengkulu (Light / Anaerobic): 550g (55%) | Bali Kintamani (Medium / Wine): 450g (45%) | total: 1000g,Ideal for Chemex
S-SPR-129,Spring,The First Ascent,Sebelum puncak — ada langkah pertama yang paling jujur.,Seasonal Blend,Drifting Frost,The First Ascent · Seasonal collection,Toraja Sapan Medium Wine 65% | Lampung Robusta Premium Dark WetHulled 35%,Medium,"Terinspirasi dari fajar yang menerangi jalur yang belum pernah dilalui, blend ini mempertemukan biji-biji dari Toraja Sapan serta Lampung Robusta Premium dalam sebuah komposisi yang menceritakan kekayaan dataran Nusantara. Diproses dengan metode Wine dan WetHulled, menghadirkan nuansa espresso, peat, port wine yang bersih namun penuh kedalaman. Blend yang merekam kesegaran dari tempat di mana perjalanan baru saja dimulai.",Medium Body,Toraja Sapan (Medium / Wine): 650g (65%) | Lampung Robusta Premium (Dark / WetHulled): 350g (35%) | total: 1000g,Best for Moka Pot
S-SPR-130,Spring,The First Ascent,Sebelum puncak — ada langkah pertama yang paling jujur.,Seasonal Blend,Rising Clearance,The First Ascent · Seasonal collection,Flores Manggarai Light SemiWashed 45% | Dampit Malang Light Washed 35% | Java Preanger Dark Anaerobic 20%,Light,"Terinspirasi dari fajar yang menerangi jalur yang belum pernah dilalui, blend ini mempertemukan biji-biji dari Flores Manggarai serta Dampit Malang serta Java Preanger dalam sebuah komposisi yang menceritakan kekayaan dataran Nusantara. Diproses dengan metode SemiWashed dan Washed, menghadirkan nuansa papaya, lemon zest, peach yang bersih namun penuh kedalaman. Untuk langkah pertama yang selalu lebih jujur dari seribu langkah berikutnya.",Clean,Flores Manggarai (Light / SemiWashed): 450g (45%) | Dampit Malang (Light / Washed): 350g (35%) | Java Preanger (Dark / Anaerobic): 200g (20%) | total: 1000g,Ideal for Chemex
S-SPR-131,Spring,The First Ascent,Sebelum puncak — ada langkah pertama yang paling jujur.,Seasonal Blend,Rising Wellspring,The First Ascent · Seasonal collection,Wanoja Kamojang Dark WetHulled 55% | Gunung Halu Medium Washed 30% | Bengkulu Dark Washed 15%,Dark,"Saat kabut pagi pertama mulai mengangkat tirainya, blend ini mempertemukan biji-biji dari Wanoja Kamojang serta Gunung Halu serta Bengkulu dalam sebuah komposisi yang menceritakan kekayaan dataran Nusantara. Diproses dengan metode WetHulled dan Washed, menghadirkan nuansa molasses, dark tobacco, brown sugar yang bersih namun penuh kedalaman. Sebuah perayaan atas keberanian memulai — ketika segala sesuatunya masih bersih dan mungkin.",Heavy Body,Wanoja Kamojang (Dark / WetHulled): 550g (55%) | Gunung Halu (Medium / Washed): 300g (30%) | Bengkulu (Dark / Washed): 150g (15%) | total: 1000g,Best for Espresso
S-SPR-132,Spring,The First Ascent,Sebelum puncak — ada langkah pertama yang paling jujur.,Seasonal Blend,Hovering Pollen,The First Ascent · Seasonal collection,Solok Radjo Light SemiWashed 40% | Bengkulu Medium SemiWashed 35% | Arjuno Medium Washed 25%,Light,"Seperti embun yang jatuh pada daun pertama musim baru, blend ini mempertemukan biji-biji dari Solok Radjo serta Bengkulu serta Arjuno dalam sebuah komposisi yang menceritakan kekayaan dataran Nusantara. Diproses dengan metode SemiWashed dan Washed, menghadirkan nuansa almond, vanilla, apricot jam yang bersih namun penuh kedalaman. Diciptakan bagi mereka yang memahami bahwa setiap puncak dimulai dari sebuah pagi.",Tea-like,Solok Radjo (Light / SemiWashed): 400g (40%) | Bengkulu (Medium / SemiWashed): 350g (35%) | Arjuno (Medium / Washed): 250g (25%) | total: 1000g,Ideal for Chemex
S-SPR-133,Spring,The First Ascent,Sebelum puncak — ada langkah pertama yang paling jujur.,Seasonal Blend,Drifting Mist,The First Ascent · Seasonal collection,Java Manglayang Light SemiWashed 60% | Gunung Halu Dark SemiWashed 25% | Lintong Onan Light Honey 15%,Light,"Di mana benih harapan tumbuh dari tanah yang baru mencair, blend ini mempertemukan biji-biji dari Java Manglayang serta Gunung Halu serta Lintong Onan dalam sebuah komposisi yang menceritakan kekayaan dataran Nusantara. Diproses dengan metode SemiWashed dan Honey, menghadirkan nuansa white grape, papaya, pear yang bersih namun penuh kedalaman. Untuk langkah pertama yang selalu lebih jujur dari seribu langkah berikutnya.",Silky,Java Manglayang (Light / SemiWashed): 600g (60%) | Gunung Halu (Dark / SemiWashed): 250g (25%) | Lintong Onan (Light / Honey): 150g (15%) | total: 1000g,Cocok untuk AeroPress
S-SPR-134,Spring,The First Ascent,Sebelum puncak — ada langkah pertama yang paling jujur.,Seasonal Blend,Breaking Clearwater,The First Ascent · Seasonal collection,Mandheling Dark WetHulled 55% | Flores Manggarai Medium Anaerobic 45%,Dark,"Terinspirasi dari fajar yang menerangi jalur yang belum pernah dilalui, blend ini mempertemukan biji-biji dari Mandheling serta Flores Manggarai dalam sebuah komposisi yang menceritakan kekayaan dataran Nusantara. Diproses dengan metode WetHulled dan Anaerobic, menghadirkan nuansa intense earth, dark tobacco, tropical punch yang bersih namun penuh kedalaman. Diciptakan bagi mereka yang memahami bahwa setiap puncak dimulai dari sebuah pagi.",Heavy Body,Mandheling (Dark / WetHulled): 550g (55%) | Flores Manggarai (Medium / Anaerobic): 450g (45%) | total: 1000g,Cocok untuk Cold Brew
S-SPR-135,Spring,The First Ascent,Sebelum puncak — ada langkah pertama yang paling jujur.,Seasonal Blend,Early Vapor,The First Ascent · Seasonal collection,Bukit Barisan Dark Honey 70% | Toraja Sapan Medium Natural 30%,Dark,"Dari mata air yang baru saja membuka jejaknya di lereng, blend ini mempertemukan biji-biji dari Bukit Barisan serta Toraja Sapan dalam sebuah komposisi yang menceritakan kekayaan dataran Nusantara. Diproses dengan metode Honey dan Natural, menghadirkan nuansa smoked almond, dark chocolate, molasses yang bersih namun penuh kedalaman. Sebuah perayaan atas keberanian memulai — ketika segala sesuatunya masih bersih dan mungkin.",Bold,Bukit Barisan (Dark / Honey): 700g (70%) | Toraja Sapan (Medium / Natural): 300g (30%) | total: 1000g,Cocok untuk Cold Brew
S-SPR-136,Spring,The First Ascent,Sebelum puncak — ada langkah pertama yang paling jujur.,Seasonal Blend,Pure Cloud,The First Ascent · Seasonal collection,Flores Manggarai Medium Wine 60% | Java Manglayang Medium Natural 40%,Medium,"Dari mata air yang baru saja membuka jejaknya di lereng, blend ini mempertemukan biji-biji dari Flores Manggarai serta Java Manglayang dalam sebuah komposisi yang menceritakan kekayaan dataran Nusantara. Diproses dengan metode Wine dan Natural, menghadirkan nuansa dried fig, port wine, prune yang bersih namun penuh kedalaman. Sebuah perayaan atas keberanian memulai — ketika segala sesuatunya masih bersih dan mungkin.",Round,Flores Manggarai (Medium / Wine): 600g (60%) | Java Manglayang (Medium / Natural): 400g (40%) | total: 1000g,Cocok untuk French Press & Espresso
S-SPR-137,Spring,The First Ascent,Sebelum puncak — ada langkah pertama yang paling jujur.,Seasonal Blend,Breaking Cumulus,The First Ascent · Seasonal collection,Bali Kintamani Light SemiWashed 50% | Java Ijen Raung Light Natural 25% | Lampung Robusta Premium Medium Natural 25%,Light,"Terinspirasi dari fajar yang menerangi jalur yang belum pernah dilalui, blend ini mempertemukan biji-biji dari Bali Kintamani serta Java Ijen Raung serta Lampung Robusta Premium dalam sebuah komposisi yang menceritakan kekayaan dataran Nusantara. Diproses dengan metode SemiWashed dan Natural, menghadirkan nuansa light caramel, prune, dried fig yang bersih namun penuh kedalaman. Untuk langkah pertama yang selalu lebih jujur dari seribu langkah berikutnya.",Silky,Bali Kintamani (Light / SemiWashed): 500g (50%) | Java Ijen Raung (Light / Natural): 250g (25%) | Lampung Robusta Premium (Medium / Natural): 250g (25%) | total: 1000g,Best for V60
S-SPR-138,Spring,The First Ascent,Sebelum puncak — ada langkah pertama yang paling jujur.,Seasonal Blend,Stirring Dew,The First Ascent · Seasonal collection,Aceh Gayo Dark Washed 65% | Bali Ulian Light Washed 35%,Medium,"Dari mata air yang baru saja membuka jejaknya di lereng, blend ini mempertemukan biji-biji dari Aceh Gayo serta Bali Ulian dalam sebuah komposisi yang menceritakan kekayaan dataran Nusantara. Diproses dengan metode Washed, menghadirkan nuansa molasses, lemon zest, smoky caramel yang bersih namun penuh kedalaman. Diciptakan bagi mereka yang memahami bahwa setiap puncak dimulai dari sebuah pagi.",Velvety,Aceh Gayo (Dark / Washed): 650g (65%) | Bali Ulian (Light / Washed): 350g (35%) | total: 1000g,Best for Moka Pot
S-SPR-139,Spring,The First Ascent,Sebelum puncak — ada langkah pertama yang paling jujur.,Seasonal Blend,Still Blossom,The First Ascent · Seasonal collection,Java Ijen Raung Light Wine 45% | Sembalun Rinjani Dark Anaerobic 35% | Lampung Robusta Premium Light Washed 20%,Medium,"Seperti embun yang jatuh pada daun pertama musim baru, blend ini mempertemukan biji-biji dari Java Ijen Raung serta Sembalun Rinjani serta Lampung Robusta Premium dalam sebuah komposisi yang menceritakan kekayaan dataran Nusantara. Diproses dengan metode Wine dan Anaerobic, menghadirkan nuansa peach, grape must, black cherry yang bersih namun penuh kedalaman. Diciptakan bagi mereka yang memahami bahwa setiap puncak dimulai dari sebuah pagi.",Round,Java Ijen Raung (Light / Wine): 450g (45%) | Sembalun Rinjani (Dark / Anaerobic): 350g (35%) | Lampung Robusta Premium (Light / Washed): 200g (20%) | total: 1000g,Best for Moka Pot
S-SPR-140,Spring,The First Ascent,Sebelum puncak — ada langkah pertama yang paling jujur.,Seasonal Blend,Still Snowmelt,The First Ascent · Seasonal collection,Sembalun Rinjani Dark Natural 40% | Java Temanggung Medium Washed 35% | Java Preanger Medium Anaerobic 25%,Medium,"Ketika langkah pertama meninggalkan bekas di tanah yang bersih, blend ini mempertemukan biji-biji dari Sembalun Rinjani serta Java Temanggung serta Java Preanger dalam sebuah komposisi yang menceritakan kekayaan dataran Nusantara. Diproses dengan metode Natural dan Washed, menghadirkan nuansa dark berry, licorice, cacao nib yang bersih namun penuh kedalaman. Untuk langkah pertama yang selalu lebih jujur dari seribu langkah berikutnya.",Medium Body,Sembalun Rinjani (Dark / Natural): 400g (40%) | Java Temanggung (Medium / Washed): 350g (35%) | Java Preanger (Medium / Anaerobic): 250g (25%) | total: 1000g,Cocok untuk French Press & Espresso
S-SPR-141,Spring,The First Ascent,Sebelum puncak — ada langkah pertama yang paling jujur.,Seasonal Blend,Thin Cumulus,The First Ascent · Seasonal collection,Mandheling Dark Anaerobic 45% | Bengkulu Light WetHulled 35% | Bali Kintamani Medium WetHulled 20%,Medium,"Seperti embun yang jatuh pada daun pertama musim baru, blend ini mempertemukan biji-biji dari Mandheling serta Bengkulu serta Bali Kintamani dalam sebuah komposisi yang menceritakan kekayaan dataran Nusantara. Diproses dengan metode Anaerobic dan WetHulled, menghadirkan nuansa mushroom, earthy, green pepper yang bersih namun penuh kedalaman. Untuk langkah pertama yang selalu lebih jujur dari seribu langkah berikutnya.",Round,Mandheling (Dark / Anaerobic): 450g (45%) | Bengkulu (Light / WetHulled): 350g (35%) | Bali Kintamani (Medium / WetHulled): 200g (20%) | total: 1000g,Best for Moka Pot
S-SPR-142,Spring,The First Ascent,Sebelum puncak — ada langkah pertama yang paling jujur.,Seasonal Blend,Young Pollen,The First Ascent · Seasonal collection,Java Sindoro Light Natural 60% | Lintong Onan Light Anaerobic 25% | Bali Kintamani Medium WetHulled 15%,Light,"Seperti embun yang jatuh pada daun pertama musim baru, blend ini mempertemukan biji-biji dari Java Sindoro serta Lintong Onan serta Bali Kintamani dalam sebuah komposisi yang menceritakan kekayaan dataran Nusantara. Diproses dengan metode Natural dan Anaerobic, menghadirkan nuansa earthy, strawberry, watermelon yang bersih namun penuh kedalaman. Untuk langkah pertama yang selalu lebih jujur dari seribu langkah berikutnya.",Light Body,Java Sindoro (Light / Natural): 600g (60%) | Lintong Onan (Light / Anaerobic): 250g (25%) | Bali Kintamani (Medium / WetHulled): 150g (15%) | total: 1000g,Pour Over Recommended
S-SPR-143,Spring,The First Ascent,Sebelum puncak — ada langkah pertama yang paling jujur.,Seasonal Blend,Thin Wellspring,The First Ascent · Seasonal collection,Flores Manggarai Light Natural 50% | Gunung Halu Medium Honey 25% | Kerinci Kayu Aro Dark WetHulled 25%,Medium,"Saat kabut pagi pertama mulai mengangkat tirainya, blend ini mempertemukan biji-biji dari Flores Manggarai serta Gunung Halu serta Kerinci Kayu Aro dalam sebuah komposisi yang menceritakan kekayaan dataran Nusantara. Diproses dengan metode Natural dan Honey, menghadirkan nuansa blueberry, dried apricot, clove yang bersih namun penuh kedalaman. Diciptakan bagi mereka yang memahami bahwa setiap puncak dimulai dari sebuah pagi.",Medium Body,Flores Manggarai (Light / Natural): 500g (50%) | Gunung Halu (Medium / Honey): 250g (25%) | Kerinci Kayu Aro (Dark / WetHulled): 250g (25%) | total: 1000g,Best for Moka Pot
S-SPR-144,Spring,The First Ascent,Sebelum puncak — ada langkah pertama yang paling jujur.,Seasonal Blend,Wispy Cloud,The First Ascent · Seasonal collection,Wanoja Kamojang Dark Washed 45% | Wanoja Kamojang Medium Natural 35% | Kerinci Kayu Aro Dark Washed 20%,Dark,"Dari mata air yang baru saja membuka jejaknya di lereng, blend ini mempertemukan biji-biji dari Wanoja Kamojang serta Wanoja Kamojang serta Kerinci Kayu Aro dalam sebuah komposisi yang menceritakan kekayaan dataran Nusantara. Diproses dengan metode Washed dan Natural, menghadirkan nuansa berry jam, bitter chocolate, prune yang bersih namun penuh kedalaman. Untuk langkah pertama yang selalu lebih jujur dari seribu langkah berikutnya.",Syrupy,Wanoja Kamojang (Dark / Washed): 450g (45%) | Wanoja Kamojang (Medium / Natural): 350g (35%) | Kerinci Kayu Aro (Dark / Washed): 200g (20%) | total: 1000g,Best for Espresso
S-SPR-145,Spring,The First Ascent,Sebelum puncak — ada langkah pertama yang paling jujur.,Seasonal Blend,Tender Lichen,The First Ascent · Seasonal collection,Aceh Gayo Light Natural 50% | Solok Radjo Light WetHulled 25% | Sidikalang Light WetHulled 25%,Light,"Di mana benih harapan tumbuh dari tanah yang baru mencair, blend ini mempertemukan biji-biji dari Aceh Gayo serta Solok Radjo serta Sidikalang dalam sebuah komposisi yang menceritakan kekayaan dataran Nusantara. Diproses dengan metode Natural dan WetHulled, menghadirkan nuansa cedar, tropical fruit, lime yang bersih namun penuh kedalaman. Diciptakan bagi mereka yang memahami bahwa setiap puncak dimulai dari sebuah pagi.",Delicate,Aceh Gayo (Light / Natural): 500g (50%) | Solok Radjo (Light / WetHulled): 250g (25%) | Sidikalang (Light / WetHulled): 250g (25%) | total: 1000g,Best for V60
S-SPR-146,Spring,The First Ascent,Sebelum puncak — ada langkah pertama yang paling jujur.,Seasonal Blend,Hovering Clearwater,The First Ascent · Seasonal collection,Papua Wamena Medium WetHulled 40% | Bengkulu Light Honey 35% | Bukit Barisan Light SemiWashed 25%,Light,"Di mana benih harapan tumbuh dari tanah yang baru mencair, blend ini mempertemukan biji-biji dari Papua Wamena serta Bengkulu serta Bukit Barisan dalam sebuah komposisi yang menceritakan kekayaan dataran Nusantara. Diproses dengan metode WetHulled dan Honey, menghadirkan nuansa white grape, pear, nectarine yang bersih namun penuh kedalaman. Diciptakan bagi mereka yang memahami bahwa setiap puncak dimulai dari sebuah pagi.",Delicate,Papua Wamena (Medium / WetHulled): 400g (40%) | Bengkulu (Light / Honey): 350g (35%) | Bukit Barisan (Light / SemiWashed): 250g (25%) | total: 1000g,Ideal for Chemex
S-SPR-147,Spring,The First Ascent,Sebelum puncak — ada langkah pertama yang paling jujur.,Seasonal Blend,Faint Moss,The First Ascent · Seasonal collection,Papua Dogiyai Light Honey 65% | Toraja Sapan Dark Wine 35%,Medium,"Dari mata air yang baru saja membuka jejaknya di lereng, blend ini mempertemukan biji-biji dari Papua Dogiyai serta Toraja Sapan dalam sebuah komposisi yang menceritakan kekayaan dataran Nusantara. Diproses dengan metode Honey dan Wine, menghadirkan nuansa white grape, floral, nectarine yang bersih namun penuh kedalaman. Untuk langkah pertama yang selalu lebih jujur dari seribu langkah berikutnya.",Round,Papua Dogiyai (Light / Honey): 650g (65%) | Toraja Sapan (Dark / Wine): 350g (35%) | total: 1000g,Versatile for Espresso & Filter
S-SPR-148,Spring,The First Ascent,Sebelum puncak — ada langkah pertama yang paling jujur.,Seasonal Blend,Early Spore,The First Ascent · Seasonal collection,Bali Ulian Dark Honey 40% | Papua Dogiyai Medium Natural 60%,Medium,"Saat kabut pagi pertama mulai mengangkat tirainya, blend ini mempertemukan biji-biji dari Bali Ulian serta Papua Dogiyai dalam sebuah komposisi yang menceritakan kekayaan dataran Nusantara. Diproses dengan metode Honey dan Natural, menghadirkan nuansa burnt caramel, dried fig, dark sugar yang bersih namun penuh kedalaman. Blend yang merekam kesegaran dari tempat di mana perjalanan baru saja dimulai.",Round,Bali Ulian (Dark / Honey): 400g (40%) | Papua Dogiyai (Medium / Natural): 600g (60%) | total: 1000g,Versatile for Espresso & Filter
S-SPR-149,Spring,The First Ascent,Sebelum puncak — ada langkah pertama yang paling jujur.,Seasonal Blend,Rising Spore,The First Ascent · Seasonal collection,Java Preanger Light Washed 40% | Flores Manggarai Medium Wine 60%,Light,"Terinspirasi dari fajar yang menerangi jalur yang belum pernah dilalui, blend ini mempertemukan biji-biji dari Java Preanger serta Flores Manggarai dalam sebuah komposisi yang menceritakan kekayaan dataran Nusantara. Diproses dengan metode Washed dan Wine, menghadirkan nuansa dark plum, bergamot, espresso yang bersih namun penuh kedalaman. Sebuah perayaan atas keberanian memulai — ketika segala sesuatunya masih bersih dan mungkin.",Delicate,Java Preanger (Light / Washed): 400g (40%) | Flores Manggarai (Medium / Wine): 600g (60%) | total: 1000g,Pour Over Recommended
S-SPR-150,Spring,The First Ascent,Sebelum puncak — ada langkah pertama yang paling jujur.,Seasonal Blend,Fresh Mist,The First Ascent · Seasonal collection,Papua Wamena Dark Honey 40% | Bali Kintamani Medium Natural 60%,Medium,"Ketika langkah pertama meninggalkan bekas di tanah yang bersih, blend ini mempertemukan biji-biji dari Papua Wamena serta Bali Kintamani dalam sebuah komposisi yang menceritakan kekayaan dataran Nusantara. Diproses dengan metode Honey dan Natural, menghadirkan nuansa toffee, dark sugar, berry jam yang bersih namun penuh kedalaman. Sebuah perayaan atas keberanian memulai — ketika segala sesuatunya masih bersih dan mungkin.",Smooth,Papua Wamena (Dark / Honey): 400g (40%) | Bali Kintamani (Medium / Natural): 600g (60%) | total: 1000g,Cocok untuk French Press & Espresso
S-SPR-151,Spring,The First Ascent,Sebelum puncak — ada langkah pertama yang paling jujur.,Seasonal Blend,Quiet Haze,The First Ascent · Seasonal collection,Flores Manggarai Medium Honey 50% | Flores Bajawa Medium Washed 50%,Medium,"Ketika langkah pertama meninggalkan bekas di tanah yang bersih, blend ini mempertemukan biji-biji dari Flores Manggarai serta Flores Bajawa dalam sebuah komposisi yang menceritakan kekayaan dataran Nusantara. Diproses dengan metode Honey dan Washed, menghadirkan nuansa hazelnut, almond, brown sugar yang bersih namun penuh kedalaman. Blend yang merekam kesegaran dari tempat di mana perjalanan baru saja dimulai.",Smooth,Flores Manggarai (Medium / Honey): 500g (50%) | Flores Bajawa (Medium / Washed): 500g (50%) | total: 1000g,Cocok untuk French Press & Espresso
S-SPR-152,Spring,The First Ascent,Sebelum puncak — ada langkah pertama yang paling jujur.,Seasonal Blend,Waking Brook,The First Ascent · Seasonal collection,Kerinci Kayu Aro Medium Honey 60% | Lintong Onan Light SemiWashed 25% | Java Sindoro Medium SemiWashed 15%,Medium,"Dari mata air yang baru saja membuka jejaknya di lereng, blend ini mempertemukan biji-biji dari Kerinci Kayu Aro serta Lintong Onan serta Java Sindoro dalam sebuah komposisi yang menceritakan kekayaan dataran Nusantara. Diproses dengan metode Honey dan SemiWashed, menghadirkan nuansa oolong tea, macadamia, maple syrup yang bersih namun penuh kedalaman. Blend yang merekam kesegaran dari tempat di mana perjalanan baru saja dimulai.",Round,Kerinci Kayu Aro (Medium / Honey): 600g (60%) | Lintong Onan (Light / SemiWashed): 250g (25%) | Java Sindoro (Medium / SemiWashed): 150g (15%) | total: 1000g,Cocok untuk French Press & Espresso
S-SPR-153,Spring,The First Ascent,Sebelum puncak — ada langkah pertama yang paling jujur.,Seasonal Blend,Drifting Dew,The First Ascent · Seasonal collection,Flores Bajawa Dark Natural 60% | Papua Dogiyai Medium Anaerobic 25% | Flores Manggarai Dark WetHulled 15%,Dark,"Di mana benih harapan tumbuh dari tanah yang baru mencair, blend ini mempertemukan biji-biji dari Flores Bajawa serta Papua Dogiyai serta Flores Manggarai dalam sebuah komposisi yang menceritakan kekayaan dataran Nusantara. Diproses dengan metode Natural dan Anaerobic, menghadirkan nuansa cacao nib, tropical punch, licorice yang bersih namun penuh kedalaman. Blend yang merekam kesegaran dari tempat di mana perjalanan baru saja dimulai.",Thick,Flores Bajawa (Dark / Natural): 600g (60%) | Papua Dogiyai (Medium / Anaerobic): 250g (25%) | Flores Manggarai (Dark / WetHulled): 150g (15%) | total: 1000g,Best for Batch Brew
S-SPR-154,Spring,The First Ascent,Sebelum puncak — ada langkah pertama yang paling jujur.,Seasonal Blend,Waking Cumulus,The First Ascent · Seasonal collection,Bali Kintamani Light Natural 55% | Bali Ulian Medium Honey 30% | Gunung Halu Medium Natural 15%,Light,"Dari mata air yang baru saja membuka jejaknya di lereng, blend ini mempertemukan biji-biji dari Bali Kintamani serta Bali Ulian serta Gunung Halu dalam sebuah komposisi yang menceritakan kekayaan dataran Nusantara. Diproses dengan metode Natural dan Honey, menghadirkan nuansa watermelon, dark chocolate, honey yang bersih namun penuh kedalaman. Diciptakan bagi mereka yang memahami bahwa setiap puncak dimulai dari sebuah pagi.",Silky,Bali Kintamani (Light / Natural): 550g (55%) | Bali Ulian (Medium / Honey): 300g (30%) | Gunung Halu (Medium / Natural): 150g (15%) | total: 1000g,Best for V60
S-SPR-155,Spring,The First Ascent,Sebelum puncak — ada langkah pertama yang paling jujur.,Seasonal Blend,Fresh Brook,The First Ascent · Seasonal collection,Java Ciwidey Dark Natural 50% | Java Sindoro Light WetHulled 25% | Wanoja Kamojang Dark Natural 25%,Dark,"Ketika langkah pertama meninggalkan bekas di tanah yang bersih, blend ini mempertemukan biji-biji dari Java Ciwidey serta Java Sindoro serta Wanoja Kamojang dalam sebuah komposisi yang menceritakan kekayaan dataran Nusantara. Diproses dengan metode Natural dan WetHulled, menghadirkan nuansa tar, charcoal, lime yang bersih namun penuh kedalaman. Untuk langkah pertama yang selalu lebih jujur dari seribu langkah berikutnya.",Thick,Java Ciwidey (Dark / Natural): 500g (50%) | Java Sindoro (Light / WetHulled): 250g (25%) | Wanoja Kamojang (Dark / Natural): 250g (25%) | total: 1000g,Cocok untuk Cold Brew
S-SPR-156,Spring,The First Ascent,Sebelum puncak — ada langkah pertama yang paling jujur.,Seasonal Blend,Climbing Mist,The First Ascent · Seasonal collection,Sembalun Rinjani Medium Anaerobic 60% | Bukit Barisan Dark SemiWashed 40%,Medium,"Di mana benih harapan tumbuh dari tanah yang baru mencair, blend ini mempertemukan biji-biji dari Sembalun Rinjani serta Bukit Barisan dalam sebuah komposisi yang menceritakan kekayaan dataran Nusantara. Diproses dengan metode Anaerobic dan SemiWashed, menghadirkan nuansa tamarind, cacao nib, dark caramel yang bersih namun penuh kedalaman. Diciptakan bagi mereka yang memahami bahwa setiap puncak dimulai dari sebuah pagi.",Round,Sembalun Rinjani (Medium / Anaerobic): 600g (60%) | Bukit Barisan (Dark / SemiWashed): 400g (40%) | total: 1000g,Cocok untuk French Press & Espresso
S-SPR-157,Spring,The First Ascent,Sebelum puncak — ada langkah pertama yang paling jujur.,Seasonal Blend,Climbing Tendril,The First Ascent · Seasonal collection,Flores Bajawa Dark Honey 50% | Java Garut Medium SemiWashed 25% | Arjuno Light WetHulled 25%,Medium,"Di mana benih harapan tumbuh dari tanah yang baru mencair, blend ini mempertemukan biji-biji dari Flores Bajawa serta Java Garut serta Arjuno dalam sebuah komposisi yang menceritakan kekayaan dataran Nusantara. Diproses dengan metode Honey dan SemiWashed, menghadirkan nuansa roasted nut, dark sugar, apricot jam yang bersih namun penuh kedalaman. Blend yang merekam kesegaran dari tempat di mana perjalanan baru saja dimulai.",Medium Body,Flores Bajawa (Dark / Honey): 500g (50%) | Java Garut (Medium / SemiWashed): 250g (25%) | Arjuno (Light / WetHulled): 250g (25%) | total: 1000g,Versatile for Espresso & Filter
S-SPR-158,Spring,The First Ascent,Sebelum puncak — ada langkah pertama yang paling jujur.,Seasonal Blend,Nascent Blossom,The First Ascent · Seasonal collection,Java Manglayang Light WetHulled 60% | Papua Dogiyai Medium Wine 40%,Light,"Terinspirasi dari fajar yang menerangi jalur yang belum pernah dilalui, blend ini mempertemukan biji-biji dari Java Manglayang serta Papua Dogiyai dalam sebuah komposisi yang menceritakan kekayaan dataran Nusantara. Diproses dengan metode WetHulled dan Wine, menghadirkan nuansa tobacco leaf, balsamic, herb yang bersih namun penuh kedalaman. Untuk langkah pertama yang selalu lebih jujur dari seribu langkah berikutnya.",Light Body,Java Manglayang (Light / WetHulled): 600g (60%) | Papua Dogiyai (Medium / Wine): 400g (40%) | total: 1000g,Pour Over Recommended
S-SPR-159,Spring,The First Ascent,Sebelum puncak — ada langkah pertama yang paling jujur.,Seasonal Blend,Gentle Lichen,The First Ascent · Seasonal collection,Solok Radjo Light Wine 50% | Java Preanger Light Washed 25% | Sidikalang Medium WetHulled 25%,Light,"Di mana benih harapan tumbuh dari tanah yang baru mencair, blend ini mempertemukan biji-biji dari Solok Radjo serta Java Preanger serta Sidikalang dalam sebuah komposisi yang menceritakan kekayaan dataran Nusantara. Diproses dengan metode Wine dan Washed, menghadirkan nuansa blackcurrant, mushroom, jasmine yang bersih namun penuh kedalaman. Diciptakan bagi mereka yang memahami bahwa setiap puncak dimulai dari sebuah pagi.",Tea-like,Solok Radjo (Light / Wine): 500g (50%) | Java Preanger (Light / Washed): 250g (25%) | Sidikalang (Medium / WetHulled): 250g (25%) | total: 1000g,Cocok untuk AeroPress
S-SPR-160,Spring,The First Ascent,Sebelum puncak — ada langkah pertama yang paling jujur.,Seasonal Blend,Still Mist,The First Ascent · Seasonal collection,Java Garut Dark Honey 65% | Java Temanggung Medium Wine 35%,Dark,"Di mana benih harapan tumbuh dari tanah yang baru mencair, blend ini mempertemukan biji-biji dari Java Garut serta Java Temanggung dalam sebuah komposisi yang menceritakan kekayaan dataran Nusantara. Diproses dengan metode Honey dan Wine, menghadirkan nuansa burnt caramel, toffee, balsamic yang bersih namun penuh kedalaman. Untuk langkah pertama yang selalu lebih jujur dari seribu langkah berikutnya.",Heavy Body,Java Garut (Dark / Honey): 650g (65%) | Java Temanggung (Medium / Wine): 350g (35%) | total: 1000g,Ideal untuk Ristretto
S-SPR-161,Spring,The First Ascent,Sebelum puncak — ada langkah pertama yang paling jujur.,Seasonal Blend,Breaking Fog,The First Ascent · Seasonal collection,Toraja Kalosi Dark Anaerobic 70% | Java Manglayang Light Honey 30%,Medium,"Terinspirasi dari fajar yang menerangi jalur yang belum pernah dilalui, blend ini mempertemukan biji-biji dari Toraja Kalosi serta Java Manglayang dalam sebuah komposisi yang menceritakan kekayaan dataran Nusantara. Diproses dengan metode Anaerobic dan Honey, menghadirkan nuansa black cherry, white grape, pear yang bersih namun penuh kedalaman. Sebuah perayaan atas keberanian memulai — ketika segala sesuatunya masih bersih dan mungkin.",Balanced,Toraja Kalosi (Dark / Anaerobic): 700g (70%) | Java Manglayang (Light / Honey): 300g (30%) | total: 1000g,Versatile for Espresso & Filter
S-SPR-162,Spring,The First Ascent,Sebelum puncak — ada langkah pertama yang paling jujur.,Seasonal Blend,Waking Snowmelt,The First Ascent · Seasonal collection,Lampung Robusta Premium Dark Anaerobic 55% | Bali Ulian Dark Wine 30% | Solok Radjo Medium Wine 15%,Dark,"Di mana benih harapan tumbuh dari tanah yang baru mencair, blend ini mempertemukan biji-biji dari Lampung Robusta Premium serta Bali Ulian serta Solok Radjo dalam sebuah komposisi yang menceritakan kekayaan dataran Nusantara. Diproses dengan metode Anaerobic dan Wine, menghadirkan nuansa tobacco, balsamic, black cherry yang bersih namun penuh kedalaman. Blend yang merekam kesegaran dari tempat di mana perjalanan baru saja dimulai.",Full Body,Lampung Robusta Premium (Dark / Anaerobic): 550g (55%) | Bali Ulian (Dark / Wine): 300g (30%) | Solok Radjo (Medium / Wine): 150g (15%) | total: 1000g,Ideal untuk Ristretto
S-SPR-163,Spring,The First Ascent,Sebelum puncak — ada langkah pertama yang paling jujur.,Seasonal Blend,Young Bloom,The First Ascent · Seasonal collection,Java Sindoro Medium WetHulled 50% | Sidikalang Medium Wine 25% | Java Preanger Medium SemiWashed 25%,Medium,"Di mana benih harapan tumbuh dari tanah yang baru mencair, blend ini mempertemukan biji-biji dari Java Sindoro serta Sidikalang serta Java Preanger dalam sebuah komposisi yang menceritakan kekayaan dataran Nusantara. Diproses dengan metode WetHulled dan Wine, menghadirkan nuansa espresso, dark plum, apricot jam yang bersih namun penuh kedalaman. Blend yang merekam kesegaran dari tempat di mana perjalanan baru saja dimulai.",Medium Body,Java Sindoro (Medium / WetHulled): 500g (50%) | Sidikalang (Medium / Wine): 250g (25%) | Java Preanger (Medium / SemiWashed): 250g (25%) | total: 1000g,Cocok untuk French Press & Espresso
S-SPR-164,Spring,The First Ascent,Sebelum puncak — ada langkah pertama yang paling jujur.,Seasonal Blend,Breaking Stratus,The First Ascent · Seasonal collection,Sidikalang Dark Natural 50% | Papua Dogiyai Medium WetHulled 50%,Dark,"Saat kabut pagi pertama mulai mengangkat tirainya, blend ini mempertemukan biji-biji dari Sidikalang serta Papua Dogiyai dalam sebuah komposisi yang menceritakan kekayaan dataran Nusantara. Diproses dengan metode Natural dan WetHulled, menghadirkan nuansa espresso, charcoal, mushroom yang bersih namun penuh kedalaman. Untuk langkah pertama yang selalu lebih jujur dari seribu langkah berikutnya.",Syrupy,Sidikalang (Dark / Natural): 500g (50%) | Papua Dogiyai (Medium / WetHulled): 500g (50%) | total: 1000g,Best for Espresso
S-SPR-165,Spring,The First Ascent,Sebelum puncak — ada langkah pertama yang paling jujur.,Seasonal Blend,New Frost,The First Ascent · Seasonal collection,Java Garut Dark SemiWashed 50% | Java Puntang Medium Honey 30% | Java Preanger Medium Washed 20%,Dark,"Dari mata air yang baru saja membuka jejaknya di lereng, blend ini mempertemukan biji-biji dari Java Garut serta Java Puntang serta Java Preanger dalam sebuah komposisi yang menceritakan kekayaan dataran Nusantara. Diproses dengan metode SemiWashed dan Honey, menghadirkan nuansa milk chocolate, dark caramel, maple syrup yang bersih namun penuh kedalaman. Blend yang merekam kesegaran dari tempat di mana perjalanan baru saja dimulai.",Full Body,Java Garut (Dark / SemiWashed): 500g (50%) | Java Puntang (Medium / Honey): 300g (30%) | Java Preanger (Medium / Washed): 200g (20%) | total: 1000g,Best for Espresso
S-SPR-166,Spring,The First Ascent,Sebelum puncak — ada langkah pertama yang paling jujur.,Seasonal Blend,Opening Sunbreak,The First Ascent · Seasonal collection,Temanggung Dark Wine 40% | Solok Radjo Light Anaerobic 60%,Medium,"Ketika langkah pertama meninggalkan bekas di tanah yang bersih, blend ini mempertemukan biji-biji dari Temanggung serta Solok Radjo dalam sebuah komposisi yang menceritakan kekayaan dataran Nusantara. Diproses dengan metode Wine dan Anaerobic, menghadirkan nuansa raspberry, aged wine, lychee yang bersih namun penuh kedalaman. Sebuah perayaan atas keberanian memulai — ketika segala sesuatunya masih bersih dan mungkin.",Velvety,Temanggung (Dark / Wine): 400g (40%) | Solok Radjo (Light / Anaerobic): 600g (60%) | total: 1000g,Versatile for Espresso & Filter
S-SPR-167,Spring,The First Ascent,Sebelum puncak — ada langkah pertama yang paling jujur.,Seasonal Blend,Gentle Rivulet,The First Ascent · Seasonal collection,Sembalun Rinjani Dark WetHulled 70% | Semeru Medium Wine 30%,Dark,"Saat kabut pagi pertama mulai mengangkat tirainya, blend ini mempertemukan biji-biji dari Sembalun Rinjani serta Semeru dalam sebuah komposisi yang menceritakan kekayaan dataran Nusantara. Diproses dengan metode WetHulled dan Wine, menghadirkan nuansa clove, balsamic, roasted grape yang bersih namun penuh kedalaman. Blend yang merekam kesegaran dari tempat di mana perjalanan baru saja dimulai.",Syrupy,Sembalun Rinjani (Dark / WetHulled): 700g (70%) | Semeru (Medium / Wine): 300g (30%) | total: 1000g,Best for Espresso
S-SPR-168,Spring,The First Ascent,Sebelum puncak — ada langkah pertama yang paling jujur.,Seasonal Blend,Fresh Clearwater,The First Ascent · Seasonal collection,Bali Ulian Dark Anaerobic 40% | Gunung Halu Light Natural 35% | Wanoja Kamojang Medium Natural 25%,Medium,"Terinspirasi dari fajar yang menerangi jalur yang belum pernah dilalui, blend ini mempertemukan biji-biji dari Bali Ulian serta Gunung Halu serta Wanoja Kamojang dalam sebuah komposisi yang menceritakan kekayaan dataran Nusantara. Diproses dengan metode Anaerobic dan Natural, menghadirkan nuansa black cherry, blueberry, tropical fruit yang bersih namun penuh kedalaman. Blend yang merekam kesegaran dari tempat di mana perjalanan baru saja dimulai.",Round,Bali Ulian (Dark / Anaerobic): 400g (40%) | Gunung Halu (Light / Natural): 350g (35%) | Wanoja Kamojang (Medium / Natural): 250g (25%) | total: 1000g,Best for Moka Pot
S-SPR-169,Spring,The First Ascent,Sebelum puncak — ada langkah pertama yang paling jujur.,Seasonal Blend,Ascending Rivulet,The First Ascent · Seasonal collection,Bukit Barisan Dark Honey 60% | Lampung Robusta Premium Dark Washed 25% | Java Preanger Medium SemiWashed 15%,Dark,"Seperti embun yang jatuh pada daun pertama musim baru, blend ini mempertemukan biji-biji dari Bukit Barisan serta Lampung Robusta Premium serta Java Preanger dalam sebuah komposisi yang menceritakan kekayaan dataran Nusantara. Diproses dengan metode Honey dan Washed, menghadirkan nuansa burnt caramel, bitter chocolate, toffee yang bersih namun penuh kedalaman. Diciptakan bagi mereka yang memahami bahwa setiap puncak dimulai dari sebuah pagi.",Full Body,Bukit Barisan (Dark / Honey): 600g (60%) | Lampung Robusta Premium (Dark / Washed): 250g (25%) | Java Preanger (Medium / SemiWashed): 150g (15%) | total: 1000g,Cocok untuk Cold Brew
S-SPR-170,Spring,The First Ascent,Sebelum puncak — ada langkah pertama yang paling jujur.,Seasonal Blend,Rising Lichen,The First Ascent · Seasonal collection,Bali Kintamani Light Natural 40% | Toraja Sapan Medium Washed 35% | Flores Manggarai Light Anaerobic 25%,Light,"Dari mata air yang baru saja membuka jejaknya di lereng, blend ini mempertemukan biji-biji dari Bali Kintamani serta Toraja Sapan serta Flores Manggarai dalam sebuah komposisi yang menceritakan kekayaan dataran Nusantara. Diproses dengan metode Natural dan Washed, menghadirkan nuansa hibiscus, almond, passion fruit yang bersih namun penuh kedalaman. Sebuah perayaan atas keberanian memulai — ketika segala sesuatunya masih bersih dan mungkin.",Light Body,Bali Kintamani (Light / Natural): 400g (40%) | Toraja Sapan (Medium / Washed): 350g (35%) | Flores Manggarai (Light / Anaerobic): 250g (25%) | total: 1000g,Best for V60
S-SPR-171,Spring,The First Ascent,Sebelum puncak — ada langkah pertama yang paling jujur.,Seasonal Blend,New Clearwater,The First Ascent · Seasonal collection,Temanggung Light Natural 55% | Java Sindoro Light Honey 45%,Light,"Terinspirasi dari fajar yang menerangi jalur yang belum pernah dilalui, blend ini mempertemukan biji-biji dari Temanggung serta Java Sindoro dalam sebuah komposisi yang menceritakan kekayaan dataran Nusantara. Diproses dengan metode Natural dan Honey, menghadirkan nuansa pear, tropical fruit, white grape yang bersih namun penuh kedalaman. Blend yang merekam kesegaran dari tempat di mana perjalanan baru saja dimulai.",Clean,Temanggung (Light / Natural): 550g (55%) | Java Sindoro (Light / Honey): 450g (45%) | total: 1000g,Pour Over Recommended
S-SPR-172,Spring,The First Ascent,Sebelum puncak — ada langkah pertama yang paling jujur.,Seasonal Blend,Stirring Bloom,The First Ascent · Seasonal collection,Java Puntang Dark Anaerobic 55% | Gunung Halu Medium Washed 30% | Java Preanger Light Anaerobic 15%,Medium,"Seperti embun yang jatuh pada daun pertama musim baru, blend ini mempertemukan biji-biji dari Java Puntang serta Gunung Halu serta Java Preanger dalam sebuah komposisi yang menceritakan kekayaan dataran Nusantara. Diproses dengan metode Anaerobic dan Washed, menghadirkan nuansa dark rum, almond, cola yang bersih namun penuh kedalaman. Untuk langkah pertama yang selalu lebih jujur dari seribu langkah berikutnya.",Balanced,Java Puntang (Dark / Anaerobic): 550g (55%) | Gunung Halu (Medium / Washed): 300g (30%) | Java Preanger (Light / Anaerobic): 150g (15%) | total: 1000g,Cocok untuk French Press & Espresso
S-SPR-173,Spring,The First Ascent,Sebelum puncak — ada langkah pertama yang paling jujur.,Seasonal Blend,Blooming Clearance,The First Ascent · Seasonal collection,Java Preanger Light Wine 70% | Toraja Kalosi Dark Wine 30%,Light,"Di mana benih harapan tumbuh dari tanah yang baru mencair, blend ini mempertemukan biji-biji dari Java Preanger serta Toraja Kalosi dalam sebuah komposisi yang menceritakan kekayaan dataran Nusantara. Diproses dengan metode Wine, menghadirkan nuansa grape must, aged wine, dark espresso yang bersih namun penuh kedalaman. Sebuah perayaan atas keberanian memulai — ketika segala sesuatunya masih bersih dan mungkin.",Light Body,Java Preanger (Light / Wine): 700g (70%) | Toraja Kalosi (Dark / Wine): 300g (30%) | total: 1000g,Best for V60
S-SPR-174,Spring,The First Ascent,Sebelum puncak — ada langkah pertama yang paling jujur.,Seasonal Blend,Young Dew,The First Ascent · Seasonal collection,Wanoja Kamojang Medium Anaerobic 60% | Toraja Sapan Medium Anaerobic 40%,Medium,"Seperti embun yang jatuh pada daun pertama musim baru, blend ini mempertemukan biji-biji dari Wanoja Kamojang serta Toraja Sapan dalam sebuah komposisi yang menceritakan kekayaan dataran Nusantara. Diproses dengan metode Anaerobic, menghadirkan nuansa tropical punch, fermented fruit, cacao nib yang bersih namun penuh kedalaman. Blend yang merekam kesegaran dari tempat di mana perjalanan baru saja dimulai.",Round,Wanoja Kamojang (Medium / Anaerobic): 600g (60%) | Toraja Sapan (Medium / Anaerobic): 400g (40%) | total: 1000g,Best for Moka Pot
S-SPR-175,Spring,The First Ascent,Sebelum puncak — ada langkah pertama yang paling jujur.,Seasonal Blend,Fresh Fog,The First Ascent · Seasonal collection,Toraja Sapan Medium WetHulled 60% | Bali Ulian Light WetHulled 25% | Java Manglayang Dark Honey 15%,Medium,"Saat kabut pagi pertama mulai mengangkat tirainya, blend ini mempertemukan biji-biji dari Toraja Sapan serta Bali Ulian serta Java Manglayang dalam sebuah komposisi yang menceritakan kekayaan dataran Nusantara. Diproses dengan metode WetHulled dan Honey, menghadirkan nuansa burnt caramel, earthy, spice yang bersih namun penuh kedalaman. Blend yang merekam kesegaran dari tempat di mana perjalanan baru saja dimulai.",Round,Toraja Sapan (Medium / WetHulled): 600g (60%) | Bali Ulian (Light / WetHulled): 250g (25%) | Java Manglayang (Dark / Honey): 150g (15%) | total: 1000g,Best for Moka Pot
S-SPR-176,Spring,The First Ascent,Sebelum puncak — ada langkah pertama yang paling jujur.,Seasonal Blend,Stirring Brook,The First Ascent · Seasonal collection,Papua Dogiyai Light Washed 45% | Java Ijen Raung Medium WetHulled 35% | Flores Manggarai Dark Wine 20%,Medium,"Seperti embun yang jatuh pada daun pertama musim baru, blend ini mempertemukan biji-biji dari Papua Dogiyai serta Java Ijen Raung serta Flores Manggarai dalam sebuah komposisi yang menceritakan kekayaan dataran Nusantara. Diproses dengan metode Washed dan WetHulled, menghadirkan nuansa dark espresso, earthy, green tea yang bersih namun penuh kedalaman. Untuk langkah pertama yang selalu lebih jujur dari seribu langkah berikutnya.",Round,Papua Dogiyai (Light / Washed): 450g (45%) | Java Ijen Raung (Medium / WetHulled): 350g (35%) | Flores Manggarai (Dark / Wine): 200g (20%) | total: 1000g,Best for Moka Pot
S-SPR-177,Spring,The First Ascent,Sebelum puncak — ada langkah pertama yang paling jujur.,Seasonal Blend,Thin Stratus,The First Ascent · Seasonal collection,Java Puntang Dark Washed 60% | Arjuno Medium Honey 40%,Dark,"Terinspirasi dari fajar yang menerangi jalur yang belum pernah dilalui, blend ini mempertemukan biji-biji dari Java Puntang serta Arjuno dalam sebuah komposisi yang menceritakan kekayaan dataran Nusantara. Diproses dengan metode Washed dan Honey, menghadirkan nuansa maple syrup, toffee, honey yang bersih namun penuh kedalaman. Diciptakan bagi mereka yang memahami bahwa setiap puncak dimulai dari sebuah pagi.",Bold,Java Puntang (Dark / Washed): 600g (60%) | Arjuno (Medium / Honey): 400g (40%) | total: 1000g,Ideal untuk Ristretto
S-SPR-178,Spring,The First Ascent,Sebelum puncak — ada langkah pertama yang paling jujur.,Seasonal Blend,Drifting Sprig,The First Ascent · Seasonal collection,Temanggung Dark Natural 55% | Temanggung Dark Natural 30% | Java Ciwidey Light WetHulled 15%,Dark,"Seperti embun yang jatuh pada daun pertama musim baru, blend ini mempertemukan biji-biji dari Temanggung serta Temanggung serta Java Ciwidey dalam sebuah komposisi yang menceritakan kekayaan dataran Nusantara. Diproses dengan metode Natural dan WetHulled, menghadirkan nuansa tar, espresso, lime yang bersih namun penuh kedalaman. Diciptakan bagi mereka yang memahami bahwa setiap puncak dimulai dari sebuah pagi.",Thick,Temanggung (Dark / Natural): 300g (30%) | Java Ciwidey (Light / WetHulled): 150g (15%) | total: 1000g,Best for Batch Brew
S-SPR-179,Spring,The First Ascent,Sebelum puncak — ada langkah pertama yang paling jujur.,Seasonal Blend,First Vapor,The First Ascent · Seasonal collection,Java Sindoro Medium Wine 50% | Java Ijen Raung Dark Natural 50%,Dark,"Seperti embun yang jatuh pada daun pertama musim baru, blend ini mempertemukan biji-biji dari Java Sindoro serta Java Ijen Raung dalam sebuah komposisi yang menceritakan kekayaan dataran Nusantara. Diproses dengan metode Wine dan Natural, menghadirkan nuansa espresso, roasted grape, balsamic yang bersih namun penuh kedalaman. Blend yang merekam kesegaran dari tempat di mana perjalanan baru saja dimulai.",Syrupy,Java Sindoro (Medium / Wine): 500g (50%) | Java Ijen Raung (Dark / Natural): 500g (50%) | total: 1000g,Best for Espresso
S-SPR-180,Spring,The First Ascent,Sebelum puncak — ada langkah pertama yang paling jujur.,Seasonal Blend,Rising Brook,The First Ascent · Seasonal collection,Wanoja Kamojang Light SemiWashed 65% | Arjuno Light Washed 35%,Light,"Terinspirasi dari fajar yang menerangi jalur yang belum pernah dilalui, blend ini mempertemukan biji-biji dari Wanoja Kamojang serta Arjuno dalam sebuah komposisi yang menceritakan kekayaan dataran Nusantara. Diproses dengan metode SemiWashed dan Washed, menghadirkan nuansa peach, citrus, light caramel yang bersih namun penuh kedalaman. Diciptakan bagi mereka yang memahami bahwa setiap puncak dimulai dari sebuah pagi.",Clean,Wanoja Kamojang (Light / SemiWashed): 650g (65%) | Arjuno (Light / Washed): 350g (35%) | total: 1000g,Ideal for Chemex
S-SPR-181,Spring,The First Ascent,Sebelum puncak — ada langkah pertama yang paling jujur.,Seasonal Blend,Blooming Mist,The First Ascent · Seasonal collection,Flores Manggarai Light Natural 70% | Dampit Malang Dark Washed 30%,Light,"Terinspirasi dari fajar yang menerangi jalur yang belum pernah dilalui, blend ini mempertemukan biji-biji dari Flores Manggarai serta Dampit Malang dalam sebuah komposisi yang menceritakan kekayaan dataran Nusantara. Diproses dengan metode Natural dan Washed, menghadirkan nuansa hibiscus, tropical fruit, watermelon yang bersih namun penuh kedalaman. Blend yang merekam kesegaran dari tempat di mana perjalanan baru saja dimulai.",Silky,Flores Manggarai (Light / Natural): 700g (70%) | Dampit Malang (Dark / Washed): 300g (30%) | total: 1000g,Pour Over Recommended
S-SPR-182,Spring,The First Ascent,Sebelum puncak — ada langkah pertama yang paling jujur.,Seasonal Blend,Breaking Dew,The First Ascent · Seasonal collection,Java Manglayang Medium SemiWashed 40% | Java Ijen Raung Medium WetHulled 35% | Flores Bajawa Light Anaerobic 25%,Medium,"Dari mata air yang baru saja membuka jejaknya di lereng, blend ini mempertemukan biji-biji dari Java Manglayang serta Java Ijen Raung serta Flores Bajawa dalam sebuah komposisi yang menceritakan kekayaan dataran Nusantara. Diproses dengan metode SemiWashed dan WetHulled, menghadirkan nuansa spice, woody, milk caramel yang bersih namun penuh kedalaman. Diciptakan bagi mereka yang memahami bahwa setiap puncak dimulai dari sebuah pagi.",Balanced,Java Manglayang (Medium / SemiWashed): 400g (40%) | Java Ijen Raung (Medium / WetHulled): 350g (35%) | Flores Bajawa (Light / Anaerobic): 250g (25%) | total: 1000g,Best for Moka Pot
S-SPR-183,Spring,The First Ascent,Sebelum puncak — ada langkah pertama yang paling jujur.,Seasonal Blend,Thin Brook,The First Ascent · Seasonal collection,Java Ijen Raung Dark Anaerobic 50% | Java Ijen Raung Dark Wine 30% | Temanggung Dark Honey 20%,Dark,"Di mana benih harapan tumbuh dari tanah yang baru mencair, blend ini mempertemukan biji-biji dari Java Ijen Raung serta Java Ijen Raung serta Temanggung dalam sebuah komposisi yang menceritakan kekayaan dataran Nusantara. Diproses dengan metode Anaerobic dan Wine, menghadirkan nuansa smoked almond, burnt caramel, dark sugar yang bersih namun penuh kedalaman. Sebuah perayaan atas keberanian memulai — ketika segala sesuatunya masih bersih dan mungkin.",Bold,Java Ijen Raung (Dark / Anaerobic): 500g (50%) | Java Ijen Raung (Dark / Wine): 300g (30%) | Temanggung (Dark / Honey): 200g (20%) | total: 1000g,Best for Espresso
S-SPR-184,Spring,The First Ascent,Sebelum puncak — ada langkah pertama yang paling jujur.,Seasonal Blend,Pale Frost,The First Ascent · Seasonal collection,Solok Radjo Dark SemiWashed 50% | Gunung Halu Light Natural 50%,Medium,"Di mana benih harapan tumbuh dari tanah yang baru mencair, blend ini mempertemukan biji-biji dari Solok Radjo serta Gunung Halu dalam sebuah komposisi yang menceritakan kekayaan dataran Nusantara. Diproses dengan metode SemiWashed dan Natural, menghadirkan nuansa hibiscus, strawberry, walnut yang bersih namun penuh kedalaman. Blend yang merekam kesegaran dari tempat di mana perjalanan baru saja dimulai.",Smooth,Solok Radjo (Dark / SemiWashed): 500g (50%) | Gunung Halu (Light / Natural): 500g (50%) | total: 1000g,Versatile for Espresso & Filter
S-SPR-185,Spring,The First Ascent,Sebelum puncak — ada langkah pertama yang paling jujur.,Seasonal Blend,Morning Haze,The First Ascent · Seasonal collection,Bali Kintamani Medium Honey 50% | Gunung Halu Light Honey 30% | Mandheling Medium Anaerobic 20%,Medium,"Di mana benih harapan tumbuh dari tanah yang baru mencair, blend ini mempertemukan biji-biji dari Bali Kintamani serta Gunung Halu serta Mandheling dalam sebuah komposisi yang menceritakan kekayaan dataran Nusantara. Diproses dengan metode Honey dan Anaerobic, menghadirkan nuansa floral, honey, white grape yang bersih namun penuh kedalaman. Untuk langkah pertama yang selalu lebih jujur dari seribu langkah berikutnya.",Round,Bali Kintamani (Medium / Honey): 500g (50%) | Gunung Halu (Light / Honey): 300g (30%) | Mandheling (Medium / Anaerobic): 200g (20%) | total: 1000g,Versatile for Espresso & Filter
S-SPR-186,Spring,The First Ascent,Sebelum puncak — ada langkah pertama yang paling jujur.,Seasonal Blend,Wispy Sprig,The First Ascent · Seasonal collection,Lintong Onan Dark Honey 45% | Flores Bajawa Medium Honey 55%,Medium,"Ketika langkah pertama meninggalkan bekas di tanah yang bersih, blend ini mempertemukan biji-biji dari Lintong Onan serta Flores Bajawa dalam sebuah komposisi yang menceritakan kekayaan dataran Nusantara. Diproses dengan metode Honey, menghadirkan nuansa macadamia, toffee, dark sugar yang bersih namun penuh kedalaman. Diciptakan bagi mereka yang memahami bahwa setiap puncak dimulai dari sebuah pagi.",Round,Lintong Onan (Dark / Honey): 450g (45%) | Flores Bajawa (Medium / Honey): 550g (55%) | total: 1000g,Versatile for Espresso & Filter
S-SPR-187,Spring,The First Ascent,Sebelum puncak — ada langkah pertama yang paling jujur.,Seasonal Blend,Waking Haze,The First Ascent · Seasonal collection,Toraja Kalosi Light Wine 50% | Java Ciwidey Light Natural 25% | Sembalun Rinjani Medium Natural 25%,Light,"Dari mata air yang baru saja membuka jejaknya di lereng, blend ini mempertemukan biji-biji dari Toraja Kalosi serta Java Ciwidey serta Sembalun Rinjani dalam sebuah komposisi yang menceritakan kekayaan dataran Nusantara. Diproses dengan metode Wine dan Natural, menghadirkan nuansa plum, blackcurrant, dried fig yang bersih namun penuh kedalaman. Untuk langkah pertama yang selalu lebih jujur dari seribu langkah berikutnya.",Light Body,Toraja Kalosi (Light / Wine): 500g (50%) | Java Ciwidey (Light / Natural): 250g (25%) | Sembalun Rinjani (Medium / Natural): 250g (25%) | total: 1000g,Pour Over Recommended
S-SPR-188,Spring,The First Ascent,Sebelum puncak — ada langkah pertama yang paling jujur.,Seasonal Blend,Young Sprig,The First Ascent · Seasonal collection,Dampit Malang Dark Natural 50% | Wanoja Kamojang Light Wine 25% | Wanoja Kamojang Dark Anaerobic 25%,Dark,"Saat kabut pagi pertama mulai mengangkat tirainya, blend ini mempertemukan biji-biji dari Dampit Malang serta Wanoja Kamojang serta Wanoja Kamojang dalam sebuah komposisi yang menceritakan kekayaan dataran Nusantara. Diproses dengan metode Natural dan Wine, menghadirkan nuansa dark rum, charcoal, fermented cocoa yang bersih namun penuh kedalaman. Untuk langkah pertama yang selalu lebih jujur dari seribu langkah berikutnya.",Thick,Dampit Malang (Dark / Natural): 500g (50%) | Wanoja Kamojang (Light / Wine): 250g (25%) | Wanoja Kamojang (Dark / Anaerobic): 250g (25%) | total: 1000g,Ideal untuk Ristretto
S-SPR-189,Spring,The First Ascent,Sebelum puncak — ada langkah pertama yang paling jujur.,Seasonal Blend,Gentle Stratus,The First Ascent · Seasonal collection,Java Ijen Raung Medium WetHulled 60% | Java Garut Light Honey 25% | Java Sindoro Dark Natural 15%,Medium,"Seperti embun yang jatuh pada daun pertama musim baru, blend ini mempertemukan biji-biji dari Java Ijen Raung serta Java Garut serta Java Sindoro dalam sebuah komposisi yang menceritakan kekayaan dataran Nusantara. Diproses dengan metode WetHulled dan Honey, menghadirkan nuansa licorice, pear, apricot yang bersih namun penuh kedalaman. Untuk langkah pertama yang selalu lebih jujur dari seribu langkah berikutnya.",Smooth,Java Ijen Raung (Medium / WetHulled): 600g (60%) | Java Garut (Light / Honey): 250g (25%) | Java Sindoro (Dark / Natural): 150g (15%) | total: 1000g,Best for Moka Pot
S-SPR-190,Spring,The First Ascent,Sebelum puncak — ada langkah pertama yang paling jujur.,Seasonal Blend,First Pollen,The First Ascent · Seasonal collection,Java Puntang Medium Honey 45% | Java Temanggung Medium WetHulled 35% | Dampit Malang Light Anaerobic 20%,Medium,"Seperti embun yang jatuh pada daun pertama musim baru, blend ini mempertemukan biji-biji dari Java Puntang serta Java Temanggung serta Dampit Malang dalam sebuah komposisi yang menceritakan kekayaan dataran Nusantara. Diproses dengan metode Honey dan WetHulled, menghadirkan nuansa rum raisin, woody, macadamia yang bersih namun penuh kedalaman. Diciptakan bagi mereka yang memahami bahwa setiap puncak dimulai dari sebuah pagi.",Smooth,Java Puntang (Medium / Honey): 450g (45%) | Java Temanggung (Medium / WetHulled): 350g (35%) | Dampit Malang (Light / Anaerobic): 200g (20%) | total: 1000g,Best for Moka Pot
S-SPR-191,Spring,The First Ascent,Sebelum puncak — ada langkah pertama yang paling jujur.,Seasonal Blend,Stirring Wellspring,The First Ascent · Seasonal collection,Flores Bajawa Light WetHulled 40% | Java Sindoro Dark SemiWashed 35% | Temanggung Light Honey 25%,Medium,"Ketika langkah pertama meninggalkan bekas di tanah yang bersih, blend ini mempertemukan biji-biji dari Flores Bajawa serta Java Sindoro serta Temanggung dalam sebuah komposisi yang menceritakan kekayaan dataran Nusantara. Diproses dengan metode WetHulled dan SemiWashed, menghadirkan nuansa nectarine, roasted grain, intense spice yang bersih namun penuh kedalaman. Blend yang merekam kesegaran dari tempat di mana perjalanan baru saja dimulai.",Velvety,Flores Bajawa (Light / WetHulled): 400g (40%) | Java Sindoro (Dark / SemiWashed): 350g (35%) | Temanggung (Light / Honey): 250g (25%) | total: 1000g,Best for Moka Pot
S-SPR-192,Spring,The First Ascent,Sebelum puncak — ada langkah pertama yang paling jujur.,Seasonal Blend,Pale Clearance,The First Ascent · Seasonal collection,Bengkulu Medium Washed 40% | Sembalun Rinjani Light Anaerobic 60%,Light,"Seperti embun yang jatuh pada daun pertama musim baru, blend ini mempertemukan biji-biji dari Bengkulu serta Sembalun Rinjani dalam sebuah komposisi yang menceritakan kekayaan dataran Nusantara. Diproses dengan metode Washed dan Anaerobic, menghadirkan nuansa rum raisin, almond, brown sugar yang bersih namun penuh kedalaman. Sebuah perayaan atas keberanian memulai — ketika segala sesuatunya masih bersih dan mungkin.",Light Body,Bengkulu (Medium / Washed): 400g (40%) | Sembalun Rinjani (Light / Anaerobic): 600g (60%) | total: 1000g,Pour Over Recommended
S-SPR-193,Spring,The First Ascent,Sebelum puncak — ada langkah pertama yang paling jujur.,Seasonal Blend,First Sunbreak,The First Ascent · Seasonal collection,Flores Bajawa Medium Anaerobic 60% | Aceh Gayo Light SemiWashed 40%,Light,"Terinspirasi dari fajar yang menerangi jalur yang belum pernah dilalui, blend ini mempertemukan biji-biji dari Flores Bajawa serta Aceh Gayo dalam sebuah komposisi yang menceritakan kekayaan dataran Nusantara. Diproses dengan metode Anaerobic dan SemiWashed, menghadirkan nuansa tropical punch, cacao nib, tamarind yang bersih namun penuh kedalaman. Diciptakan bagi mereka yang memahami bahwa setiap puncak dimulai dari sebuah pagi.",Delicate,Flores Bajawa (Medium / Anaerobic): 600g (60%) | Aceh Gayo (Light / SemiWashed): 400g (40%) | total: 1000g,Best for V60
S-SPR-194,Spring,The First Ascent,Sebelum puncak — ada langkah pertama yang paling jujur.,Seasonal Blend,Climbing Sprig,The First Ascent · Seasonal collection,Java Garut Medium Wine 55% | Toraja Sapan Medium Anaerobic 45%,Medium,"Ketika langkah pertama meninggalkan bekas di tanah yang bersih, blend ini mempertemukan biji-biji dari Java Garut serta Toraja Sapan dalam sebuah komposisi yang menceritakan kekayaan dataran Nusantara. Diproses dengan metode Wine dan Anaerobic, menghadirkan nuansa dark plum, balsamic, tamarind yang bersih namun penuh kedalaman. Untuk langkah pertama yang selalu lebih jujur dari seribu langkah berikutnya.",Balanced,Java Garut (Medium / Wine): 550g (55%) | Toraja Sapan (Medium / Anaerobic): 450g (45%) | total: 1000g,Versatile for Espresso & Filter
S-SPR-195,Spring,The First Ascent,Sebelum puncak — ada langkah pertama yang paling jujur.,Seasonal Blend,Morning Clearance,The First Ascent · Seasonal collection,Flores Bajawa Dark WetHulled 45% | Java Sindoro Dark SemiWashed 35% | Sidikalang Medium Wine 20%,Dark,"Dari mata air yang baru saja membuka jejaknya di lereng, blend ini mempertemukan biji-biji dari Flores Bajawa serta Java Sindoro serta Sidikalang dalam sebuah komposisi yang menceritakan kekayaan dataran Nusantara. Diproses dengan metode WetHulled dan SemiWashed, menghadirkan nuansa dark tobacco, roasted grain, intense earth yang bersih namun penuh kedalaman. Sebuah perayaan atas keberanian memulai — ketika segala sesuatunya masih bersih dan mungkin.",Full Body,Flores Bajawa (Dark / WetHulled): 450g (45%) | Java Sindoro (Dark / SemiWashed): 350g (35%) | Sidikalang (Medium / Wine): 200g (20%) | total: 1000g,Best for Batch Brew
S-SPR-196,Spring,The First Ascent,Sebelum puncak — ada langkah pertama yang paling jujur.,Seasonal Blend,Tender Pollen,The First Ascent · Seasonal collection,Lintong Onan Medium Washed 40% | Java Manglayang Medium Washed 60%,Medium,"Terinspirasi dari fajar yang menerangi jalur yang belum pernah dilalui, blend ini mempertemukan biji-biji dari Lintong Onan serta Java Manglayang dalam sebuah komposisi yang menceritakan kekayaan dataran Nusantara. Diproses dengan metode Washed, menghadirkan nuansa caramel, hazelnut, brown sugar yang bersih namun penuh kedalaman. Sebuah perayaan atas keberanian memulai — ketika segala sesuatunya masih bersih dan mungkin.",Velvety,Lintong Onan (Medium / Washed): 400g (40%) | Java Manglayang (Medium / Washed): 600g (60%) | total: 1000g,Best for Moka Pot
S-SPR-197,Spring,The First Ascent,Sebelum puncak — ada langkah pertama yang paling jujur.,Seasonal Blend,Blooming Blossom,The First Ascent · Seasonal collection,Bali Kintamani Light Anaerobic 40% | Papua Dogiyai Light Anaerobic 60%,Light,"Seperti embun yang jatuh pada daun pertama musim baru, blend ini mempertemukan biji-biji dari Bali Kintamani serta Papua Dogiyai dalam sebuah komposisi yang menceritakan kekayaan dataran Nusantara. Diproses dengan metode Anaerobic, menghadirkan nuansa passion fruit, raspberry, lychee yang bersih namun penuh kedalaman. Untuk langkah pertama yang selalu lebih jujur dari seribu langkah berikutnya.",Delicate,Bali Kintamani (Light / Anaerobic): 400g (40%) | Papua Dogiyai (Light / Anaerobic): 600g (60%) | total: 1000g,Cocok untuk AeroPress
S-SPR-198,Spring,The First Ascent,Sebelum puncak — ada langkah pertama yang paling jujur.,Seasonal Blend,Morning Spore,The First Ascent · Seasonal collection,Solok Radjo Light Honey 55% | Java Ijen Raung Light WetHulled 30% | Dampit Malang Medium WetHulled 15%,Light,"Ketika langkah pertama meninggalkan bekas di tanah yang bersih, blend ini mempertemukan biji-biji dari Solok Radjo serta Java Ijen Raung serta Dampit Malang dalam sebuah komposisi yang menceritakan kekayaan dataran Nusantara. Diproses dengan metode Honey dan WetHulled, menghadirkan nuansa tobacco leaf, lime, floral yang bersih namun penuh kedalaman. Blend yang merekam kesegaran dari tempat di mana perjalanan baru saja dimulai.",Clean,Solok Radjo (Light / Honey): 550g (55%) | Java Ijen Raung (Light / WetHulled): 300g (30%) | Dampit Malang (Medium / WetHulled): 150g (15%) | total: 1000g,Best for V60
S-SPR-199,Spring,The First Ascent,Sebelum puncak — ada langkah pertama yang paling jujur.,Seasonal Blend,Pure Runoff,The First Ascent · Seasonal collection,Java Ciwidey Medium Natural 40% | Java Sindoro Medium Wine 35% | Temanggung Light Wine 25%,Medium,"Terinspirasi dari fajar yang menerangi jalur yang belum pernah dilalui, blend ini mempertemukan biji-biji dari Java Ciwidey serta Java Sindoro serta Temanggung dalam sebuah komposisi yang menceritakan kekayaan dataran Nusantara. Diproses dengan metode Natural dan Wine, menghadirkan nuansa port wine, grape must, blackcurrant yang bersih namun penuh kedalaman. Sebuah perayaan atas keberanian memulai — ketika segala sesuatunya masih bersih dan mungkin.",Medium Body,Java Ciwidey (Medium / Natural): 400g (40%) | Java Sindoro (Medium / Wine): 350g (35%) | Temanggung (Light / Wine): 250g (25%) | total: 1000g,Cocok untuk French Press & Espresso
S-SPR-200,Spring,The First Ascent,Sebelum puncak — ada langkah pertama yang paling jujur.,Seasonal Blend,Early Pollen,The First Ascent · Seasonal collection,Java Preanger Light WetHulled 50% | Mandheling Medium WetHulled 25% | Bukit Barisan Dark Washed 25%,Medium,"Saat kabut pagi pertama mulai mengangkat tirainya, blend ini mempertemukan biji-biji dari Java Preanger serta Mandheling serta Bukit Barisan dalam sebuah komposisi yang menceritakan kekayaan dataran Nusantara. Diproses dengan metode WetHulled dan Washed, menghadirkan nuansa tobacco, dark roast, tobacco leaf yang bersih namun penuh kedalaman. Diciptakan bagi mereka yang memahami bahwa setiap puncak dimulai dari sebuah pagi.",Velvety,Java Preanger (Light / WetHulled): 500g (50%) | Mandheling (Medium / WetHulled): 250g (25%) | Bukit Barisan (Dark / Washed): 250g (25%) | total: 1000g,Versatile for Espresso & Filter
S-SPR-201,Spring,The First Ascent,Sebelum puncak — ada langkah pertama yang paling jujur.,Speciality Blend,Pioneer's Pristine Inscription,The First Ascent · Pioneer's sub-universe,Sidikalang Dark Anaerobic 50% | Java Ijen Raung Medium Natural 25% | Papua Dogiyai Dark Anaerobic 25%,Dark,"Saat kabut pagi pertama mulai mengangkat tirainya, blend eksklusif ini merajut karakter biji pilihan dari Sidikalang serta Java Ijen Raung serta Papua Dogiyai menjadi sebuah komposisi yang tak mudah ditemukan. Melalui proses Anaerobic dan Natural, lahirlah profil rasa prune, black cherry, smoke — kompleks, berlapis, dan tak tergesa-gesa mengungkap dirinya. Sebuah perayaan atas keberanian memulai — ketika segala sesuatunya masih bersih dan mungkin.",Heavy Body,Sidikalang (Dark / Anaerobic): 500g (50%) | Java Ijen Raung (Medium / Natural): 250g (25%) | Papua Dogiyai (Dark / Anaerobic): 250g (25%) | total: 1000g,Ideal untuk Ristretto
S-SPR-202,Spring,The First Ascent,Sebelum puncak — ada langkah pertama yang paling jujur.,Speciality Blend,Pioneer's Pioneering Venture,The First Ascent · Pioneer's sub-universe,Java Puntang Medium Wine 45% | Java Temanggung Dark Wine 35% | Arjuno Light Anaerobic 20%,Medium,"Saat kabut pagi pertama mulai mengangkat tirainya, blend eksklusif ini merajut karakter biji pilihan dari Java Puntang serta Java Temanggung serta Arjuno menjadi sebuah komposisi yang tak mudah ditemukan. Melalui proses Wine dan Anaerobic, lahirlah profil rasa tobacco, espresso, passion fruit — kompleks, berlapis, dan tak tergesa-gesa mengungkap dirinya. Diciptakan bagi mereka yang memahami bahwa setiap puncak dimulai dari sebuah pagi.",Round,Java Puntang (Medium / Wine): 450g (45%) | Java Temanggung (Dark / Wine): 350g (35%) | Arjuno (Light / Anaerobic): 200g (20%) | total: 1000g,Best for Moka Pot
S-SPR-203,Spring,The First Ascent,Sebelum puncak — ada langkah pertama yang paling jujur.,Speciality Blend,Pioneer's Elemental Testament,The First Ascent · Pioneer's sub-universe,Java Garut Light Anaerobic 60% | Semeru Light Anaerobic 25% | Solok Radjo Light Natural 15%,Light,"Terinspirasi dari fajar yang menerangi jalur yang belum pernah dilalui, blend eksklusif ini merajut karakter biji pilihan dari Java Garut serta Semeru serta Solok Radjo menjadi sebuah komposisi yang tak mudah ditemukan. Melalui proses Anaerobic dan Natural, lahirlah profil rasa rum raisin, tropical fruit, raspberry — kompleks, berlapis, dan tak tergesa-gesa mengungkap dirinya. Diciptakan bagi mereka yang memahami bahwa setiap puncak dimulai dari sebuah pagi.",Silky,Java Garut (Light / Anaerobic): 600g (60%) | Semeru (Light / Anaerobic): 250g (25%) | Solok Radjo (Light / Natural): 150g (15%) | total: 1000g,Ideal for Chemex
S-SPR-204,Spring,The First Ascent,Sebelum puncak — ada langkah pertama yang paling jujur.,Speciality Blend,Pioneer's Foundational Entry,The First Ascent · Pioneer's sub-universe,Solok Radjo Light Anaerobic 50% | Toraja Sapan Medium Anaerobic 25% | Bukit Barisan Light Anaerobic 25%,Light,"Ketika langkah pertama meninggalkan bekas di tanah yang bersih, blend eksklusif ini merajut karakter biji pilihan dari Solok Radjo serta Toraja Sapan serta Bukit Barisan menjadi sebuah komposisi yang tak mudah ditemukan. Melalui proses Anaerobic, lahirlah profil rasa raspberry, cola, rum raisin — kompleks, berlapis, dan tak tergesa-gesa mengungkap dirinya. Sebuah perayaan atas keberanian memulai — ketika segala sesuatunya masih bersih dan mungkin.",Delicate,Solok Radjo (Light / Anaerobic): 500g (50%) | Toraja Sapan (Medium / Anaerobic): 250g (25%) | Bukit Barisan (Light / Anaerobic): 250g (25%) | total: 1000g,Pour Over Recommended
S-SPR-205,Spring,The First Ascent,Sebelum puncak — ada langkah pertama yang paling jujur.,Speciality Blend,Pioneer's Foundational Initiative,The First Ascent · Pioneer's sub-universe,Toraja Kalosi Medium Anaerobic 50% | Papua Wamena Medium Anaerobic 25% | Bali Kintamani Dark Natural 25%,Medium,"Seperti embun yang jatuh pada daun pertama musim baru, blend eksklusif ini merajut karakter biji pilihan dari Toraja Kalosi serta Papua Wamena serta Bali Kintamani menjadi sebuah komposisi yang tak mudah ditemukan. Melalui proses Anaerobic dan Natural, lahirlah profil rasa tropical punch, tar, fermented fruit — kompleks, berlapis, dan tak tergesa-gesa mengungkap dirinya. Blend yang merekam kesegaran dari tempat di mana perjalanan baru saja dimulai.",Round,Toraja Kalosi (Medium / Anaerobic): 500g (50%) | Papua Wamena (Medium / Anaerobic): 250g (25%) | Bali Kintamani (Dark / Natural): 250g (25%) | total: 1000g,Cocok untuk French Press & Espresso
S-SPR-206,Spring,The First Ascent,Sebelum puncak — ada langkah pertama yang paling jujur.,Speciality Blend,Pioneer's Trailblazing Inscription,The First Ascent · Pioneer's sub-universe,Papua Dogiyai Dark Natural 50% | Sidikalang Light Wine 30% | Bengkulu Light Anaerobic 20%,Medium,"Di mana benih harapan tumbuh dari tanah yang baru mencair, blend eksklusif ini merajut karakter biji pilihan dari Papua Dogiyai serta Sidikalang serta Bengkulu menjadi sebuah komposisi yang tak mudah ditemukan. Melalui proses Natural dan Wine, lahirlah profil rasa rum raisin, cola, grape must — kompleks, berlapis, dan tak tergesa-gesa mengungkap dirinya. Diciptakan bagi mereka yang memahami bahwa setiap puncak dimulai dari sebuah pagi.",Balanced,Papua Dogiyai (Dark / Natural): 500g (50%) | Sidikalang (Light / Wine): 300g (30%) | Bengkulu (Light / Anaerobic): 200g (20%) | total: 1000g,Best for Moka Pot
S-SPR-207,Spring,The First Ascent,Sebelum puncak — ada langkah pertama yang paling jujur.,Speciality Blend,Pioneer's Primal Discovery,The First Ascent · Pioneer's sub-universe,Toraja Sapan Dark Natural 50% | Bali Ulian Medium Natural 25% | Toraja Kalosi Light Anaerobic 25%,Medium,"Ketika langkah pertama meninggalkan bekas di tanah yang bersih, blend eksklusif ini merajut karakter biji pilihan dari Toraja Sapan serta Bali Ulian serta Toraja Kalosi menjadi sebuah komposisi yang tak mudah ditemukan. Melalui proses Natural dan Anaerobic, lahirlah profil rasa prune, espresso, molasses — kompleks, berlapis, dan tak tergesa-gesa mengungkap dirinya. Diciptakan bagi mereka yang memahami bahwa setiap puncak dimulai dari sebuah pagi.",Velvety,Toraja Sapan (Dark / Natural): 500g (50%) | Bali Ulian (Medium / Natural): 250g (25%) | Toraja Kalosi (Light / Anaerobic): 250g (25%) | total: 1000g,Cocok untuk French Press & Espresso
S-SPR-208,Spring,The First Ascent,Sebelum puncak — ada langkah pertama yang paling jujur.,Speciality Blend,Pioneer's Pioneering Notation,The First Ascent · Pioneer's sub-universe,Java Preanger Medium Wine 50% | Java Temanggung Dark Wine 50%,Dark,"Seperti embun yang jatuh pada daun pertama musim baru, blend eksklusif ini merajut karakter biji pilihan dari Java Preanger serta Java Temanggung menjadi sebuah komposisi yang tak mudah ditemukan. Melalui proses Wine, lahirlah profil rasa roasted grape, tobacco, smoked plum — kompleks, berlapis, dan tak tergesa-gesa mengungkap dirinya. Sebuah perayaan atas keberanian memulai — ketika segala sesuatunya masih bersih dan mungkin.",Bold,Java Preanger (Medium / Wine): 500g (50%) | Java Temanggung (Dark / Wine): 500g (50%) | total: 1000g,Ideal untuk Ristretto
S-SPR-209,Spring,The First Ascent,Sebelum puncak — ada langkah pertama yang paling jujur.,Speciality Blend,Pioneer's Elemental Notation,The First Ascent · Pioneer's sub-universe,Gunung Halu Dark Natural 50% | Temanggung Dark Natural 25% | Lampung Robusta Premium Light Wine 25%,Dark,"Dari mata air yang baru saja membuka jejaknya di lereng, blend eksklusif ini merajut karakter biji pilihan dari Gunung Halu serta Temanggung serta Lampung Robusta Premium menjadi sebuah komposisi yang tak mudah ditemukan. Melalui proses Natural dan Wine, lahirlah profil rasa wine, grape must, plum — kompleks, berlapis, dan tak tergesa-gesa mengungkap dirinya. Blend yang merekam kesegaran dari tempat di mana perjalanan baru saja dimulai.",Bold,Gunung Halu (Dark / Natural): 500g (50%) | Temanggung (Dark / Natural): 250g (25%) | Lampung Robusta Premium (Light / Wine): 250g (25%) | total: 1000g,Best for Batch Brew
S-SPR-210,Spring,The First Ascent,Sebelum puncak — ada langkah pertama yang paling jujur.,Speciality Blend,Pioneer's Pioneering Memoir,The First Ascent · Pioneer's sub-universe,Bukit Barisan Dark Wine 60% | Kerinci Kayu Aro Dark Anaerobic 40%,Dark,"Terinspirasi dari fajar yang menerangi jalur yang belum pernah dilalui, blend eksklusif ini merajut karakter biji pilihan dari Bukit Barisan serta Kerinci Kayu Aro menjadi sebuah komposisi yang tak mudah ditemukan. Melalui proses Wine dan Anaerobic, lahirlah profil rasa dark espresso, fermented cocoa, dark rum — kompleks, berlapis, dan tak tergesa-gesa mengungkap dirinya. Diciptakan bagi mereka yang memahami bahwa setiap puncak dimulai dari sebuah pagi.",Heavy Body,Bukit Barisan (Dark / Wine): 600g (60%) | Kerinci Kayu Aro (Dark / Anaerobic): 400g (40%) | total: 1000g,Cocok untuk Cold Brew
S-SPR-211,Spring,The First Ascent,Sebelum puncak — ada langkah pertama yang paling jujur.,Speciality Blend,Pioneer's Defining Dispatch,The First Ascent · Pioneer's sub-universe,Kerinci Kayu Aro Dark Anaerobic 50% | Java Ijen Raung Dark Natural 30% | Gunung Halu Light Anaerobic 20%,Dark,"Seperti embun yang jatuh pada daun pertama musim baru, blend eksklusif ini merajut karakter biji pilihan dari Kerinci Kayu Aro serta Java Ijen Raung serta Gunung Halu menjadi sebuah komposisi yang tak mudah ditemukan. Melalui proses Anaerobic dan Natural, lahirlah profil rasa lychee, licorice, rum raisin — kompleks, berlapis, dan tak tergesa-gesa mengungkap dirinya. Sebuah perayaan atas keberanian memulai — ketika segala sesuatunya masih bersih dan mungkin.",Heavy Body,Kerinci Kayu Aro (Dark / Anaerobic): 500g (50%) | Java Ijen Raung (Dark / Natural): 300g (30%) | Gunung Halu (Light / Anaerobic): 200g (20%) | total: 1000g,Cocok untuk Cold Brew
S-SPR-212,Spring,The First Ascent,Sebelum puncak — ada langkah pertama yang paling jujur.,Speciality Blend,Pioneer's Formative Disclosure,The First Ascent · Pioneer's sub-universe,Arjuno Light Anaerobic 50% | Java Preanger Medium Anaerobic 30% | Lampung Robusta Premium Medium Wine 20%,Light,"Di mana benih harapan tumbuh dari tanah yang baru mencair, blend eksklusif ini merajut karakter biji pilihan dari Arjuno serta Java Preanger serta Lampung Robusta Premium menjadi sebuah komposisi yang tak mudah ditemukan. Melalui proses Anaerobic dan Wine, lahirlah profil rasa roasted grape, dark plum, balsamic — kompleks, berlapis, dan tak tergesa-gesa mengungkap dirinya. Untuk langkah pertama yang selalu lebih jujur dari seribu langkah berikutnya.",Delicate,Arjuno (Light / Anaerobic): 500g (50%) | Java Preanger (Medium / Anaerobic): 300g (30%) | Lampung Robusta Premium (Medium / Wine): 200g (20%) | total: 1000g,Ideal for Chemex
S-SPR-213,Spring,The First Ascent,Sebelum puncak — ada langkah pertama yang paling jujur.,Speciality Blend,Pioneer's Virgin Memoir,The First Ascent · Pioneer's sub-universe,Lampung Robusta Premium Dark Natural 50% | Bengkulu Medium Natural 25% | Aceh Gayo Light Wine 25%,Medium,"Terinspirasi dari fajar yang menerangi jalur yang belum pernah dilalui, blend eksklusif ini merajut karakter biji pilihan dari Lampung Robusta Premium serta Bengkulu serta Aceh Gayo menjadi sebuah komposisi yang tak mudah ditemukan. Melalui proses Natural dan Wine, lahirlah profil rasa licorice, dark chocolate, wine — kompleks, berlapis, dan tak tergesa-gesa mengungkap dirinya. Diciptakan bagi mereka yang memahami bahwa setiap puncak dimulai dari sebuah pagi.",Balanced,Lampung Robusta Premium (Dark / Natural): 500g (50%) | Bengkulu (Medium / Natural): 250g (25%) | Aceh Gayo (Light / Wine): 250g (25%) | total: 1000g,Best for Moka Pot
S-SPR-214,Spring,The First Ascent,Sebelum puncak — ada langkah pertama yang paling jujur.,Speciality Blend,Pioneer's Landmark Dispatch,The First Ascent · Pioneer's sub-universe,Bengkulu Medium Natural 50% | Bengkulu Medium Natural 25% | Java Preanger Light Natural 25%,Medium,"Dari mata air yang baru saja membuka jejaknya di lereng, blend eksklusif ini merajut karakter biji pilihan dari Bengkulu serta Bengkulu serta Java Preanger menjadi sebuah komposisi yang tak mudah ditemukan. Melalui proses Natural, lahirlah profil rasa berry jam, dark chocolate, watermelon — kompleks, berlapis, dan tak tergesa-gesa mengungkap dirinya. Sebuah perayaan atas keberanian memulai — ketika segala sesuatunya masih bersih dan mungkin.",Round,Bengkulu (Medium / Natural): 250g (25%) | Java Preanger (Light / Natural): 250g (25%) | total: 1000g,Cocok untuk French Press & Espresso
S-SPR-215,Spring,The First Ascent,Sebelum puncak — ada langkah pertama yang paling jujur.,Speciality Blend,Pioneer's Elemental Revelation,The First Ascent · Pioneer's sub-universe,Gunung Halu Medium Natural 65% | Java Puntang Light Anaerobic 35%,Light,"Dari mata air yang baru saja membuka jejaknya di lereng, blend eksklusif ini merajut karakter biji pilihan dari Gunung Halu serta Java Puntang menjadi sebuah komposisi yang tak mudah ditemukan. Melalui proses Natural dan Anaerobic, lahirlah profil rasa prune, berry jam, raspberry — kompleks, berlapis, dan tak tergesa-gesa mengungkap dirinya. Untuk langkah pertama yang selalu lebih jujur dari seribu langkah berikutnya.",Light Body,Gunung Halu (Medium / Natural): 650g (65%) | Java Puntang (Light / Anaerobic): 350g (35%) | total: 1000g,Best for V60
S-SPR-216,Spring,The First Ascent,Sebelum puncak — ada langkah pertama yang paling jujur.,Speciality Blend,Pioneer's Pristine Entry,The First Ascent · Pioneer's sub-universe,Java Preanger Light Natural 50% | Lintong Onan Light Natural 25% | Semeru Medium Wine 25%,Light,"Ketika langkah pertama meninggalkan bekas di tanah yang bersih, blend eksklusif ini merajut karakter biji pilihan dari Java Preanger serta Lintong Onan serta Semeru menjadi sebuah komposisi yang tak mudah ditemukan. Melalui proses Natural dan Wine, lahirlah profil rasa tropical fruit, watermelon, blueberry — kompleks, berlapis, dan tak tergesa-gesa mengungkap dirinya. Untuk langkah pertama yang selalu lebih jujur dari seribu langkah berikutnya.",Delicate,Java Preanger (Light / Natural): 500g (50%) | Lintong Onan (Light / Natural): 250g (25%) | Semeru (Medium / Wine): 250g (25%) | total: 1000g,Best for V60
S-SPR-217,Spring,The First Ascent,Sebelum puncak — ada langkah pertama yang paling jujur.,Speciality Blend,Pioneer's Virgin Initiative,The First Ascent · Pioneer's sub-universe,Java Temanggung Dark Natural 50% | Java Puntang Medium Anaerobic 50%,Dark,"Terinspirasi dari fajar yang menerangi jalur yang belum pernah dilalui, blend eksklusif ini merajut karakter biji pilihan dari Java Temanggung serta Java Puntang menjadi sebuah komposisi yang tak mudah ditemukan. Melalui proses Natural dan Anaerobic, lahirlah profil rasa fermented fruit, cacao nib, tropical punch — kompleks, berlapis, dan tak tergesa-gesa mengungkap dirinya. Blend yang merekam kesegaran dari tempat di mana perjalanan baru saja dimulai.",Syrupy,Java Temanggung (Dark / Natural): 500g (50%) | Java Puntang (Medium / Anaerobic): 500g (50%) | total: 1000g,Best for Batch Brew
S-SPR-218,Spring,The First Ascent,Sebelum puncak — ada langkah pertama yang paling jujur.,Speciality Blend,Pioneer's Virgin Testament,The First Ascent · Pioneer's sub-universe,Sidikalang Light Wine 40% | Sidikalang Medium Natural 35% | Java Manglayang Dark Anaerobic 25%,Medium,"Seperti embun yang jatuh pada daun pertama musim baru, blend eksklusif ini merajut karakter biji pilihan dari Sidikalang serta Sidikalang serta Java Manglayang menjadi sebuah komposisi yang tak mudah ditemukan. Melalui proses Wine dan Natural, lahirlah profil rasa molasses, blackcurrant, smoke — kompleks, berlapis, dan tak tergesa-gesa mengungkap dirinya. Diciptakan bagi mereka yang memahami bahwa setiap puncak dimulai dari sebuah pagi.",Balanced,Sidikalang (Light / Wine): 400g (40%) | Sidikalang (Medium / Natural): 350g (35%) | Java Manglayang (Dark / Anaerobic): 250g (25%) | total: 1000g,Cocok untuk French Press & Espresso
S-SPR-219,Spring,The First Ascent,Sebelum puncak — ada langkah pertama yang paling jujur.,Speciality Blend,Pioneer's Defining Finding,The First Ascent · Pioneer's sub-universe,Java Ciwidey Dark Natural 60% | Java Preanger Light Anaerobic 25% | Gunung Halu Medium Wine 15%,Medium,"Terinspirasi dari fajar yang menerangi jalur yang belum pernah dilalui, blend eksklusif ini merajut karakter biji pilihan dari Java Ciwidey serta Java Preanger serta Gunung Halu menjadi sebuah komposisi yang tak mudah ditemukan. Melalui proses Natural dan Anaerobic, lahirlah profil rasa espresso, dark berry, dark plum — kompleks, berlapis, dan tak tergesa-gesa mengungkap dirinya. Sebuah perayaan atas keberanian memulai — ketika segala sesuatunya masih bersih dan mungkin.",Balanced,Java Ciwidey (Dark / Natural): 600g (60%) | Java Preanger (Light / Anaerobic): 250g (25%) | Gunung Halu (Medium / Wine): 150g (15%) | total: 1000g,Versatile for Espresso & Filter
S-SPR-220,Spring,The First Ascent,Sebelum puncak — ada langkah pertama yang paling jujur.,Speciality Blend,Pioneer's Virgin Dispatch,The First Ascent · Pioneer's sub-universe,Java Sindoro Light Natural 60% | Java Preanger Light Anaerobic 25% | Kerinci Kayu Aro Dark Natural 15%,Light,"Saat kabut pagi pertama mulai mengangkat tirainya, blend eksklusif ini merajut karakter biji pilihan dari Java Sindoro serta Java Preanger serta Kerinci Kayu Aro menjadi sebuah komposisi yang tak mudah ditemukan. Melalui proses Natural dan Anaerobic, lahirlah profil rasa espresso, blueberry, licorice — kompleks, berlapis, dan tak tergesa-gesa mengungkap dirinya. Blend yang merekam kesegaran dari tempat di mana perjalanan baru saja dimulai.",Clean,Java Sindoro (Light / Natural): 600g (60%) | Java Preanger (Light / Anaerobic): 250g (25%) | Kerinci Kayu Aro (Dark / Natural): 150g (15%) | total: 1000g,Best for V60
S-SPR-221,Spring,The First Ascent,Sebelum puncak — ada langkah pertama yang paling jujur.,Speciality Blend,Pioneer's Pioneering Inscription,The First Ascent · Pioneer's sub-universe,Toraja Kalosi Medium Natural 65% | Temanggung Dark Wine 35%,Medium,"Terinspirasi dari fajar yang menerangi jalur yang belum pernah dilalui, blend eksklusif ini merajut karakter biji pilihan dari Toraja Kalosi serta Temanggung menjadi sebuah komposisi yang tak mudah ditemukan. Melalui proses Natural dan Wine, lahirlah profil rasa dark espresso, aged wine, dark chocolate — kompleks, berlapis, dan tak tergesa-gesa mengungkap dirinya. Blend yang merekam kesegaran dari tempat di mana perjalanan baru saja dimulai.",Round,Toraja Kalosi (Medium / Natural): 650g (65%) | Temanggung (Dark / Wine): 350g (35%) | total: 1000g,Best for Moka Pot
S-SPR-222,Spring,The First Ascent,Sebelum puncak — ada langkah pertama yang paling jujur.,Speciality Blend,Pioneer's Primal Account,The First Ascent · Pioneer's sub-universe,Temanggung Dark Anaerobic 50% | Gunung Halu Medium Anaerobic 30% | Papua Dogiyai Dark Natural 20%,Dark,"Saat kabut pagi pertama mulai mengangkat tirainya, blend eksklusif ini merajut karakter biji pilihan dari Temanggung serta Gunung Halu serta Papua Dogiyai menjadi sebuah komposisi yang tak mudah ditemukan. Melalui proses Anaerobic dan Natural, lahirlah profil rasa dark berry, fermented fruit, tar — kompleks, berlapis, dan tak tergesa-gesa mengungkap dirinya. Diciptakan bagi mereka yang memahami bahwa setiap puncak dimulai dari sebuah pagi.",Thick,Temanggung (Dark / Anaerobic): 500g (50%) | Gunung Halu (Medium / Anaerobic): 300g (30%) | Papua Dogiyai (Dark / Natural): 200g (20%) | total: 1000g,Best for Espresso
S-SPR-223,Spring,The First Ascent,Sebelum puncak — ada langkah pertama yang paling jujur.,Speciality Blend,Pioneer's Primal Finding,The First Ascent · Pioneer's sub-universe,Mandheling Light Natural 40% | Java Ijen Raung Medium Natural 35% | Sembalun Rinjani Medium Natural 25%,Light,"Dari mata air yang baru saja membuka jejaknya di lereng, blend eksklusif ini merajut karakter biji pilihan dari Mandheling serta Java Ijen Raung serta Sembalun Rinjani menjadi sebuah komposisi yang tak mudah ditemukan. Melalui proses Natural, lahirlah profil rasa molasses, tropical fruit, strawberry — kompleks, berlapis, dan tak tergesa-gesa mengungkap dirinya. Sebuah perayaan atas keberanian memulai — ketika segala sesuatunya masih bersih dan mungkin.",Tea-like,Mandheling (Light / Natural): 400g (40%) | Java Ijen Raung (Medium / Natural): 350g (35%) | Sembalun Rinjani (Medium / Natural): 250g (25%) | total: 1000g,Ideal for Chemex
S-SPR-224,Spring,The First Ascent,Sebelum puncak — ada langkah pertama yang paling jujur.,Speciality Blend,Pioneer's Groundbreaking Testament,The First Ascent · Pioneer's sub-universe,Gunung Halu Light Natural 65% | Temanggung Light Anaerobic 35%,Light,"Dari mata air yang baru saja membuka jejaknya di lereng, blend eksklusif ini merajut karakter biji pilihan dari Gunung Halu serta Temanggung menjadi sebuah komposisi yang tak mudah ditemukan. Melalui proses Natural dan Anaerobic, lahirlah profil rasa watermelon, strawberry, cola — kompleks, berlapis, dan tak tergesa-gesa mengungkap dirinya. Blend yang merekam kesegaran dari tempat di mana perjalanan baru saja dimulai.",Silky,Gunung Halu (Light / Natural): 650g (65%) | Temanggung (Light / Anaerobic): 350g (35%) | total: 1000g,Cocok untuk AeroPress
S-SPR-225,Spring,The First Ascent,Sebelum puncak — ada langkah pertama yang paling jujur.,Speciality Blend,Pioneer's Unspoiled Finding,The First Ascent · Pioneer's sub-universe,Papua Dogiyai Light Anaerobic 60% | Toraja Sapan Light Wine 25% | Bali Ulian Light Wine 15%,Light,"Ketika langkah pertama meninggalkan bekas di tanah yang bersih, blend eksklusif ini merajut karakter biji pilihan dari Papua Dogiyai serta Toraja Sapan serta Bali Ulian menjadi sebuah komposisi yang tak mudah ditemukan. Melalui proses Anaerobic dan Wine, lahirlah profil rasa grape must, wine, passion fruit — kompleks, berlapis, dan tak tergesa-gesa mengungkap dirinya. Diciptakan bagi mereka yang memahami bahwa setiap puncak dimulai dari sebuah pagi.",Tea-like,Papua Dogiyai (Light / Anaerobic): 600g (60%) | Toraja Sapan (Light / Wine): 250g (25%) | Bali Ulian (Light / Wine): 150g (15%) | total: 1000g,Best for V60
S-SPR-226,Spring,The First Ascent,Sebelum puncak — ada langkah pertama yang paling jujur.,Speciality Blend,Pioneer's Pathfinding Venture,The First Ascent · Pioneer's sub-universe,Temanggung Medium Natural 55% | Lampung Robusta Premium Dark Natural 45%,Medium,"Dari mata air yang baru saja membuka jejaknya di lereng, blend eksklusif ini merajut karakter biji pilihan dari Temanggung serta Lampung Robusta Premium menjadi sebuah komposisi yang tak mudah ditemukan. Melalui proses Natural, lahirlah profil rasa espresso, charcoal, molasses — kompleks, berlapis, dan tak tergesa-gesa mengungkap dirinya. Sebuah perayaan atas keberanian memulai — ketika segala sesuatunya masih bersih dan mungkin.",Medium Body,Temanggung (Medium / Natural): 550g (55%) | Lampung Robusta Premium (Dark / Natural): 450g (45%) | total: 1000g,Cocok untuk French Press & Espresso
S-SPR-227,Spring,The First Ascent,Sebelum puncak — ada langkah pertama yang paling jujur.,Speciality Blend,Pioneer's Foundational Record,The First Ascent · Pioneer's sub-universe,Java Ciwidey Light Wine 40% | Bali Kintamani Dark Wine 35% | Java Garut Medium Natural 25%,Medium,"Ketika langkah pertama meninggalkan bekas di tanah yang bersih, blend eksklusif ini merajut karakter biji pilihan dari Java Ciwidey serta Bali Kintamani serta Java Garut menjadi sebuah komposisi yang tak mudah ditemukan. Melalui proses Wine dan Natural, lahirlah profil rasa dark espresso, dark chocolate, prune — kompleks, berlapis, dan tak tergesa-gesa mengungkap dirinya. Blend yang merekam kesegaran dari tempat di mana perjalanan baru saja dimulai.",Velvety,Java Ciwidey (Light / Wine): 400g (40%) | Bali Kintamani (Dark / Wine): 350g (35%) | Java Garut (Medium / Natural): 250g (25%) | total: 1000g,Cocok untuk French Press & Espresso
S-SPR-228,Spring,The First Ascent,Sebelum puncak — ada langkah pertama yang paling jujur.,Speciality Blend,Pioneer's Inaugural Venture,The First Ascent · Pioneer's sub-universe,Lintong Onan Dark Anaerobic 50% | Java Preanger Light Anaerobic 50%,Medium,"Seperti embun yang jatuh pada daun pertama musim baru, blend eksklusif ini merajut karakter biji pilihan dari Lintong Onan serta Java Preanger menjadi sebuah komposisi yang tak mudah ditemukan. Melalui proses Anaerobic, lahirlah profil rasa black cherry, fermented cocoa, smoke — kompleks, berlapis, dan tak tergesa-gesa mengungkap dirinya. Sebuah perayaan atas keberanian memulai — ketika segala sesuatunya masih bersih dan mungkin.",Round,Lintong Onan (Dark / Anaerobic): 500g (50%) | Java Preanger (Light / Anaerobic): 500g (50%) | total: 1000g,Cocok untuk French Press & Espresso
S-SPR-229,Spring,The First Ascent,Sebelum puncak — ada langkah pertama yang paling jujur.,Speciality Blend,Pioneer's Trailblazing Observation,The First Ascent · Pioneer's sub-universe,Arjuno Light Wine 65% | Solok Radjo Dark Natural 35%,Medium,"Terinspirasi dari fajar yang menerangi jalur yang belum pernah dilalui, blend eksklusif ini merajut karakter biji pilihan dari Arjuno serta Solok Radjo menjadi sebuah komposisi yang tak mudah ditemukan. Melalui proses Wine dan Natural, lahirlah profil rasa grape must, tar, plum — kompleks, berlapis, dan tak tergesa-gesa mengungkap dirinya. Sebuah perayaan atas keberanian memulai — ketika segala sesuatunya masih bersih dan mungkin.",Velvety,Arjuno (Light / Wine): 650g (65%) | Solok Radjo (Dark / Natural): 350g (35%) | total: 1000g,Cocok untuk French Press & Espresso
S-SPR-230,Spring,The First Ascent,Sebelum puncak — ada langkah pertama yang paling jujur.,Speciality Blend,Pioneer's Primal Inscription,The First Ascent · Pioneer's sub-universe,Java Preanger Light Anaerobic 60% | Sembalun Rinjani Light Natural 25% | Java Garut Medium Anaerobic 15%,Light,"Dari mata air yang baru saja membuka jejaknya di lereng, blend eksklusif ini merajut karakter biji pilihan dari Java Preanger serta Sembalun Rinjani serta Java Garut menjadi sebuah komposisi yang tak mudah ditemukan. Melalui proses Anaerobic dan Natural, lahirlah profil rasa raspberry, strawberry, fermented fruit — kompleks, berlapis, dan tak tergesa-gesa mengungkap dirinya. Blend yang merekam kesegaran dari tempat di mana perjalanan baru saja dimulai.",Tea-like,Java Preanger (Light / Anaerobic): 600g (60%) | Sembalun Rinjani (Light / Natural): 250g (25%) | Java Garut (Medium / Anaerobic): 150g (15%) | total: 1000g,Ideal for Chemex
S-SPR-231,Spring,The First Ascent,Sebelum puncak — ada langkah pertama yang paling jujur.,Speciality Blend,Pioneer's Pathfinding Memoir,The First Ascent · Pioneer's sub-universe,Flores Bajawa Medium Natural 65% | Lampung Robusta Premium Medium Anaerobic 35%,Medium,"Saat kabut pagi pertama mulai mengangkat tirainya, blend eksklusif ini merajut karakter biji pilihan dari Flores Bajawa serta Lampung Robusta Premium menjadi sebuah komposisi yang tak mudah ditemukan. Melalui proses Natural dan Anaerobic, lahirlah profil rasa molasses, dark chocolate, fermented fruit — kompleks, berlapis, dan tak tergesa-gesa mengungkap dirinya. Diciptakan bagi mereka yang memahami bahwa setiap puncak dimulai dari sebuah pagi.",Round,Flores Bajawa (Medium / Natural): 650g (65%) | Lampung Robusta Premium (Medium / Anaerobic): 350g (35%) | total: 1000g,Versatile for Espresso & Filter
S-SPR-232,Spring,The First Ascent,Sebelum puncak — ada langkah pertama yang paling jujur.,Speciality Blend,Pioneer's Pioneering Entry,The First Ascent · Pioneer's sub-universe,Bengkulu Medium Anaerobic 45% | Arjuno Medium Wine 35% | Java Ciwidey Light Anaerobic 20%,Medium,"Saat kabut pagi pertama mulai mengangkat tirainya, blend eksklusif ini merajut karakter biji pilihan dari Bengkulu serta Arjuno serta Java Ciwidey menjadi sebuah komposisi yang tak mudah ditemukan. Melalui proses Anaerobic dan Wine, lahirlah profil rasa lychee, raspberry, balsamic — kompleks, berlapis, dan tak tergesa-gesa mengungkap dirinya. Diciptakan bagi mereka yang memahami bahwa setiap puncak dimulai dari sebuah pagi.",Medium Body,Bengkulu (Medium / Anaerobic): 450g (45%) | Arjuno (Medium / Wine): 350g (35%) | Java Ciwidey (Light / Anaerobic): 200g (20%) | total: 1000g,Versatile for Espresso & Filter
S-SPR-233,Spring,The First Ascent,Sebelum puncak — ada langkah pertama yang paling jujur.,Speciality Blend,Pioneer's Untouched Notation,The First Ascent · Pioneer's sub-universe,Wanoja Kamojang Dark Natural 40% | Java Sindoro Medium Wine 60%,Medium,"Saat kabut pagi pertama mulai mengangkat tirainya, blend eksklusif ini merajut karakter biji pilihan dari Wanoja Kamojang serta Java Sindoro menjadi sebuah komposisi yang tak mudah ditemukan. Melalui proses Natural dan Wine, lahirlah profil rasa tar, espresso, port wine — kompleks, berlapis, dan tak tergesa-gesa mengungkap dirinya. Untuk langkah pertama yang selalu lebih jujur dari seribu langkah berikutnya.",Medium Body,Wanoja Kamojang (Dark / Natural): 400g (40%) | Java Sindoro (Medium / Wine): 600g (60%) | total: 1000g,Best for Moka Pot
S-SPR-234,Spring,The First Ascent,Sebelum puncak — ada langkah pertama yang paling jujur.,Speciality Blend,Pioneer's Unspoiled Record,The First Ascent · Pioneer's sub-universe,Bali Kintamani Dark Anaerobic 50% | Flores Bajawa Dark Anaerobic 50%,Dark,"Terinspirasi dari fajar yang menerangi jalur yang belum pernah dilalui, blend eksklusif ini merajut karakter biji pilihan dari Bali Kintamani serta Flores Bajawa menjadi sebuah komposisi yang tak mudah ditemukan. Melalui proses Anaerobic, lahirlah profil rasa fermented cocoa, dark rum, black cherry — kompleks, berlapis, dan tak tergesa-gesa mengungkap dirinya. Untuk langkah pertama yang selalu lebih jujur dari seribu langkah berikutnya.",Syrupy,Bali Kintamani (Dark / Anaerobic): 500g (50%) | Flores Bajawa (Dark / Anaerobic): 500g (50%) | total: 1000g,Best for Batch Brew
S-SPR-235,Spring,The First Ascent,Sebelum puncak — ada langkah pertama yang paling jujur.,Speciality Blend,Pioneer's Pathfinding Revelation,The First Ascent · Pioneer's sub-universe,Bengkulu Dark Anaerobic 45% | Java Puntang Light Wine 55%,Medium,"Ketika langkah pertama meninggalkan bekas di tanah yang bersih, blend eksklusif ini merajut karakter biji pilihan dari Bengkulu serta Java Puntang menjadi sebuah komposisi yang tak mudah ditemukan. Melalui proses Anaerobic dan Wine, lahirlah profil rasa smoke, plum, dark cherry — kompleks, berlapis, dan tak tergesa-gesa mengungkap dirinya. Blend yang merekam kesegaran dari tempat di mana perjalanan baru saja dimulai.",Medium Body,Bengkulu (Dark / Anaerobic): 450g (45%) | Java Puntang (Light / Wine): 550g (55%) | total: 1000g,Versatile for Espresso & Filter
S-SPR-236,Spring,The First Ascent,Sebelum puncak — ada langkah pertama yang paling jujur.,Speciality Blend,Pioneer's Defining Notation,The First Ascent · Pioneer's sub-universe,Temanggung Light Wine 65% | Sidikalang Medium Anaerobic 35%,Light,"Ketika langkah pertama meninggalkan bekas di tanah yang bersih, blend eksklusif ini merajut karakter biji pilihan dari Temanggung serta Sidikalang menjadi sebuah komposisi yang tak mudah ditemukan. Melalui proses Wine dan Anaerobic, lahirlah profil rasa blackcurrant, grape must, plum — kompleks, berlapis, dan tak tergesa-gesa mengungkap dirinya. Sebuah perayaan atas keberanian memulai — ketika segala sesuatunya masih bersih dan mungkin.",Delicate,Temanggung (Light / Wine): 650g (65%) | Sidikalang (Medium / Anaerobic): 350g (35%) | total: 1000g,Best for V60
S-SPR-237,Spring,The First Ascent,Sebelum puncak — ada langkah pertama yang paling jujur.,Speciality Blend,Pioneer's Pristine Venture,The First Ascent · Pioneer's sub-universe,Bali Ulian Light Wine 50% | Flores Bajawa Medium Natural 50%,Light,"Dari mata air yang baru saja membuka jejaknya di lereng, blend eksklusif ini merajut karakter biji pilihan dari Bali Ulian serta Flores Bajawa menjadi sebuah komposisi yang tak mudah ditemukan. Melalui proses Wine dan Natural, lahirlah profil rasa plum, molasses, dark chocolate — kompleks, berlapis, dan tak tergesa-gesa mengungkap dirinya. Blend yang merekam kesegaran dari tempat di mana perjalanan baru saja dimulai.",Clean,Bali Ulian (Light / Wine): 500g (50%) | Flores Bajawa (Medium / Natural): 500g (50%) | total: 1000g,Best for V60
S-SPR-238,Spring,The First Ascent,Sebelum puncak — ada langkah pertama yang paling jujur.,Speciality Blend,Pioneer's Virgin Entry,The First Ascent · Pioneer's sub-universe,Java Sindoro Light Wine 60% | Flores Manggarai Medium Wine 25% | Temanggung Dark Wine 15%,Light,"Seperti embun yang jatuh pada daun pertama musim baru, blend eksklusif ini merajut karakter biji pilihan dari Java Sindoro serta Flores Manggarai serta Temanggung menjadi sebuah komposisi yang tak mudah ditemukan. Melalui proses Wine, lahirlah profil rasa roasted grape, blackcurrant, wine — kompleks, berlapis, dan tak tergesa-gesa mengungkap dirinya. Blend yang merekam kesegaran dari tempat di mana perjalanan baru saja dimulai.",Clean,Java Sindoro (Light / Wine): 600g (60%) | Flores Manggarai (Medium / Wine): 250g (25%) | Temanggung (Dark / Wine): 150g (15%) | total: 1000g,Best for V60
S-SPR-239,Spring,The First Ascent,Sebelum puncak — ada langkah pertama yang paling jujur.,Speciality Blend,Pioneer's Trailblazing Entry,The First Ascent · Pioneer's sub-universe,Java Ijen Raung Medium Natural 50% | Toraja Sapan Dark Natural 30% | Flores Manggarai Light Anaerobic 20%,Medium,"Seperti embun yang jatuh pada daun pertama musim baru, blend eksklusif ini merajut karakter biji pilihan dari Java Ijen Raung serta Toraja Sapan serta Flores Manggarai menjadi sebuah komposisi yang tak mudah ditemukan. Melalui proses Natural dan Anaerobic, lahirlah profil rasa charcoal, lychee, passion fruit — kompleks, berlapis, dan tak tergesa-gesa mengungkap dirinya. Blend yang merekam kesegaran dari tempat di mana perjalanan baru saja dimulai.",Medium Body,Java Ijen Raung (Medium / Natural): 500g (50%) | Toraja Sapan (Dark / Natural): 300g (30%) | Flores Manggarai (Light / Anaerobic): 200g (20%) | total: 1000g,Cocok untuk French Press & Espresso
S-SPR-240,Spring,The First Ascent,Sebelum puncak — ada langkah pertama yang paling jujur.,Speciality Blend,Pioneer's Foundational Dispatch,The First Ascent · Pioneer's sub-universe,Toraja Sapan Medium Wine 50% | Solok Radjo Light Wine 25% | Bukit Barisan Light Anaerobic 25%,Light,"Ketika langkah pertama meninggalkan bekas di tanah yang bersih, blend eksklusif ini merajut karakter biji pilihan dari Toraja Sapan serta Solok Radjo serta Bukit Barisan menjadi sebuah komposisi yang tak mudah ditemukan. Melalui proses Wine dan Anaerobic, lahirlah profil rasa wine, balsamic, dark cherry — kompleks, berlapis, dan tak tergesa-gesa mengungkap dirinya. Blend yang merekam kesegaran dari tempat di mana perjalanan baru saja dimulai.",Light Body,Toraja Sapan (Medium / Wine): 500g (50%) | Solok Radjo (Light / Wine): 250g (25%) | Bukit Barisan (Light / Anaerobic): 250g (25%) | total: 1000g,Pour Over Recommended
S-SPR-241,Spring,The First Ascent,Sebelum puncak — ada langkah pertama yang paling jujur.,Speciality Blend,Pioneer's Pristine Revelation,The First Ascent · Pioneer's sub-universe,Flores Bajawa Dark Natural 55% | Java Puntang Light Wine 45%,Medium,"Ketika langkah pertama meninggalkan bekas di tanah yang bersih, blend eksklusif ini merajut karakter biji pilihan dari Flores Bajawa serta Java Puntang menjadi sebuah komposisi yang tak mudah ditemukan. Melalui proses Natural dan Wine, lahirlah profil rasa dark cherry, plum, charcoal — kompleks, berlapis, dan tak tergesa-gesa mengungkap dirinya. Diciptakan bagi mereka yang memahami bahwa setiap puncak dimulai dari sebuah pagi.",Round,Flores Bajawa (Dark / Natural): 550g (55%) | Java Puntang (Light / Wine): 450g (45%) | total: 1000g,Best for Moka Pot
S-SPR-242,Spring,The First Ascent,Sebelum puncak — ada langkah pertama yang paling jujur.,Speciality Blend,Pioneer's Untouched Revelation,The First Ascent · Pioneer's sub-universe,Kerinci Kayu Aro Medium Anaerobic 60% | Java Preanger Light Natural 40%,Light,"Dari mata air yang baru saja membuka jejaknya di lereng, blend eksklusif ini merajut karakter biji pilihan dari Kerinci Kayu Aro serta Java Preanger menjadi sebuah komposisi yang tak mudah ditemukan. Melalui proses Anaerobic dan Natural, lahirlah profil rasa cacao nib, tropical punch, watermelon — kompleks, berlapis, dan tak tergesa-gesa mengungkap dirinya. Diciptakan bagi mereka yang memahami bahwa setiap puncak dimulai dari sebuah pagi.",Silky,Kerinci Kayu Aro (Medium / Anaerobic): 600g (60%) | Java Preanger (Light / Natural): 400g (40%) | total: 1000g,Best for V60
S-SPR-243,Spring,The First Ascent,Sebelum puncak — ada langkah pertama yang paling jujur.,Speciality Blend,Pioneer's Primal Entry,The First Ascent · Pioneer's sub-universe,Lintong Onan Light Anaerobic 45% | Java Sindoro Light Anaerobic 35% | Flores Bajawa Light Anaerobic 20%,Light,"Saat kabut pagi pertama mulai mengangkat tirainya, blend eksklusif ini merajut karakter biji pilihan dari Lintong Onan serta Java Sindoro serta Flores Bajawa menjadi sebuah komposisi yang tak mudah ditemukan. Melalui proses Anaerobic, lahirlah profil rasa raspberry, cola, rum raisin — kompleks, berlapis, dan tak tergesa-gesa mengungkap dirinya. Untuk langkah pertama yang selalu lebih jujur dari seribu langkah berikutnya.",Clean,Lintong Onan (Light / Anaerobic): 450g (45%) | Java Sindoro (Light / Anaerobic): 350g (35%) | Flores Bajawa (Light / Anaerobic): 200g (20%) | total: 1000g,Best for V60
S-SPR-244,Spring,The First Ascent,Sebelum puncak — ada langkah pertama yang paling jujur.,Speciality Blend,Pioneer's Elemental Disclosure,The First Ascent · Pioneer's sub-universe,Arjuno Dark Wine 40% | Mandheling Dark Wine 35% | Gunung Halu Dark Anaerobic 25%,Dark,"Saat kabut pagi pertama mulai mengangkat tirainya, blend eksklusif ini merajut karakter biji pilihan dari Arjuno serta Mandheling serta Gunung Halu menjadi sebuah komposisi yang tak mudah ditemukan. Melalui proses Wine dan Anaerobic, lahirlah profil rasa fermented cocoa, tobacco, dark espresso — kompleks, berlapis, dan tak tergesa-gesa mengungkap dirinya. Untuk langkah pertama yang selalu lebih jujur dari seribu langkah berikutnya.",Full Body,Arjuno (Dark / Wine): 400g (40%) | Mandheling (Dark / Wine): 350g (35%) | Gunung Halu (Dark / Anaerobic): 250g (25%) | total: 1000g,Best for Espresso
S-SPR-245,Spring,The First Ascent,Sebelum puncak — ada langkah pertama yang paling jujur.,Speciality Blend,Pioneer's Inaugural Disclosure,The First Ascent · Pioneer's sub-universe,Java Garut Medium Wine 55% | Toraja Kalosi Medium Wine 30% | Kerinci Kayu Aro Dark Natural 15%,Medium,"Terinspirasi dari fajar yang menerangi jalur yang belum pernah dilalui, blend eksklusif ini merajut karakter biji pilihan dari Java Garut serta Toraja Kalosi serta Kerinci Kayu Aro menjadi sebuah komposisi yang tak mudah ditemukan. Melalui proses Wine dan Natural, lahirlah profil rasa port wine, balsamic, tar — kompleks, berlapis, dan tak tergesa-gesa mengungkap dirinya. Untuk langkah pertama yang selalu lebih jujur dari seribu langkah berikutnya.",Balanced,Java Garut (Medium / Wine): 550g (55%) | Toraja Kalosi (Medium / Wine): 300g (30%) | Kerinci Kayu Aro (Dark / Natural): 150g (15%) | total: 1000g,Versatile for Espresso & Filter
S-SPR-246,Spring,The First Ascent,Sebelum puncak — ada langkah pertama yang paling jujur.,Speciality Blend,Pioneer's Pioneering Revelation,The First Ascent · Pioneer's sub-universe,Flores Bajawa Dark Natural 60% | Wanoja Kamojang Medium Natural 40%,Dark,"Di mana benih harapan tumbuh dari tanah yang baru mencair, blend eksklusif ini merajut karakter biji pilihan dari Flores Bajawa serta Wanoja Kamojang menjadi sebuah komposisi yang tak mudah ditemukan. Melalui proses Natural, lahirlah profil rasa charcoal, molasses, licorice — kompleks, berlapis, dan tak tergesa-gesa mengungkap dirinya. Sebuah perayaan atas keberanian memulai — ketika segala sesuatunya masih bersih dan mungkin.",Heavy Body,Flores Bajawa (Dark / Natural): 600g (60%) | Wanoja Kamojang (Medium / Natural): 400g (40%) | total: 1000g,Ideal untuk Ristretto
S-SPR-247,Spring,The First Ascent,Sebelum puncak — ada langkah pertama yang paling jujur.,Speciality Blend,Pioneer's Foundational Revelation,The First Ascent · Pioneer's sub-universe,Kerinci Kayu Aro Medium Natural 60% | Mandheling Light Natural 25% | Java Puntang Medium Anaerobic 15%,Medium,"Di mana benih harapan tumbuh dari tanah yang baru mencair, blend eksklusif ini merajut karakter biji pilihan dari Kerinci Kayu Aro serta Mandheling serta Java Puntang menjadi sebuah komposisi yang tak mudah ditemukan. Melalui proses Natural dan Anaerobic, lahirlah profil rasa hibiscus, fermented fruit, prune — kompleks, berlapis, dan tak tergesa-gesa mengungkap dirinya. Sebuah perayaan atas keberanian memulai — ketika segala sesuatunya masih bersih dan mungkin.",Balanced,Kerinci Kayu Aro (Medium / Natural): 600g (60%) | Mandheling (Light / Natural): 250g (25%) | Java Puntang (Medium / Anaerobic): 150g (15%) | total: 1000g,Versatile for Espresso & Filter
S-SPR-248,Spring,The First Ascent,Sebelum puncak — ada langkah pertama yang paling jujur.,Speciality Blend,Pioneer's Pristine Disclosure,The First Ascent · Pioneer's sub-universe,Java Preanger Light Natural 45% | Bukit Barisan Light Anaerobic 35% | Papua Wamena Dark Natural 20%,Light,"Seperti embun yang jatuh pada daun pertama musim baru, blend eksklusif ini merajut karakter biji pilihan dari Java Preanger serta Bukit Barisan serta Papua Wamena menjadi sebuah komposisi yang tak mudah ditemukan. Melalui proses Natural dan Anaerobic, lahirlah profil rasa strawberry, raspberry, dark berry — kompleks, berlapis, dan tak tergesa-gesa mengungkap dirinya. Blend yang merekam kesegaran dari tempat di mana perjalanan baru saja dimulai.",Clean,Java Preanger (Light / Natural): 450g (45%) | Bukit Barisan (Light / Anaerobic): 350g (35%) | Papua Wamena (Dark / Natural): 200g (20%) | total: 1000g,Ideal for Chemex
S-SPR-249,Spring,The First Ascent,Sebelum puncak — ada langkah pertama yang paling jujur.,Speciality Blend,Pioneer's Pathfinding Initiative,The First Ascent · Pioneer's sub-universe,Lampung Robusta Premium Dark Natural 55% | Flores Manggarai Light Anaerobic 30% | Arjuno Dark Natural 15%,Medium,"Ketika langkah pertama meninggalkan bekas di tanah yang bersih, blend eksklusif ini merajut karakter biji pilihan dari Lampung Robusta Premium serta Flores Manggarai serta Arjuno menjadi sebuah komposisi yang tak mudah ditemukan. Melalui proses Natural dan Anaerobic, lahirlah profil rasa charcoal, rum raisin, cola — kompleks, berlapis, dan tak tergesa-gesa mengungkap dirinya. Sebuah perayaan atas keberanian memulai — ketika segala sesuatunya masih bersih dan mungkin.",Balanced,Lampung Robusta Premium (Dark / Natural): 550g (55%) | Flores Manggarai (Light / Anaerobic): 300g (30%) | Arjuno (Dark / Natural): 150g (15%) | total: 1000g,Cocok untuk French Press & Espresso
S-SPR-250,Spring,The First Ascent,Sebelum puncak — ada langkah pertama yang paling jujur.,Speciality Blend,Pioneer's Untouched Testament,The First Ascent · Pioneer's sub-universe,Bukit Barisan Medium Anaerobic 45% | Mandheling Light Anaerobic 35% | Java Manglayang Dark Natural 20%,Medium,"Terinspirasi dari fajar yang menerangi jalur yang belum pernah dilalui, blend eksklusif ini merajut karakter biji pilihan dari Bukit Barisan serta Mandheling serta Java Manglayang menjadi sebuah komposisi yang tak mudah ditemukan. Melalui proses Anaerobic dan Natural, lahirlah profil rasa espresso, rum raisin, cacao nib — kompleks, berlapis, dan tak tergesa-gesa mengungkap dirinya. Diciptakan bagi mereka yang memahami bahwa setiap puncak dimulai dari sebuah pagi.",Balanced,Bukit Barisan (Medium / Anaerobic): 450g (45%) | Mandheling (Light / Anaerobic): 350g (35%) | Java Manglayang (Dark / Natural): 200g (20%) | total: 1000g,Cocok untuk French Press & Espresso
